id,genre,prompt_name,reference_summary,generated_summary,source_length_chars,generated_length_words,reference_length_words,compression_ratio,is_bullet_format,rouge1,rouge2,rougeL,bertscore_precision,bertscore_recall,bertscore_f1
38264402,tech,tldr,"There is a ""chronic"" need for more housing for prison leavers in Wales, according to a charity.","Prisoners in Wales are facing a ""desperate need"" for housing, a charity has said.",3525,14,17,0.8235294117647058,0,0.5161290322580646,0.20689655172413793,0.3870967741935484,0.9495624303817749,0.9446714520454407,0.9471105933189392
38264402,tech,bullet_points,"There is a ""chronic"" need for more housing for prison leavers in Wales, according to a charity.","The number of people homeless in Wales is on the rise, according to a charity.",3525,15,17,0.8823529411764706,0,0.43749999999999994,0.26666666666666666,0.37500000000000006,0.9422063827514648,0.9172845482826233,0.9295784831047058
38264402,tech,bullet_points_strict,"There is a ""chronic"" need for more housing for prison leavers in Wales, according to a charity.","The number of people who are homeless in Wales is ""disappointing"", a charity has said.",3525,15,17,0.8823529411764706,0,0.3125,0.13333333333333333,0.25,0.9122166633605957,0.9157290458679199,0.9139695167541504
38264402,tech,one_sentence,"There is a ""chronic"" need for more housing for prison leavers in Wales, according to a charity.","Prison leavers in Wales are facing a ""desperate need"" for accommodation, a charity has said.",3525,15,17,0.8823529411764706,0,0.5625,0.3333333333333333,0.37500000000000006,0.9516463279724121,0.954526960849762,0.9530845284461975
38264402,tech,fact_constrained,"There is a ""chronic"" need for more housing for prison leavers in Wales, according to a charity.","The number of people homeless in Wales has risen by more than a third in the past year, according to a charity.",3525,22,17,1.2941176470588236,0,0.41025641025641024,0.2162162162162162,0.30769230769230765,0.9080098867416382,0.9141688942909241,0.911078929901123
34227252,entertainment,tldr,"A man has appeared in court after firearms, ammunition and cash were seized by police in Edinburgh.",A 26-year-old man has been charged with armed robbery in Edinburgh.,287,11,17,0.6470588235294118,0,0.33333333333333337,0.14285714285714288,0.33333333333333337,0.9193482398986816,0.9054721593856812,0.9123574495315552
34227252,entertainment,bullet_points,"A man has appeared in court after firearms, ammunition and cash were seized by police in Edinburgh.",A 26-year-old man has appeared in court charged with armed robbery in Edinburgh.,287,13,17,0.7647058823529411,0,0.5,0.3333333333333333,0.5,0.9296108484268188,0.9182326793670654,0.9238867163658142
34227252,entertainment,bullet_points_strict,"A man has appeared in court after firearms, ammunition and cash were seized by police in Edinburgh.",A 26-year-old man has appeared in court charged with armed robbery in Edinburgh.,287,13,17,0.7647058823529411,0,0.5,0.3333333333333333,0.5,0.9296108484268188,0.9182326793670654,0.9238867163658142
34227252,entertainment,one_sentence,"A man has appeared in court after firearms, ammunition and cash were seized by police in Edinburgh.",A 26-year-old man has been charged with armed robbery in Edinburgh.,287,11,17,0.6470588235294118,0,0.33333333333333337,0.14285714285714288,0.33333333333333337,0.9193482398986816,0.9054721593856812,0.9123574495315552
34227252,entertainment,fact_constrained,"A man has appeared in court after firearms, ammunition and cash were seized by police in Edinburgh.",A 26-year-old man has appeared in court charged with armed robbery in Edinburgh.,287,13,17,0.7647058823529411,0,0.5,0.3333333333333333,0.5,0.9296108484268188,0.9182326793670654,0.9238867163658142
38537698,tech,tldr,"Four people accused of kidnapping and torturing a mentally disabled man in a ""racially motivated"" attack streamed on Facebook have been denied bail.",Four teenagers have been charged with hate crimes after a white man was held captive in a van.,1488,18,23,0.782608695652174,0,0.34146341463414637,0.10256410256410256,0.24390243902439024,0.9198620319366455,0.8850641250610352,0.9021276235580444
38537698,tech,bullet_points,"Four people accused of kidnapping and torturing a mentally disabled man in a ""racially motivated"" attack streamed on Facebook have been denied bail.",Four teenagers have been charged with hate crimes after a white man was beaten to death in a Chicago suburb.,1488,20,23,0.8695652173913043,0,0.3255813953488372,0.0975609756097561,0.23255813953488372,0.9049797058105469,0.8841404914855957,0.8944386839866638
38537698,tech,bullet_points_strict,"Four people accused of kidnapping and torturing a mentally disabled man in a ""racially motivated"" attack streamed on Facebook have been denied bail.",Four teenagers have been charged with hate crimes after a white man was beaten to death in Chicago.,1488,18,23,0.782608695652174,0,0.2926829268292683,0.05128205128205128,0.1951219512195122,0.9115617871284485,0.8844709396362305,0.8978120684623718
38537698,tech,one_sentence,"Four people accused of kidnapping and torturing a mentally disabled man in a ""racially motivated"" attack streamed on Facebook have been denied bail.",Four teenagers have been charged with hate crimes after a white man was beaten to death in Chicago.,1488,18,23,0.782608695652174,0,0.2926829268292683,0.05128205128205128,0.1951219512195122,0.9115617871284485,0.8844709396362305,0.8978120684623718
38537698,tech,fact_constrained,"Four people accused of kidnapping and torturing a mentally disabled man in a ""racially motivated"" attack streamed on Facebook have been denied bail.",Four teenagers have been charged with hate crimes after a white man was beaten to death in Chicago.,1488,18,23,0.782608695652174,0,0.2926829268292683,0.05128205128205128,0.1951219512195122,0.9115617871284485,0.8844709396362305,0.8978120684623718
36175342,sport,tldr,"West Brom have appointed Nicky Hammond as technical director, ending his 20-year association with Reading.",West Bromwich Albion have appointed West Brom's former youth academy director as their new director of football.,313,17,15,1.1333333333333333,0,0.35294117647058826,0.125,0.29411764705882354,0.9187742471694946,0.8959306478500366,0.9072086811065674
36175342,sport,bullet_points,"West Brom have appointed Nicky Hammond as technical director, ending his 20-year association with Reading.",West Bromwich Albion have appointed former Arsenal youth academy director and former West Bromwich Albion goalkeeper Mark Hughes as their new director of football.,313,24,15,1.6,0,0.25,0.052631578947368425,0.25,0.8972979187965393,0.9039342999458313,0.9006038308143616
36175342,sport,bullet_points_strict,"West Brom have appointed Nicky Hammond as technical director, ending his 20-year association with Reading.",West Bromwich Albion have appointed former Arsenal youth academy director and youth academy director Darren Clarke as their new director of football.,313,22,15,1.4666666666666666,0,0.2631578947368421,0.05555555555555555,0.2631578947368421,0.9006370306015015,0.907526969909668,0.9040688872337341
36175342,sport,one_sentence,"West Brom have appointed Nicky Hammond as technical director, ending his 20-year association with Reading.",West Bromwich Albion have appointed West Brom's former youth academy director as their new director of football.,313,17,15,1.1333333333333333,0,0.35294117647058826,0.125,0.29411764705882354,0.9187742471694946,0.8959306478500366,0.9072086811065674
36175342,sport,fact_constrained,"West Brom have appointed Nicky Hammond as technical director, ending his 20-year association with Reading.","West Bromwich Albion have signed West Brom's former youth academy director and former youth academy director, Mark Hughes.",313,18,15,1.2,0,0.22857142857142856,0.0606060606060606,0.17142857142857143,0.8945373892784119,0.8960784673690796,0.8953073024749756
39070183,tech,tldr,"The pancreas can be triggered to regenerate itself through a type of fasting diet, say US researchers.",A fasting-mimicking diet has been shown to reverse the symptoms of type 1 and type 2 diabetes.,3585,17,17,1.0,0,0.39999999999999997,0.0,0.17142857142857143,0.8607475757598877,0.8893615007400513,0.8748205900192261
39070183,tech,bullet_points,"The pancreas can be triggered to regenerate itself through a type of fasting diet, say US researchers.",A fasting-mimicking diet has been shown to reverse the symptoms of type 1 and type 2 diabetes.,3585,17,17,1.0,0,0.39999999999999997,0.0,0.17142857142857143,0.8607475757598877,0.8893615007400513,0.8748205900192261
39070183,tech,bullet_points_strict,"The pancreas can be triggered to regenerate itself through a type of fasting diet, say US researchers.",A fasting-mimicking diet has been shown to reverse the symptoms of type 1 diabetes.,3585,14,17,0.8235294117647058,0,0.43749999999999994,0.0,0.18750000000000003,0.8770020604133606,0.8894954323768616,0.8832045793533325
39070183,tech,one_sentence,"The pancreas can be triggered to regenerate itself through a type of fasting diet, say US researchers.",A fasting-mimicking diet has been shown to reverse the symptoms of type 1 and type 2 diabetes.,3585,17,17,1.0,0,0.39999999999999997,0.0,0.17142857142857143,0.8607475757598877,0.8893615007400513,0.8748205900192261
39070183,tech,fact_constrained,"The pancreas can be triggered to regenerate itself through a type of fasting diet, say US researchers.",A fasting-mimicking diet has been shown to reverse the symptoms of type 1 and type 2 diabetes.,3585,17,17,1.0,0,0.39999999999999997,0.0,0.17142857142857143,0.8607475757598877,0.8893615007400513,0.8748205900192261
38899892,business,tldr,"Since their impending merger was announced in January, there has been remarkably little comment about the huge proposed deal to combine Essilor and Luxottica.","If you're looking for a good deal on a merger between Essilor and Luxottica, there's no doubt you'll find it.",6147,20,24,0.8333333333333334,0,0.2553191489361702,0.08888888888888888,0.1702127659574468,0.9080734252929688,0.907066285610199,0.9075695276260376
38899892,business,bullet_points,"Since their impending merger was announced in January, there has been remarkably little comment about the huge proposed deal to combine Essilor and Luxottica.","If you're looking for a good deal on a merger between two of the world's biggest companies, there's no doubt you'll find it.",6147,23,24,0.9583333333333334,0,0.15686274509803924,0.0,0.07843137254901962,0.8724818229675293,0.8666012287139893,0.8695315718650818
38899892,business,bullet_points_strict,"Since their impending merger was announced in January, there has been remarkably little comment about the huge proposed deal to combine Essilor and Luxottica.","If you're looking for a good deal on a merger between two of the world's biggest companies, there's no way you'll be able to find it.",6147,26,24,1.0833333333333333,0,0.1851851851851852,0.0,0.11111111111111112,0.8723170161247253,0.8681740760803223,0.8702405691146851
38899892,business,one_sentence,"Since their impending merger was announced in January, there has been remarkably little comment about the huge proposed deal to combine Essilor and Luxottica.",There's no doubt that there will be a merger between Essilor and Luxottica in the near future.,6147,17,24,0.7083333333333334,0,0.3333333333333333,0.09999999999999999,0.1904761904761905,0.9312626123428345,0.9139895439147949,0.9225451946258545
38899892,business,fact_constrained,"Since their impending merger was announced in January, there has been remarkably little comment about the huge proposed deal to combine Essilor and Luxottica.",There's no doubt that there will be a merger between Essilor and Luxottica in the near future.,6147,17,24,0.7083333333333334,0,0.3333333333333333,0.09999999999999999,0.1904761904761905,0.9312626123428345,0.9139895439147949,0.9225451946258545
39339718,sport,tldr,"A ""medal at any cost"" approach created a ""culture of fear"" at British Cycling, says former rider Wendy Houvenaghel.","Wendy Houvenaghel has said she feels ""vindicated"" by British Cycling's failures in the World Class Programme.",5432,16,19,0.8421052631578947,0,0.2222222222222222,0.11764705882352941,0.1111111111111111,0.9190068244934082,0.9116318225860596,0.9153044819831848
39339718,sport,bullet_points,"A ""medal at any cost"" approach created a ""culture of fear"" at British Cycling, says former rider Wendy Houvenaghel.","Wendy Houvenaghel has said she feels ""vindicated"" by British Cycling's failures in the World Class Programme.",5432,16,19,0.8421052631578947,0,0.2222222222222222,0.11764705882352941,0.1111111111111111,0.9190068244934082,0.9116318225860596,0.9153044819831848
39339718,sport,bullet_points_strict,"A ""medal at any cost"" approach created a ""culture of fear"" at British Cycling, says former rider Wendy Houvenaghel.","Wendy Houvenaghel has said she feels ""vindicated"" by British Cycling's failures in the World Class Programme.",5432,16,19,0.8421052631578947,0,0.2222222222222222,0.11764705882352941,0.1111111111111111,0.9190068244934082,0.9116318225860596,0.9153044819831848
39339718,sport,one_sentence,"A ""medal at any cost"" approach created a ""culture of fear"" at British Cycling, says former rider Wendy Houvenaghel.","British Cycling chief executive Wendy Houvenaghel has said she feels ""vindicated"" by the organisation's failures in the World Class Programme.",5432,20,19,1.0526315789473684,0,0.2,0.10526315789473685,0.2,0.9131338596343994,0.9117225408554077,0.9124276638031006
39339718,sport,fact_constrained,"A ""medal at any cost"" approach created a ""culture of fear"" at British Cycling, says former rider Wendy Houvenaghel.","Wendy Houvenaghel has said she feels ""vindicated"" by a report into British Cycling's World Class programme.",5432,16,19,0.8421052631578947,0,0.27777777777777773,0.11764705882352941,0.16666666666666669,0.9199779033660889,0.9117653369903564,0.9158532023429871
34571446,business,tldr,Have you heard the one about the computer programmer who bought a failing comedy club in Texas and turned it into a million dollar a year business?,"The Hideout is a comedy club in Austin, Texas.",5950,9,27,0.3333333333333333,0,0.3333333333333333,0.11764705882352941,0.3333333333333333,0.9070320725440979,0.8586829304695129,0.8821955323219299
34571446,business,bullet_points,Have you heard the one about the computer programmer who bought a failing comedy club in Texas and turned it into a million dollar a year business?,It's not often you hear a joke about a comedy club in the US.,5950,14,27,0.5185185185185185,0,0.42857142857142855,0.1,0.2857142857142857,0.8886617422103882,0.8678677678108215,0.8781416416168213
34571446,business,bullet_points_strict,Have you heard the one about the computer programmer who bought a failing comedy club in Texas and turned it into a million dollar a year business?,"The Hideout is a comedy club in Austin, Texas.",5950,9,27,0.3333333333333333,0,0.3333333333333333,0.11764705882352941,0.3333333333333333,0.9070320725440979,0.8586829304695129,0.8821955323219299
34571446,business,one_sentence,Have you heard the one about the computer programmer who bought a failing comedy club in Texas and turned it into a million dollar a year business?,It's not a joke. It's a joke. It's a joke.,5950,10,27,0.37037037037037035,0,0.2,0.0,0.2,0.8813695311546326,0.8438204526901245,0.8621863722801208
34571446,business,fact_constrained,Have you heard the one about the computer programmer who bought a failing comedy club in Texas and turned it into a million dollar a year business?,"In the US, stand-up comedy is a booming industry.",5950,9,27,0.3333333333333333,0,0.21621621621621623,0.0,0.16216216216216217,0.9040366411209106,0.8649747967720032,0.8840743899345398
36892983,business,tldr,"The reaction from BT's investors told us much about media regulator Ofcom's ruling on the fate of Openreach, the BT subsidiary that provides much of the UK's broadband infrastructure.","BT's share price soared in early trading on Thursday after the company's chief executive, Sharon White, said the company's pension scheme was ""practical obstacles"" to a split.",2398,27,29,0.9310344827586207,0,0.22580645161290322,0.03333333333333333,0.19354838709677422,0.8612439632415771,0.8680153489112854,0.8646163940429688
36892983,business,bullet_points,"The reaction from BT's investors told us much about media regulator Ofcom's ruling on the fate of Openreach, the BT subsidiary that provides much of the UK's broadband infrastructure.","BT's share price soared in the early hours of Thursday morning, as the company's shares soared on the London Stock Exchange.",2398,21,29,0.7241379310344828,0,0.2909090909090909,0.07547169811320754,0.21818181818181817,0.8666976690292358,0.8626887202262878,0.8646885752677917
36892983,business,bullet_points_strict,"The reaction from BT's investors told us much about media regulator Ofcom's ruling on the fate of Openreach, the BT subsidiary that provides much of the UK's broadband infrastructure.","BT's share price soared in early trading after the company's chief executive, Ofcom's Sharon White, said the company's pension scheme was ""practical obstacles"" to a break-up.",2398,26,29,0.896551724137931,0,0.2222222222222222,0.06557377049180328,0.19047619047619047,0.8659908771514893,0.8793990612030029,0.8726434707641602
36892983,business,one_sentence,"The reaction from BT's investors told us much about media regulator Ofcom's ruling on the fate of Openreach, the BT subsidiary that provides much of the UK's broadband infrastructure.","BT's share price soared in the early hours of Thursday morning, as the company's shares soared on the London Stock Exchange.",2398,21,29,0.7241379310344828,0,0.2909090909090909,0.07547169811320754,0.21818181818181817,0.8666976690292358,0.8626887202262878,0.8646885752677917
36892983,business,fact_constrained,"The reaction from BT's investors told us much about media regulator Ofcom's ruling on the fate of Openreach, the BT subsidiary that provides much of the UK's broadband infrastructure.","BT's share price soared in early trading on Thursday after the company's chief executive, Ofcom chief executive Sharon White, said that a break-up would be ""a costly headache"" and that a government guarantee on part of the company's pension scheme would be needed.",2398,43,29,1.4827586206896552,0,0.25316455696202533,0.05194805194805195,0.20253164556962025,0.8602383136749268,0.8794182538986206,0.8697226047515869
37732028,sport,tldr,Manager Brendan Rodgers is sure Celtic can exploit the wide open spaces of Hampden when they meet Rangers in Sunday's League Cup semi-final.,Brendan Rodgers says he is looking forward to his first Old Firm derby with Celtic on Saturday.,2239,17,23,0.7391304347826086,0,0.19047619047619052,0.05,0.19047619047619052,0.9108632206916809,0.8870556354522705,0.898801863193512
37732028,sport,bullet_points,Manager Brendan Rodgers is sure Celtic can exploit the wide open spaces of Hampden when they meet Rangers in Sunday's League Cup semi-final.,Brendan Rodgers says he is looking forward to his first Old Firm derby with Celtic on Saturday.,2239,17,23,0.7391304347826086,0,0.19047619047619052,0.05,0.19047619047619052,0.9108632206916809,0.8870556354522705,0.898801863193512
37732028,sport,bullet_points_strict,Manager Brendan Rodgers is sure Celtic can exploit the wide open spaces of Hampden when they meet Rangers in Sunday's League Cup semi-final.,Brendan Rodgers says he is looking forward to his first Old Firm derby with Celtic on Saturday.,2239,17,23,0.7391304347826086,0,0.19047619047619052,0.05,0.19047619047619052,0.9108632206916809,0.8870556354522705,0.898801863193512
37732028,sport,one_sentence,Manager Brendan Rodgers is sure Celtic can exploit the wide open spaces of Hampden when they meet Rangers in Sunday's League Cup semi-final.,Brendan Rodgers says he is looking forward to his first Old Firm derby with Celtic on Saturday.,2239,17,23,0.7391304347826086,0,0.19047619047619052,0.05,0.19047619047619052,0.9108632206916809,0.8870556354522705,0.898801863193512
37732028,sport,fact_constrained,Manager Brendan Rodgers is sure Celtic can exploit the wide open spaces of Hampden when they meet Rangers in Sunday's League Cup semi-final.,Brendan Rodgers says he is looking forward to his first Old Firm derby with Celtic on Saturday.,2239,17,23,0.7391304347826086,0,0.19047619047619052,0.05,0.19047619047619052,0.9108632206916809,0.8870556354522705,0.898801863193512
32300397,business,tldr,Queen's University Belfast is cutting 236 jobs and 290 student places due to a funding reduction.,Queen's University in Belfast has announced it will be cutting its undergraduate and postgraduate places.,2309,15,16,0.9375,0,0.42424242424242425,0.12903225806451615,0.42424242424242425,0.9350975751876831,0.923154354095459,0.9290875792503357
32300397,business,bullet_points,Queen's University Belfast is cutting 236 jobs and 290 student places due to a funding reduction.,The University of Queen's in Belfast has announced that it will be cutting the number of undergraduate and postgraduate places at the university.,2309,23,16,1.4375,0,0.34146341463414637,0.05128205128205128,0.2926829268292683,0.9219706058502197,0.9167028069496155,0.9193292260169983
32300397,business,bullet_points_strict,Queen's University Belfast is cutting 236 jobs and 290 student places due to a funding reduction.,"The University of Queen's in Belfast is to cut its undergraduate and postgraduate places by 1,010 over the next three years, the BBC understands.",2309,24,16,1.5,0,0.372093023255814,0.09756097560975609,0.2790697674418605,0.8912345767021179,0.9161904454231262,0.9035401940345764
32300397,business,one_sentence,Queen's University Belfast is cutting 236 jobs and 290 student places due to a funding reduction.,Queen's University in Belfast has announced it will cut its undergraduate and postgraduate places.,2309,14,16,0.875,0,0.37500000000000006,0.13333333333333333,0.37500000000000006,0.9367403388023376,0.9232214689254761,0.9299318194389343
32300397,business,fact_constrained,Queen's University Belfast is cutting 236 jobs and 290 student places due to a funding reduction.,"The University of Queen's in Belfast has announced it will cut its undergraduate and postgraduate student places by 1,010 over the next three years.",2309,24,16,1.5,0,0.3255813953488372,0.09756097560975609,0.2790697674418605,0.903808057308197,0.9249007701873779,0.9142327904701233
32672009,tech,tldr,Hospital bosses in Sussex have apologised after about 850 patients were sent leaflets in error suggesting they might have cancer.,East Sussex Healthcare NHS Trust has apologised after 850 leaflets were mistakenly inserted with an appointment letter.,1318,17,20,0.85,0,0.3243243243243243,0.05714285714285714,0.27027027027027023,0.9150239825248718,0.9100818037986755,0.9125462174415588
32672009,tech,bullet_points,Hospital bosses in Sussex have apologised after about 850 patients were sent leaflets in error suggesting they might have cancer.,A hospital trust has apologised after 850 leaflets were mistakenly inserted with a patient's appointment letter.,1318,16,20,0.8,0,0.3243243243243243,0.05714285714285714,0.27027027027027023,0.9243932962417603,0.9157670736312866,0.9200599789619446
32672009,tech,bullet_points_strict,Hospital bosses in Sussex have apologised after about 850 patients were sent leaflets in error suggesting they might have cancer.,"East Sussex Healthcare NHS Trust has apologised for a ""two-week information leaflet"" being inserted with an appointment letter.",1318,18,20,0.9,0,0.10256410256410256,0.0,0.10256410256410256,0.8850730657577515,0.8914143443107605,0.888232409954071
32672009,tech,one_sentence,Hospital bosses in Sussex have apologised after about 850 patients were sent leaflets in error suggesting they might have cancer.,"East Sussex Healthcare NHS Trust has apologised for a ""two-week information leaflet"" being inserted with an appointment letter.",1318,18,20,0.9,0,0.10256410256410256,0.0,0.10256410256410256,0.8850730657577515,0.8914143443107605,0.888232409954071
32672009,tech,fact_constrained,Hospital bosses in Sussex have apologised after about 850 patients were sent leaflets in error suggesting they might have cancer.,A hospital trust has apologised after 850 leaflets were mistakenly inserted with a patient's appointment letter.,1318,16,20,0.8,0,0.3243243243243243,0.05714285714285714,0.27027027027027023,0.9243932962417603,0.9157670736312866,0.9200599789619446
38872899,politics,tldr,The shadow foreign secretary has suggested Labour will continue to support legislation paving the way for Brexit as it passes through Parliament.,"Labour has said it will not ""frustrate Brexit"" if it fails to amend its Brexit bill.",3157,16,22,0.7272727272727273,0,0.3157894736842105,0.0,0.2105263157894737,0.8892247080802917,0.8932316303253174,0.8912236094474792
38872899,politics,bullet_points,The shadow foreign secretary has suggested Labour will continue to support legislation paving the way for Brexit as it passes through Parliament.,"Labour has said it will not ""frustrate Brexit"" if it fails to amend its Brexit bill.",3157,16,22,0.7272727272727273,0,0.3157894736842105,0.0,0.2105263157894737,0.8892247080802917,0.8932316303253174,0.8912236094474792
38872899,politics,bullet_points_strict,The shadow foreign secretary has suggested Labour will continue to support legislation paving the way for Brexit as it passes through Parliament.,"Labour has said it will not ""frustrate Brexit"" if it fails to amend its Brexit bill.",3157,16,22,0.7272727272727273,0,0.3157894736842105,0.0,0.2105263157894737,0.8892247080802917,0.8932316303253174,0.8912236094474792
38872899,politics,one_sentence,The shadow foreign secretary has suggested Labour will continue to support legislation paving the way for Brexit as it passes through Parliament.,"Labour has said it will not ""frustrate Brexit"" if it fails to amend its Brexit bill.",3157,16,22,0.7272727272727273,0,0.3157894736842105,0.0,0.2105263157894737,0.8892247080802917,0.8932316303253174,0.8912236094474792
38872899,politics,fact_constrained,The shadow foreign secretary has suggested Labour will continue to support legislation paving the way for Brexit as it passes through Parliament.,"Labour has said it will not ""frustrate Brexit"" if it fails to amend its Brexit bill.",3157,16,22,0.7272727272727273,0,0.3157894736842105,0.0,0.2105263157894737,0.8892247080802917,0.8932316303253174,0.8912236094474792
37248643,sport,tldr,Torquay United boss Kevin Nicholson says none of the money from Eunan O'Kane's move to Leeds from Bournemouth will go to the playing squad.,The Gulls are looking for a new owner after the club's owner stepped down last summer.,625,16,24,0.6666666666666666,0,0.13953488372093026,0.0,0.0930232558139535,0.8629907369613647,0.8268444538116455,0.8445309996604919
37248643,sport,bullet_points,Torquay United boss Kevin Nicholson says none of the money from Eunan O'Kane's move to Leeds from Bournemouth will go to the playing squad.,The Gulls have agreed a deal to sell midfielder Sean O'Kane to the Cherries for £8m.,625,16,24,0.6666666666666666,0,0.2790697674418605,0.09756097560975609,0.23255813953488372,0.8957774639129639,0.8726987242698669,0.8840874433517456
37248643,sport,bullet_points_strict,Torquay United boss Kevin Nicholson says none of the money from Eunan O'Kane's move to Leeds from Bournemouth will go to the playing squad.,The Gulls have agreed a deal to sell midfielder Sean O'Kane to the Cherries for £8m.,625,16,24,0.6666666666666666,0,0.2790697674418605,0.09756097560975609,0.23255813953488372,0.8957774639129639,0.8726987242698669,0.8840874433517456
37248643,sport,one_sentence,Torquay United boss Kevin Nicholson says none of the money from Eunan O'Kane's move to Leeds from Bournemouth will go to the playing squad.,The Gulls have agreed a deal to sell midfielder Sean O'Kane to the Cherries for £8m.,625,16,24,0.6666666666666666,0,0.2790697674418605,0.09756097560975609,0.23255813953488372,0.8957774639129639,0.8726987242698669,0.8840874433517456
37248643,sport,fact_constrained,Torquay United boss Kevin Nicholson says none of the money from Eunan O'Kane's move to Leeds from Bournemouth will go to the playing squad.,The Gulls have agreed a deal to sell midfielder Sean O'Kane to the Cherries for £8m.,625,16,24,0.6666666666666666,0,0.2790697674418605,0.09756097560975609,0.23255813953488372,0.8957774639129639,0.8726987242698669,0.8840874433517456
38521798,tech,tldr,North Wales Police has been criticised at an inquest for sending an officer to speak to a hospital patient with paranoid schizophrenia.,"A psychiatric consultant has said he is ""extremely unhappy"" about a visit by a police officer to a ward where he died.",1314,22,22,1.0,0,0.22727272727272727,0.09523809523809523,0.18181818181818182,0.8878450393676758,0.8946700096130371,0.8912444710731506
38521798,tech,bullet_points,North Wales Police has been criticised at an inquest for sending an officer to speak to a hospital patient with paranoid schizophrenia.,"A psychiatric consultant has said he is ""extremely unhappy"" about a visit by a police officer to a psychiatric unit at a hospital.",1314,23,22,1.0454545454545454,0,0.31111111111111117,0.1395348837209302,0.22222222222222224,0.8975138664245605,0.9027137160301208,0.9001062512397766
38521798,tech,bullet_points_strict,North Wales Police has been criticised at an inquest for sending an officer to speak to a hospital patient with paranoid schizophrenia.,"A psychiatric consultant has said he is ""extremely unhappy"" about a visit by a police officer to a ward at a hospital.",1314,22,22,1.0,0,0.3181818181818182,0.14285714285714285,0.22727272727272727,0.9026289582252502,0.9021520018577576,0.9023904204368591
38521798,tech,one_sentence,North Wales Police has been criticised at an inquest for sending an officer to speak to a hospital patient with paranoid schizophrenia.,An inquest into the death of a man whose body was found in the Menai Strait has been adjourned.,1314,19,22,0.8636363636363636,0,0.24390243902439024,0.10256410256410256,0.14634146341463414,0.8831830620765686,0.8782145977020264,0.8806918859481812
38521798,tech,fact_constrained,North Wales Police has been criticised at an inquest for sending an officer to speak to a hospital patient with paranoid schizophrenia.,An inquest into the death of a man whose body was found in the Strait of Gwynedd has been adjourned.,1314,20,22,0.9090909090909091,0,0.23809523809523808,0.1,0.14285714285714282,0.8809232115745544,0.8819592595100403,0.8814409375190735
29771956,sport,tldr,Leicester City striker Gary Taylor-Fletcher has joined Sheffield Wednesday on an initial month-long loan.,Leicester City have signed former Blackpool and Blackpool midfielder Chris Taylor-Fletcher on a one-year deal.,343,15,14,1.0714285714285714,0,0.30303030303030304,0.12903225806451615,0.30303030303030304,0.9158657193183899,0.9339108467102051,0.9248002767562866
29771956,sport,bullet_points,Leicester City striker Gary Taylor-Fletcher has joined Sheffield Wednesday on an initial month-long loan.,Leicester City have completed the signing of former Blackpool midfielder Chris Taylor-Fletcher on a one-year contract.,343,16,14,1.1428571428571428,0,0.29411764705882354,0.125,0.29411764705882354,0.9294755458831787,0.9312281608581543,0.9303510189056396
29771956,sport,bullet_points_strict,Leicester City striker Gary Taylor-Fletcher has joined Sheffield Wednesday on an initial month-long loan.,Leicester City have signed Leicester City winger Chris Taylor-Fletcher on a one-year deal.,343,13,14,0.9285714285714286,0,0.3225806451612903,0.1379310344827586,0.3225806451612903,0.9461217522621155,0.9351902008056641,0.9406242370605469
29771956,sport,one_sentence,Leicester City striker Gary Taylor-Fletcher has joined Sheffield Wednesday on an initial month-long loan.,Leicester City have signed Leicester City striker Danny Taylor-Fletcher on a one-year contract.,343,13,14,0.9285714285714286,0,0.38709677419354843,0.20689655172413796,0.38709677419354843,0.947028636932373,0.936556339263916,0.9417633414268494
29771956,sport,fact_constrained,Leicester City striker Gary Taylor-Fletcher has joined Sheffield Wednesday on an initial month-long loan.,Leicester City have signed Leicester City midfielder Chris Taylor-Fletcher on a one-year deal.,343,13,14,0.9285714285714286,0,0.3225806451612903,0.1379310344827586,0.3225806451612903,0.9458396434783936,0.9348344802856445,0.9403048157691956
38322594,politics,tldr,"Limiting access to federal research would do an ""enormous disservice"" to the US and the world according to former Nasa chief scientist.","The chief scientist of Nasa has warned that access to climate data will be a ""tremendous disservice"" to the scientific community.",5964,21,22,0.9545454545454546,0,0.4186046511627907,0.1951219512195122,0.23255813953488372,0.9295012950897217,0.9256333112716675,0.9275633096694946
38322594,politics,bullet_points,"Limiting access to federal research would do an ""enormous disservice"" to the US and the world according to former Nasa chief scientist.","The chief scientist of Nasa has warned that access to climate data will be ""an enormous disservice to the citizens of this country and to the world in general"".",5964,29,22,1.3181818181818181,0,0.5490196078431373,0.28571428571428575,0.39215686274509803,0.9251245856285095,0.9278936386108398,0.9265069961547852
38322594,politics,bullet_points_strict,"Limiting access to federal research would do an ""enormous disservice"" to the US and the world according to former Nasa chief scientist.","The chief scientist of Nasa has warned that access to climate data will be a ""tremendous disservice to the citizens of this country and to the world in general"".",5964,29,22,1.3181818181818181,0,0.47058823529411764,0.20408163265306123,0.3137254901960784,0.917674720287323,0.9293165802955627,0.9234589338302612
38322594,politics,one_sentence,"Limiting access to federal research would do an ""enormous disservice"" to the US and the world according to former Nasa chief scientist.","The chief scientist of Nasa has warned that access to climate data will be ""an enormous disservice to the citizens of this country and to the world in general"".",5964,29,22,1.3181818181818181,0,0.5490196078431373,0.28571428571428575,0.39215686274509803,0.9251245856285095,0.9278936386108398,0.9265069961547852
38322594,politics,fact_constrained,"Limiting access to federal research would do an ""enormous disservice"" to the US and the world according to former Nasa chief scientist.","The chief scientist of Nasa has warned that access to climate data will be a ""tremendous disservice to the citizens of this country and to the world in general"".",5964,29,22,1.3181818181818181,0,0.47058823529411764,0.20408163265306123,0.3137254901960784,0.917674720287323,0.9293165802955627,0.9234589338302612
35194738,entertainment,tldr,"John ""Brad"" Bradbury, drummer with The Specials, has died at the age of 62.",The Specials drummer John 'Brad' Bradbury has died at the age of 84.,2284,13,14,0.9285714285714286,0,0.888888888888889,0.64,0.6666666666666666,0.9817701578140259,0.9701306819915771,0.9759156703948975
35194738,entertainment,bullet_points,"John ""Brad"" Bradbury, drummer with The Specials, has died at the age of 62.",The Specials drummer John 'Brad' Bradbury has died at the age of 84.,2284,13,14,0.9285714285714286,0,0.888888888888889,0.64,0.6666666666666666,0.9817701578140259,0.9701306819915771,0.9759156703948975
35194738,entertainment,bullet_points_strict,"John ""Brad"" Bradbury, drummer with The Specials, has died at the age of 62.",The Specials drummer John 'Brad' Bradbury has died at the age of 84.,2284,13,14,0.9285714285714286,0,0.888888888888889,0.64,0.6666666666666666,0.9817701578140259,0.9701306819915771,0.9759156703948975
35194738,entertainment,one_sentence,"John ""Brad"" Bradbury, drummer with The Specials, has died at the age of 62.",The Specials drummer John Bradbury has died at the age of 84.,2284,12,14,0.8571428571428571,0,0.8461538461538461,0.4999999999999999,0.6153846153846153,0.9805054068565369,0.9509687423706055,0.9655112028121948
35194738,entertainment,fact_constrained,"John ""Brad"" Bradbury, drummer with The Specials, has died at the age of 62.",The Specials drummer John 'Brad' Bradbury has died at the age of 84.,2284,13,14,0.9285714285714286,0,0.888888888888889,0.64,0.6666666666666666,0.9817701578140259,0.9701306819915771,0.9759156703948975
38781058,sport,tldr,"Tiger Woods missed the cut at the Farmers Insurance Open, as England's Justin Rose maintained a one-shot lead.",World number one Woods missed the cut at the US Open as he missed the cut by four shots.,1084,19,18,1.0555555555555556,0,0.46153846153846156,0.3243243243243243,0.41025641025641024,0.9132375121116638,0.8981776237487793,0.905644953250885
38781058,sport,bullet_points,"Tiger Woods missed the cut at the Farmers Insurance Open, as England's Justin Rose maintained a one-shot lead.",World number one Woods missed the cut at the San Diego Open as he missed the cut by four shots.,1084,20,18,1.1111111111111112,0,0.45,0.3157894736842105,0.4000000000000001,0.9169086813926697,0.8983135223388672,0.907515823841095
38781058,sport,bullet_points_strict,"Tiger Woods missed the cut at the Farmers Insurance Open, as England's Justin Rose maintained a one-shot lead.",World number one Woods missed the cut at the San Diego Open as he missed the cut by four shots.,1084,20,18,1.1111111111111112,0,0.45,0.3157894736842105,0.4000000000000001,0.9169086813926697,0.8983135223388672,0.907515823841095
38781058,sport,one_sentence,"Tiger Woods missed the cut at the Farmers Insurance Open, as England's Justin Rose maintained a one-shot lead.",World number one Woods missed the cut at the US Open as he missed the cut by four shots.,1084,19,18,1.0555555555555556,0,0.46153846153846156,0.3243243243243243,0.41025641025641024,0.9132375121116638,0.8981776237487793,0.905644953250885
38781058,sport,fact_constrained,"Tiger Woods missed the cut at the Farmers Insurance Open, as England's Justin Rose maintained a one-shot lead.",World number one Woods missed the cut at the San Diego Open as he missed the cut by four shots.,1084,20,18,1.1111111111111112,0,0.45,0.3157894736842105,0.4000000000000001,0.9169086813926697,0.8983135223388672,0.907515823841095
40181128,sport,tldr,"Former England striker Andy Cole says he faces a ""long road ahead"" as he recovers from his recent kidney transplant.","Manchester United striker Wayne Cole says he has a ""long road ahead"" after a kidney transplant.",1760,16,20,0.8,0,0.5555555555555556,0.35294117647058826,0.5555555555555556,0.9690411686897278,0.9576982259750366,0.9633362889289856
40181128,sport,bullet_points,"Former England striker Andy Cole says he faces a ""long road ahead"" as he recovers from his recent kidney transplant.","Manchester United striker Wayne Cole says he has a ""long road ahead"" after a kidney transplant.",1760,16,20,0.8,0,0.5555555555555556,0.35294117647058826,0.5555555555555556,0.9690411686897278,0.9576982259750366,0.9633362889289856
40181128,sport,bullet_points_strict,"Former England striker Andy Cole says he faces a ""long road ahead"" as he recovers from his recent kidney transplant.","Manchester United striker Ashley Cole says he has a ""long road ahead"" after a kidney transplant.",1760,16,20,0.8,0,0.5555555555555556,0.35294117647058826,0.5555555555555556,0.9707770347595215,0.95908522605896,0.9648957252502441
40181128,sport,one_sentence,"Former England striker Andy Cole says he faces a ""long road ahead"" as he recovers from his recent kidney transplant.","Manchester United striker Wayne Cole says he has a ""long road ahead"" after being diagnosed with kidney failure.",1760,18,20,0.9,0,0.4736842105263158,0.27777777777777773,0.4736842105263158,0.9478050470352173,0.9441975355148315,0.9459978342056274
40181128,sport,fact_constrained,"Former England striker Andy Cole says he faces a ""long road ahead"" as he recovers from his recent kidney transplant.","Manchester United striker Wayne Cole says he has a ""long road ahead"" after being diagnosed with kidney failure.",1760,18,20,0.9,0,0.4736842105263158,0.27777777777777773,0.4736842105263158,0.9478050470352173,0.9441975355148315,0.9459978342056274
35345872,tech,tldr,"Pakistan has unblocked the video sharing site, YouTube, more than three years after it was banned for posting a video deemed insulting to Islam.",Pakistan's government has lifted a ban on YouTube in the country.,2050,11,24,0.4583333333333333,0,0.2777777777777778,0.0,0.16666666666666666,0.9254280924797058,0.8704209923744202,0.8970820903778076
35345872,tech,bullet_points,"Pakistan has unblocked the video sharing site, YouTube, more than three years after it was banned for posting a video deemed insulting to Islam.",Pakistan's government has lifted a ban on YouTube in the country.,2050,11,24,0.4583333333333333,0,0.2777777777777778,0.0,0.16666666666666666,0.9254280924797058,0.8704209923744202,0.8970820903778076
35345872,tech,bullet_points_strict,"Pakistan has unblocked the video sharing site, YouTube, more than three years after it was banned for posting a video deemed insulting to Islam.",Pakistan's government has lifted a ban on YouTube in the country.,2050,11,24,0.4583333333333333,0,0.2777777777777778,0.0,0.16666666666666666,0.9254280924797058,0.8704209923744202,0.8970820903778076
35345872,tech,one_sentence,"Pakistan has unblocked the video sharing site, YouTube, more than three years after it was banned for posting a video deemed insulting to Islam.",Pakistan's government has lifted a ban on YouTube in the country.,2050,11,24,0.4583333333333333,0,0.2777777777777778,0.0,0.16666666666666666,0.9254280924797058,0.8704209923744202,0.8970820903778076
35345872,tech,fact_constrained,"Pakistan has unblocked the video sharing site, YouTube, more than three years after it was banned for posting a video deemed insulting to Islam.",Pakistan's government has lifted a ban on YouTube in the country.,2050,11,24,0.4583333333333333,0,0.2777777777777778,0.0,0.16666666666666666,0.9254280924797058,0.8704209923744202,0.8970820903778076
32148941,sport,tldr,"Leicester Tigers winger Miles Benjamin is likely to be out for the rest of the season because of a knee injury, reports BBC Radio Leicester.",Leicester's Ben Benjamin will miss the rest of the season after suffering a neck injury.,676,15,25,0.6,0,0.43902439024390244,0.2051282051282051,0.43902439024390244,0.9521404504776001,0.9195141196250916,0.9355429410934448
32148941,sport,bullet_points,"Leicester Tigers winger Miles Benjamin is likely to be out for the rest of the season because of a knee injury, reports BBC Radio Leicester.",Leicester's Ben Benjamin will miss the rest of the season because of a neck injury.,676,15,25,0.6,0,0.5365853658536586,0.35897435897435903,0.5365853658536586,0.958945095539093,0.9216182827949524,0.9399112462997437
32148941,sport,bullet_points_strict,"Leicester Tigers winger Miles Benjamin is likely to be out for the rest of the season because of a knee injury, reports BBC Radio Leicester.",Leicester's Ben Benjamin will miss the rest of the season because of a neck injury.,676,15,25,0.6,0,0.5365853658536586,0.35897435897435903,0.5365853658536586,0.958945095539093,0.9216182827949524,0.9399112462997437
32148941,sport,one_sentence,"Leicester Tigers winger Miles Benjamin is likely to be out for the rest of the season because of a knee injury, reports BBC Radio Leicester.",Leicester's Ben Benjamin will miss the rest of the season because of a neck injury.,676,15,25,0.6,0,0.5365853658536586,0.35897435897435903,0.5365853658536586,0.958945095539093,0.9216182827949524,0.9399112462997437
32148941,sport,fact_constrained,"Leicester Tigers winger Miles Benjamin is likely to be out for the rest of the season because of a knee injury, reports BBC Radio Leicester.",Leicester's Ben Benjamin is likely to miss the rest of the season after suffering a neck injury.,676,17,25,0.68,0,0.5581395348837209,0.34146341463414637,0.5581395348837209,0.9567264914512634,0.925929605960846,0.9410761594772339
37066439,sport,tldr,Owain Doull has won Wales' first gold of the 2016 Olympics as he helped the Great Britain men's team pursuit defend their cycling title in Rio.,Great Britain's Mark Doull won a silver medal in the women's team pursuit at the Rio Olympics.,2573,17,26,0.6538461538461539,0,0.5217391304347826,0.13636363636363638,0.30434782608695654,0.9206988215446472,0.8867021203041077,0.9033807516098022
37066439,sport,bullet_points,Owain Doull has won Wales' first gold of the 2016 Olympics as he helped the Great Britain men's team pursuit defend their cycling title in Rio.,Great Britain's Mark Doull has won his first Olympic gold medal as he helped Great Britain beat Australia in the final of the World Championships in Rio.,2573,27,26,1.0384615384615385,0,0.5818181818181818,0.2641509433962264,0.43636363636363634,0.9242391586303711,0.8946059346199036,0.9091811776161194
37066439,sport,bullet_points_strict,Owain Doull has won Wales' first gold of the 2016 Olympics as he helped the Great Britain men's team pursuit defend their cycling title in Rio.,Great Britain's Mark Doull won a silver medal in the women's team pursuit at the Rio Olympics.,2573,17,26,0.6538461538461539,0,0.5217391304347826,0.13636363636363638,0.30434782608695654,0.9206988215446472,0.8867021203041077,0.9033807516098022
37066439,sport,one_sentence,Owain Doull has won Wales' first gold of the 2016 Olympics as he helped the Great Britain men's team pursuit defend their cycling title in Rio.,Great Britain's Mark Doull has won his first Olympic gold medal as he helped Great Britain beat Australia in the final of the women's road race at the Rio Olympics.,2573,30,26,1.1538461538461537,0,0.5762711864406779,0.21052631578947367,0.4067796610169491,0.9263803362846375,0.9041767716407776,0.9151438474655151
37066439,sport,fact_constrained,Owain Doull has won Wales' first gold of the 2016 Olympics as he helped the Great Britain men's team pursuit defend their cycling title in Rio.,"Great Britain's Mark Doull won a silver medal in the women's 500m at the Rio Olympics, becoming the first Welsh cyclist to win a medal at an Olympics.",2573,28,26,1.0769230769230769,0,0.38596491228070173,0.03636363636363637,0.17543859649122806,0.901240348815918,0.8879451751708984,0.8945433497428894
40787080,tech,tldr,"Floods in the western Indian state of Gujarat have killed 218 people, government officials have confirmed.","The death toll from floods in Gujarat state has risen to more than 100 people, officials say.",755,17,16,1.0625,0,0.42424242424242425,0.06451612903225808,0.30303030303030304,0.9285959005355835,0.9357650876045227,0.9321666955947876
40787080,tech,bullet_points,"Floods in the western Indian state of Gujarat have killed 218 people, government officials have confirmed.","The death toll from floods in Gujarat state has risen to more than 100 people, officials say.",755,17,16,1.0625,0,0.42424242424242425,0.06451612903225808,0.30303030303030304,0.9285959005355835,0.9357650876045227,0.9321666955947876
40787080,tech,bullet_points_strict,"Floods in the western Indian state of Gujarat have killed 218 people, government officials have confirmed.","The death toll from floods in Gujarat state has risen to more than 100 people, officials say.",755,17,16,1.0625,0,0.42424242424242425,0.06451612903225808,0.30303030303030304,0.9285959005355835,0.9357650876045227,0.9321666955947876
40787080,tech,one_sentence,"Floods in the western Indian state of Gujarat have killed 218 people, government officials have confirmed.","The death toll from floods in Gujarat state has risen to more than 100 people, officials say.",755,17,16,1.0625,0,0.42424242424242425,0.06451612903225808,0.30303030303030304,0.9285959005355835,0.9357650876045227,0.9321666955947876
40787080,tech,fact_constrained,"Floods in the western Indian state of Gujarat have killed 218 people, government officials have confirmed.","The death toll from floods in Gujarat state has risen to more than 100, officials say.",755,16,16,1.0,0,0.375,0.06666666666666667,0.25,0.9288473725318909,0.9331260323524475,0.9309817552566528
39192648,sport,tldr,All images copyrighted.,Snowsports couple Bridget Reid and Jonathan Reid got married on skis at Nevis Range.,2058,14,3,4.666666666666667,0,0.0,0.0,0.0,0.8127204179763794,0.865835964679718,0.8384377360343933
39192648,sport,bullet_points,All images copyrighted.,"A couple who got married on skis in a Scottish ski resort have said it was ""the best day of the year"".",2058,22,3,7.333333333333333,0,0.0,0.0,0.0,0.8159753680229187,0.8594626188278198,0.8371546268463135
39192648,sport,bullet_points_strict,All images copyrighted.,Snowsports lovers got married on skis in Scotland's Nevis Range.,2058,10,3,3.3333333333333335,0,0.0,0.0,0.0,0.8195071816444397,0.8666239976882935,0.8424072861671448
39192648,sport,one_sentence,All images copyrighted.,Bridget Reid and Jonathan Reid got married on skis at Nevis Range in the Highlands.,2058,15,3,5.0,0,0.0,0.0,0.0,0.8297883868217468,0.8684042096138,0.8486572504043579
39192648,sport,fact_constrained,All images copyrighted.,A couple got married on skis in a Scottish ski resort.,2058,11,3,3.6666666666666665,0,0.0,0.0,0.0,0.843449592590332,0.871516227722168,0.8572532534599304
27119429,business,tldr,"Royal Bank of Scotland (RBS) has been fined HK$6m (£460,000) by Hong Kong regulators after it failed to detect a series of unauthorised transactions by one of its traders.",Hong Kong's Royal Bank of Scotland (RBS) has been fined a record amount by the Hong Kong Securities and Exchange Commission (HKSEC).,1574,22,29,0.7586206896551724,0,0.4444444444444444,0.30769230769230765,0.40740740740740744,0.9167636036872864,0.8820927143096924,0.8990941047668457
27119429,business,bullet_points,"Royal Bank of Scotland (RBS) has been fined HK$6m (£460,000) by Hong Kong regulators after it failed to detect a series of unauthorised transactions by one of its traders.",Hong Kong's Royal Bank of Scotland (RBS) has been fined a record amount by the Hong Kong Securities and Exchange Commission (HKSEC).,1574,22,29,0.7586206896551724,0,0.4444444444444444,0.30769230769230765,0.40740740740740744,0.9167636036872864,0.8820927143096924,0.8990941047668457
27119429,business,bullet_points_strict,"Royal Bank of Scotland (RBS) has been fined HK$6m (£460,000) by Hong Kong regulators after it failed to detect a series of unauthorised transactions by one of its traders.",Hong Kong's Royal Bank of Scotland (RBS) has been fined a record amount by the Hong Kong Securities and Exchange Commission (HKSEC).,1574,22,29,0.7586206896551724,0,0.4444444444444444,0.30769230769230765,0.40740740740740744,0.9167636036872864,0.8820927143096924,0.8990941047668457
27119429,business,one_sentence,"Royal Bank of Scotland (RBS) has been fined HK$6m (£460,000) by Hong Kong regulators after it failed to detect a series of unauthorised transactions by one of its traders.",Hong Kong's Royal Bank of Scotland (RBS) has been fined a record amount by the Hong Kong Securities and Exchange Commission (HKSEC).,1574,22,29,0.7586206896551724,0,0.4444444444444444,0.30769230769230765,0.40740740740740744,0.9167636036872864,0.8820927143096924,0.8990941047668457
27119429,business,fact_constrained,"Royal Bank of Scotland (RBS) has been fined HK$6m (£460,000) by Hong Kong regulators after it failed to detect a series of unauthorised transactions by one of its traders.",Hong Kong's Royal Bank of Scotland (RBS) has been fined a record amount by the Hong Kong Securities and Exchange Commission (HKSEC).,1574,22,29,0.7586206896551724,0,0.4444444444444444,0.30769230769230765,0.40740740740740744,0.9167636036872864,0.8820927143096924,0.8990941047668457
38952672,politics,tldr,"The Bafta awards had laughter, passion and plenty of politics.","The Baftas ceremony was a whirlwind, but the best actress winner said it was a ""whirlwind"".",4391,16,10,1.6,0,0.07692307692307693,0.0,0.07692307692307693,0.8903898000717163,0.9046496152877808,0.8974630832672119
38952672,politics,bullet_points,"The Bafta awards had laughter, passion and plenty of politics.",Baftas.,4391,1,10,0.1,0,0.0,0.0,0.0,0.8941680192947388,0.8439143300056458,0.8683146238327026
38952672,politics,bullet_points_strict,"The Bafta awards had laughter, passion and plenty of politics.",Baftas - the best of the best - and the best of the best of the best.,4391,17,10,1.7,0,0.24,0.0,0.24,0.8528580665588379,0.8807975649833679,0.8666026592254639
38952672,politics,one_sentence,"The Bafta awards had laughter, passion and plenty of politics.",Baftas.,4391,1,10,0.1,0,0.0,0.0,0.0,0.8941680192947388,0.8439143300056458,0.8683146238327026
38952672,politics,fact_constrained,"The Bafta awards had laughter, passion and plenty of politics.",Baftas.,4391,1,10,0.1,0,0.0,0.0,0.0,0.8941680192947388,0.8439143300056458,0.8683146238327026
40458642,sport,tldr,"Of his last 30 matches in 2016, Andy Murray won 28 and lost just two.",Defending champion Andy Murray's record at Wimbledon has been shattered by a knee injury.,4120,14,15,0.9333333333333333,0,0.13333333333333333,0.07142857142857142,0.13333333333333333,0.8772261142730713,0.8527766466140747,0.8648285865783691
40458642,sport,bullet_points,"Of his last 30 matches in 2016, Andy Murray won 28 and lost just two.","Defending champion Andy Murray has been a dominant player this season, but he hasn't been able to keep up with the world's top players.",4120,24,15,1.6,0,0.0975609756097561,0.05128205128205128,0.0975609756097561,0.873807966709137,0.8625934720039368,0.8681644797325134
40458642,sport,bullet_points_strict,"Of his last 30 matches in 2016, Andy Murray won 28 and lost just two.",Defending champion Andy Murray's record at Wimbledon has been shattered by a knee injury.,4120,14,15,0.9333333333333333,0,0.13333333333333333,0.07142857142857142,0.13333333333333333,0.8772261142730713,0.8527766466140747,0.8648285865783691
40458642,sport,one_sentence,"Of his last 30 matches in 2016, Andy Murray won 28 and lost just two.","Defending champion Andy Murray has been a sluggish year, but he still has a long way to go.",4120,18,15,1.2,0,0.1212121212121212,0.06451612903225808,0.1212121212121212,0.8655128479003906,0.8537465333938599,0.8595894575119019
40458642,sport,fact_constrained,"Of his last 30 matches in 2016, Andy Murray won 28 and lost just two.",Andy Murray's record at Wimbledon has been shattered by a knee injury.,4120,12,15,0.8,0,0.14285714285714288,0.07692307692307691,0.14285714285714288,0.8914188146591187,0.8532164096832275,0.8718993663787842
39935147,entertainment,tldr,South African police say four people have been arrested in connection with the murder of former actor on popular local TV series Generations.,Police in South Africa are questioning the suspects who shot and killed a DJ in a pub.,601,17,23,0.7391304347826086,0,0.19999999999999998,0.0,0.15,0.9209572076797485,0.8943518400192261,0.907459557056427
39935147,entertainment,bullet_points,South African police say four people have been arrested in connection with the murder of former actor on popular local TV series Generations.,Police in South Africa are questioning two men who robbed women of their mobile phones in a pub.,601,18,23,0.782608695652174,0,0.1951219512195122,0.0,0.14634146341463414,0.9018239378929138,0.8880009651184082,0.8948590755462646
39935147,entertainment,bullet_points_strict,South African police say four people have been arrested in connection with the murder of former actor on popular local TV series Generations.,Police in South Africa are questioning two men who robbed women of their mobile phones in a pub.,601,18,23,0.782608695652174,0,0.1951219512195122,0.0,0.14634146341463414,0.9018239378929138,0.8880009651184082,0.8948590755462646
39935147,entertainment,one_sentence,South African police say four people have been arrested in connection with the murder of former actor on popular local TV series Generations.,Police in South Africa are questioning two men who robbed women of their mobile phones in a pub.,601,18,23,0.782608695652174,0,0.1951219512195122,0.0,0.14634146341463414,0.9018239378929138,0.8880009651184082,0.8948590755462646
39935147,entertainment,fact_constrained,South African police say four people have been arrested in connection with the murder of former actor on popular local TV series Generations.,Police in South Africa are questioning the suspects who shot and killed a DJ in a pub.,601,17,23,0.7391304347826086,0,0.19999999999999998,0.0,0.15,0.9209572076797485,0.8943518400192261,0.907459557056427
34911128,tech,tldr,"A shot was reportedly fired at a car outside a primary school in Liverpool as parents were taking their children inside, police have said.",A school shooting at a primary school in Merseyside is being investigated by police.,1163,14,24,0.5833333333333334,0,0.3684210526315789,0.2222222222222222,0.3684210526315789,0.9257766604423523,0.8989096879959106,0.9121454358100891
34911128,tech,bullet_points,"A shot was reportedly fired at a car outside a primary school in Liverpool as parents were taking their children inside, police have said.",A gunshot has been fired at a primary school in Merseyside.,1163,11,24,0.4583333333333333,0,0.4,0.30303030303030304,0.4,0.9452522397041321,0.9060546159744263,0.9252384305000305
34911128,tech,bullet_points_strict,"A shot was reportedly fired at a car outside a primary school in Liverpool as parents were taking their children inside, police have said.",A school shooting at a primary school in Merseyside is being investigated by police.,1163,14,24,0.5833333333333334,0,0.3684210526315789,0.2222222222222222,0.3684210526315789,0.9257766604423523,0.8989096879959106,0.9121454358100891
34911128,tech,one_sentence,"A shot was reportedly fired at a car outside a primary school in Liverpool as parents were taking their children inside, police have said.",Police are investigating a shooting at a primary school in Merseyside.,1163,11,24,0.4583333333333333,0,0.4,0.24242424242424243,0.34285714285714286,0.935809850692749,0.9029042720794678,0.919062614440918
34911128,tech,fact_constrained,"A shot was reportedly fired at a car outside a primary school in Liverpool as parents were taking their children inside, police have said.",A school shooting at a primary school in Merseyside has left a pupil in a critical condition.,1163,17,24,0.7083333333333334,0,0.34146341463414637,0.20512820512820512,0.2926829268292683,0.9114602208137512,0.8979007005691528,0.904629647731781
32950992,sport,tldr,Jessica Ennis-Hill has fallen from fourth to eighth place after six events at the Hypo-Meeting in Gotzis.,Great Britain's Jessica Ennis-Hill has beaten world record-holders in the 800m hurdles at the Gotzis Hypo-Meeting.,866,16,17,0.9411764705882353,0,0.5128205128205129,0.27027027027027023,0.41025641025641024,0.904083251953125,0.9175784587860107,0.9107808470726013
32950992,sport,bullet_points,Jessica Ennis-Hill has fallen from fourth to eighth place after six events at the Hypo-Meeting in Gotzis.,Great Britain's Laura Ennis-Hill has won her first gold medal at the Gotzis Hypo-Meeting.,866,14,17,0.8235294117647058,0,0.4444444444444444,0.23529411764705882,0.3888888888888889,0.9360414147377014,0.9268819093704224,0.9314391016960144
32950992,sport,bullet_points_strict,Jessica Ennis-Hill has fallen from fourth to eighth place after six events at the Hypo-Meeting in Gotzis.,Great Britain's Laura Ennis-Hill has slipped to third place in the women's 800m at the Gotzis Hypo-Meeting.,866,17,17,1.0,0,0.5500000000000002,0.2105263157894737,0.45,0.9277706146240234,0.9389522075653076,0.9333279132843018
32950992,sport,one_sentence,Jessica Ennis-Hill has fallen from fourth to eighth place after six events at the Hypo-Meeting in Gotzis.,Great Britain's Katie Ennis-Hill has beaten world record-holders Helena Bonham Carter in the women's 800m at the Gotzis Hypo-Meeting.,866,19,17,1.1176470588235294,0,0.4186046511627907,0.1951219512195122,0.32558139534883723,0.8882861733436584,0.9151690602302551,0.9015272259712219
32950992,sport,fact_constrained,Jessica Ennis-Hill has fallen from fourth to eighth place after six events at the Hypo-Meeting in Gotzis.,Great Britain's Katie Ennis-Hill has won her first Olympic gold medal at the Gotzis Hypo-Meeting in London.,866,17,17,1.0,0,0.46153846153846156,0.27027027027027023,0.41025641025641024,0.9192363023757935,0.9186950325965881,0.9189655184745789
38772098,sport,tldr,The Manor team have collapsed after administrators failed to find a buyer for the stricken business.,"Manor Racing have collapsed, leaving the team without a team to compete in the Formula 1 season.",3306,17,16,1.0625,0,0.48484848484848486,0.06451612903225808,0.30303030303030304,0.8831859827041626,0.8911635279655457,0.8871568441390991
38772098,sport,bullet_points,The Manor team have collapsed after administrators failed to find a buyer for the stricken business.,"Manor Racing have collapsed, leaving the team without a team to compete in the Formula 1 season.",3306,17,16,1.0625,0,0.48484848484848486,0.06451612903225808,0.30303030303030304,0.8831859827041626,0.8911635279655457,0.8871568441390991
38772098,sport,bullet_points_strict,The Manor team have collapsed after administrators failed to find a buyer for the stricken business.,Manor Racing have collapsed following the collapse of the team.,3306,10,16,0.625,0,0.4615384615384615,0.08333333333333334,0.3076923076923077,0.9206019639968872,0.8952202200889587,0.9077337384223938
38772098,sport,one_sentence,The Manor team have collapsed after administrators failed to find a buyer for the stricken business.,"Manor Racing have collapsed, leaving the team without a team to compete in the Formula 1 season.",3306,17,16,1.0625,0,0.48484848484848486,0.06451612903225808,0.30303030303030304,0.8831859827041626,0.8911635279655457,0.8871568441390991
38772098,sport,fact_constrained,The Manor team have collapsed after administrators failed to find a buyer for the stricken business.,Manor Racing have collapsed following the collapse of the team.,3306,10,16,0.625,0,0.4615384615384615,0.08333333333333334,0.3076923076923077,0.9206019639968872,0.8952202200889587,0.9077337384223938
38914203,politics,tldr,A total of 228 candidates will contest the Northern Ireland Assembly election next month - 48 fewer than last time.,There are a total of 228 candidates in the assembly election in Northern Ireland.,893,14,20,0.7,0,0.6060606060606061,0.3870967741935484,0.48484848484848486,0.9633104205131531,0.9131302237510681,0.937549352645874
38914203,politics,bullet_points,A total of 228 candidates will contest the Northern Ireland Assembly election next month - 48 fewer than last time.,There are a total of 228 candidates in the Northern Ireland Assembly election.,893,13,20,0.65,0,0.625,0.5333333333333333,0.625,0.9740978479385376,0.9178270101547241,0.9451256394386292
38914203,politics,bullet_points_strict,A total of 228 candidates will contest the Northern Ireland Assembly election next month - 48 fewer than last time.,There are a total of 228 candidates in the assembly election in Northern Ireland.,893,14,20,0.7,0,0.6060606060606061,0.3870967741935484,0.48484848484848486,0.9633104205131531,0.9131302237510681,0.937549352645874
38914203,politics,one_sentence,A total of 228 candidates will contest the Northern Ireland Assembly election next month - 48 fewer than last time.,There are a total of 228 candidates in the Northern Ireland Assembly election.,893,13,20,0.65,0,0.625,0.5333333333333333,0.625,0.9740978479385376,0.9178270101547241,0.9451256394386292
38914203,politics,fact_constrained,A total of 228 candidates will contest the Northern Ireland Assembly election next month - 48 fewer than last time.,There are a total of 228 candidates in the assembly election in Northern Ireland.,893,14,20,0.7,0,0.6060606060606061,0.3870967741935484,0.48484848484848486,0.9633104205131531,0.9131302237510681,0.937549352645874
37624408,business,tldr,"With the value of the pound falling dramatically since Brexit, a ""flash crash"" last week when the currency lost 6% of its value against the dollar, and news on Tuesday that the pound had fallen again, when would be a good time to change those pounds to dollars?","""I'm planning on going to New York in December, should I get my cash now or wait?""",2104,17,48,0.3541666666666667,0,0.06060606060606061,0.0,0.06060606060606061,0.8554283976554871,0.8346226215362549,0.8448973894119263
37624408,business,bullet_points,"With the value of the pound falling dramatically since Brexit, a ""flash crash"" last week when the currency lost 6% of its value against the dollar, and news on Tuesday that the pound had fallen again, when would be a good time to change those pounds to dollars?",The BBC has asked readers to send in questions about the recent fall of the pound and rise of the FTSE 100.,2104,22,48,0.4583333333333333,0,0.2571428571428571,0.0588235294117647,0.17142857142857143,0.8652042746543884,0.8553619384765625,0.8602549433708191
37624408,business,bullet_points_strict,"With the value of the pound falling dramatically since Brexit, a ""flash crash"" last week when the currency lost 6% of its value against the dollar, and news on Tuesday that the pound had fallen again, when would be a good time to change those pounds to dollars?",The pound has fallen 18% against the dollar on the judgment that growth is likely to be stronger in the US than the UK and that UK interest rates are falling.,2104,31,48,0.6458333333333334,0,0.379746835443038,0.0779220779220779,0.20253164556962025,0.877379298210144,0.8680180907249451,0.8726736307144165
37624408,business,one_sentence,"With the value of the pound falling dramatically since Brexit, a ""flash crash"" last week when the currency lost 6% of its value against the dollar, and news on Tuesday that the pound had fallen again, when would be a good time to change those pounds to dollars?",The pound has fallen 18% against the dollar since the Brexit vote in June. Anthony Reuben from BBC Reality Check answered the question.,2104,23,48,0.4791666666666667,0,0.28169014084507044,0.08695652173913043,0.16901408450704225,0.8906874060630798,0.8766140937805176,0.8835946917533875
37624408,business,fact_constrained,"With the value of the pound falling dramatically since Brexit, a ""flash crash"" last week when the currency lost 6% of its value against the dollar, and news on Tuesday that the pound had fallen again, when would be a good time to change those pounds to dollars?",The BBC has asked readers to send in questions about the recent fall of the pound and rise of the FTSE 100.,2104,22,48,0.4583333333333333,0,0.2571428571428571,0.0588235294117647,0.17142857142857143,0.8652042746543884,0.8553619384765625,0.8602549433708191
34631268,entertainment,tldr,A philosophy student who wears vintage clothing has won a national contest for alternative models.,The winner of the Alternative Model of the Year contest has said she has never thought she could be a model.,988,21,15,1.4,0,0.2222222222222222,0.0,0.1111111111111111,0.8900538086891174,0.898742139339447,0.8943768739700317
34631268,entertainment,bullet_points,A philosophy student who wears vintage clothing has won a national contest for alternative models.,The winner of the Alternative Model of the Year contest has said she has always wanted to be a model.,988,20,15,1.3333333333333333,0,0.2285714285714286,0.0,0.1142857142857143,0.8969124555587769,0.8970617055892944,0.8969870805740356
34631268,entertainment,bullet_points_strict,A philosophy student who wears vintage clothing has won a national contest for alternative models.,The winner of the Alternative Model of the Year contest has said she has always wanted to be a model.,988,20,15,1.3333333333333333,0,0.2285714285714286,0.0,0.1142857142857143,0.8969124555587769,0.8970617055892944,0.8969870805740356
34631268,entertainment,one_sentence,A philosophy student who wears vintage clothing has won a national contest for alternative models.,The winner of this year's Alternative Model of the Year has been announced.,988,13,15,0.8666666666666667,0,0.1379310344827586,0.0,0.0689655172413793,0.8871949315071106,0.8834881782531738,0.8853377103805542
34631268,entertainment,fact_constrained,A philosophy student who wears vintage clothing has won a national contest for alternative models.,The winner of the Alternative Model of the Year contest has said she has never thought she could be a model.,988,21,15,1.4,0,0.2222222222222222,0.0,0.1111111111111111,0.8900538086891174,0.898742139339447,0.8943768739700317
36792661,politics,tldr,Plans to move a statue depicting a Royal Marine in the Falklands conflict away from Portsmouth seafront have been criticised.,A statue of a Royal Marine marching across the Falklands during World War Two has been moved to a new museum site in Portsmouth.,1798,24,20,1.2,0,0.5,0.1904761904761905,0.3636363636363636,0.9187873601913452,0.9218887686729431,0.9203354716300964
36792661,politics,bullet_points,Plans to move a statue depicting a Royal Marine in the Falklands conflict away from Portsmouth seafront have been criticised.,A statue of a Royal Marine marching across the Falklands during World War Two has been moved to a new museum site in Portsmouth.,1798,24,20,1.2,0,0.5,0.1904761904761905,0.3636363636363636,0.9187873601913452,0.9218887686729431,0.9203354716300964
36792661,politics,bullet_points_strict,Plans to move a statue depicting a Royal Marine in the Falklands conflict away from Portsmouth seafront have been criticised.,A statue of a Royal Marine marching across the Falklands during World War Two has been moved to a new museum site in Portsmouth.,1798,24,20,1.2,0,0.5,0.1904761904761905,0.3636363636363636,0.9187873601913452,0.9218887686729431,0.9203354716300964
36792661,politics,one_sentence,Plans to move a statue depicting a Royal Marine in the Falklands conflict away from Portsmouth seafront have been criticised.,The statue of a Royal Marine marching across the Falklands during World War Two has been moved to a new museum site in Portsmouth.,1798,24,20,1.2,0,0.5,0.14285714285714288,0.31818181818181823,0.9194753170013428,0.9230738282203674,0.9212710857391357
36792661,politics,fact_constrained,Plans to move a statue depicting a Royal Marine in the Falklands conflict away from Portsmouth seafront have been criticised.,A statue of a Royal Marine marching across the Falklands during World War Two has been moved to a new museum site in Portsmouth.,1798,24,20,1.2,0,0.5,0.1904761904761905,0.3636363636363636,0.9187873601913452,0.9218887686729431,0.9203354716300964
18298438,tech,tldr,A suspected terrorist has been charged with breaching conditions imposed as part of the government's new terror monitoring powers.,A British man has appeared in court charged with breaching a terror prevention order.,1887,14,19,0.7368421052631579,0,0.3529411764705882,0.125,0.3529411764705882,0.9311107397079468,0.9100844860076904,0.920477569103241
18298438,tech,bullet_points,A suspected terrorist has been charged with breaching conditions imposed as part of the government's new terror monitoring powers.,A British man has appeared in court charged with breaching a terror control order.,1887,14,19,0.7368421052631579,0,0.3529411764705882,0.125,0.3529411764705882,0.9314526319503784,0.9107183814048767,0.9209688305854797
18298438,tech,bullet_points_strict,A suspected terrorist has been charged with breaching conditions imposed as part of the government's new terror monitoring powers.,A British man has appeared in court charged with breaching a terror prevention order.,1887,14,19,0.7368421052631579,0,0.3529411764705882,0.125,0.3529411764705882,0.9311107397079468,0.9100844860076904,0.920477569103241
18298438,tech,one_sentence,A suspected terrorist has been charged with breaching conditions imposed as part of the government's new terror monitoring powers.,A British man has appeared in court charged with breaching a terror control order.,1887,14,19,0.7368421052631579,0,0.3529411764705882,0.125,0.3529411764705882,0.9314526319503784,0.9107183814048767,0.9209688305854797
18298438,tech,fact_constrained,A suspected terrorist has been charged with breaching conditions imposed as part of the government's new terror monitoring powers.,A British man has appeared in court charged with breaching a terror control order.,1887,14,19,0.7368421052631579,0,0.3529411764705882,0.125,0.3529411764705882,0.9314526319503784,0.9107183814048767,0.9209688305854797
39064994,sport,tldr,Sussex have appointed former player James Anyon as head coach of their women's side.,Sussex women's cricket coach Seamer Anyon has been appointed as the club's new head coach.,715,15,14,1.0714285714285714,0,0.5,0.13333333333333333,0.3125,0.9402861595153809,0.9418030381202698,0.9410440325737
39064994,sport,bullet_points,Sussex have appointed former player James Anyon as head coach of their women's side.,Sussex women's cricket coach Seamer Anyon has been appointed as the club's new head coach.,715,15,14,1.0714285714285714,0,0.5,0.13333333333333333,0.3125,0.9402861595153809,0.9418030381202698,0.9410440325737
39064994,sport,bullet_points_strict,Sussex have appointed former player James Anyon as head coach of their women's side.,Sussex women's cricket coach Seamer Anyon has been appointed as the club's new head coach.,715,15,14,1.0714285714285714,0,0.5,0.13333333333333333,0.3125,0.9402861595153809,0.9418030381202698,0.9410440325737
39064994,sport,one_sentence,Sussex have appointed former player James Anyon as head coach of their women's side.,Sussex women's cricket coach Seamer Anyon has been appointed as the club's new head coach.,715,15,14,1.0714285714285714,0,0.5,0.13333333333333333,0.3125,0.9402861595153809,0.9418030381202698,0.9410440325737
39064994,sport,fact_constrained,Sussex have appointed former player James Anyon as head coach of their women's side.,Sussex women's cricket coach Seamer Anyon has been appointed as the club's new head coach.,715,15,14,1.0714285714285714,0,0.5,0.13333333333333333,0.3125,0.9402861595153809,0.9418030381202698,0.9410440325737
33826440,sport,tldr,League One side Bury have signed former Barnsley defender Reece Brown on a six-month contract.,Bury have signed Sunderland midfielder Ben Brown on a one-year deal.,399,11,15,0.7333333333333333,0,0.5,0.30769230769230765,0.42857142857142855,0.9617983102798462,0.9283135533332825,0.9447593092918396
33826440,sport,bullet_points,League One side Bury have signed former Barnsley defender Reece Brown on a six-month contract.,Sunderland have signed Sunderland midfielder Ben Brown on a one-year deal.,399,11,15,0.7333333333333333,0,0.42857142857142855,0.23076923076923075,0.35714285714285715,0.9430047273635864,0.9175518155097961,0.93010413646698
33826440,sport,bullet_points_strict,League One side Bury have signed former Barnsley defender Reece Brown on a six-month contract.,Bury have signed Sunderland midfielder Ben Brown on a one-year deal.,399,11,15,0.7333333333333333,0,0.5,0.30769230769230765,0.42857142857142855,0.9617983102798462,0.9283135533332825,0.9447593092918396
33826440,sport,one_sentence,League One side Bury have signed former Barnsley defender Reece Brown on a six-month contract.,League One side Bury have signed Sunderland midfielder Ben Brown on a one-year deal.,399,14,15,0.9333333333333333,0,0.5806451612903225,0.4827586206896552,0.5806451612903225,0.9702083468437195,0.9496736526489258,0.9598311185836792
33826440,sport,fact_constrained,League One side Bury have signed former Barnsley defender Reece Brown on a six-month contract.,League One side Bury have signed Sunderland midfielder Ben Brown on a one-year deal.,399,14,15,0.9333333333333333,0,0.5806451612903225,0.4827586206896552,0.5806451612903225,0.9702083468437195,0.9496736526489258,0.9598311185836792
32032471,entertainment,tldr,"In recent years, Hollywood remakes and re-imaginings of classic fairytales have come thick and fast - all darker, more adult versions of tales that originally appeared in cinemas.",Downton Abbey's Downton Abbey star Lily James as Cinderella.,4518,9,28,0.32142857142857145,0,0.0,0.0,0.0,0.8180828094482422,0.8156034350395203,0.816841185092926
32032471,entertainment,bullet_points,"In recent years, Hollywood remakes and re-imaginings of classic fairytales have come thick and fast - all darker, more adult versions of tales that originally appeared in cinemas.",Cinderella is a classic fairytale - but it's not just a fairytale - it's a fairytale.,4518,16,28,0.5714285714285714,0,0.045454545454545456,0.0,0.045454545454545456,0.8914028406143188,0.8543189764022827,0.872467041015625
32032471,entertainment,bullet_points_strict,"In recent years, Hollywood remakes and re-imaginings of classic fairytales have come thick and fast - all darker, more adult versions of tales that originally appeared in cinemas.",Downton Abbey's Downton Abbey star Lily James as Cinderella.,4518,9,28,0.32142857142857145,0,0.0,0.0,0.0,0.8180828094482422,0.8156034350395203,0.816841185092926
32032471,entertainment,one_sentence,"In recent years, Hollywood remakes and re-imaginings of classic fairytales have come thick and fast - all darker, more adult versions of tales that originally appeared in cinemas.",Downton Abbey's Downton Abbey star Lily James as Cinderella.,4518,9,28,0.32142857142857145,0,0.0,0.0,0.0,0.8180828094482422,0.8156034350395203,0.816841185092926
32032471,entertainment,fact_constrained,"In recent years, Hollywood remakes and re-imaginings of classic fairytales have come thick and fast - all darker, more adult versions of tales that originally appeared in cinemas.",Downton Abbey's Downton Abbey star Lily James as Cinderella.,4518,9,28,0.32142857142857145,0,0.0,0.0,0.0,0.8180828094482422,0.8156034350395203,0.816841185092926
39847422,politics,tldr,"Performers from 42 countries strode down a long red carpet near Ukraine's parliament this week, as a curtain-raiser to this year's Eurovision Song Contest.",Ukraine's decision to ban Julia Samoilova from the Eurovision Song Contest was a reversal of last year's decision to ban her from Eurovision.,4849,23,24,0.9583333333333334,0,0.3846153846153846,0.16,0.23076923076923075,0.8784672021865845,0.8648484349250793,0.8716046214103699
39847422,politics,bullet_points,"Performers from 42 countries strode down a long red carpet near Ukraine's parliament this week, as a curtain-raiser to this year's Eurovision Song Contest.","The Eurovision Song Contest is a festival of sodom and gomorrah, a festival of sodom and gomorrah.",4849,17,24,0.7083333333333334,0,0.22727272727272727,0.09523809523809525,0.13636363636363638,0.8415670990943909,0.8490694761276245,0.845301628112793
39847422,politics,bullet_points_strict,"Performers from 42 countries strode down a long red carpet near Ukraine's parliament this week, as a curtain-raiser to this year's Eurovision Song Contest.",Ukraine's decision to ban Julia Samoilova from the Eurovision Song Contest was a reversal of last year's decision.,4849,18,24,0.75,0,0.425531914893617,0.17777777777777778,0.25531914893617025,0.8828343749046326,0.8697491884231567,0.876242995262146
39847422,politics,one_sentence,"Performers from 42 countries strode down a long red carpet near Ukraine's parliament this week, as a curtain-raiser to this year's Eurovision Song Contest.",Ukraine's decision to ban Julia Samoilova from the Eurovision Song Contest was a surprise.,4849,14,24,0.5833333333333334,0,0.38095238095238093,0.15,0.2857142857142857,0.8877031803131104,0.864992082118988,0.8762004971504211
39847422,politics,fact_constrained,"Performers from 42 countries strode down a long red carpet near Ukraine's parliament this week, as a curtain-raiser to this year's Eurovision Song Contest.",The Eurovision Song Contest has been cancelled after a controversial decision by Ukraine to ban a Russian singer.,4849,18,24,0.75,0,0.3111111111111111,0.0930232558139535,0.13333333333333333,0.9073885679244995,0.8690230250358582,0.8877915143966675
12396322,entertainment,tldr,It was 50 years ago today that The Beatles played their first gig at the Cavern Club in Liverpool - the venue where the band built their reputation and where Beatlemania was born.,The Beatles were the epitome of rebellion in Liverpool - they danced out of step on purpose.,3965,17,33,0.5151515151515151,0,0.20833333333333334,0.08695652173913043,0.20833333333333334,0.8851319551467896,0.8652556538581848,0.875080943107605
12396322,entertainment,bullet_points,It was 50 years ago today that The Beatles played their first gig at the Cavern Club in Liverpool - the venue where the band built their reputation and where Beatlemania was born.,The Beatles were the epitome of rebellion in Liverpool - they were a law unto themselves on the stage.,3965,19,33,0.5757575757575758,0,0.24000000000000005,0.08333333333333333,0.24000000000000005,0.8866281509399414,0.8720266222953796,0.8792667984962463
12396322,entertainment,bullet_points_strict,It was 50 years ago today that The Beatles played their first gig at the Cavern Club in Liverpool - the venue where the band built their reputation and where Beatlemania was born.,The Beatles were the epitome of rebellion in Liverpool - they were a law unto themselves on the stage.,3965,19,33,0.5757575757575758,0,0.24000000000000005,0.08333333333333333,0.24000000000000005,0.8866281509399414,0.8720266222953796,0.8792667984962463
12396322,entertainment,one_sentence,It was 50 years ago today that The Beatles played their first gig at the Cavern Club in Liverpool - the venue where the band built their reputation and where Beatlemania was born.,The Beatles were the epitome of rebellion in Liverpool - they were a law unto themselves on the stage.,3965,19,33,0.5757575757575758,0,0.24000000000000005,0.08333333333333333,0.24000000000000005,0.8866281509399414,0.8720266222953796,0.8792667984962463
12396322,entertainment,fact_constrained,It was 50 years ago today that The Beatles played their first gig at the Cavern Club in Liverpool - the venue where the band built their reputation and where Beatlemania was born.,The Beatles were the epitome of rebellion in Liverpool - they were a law unto themselves on the stage - they danced out of step on purpose.,3965,27,33,0.8181818181818182,0,0.21052631578947367,0.07272727272727274,0.21052631578947367,0.8725768327713013,0.8682700991630554,0.8704181909561157
38052755,politics,tldr,"South Africa's government has proposed a national minimum wage of 3,500 rand ($242; Â£199) a month.","South Africa's deputy president has announced a proposed national minimum wage of at least 4,500 rand.",1902,16,16,1.0,0,0.6666666666666666,0.35294117647058826,0.6111111111111112,0.9458744525909424,0.8865159749984741,0.9152337908744812
38052755,politics,bullet_points,"South Africa's government has proposed a national minimum wage of 3,500 rand ($242; Â£199) a month.","South Africa has announced a new minimum wage of at least 4,500 rand.",1902,13,16,0.8125,0,0.5625000000000001,0.26666666666666666,0.5625000000000001,0.9573833346366882,0.8808752298355103,0.9175372123718262
38052755,politics,bullet_points_strict,"South Africa's government has proposed a national minimum wage of 3,500 rand ($242; Â£199) a month.","South Africa has announced a proposed national minimum wage of at least 4,500 rand.",1902,14,16,0.875,0,0.6666666666666666,0.3225806451612903,0.606060606060606,0.9636521339416504,0.8879756927490234,0.9242674708366394
38052755,politics,one_sentence,"South Africa's government has proposed a national minimum wage of 3,500 rand ($242; Â£199) a month.","South Africa has announced a new minimum wage of at least 4,500 rand.",1902,13,16,0.8125,0,0.5625000000000001,0.26666666666666666,0.5625000000000001,0.9573833346366882,0.8808752298355103,0.9175372123718262
38052755,politics,fact_constrained,"South Africa's government has proposed a national minimum wage of 3,500 rand ($242; Â£199) a month.","South Africa has announced a proposed national minimum wage of at least 4,500 rand.",1902,14,16,0.875,0,0.6666666666666666,0.3225806451612903,0.606060606060606,0.9636521339416504,0.8879756927490234,0.9242674708366394
19341954,politics,tldr,The death of Ethiopian Prime Minister Meles Zenawi has thrown the populous Horn of Africa giant into a period of deep uncertainty and created a serious leadership vacuum in the region with profound geopolitical implications.,Ethiopia's former guerilla leader Meles Zenawi has died at the age of 84.,7822,13,35,0.37142857142857144,0,0.20408163265306123,0.0851063829787234,0.20408163265306123,0.891636848449707,0.86822909116745,0.8797773122787476
19341954,politics,bullet_points,The death of Ethiopian Prime Minister Meles Zenawi has thrown the populous Horn of Africa giant into a period of deep uncertainty and created a serious leadership vacuum in the region with profound geopolitical implications.,The death of Ethiopia's former guerilla leader Meles Zenawi has left a bitter taste in his mouth.,7822,17,35,0.4857142857142857,0,0.3018867924528302,0.15686274509803924,0.3018867924528302,0.8987650275230408,0.8802726864814758,0.8894227743148804
19341954,politics,bullet_points_strict,The death of Ethiopian Prime Minister Meles Zenawi has thrown the populous Horn of Africa giant into a period of deep uncertainty and created a serious leadership vacuum in the region with profound geopolitical implications.,Ethiopia's President Meles Zenawi has died at the age of 84.,7822,11,35,0.3142857142857143,0,0.21276595744680848,0.08888888888888888,0.21276595744680848,0.9202845692634583,0.8710094094276428,0.8949692249298096
19341954,politics,one_sentence,The death of Ethiopian Prime Minister Meles Zenawi has thrown the populous Horn of Africa giant into a period of deep uncertainty and created a serious leadership vacuum in the region with profound geopolitical implications.,Ethiopia's President Meles Zenawi has died at the age of 84.,7822,11,35,0.3142857142857143,0,0.21276595744680848,0.08888888888888888,0.21276595744680848,0.9202845692634583,0.8710094094276428,0.8949692249298096
19341954,politics,fact_constrained,The death of Ethiopian Prime Minister Meles Zenawi has thrown the populous Horn of Africa giant into a period of deep uncertainty and created a serious leadership vacuum in the region with profound geopolitical implications.,The death of Ethiopia's former guerilla leader Meles Zenawi has been a defining moment in Ethiopia's history.,7822,17,35,0.4857142857142857,0,0.2962962962962963,0.15384615384615383,0.2962962962962963,0.9092649221420288,0.886014461517334,0.8974891304969788
38435201,sport,tldr,Azhar Ali's unbeaten 66 helped Pakistan to reach 142-4 against Australia on a rain-affected first day of the Boxing Day Test in Melbourne.,Australia batsman Azhar Azhar scored a century as Australia beat Pakistan by 39 runs at the Gabba.,871,17,23,0.7391304347826086,0,0.23255813953488372,0.0,0.13953488372093026,0.9038232564926147,0.8764523267745972,0.8899273872375488
38435201,sport,bullet_points,Azhar Ali's unbeaten 66 helped Pakistan to reach 142-4 against Australia on a rain-affected first day of the Boxing Day Test in Melbourne.,Australia batsman Azhar Azhar scored a century as Australia beat Pakistan by three wickets at the MCG.,871,17,23,0.7391304347826086,0,0.23255813953488372,0.0,0.13953488372093026,0.9007664918899536,0.8778467178344727,0.8891589045524597
38435201,sport,bullet_points_strict,Azhar Ali's unbeaten 66 helped Pakistan to reach 142-4 against Australia on a rain-affected first day of the Boxing Day Test in Melbourne.,Australia batsman Azhar Azhar scored a century as Australia beat Pakistan 1-0 at the Gabba.,871,15,23,0.6521739130434783,0,0.2380952380952381,0.0,0.14285714285714285,0.9054505825042725,0.8777610659599304,0.891390860080719
38435201,sport,one_sentence,Azhar Ali's unbeaten 66 helped Pakistan to reach 142-4 against Australia on a rain-affected first day of the Boxing Day Test in Melbourne.,Australia batsman Azhar Azhar scored a century as Australia beat Pakistan by 39 runs at the Gabba.,871,17,23,0.7391304347826086,0,0.23255813953488372,0.0,0.13953488372093026,0.9038232564926147,0.8764523267745972,0.8899273872375488
38435201,sport,fact_constrained,Azhar Ali's unbeaten 66 helped Pakistan to reach 142-4 against Australia on a rain-affected first day of the Boxing Day Test in Melbourne.,Azhar Azhar scored a century as Australia beat Pakistan 1-0 at the Gabba on day two of the three-Test series.,871,20,23,0.8695652173913043,0,0.37500000000000006,0.043478260869565216,0.2916666666666667,0.913611888885498,0.8971987962722778,0.9053309559822083
34218922,politics,tldr,Two new councillors have been elected in a by-election in the City of Edinburgh.,The SNP won a by-election in the Edinburgh North and Leith Walk by-election.,1345,13,14,0.9285714285714286,0,0.4000000000000001,0.2857142857142857,0.4000000000000001,0.903109073638916,0.9225270748138428,0.9127148389816284
34218922,politics,bullet_points,Two new councillors have been elected in a by-election in the City of Edinburgh.,The SNP has won a seat in the Edinburgh North and Leith Walk by-election.,1345,14,14,1.0,0,0.4000000000000001,0.14285714285714285,0.26666666666666666,0.9012054204940796,0.9307658076286316,0.9157471656799316
34218922,politics,bullet_points_strict,Two new councillors have been elected in a by-election in the City of Edinburgh.,A by-election has been held in the Leith Walk by-election.,1345,10,14,0.7142857142857143,0,0.4444444444444445,0.23999999999999996,0.3703703703703704,0.9244000911712646,0.9236612319946289,0.9240305423736572
34218922,politics,one_sentence,Two new councillors have been elected in a by-election in the City of Edinburgh.,The SNP has won a seat in the Leith Walk by-election in Edinburgh.,1345,13,14,0.9285714285714286,0,0.4827586206896552,0.22222222222222224,0.3448275862068965,0.9222463965415955,0.935309886932373,0.9287322163581848
34218922,politics,fact_constrained,Two new councillors have been elected in a by-election in the City of Edinburgh.,A by-election has been held in the Leith Walk by-election.,1345,10,14,0.7142857142857143,0,0.4444444444444445,0.23999999999999996,0.3703703703703704,0.9244000911712646,0.9236612319946289,0.9240305423736572
37508085,business,tldr,"Russia has said it will carry on bombing rebel-held eastern Aleppo in Syria, defying US demands to stop.",Russia has said it will continue to support the Syrian rebels after the partial ceasefire collapsed last week.,3220,18,18,1.0,0,0.3243243243243243,0.22857142857142856,0.3243243243243243,0.9112018346786499,0.9068492650985718,0.9090203642845154
37508085,business,bullet_points,"Russia has said it will carry on bombing rebel-held eastern Aleppo in Syria, defying US demands to stop.",Russian President Vladimir Putin has said he will continue to support the Syrian rebels after a partial ceasefire in Aleppo collapsed.,3220,21,18,1.1666666666666667,0,0.3,0.052631578947368425,0.2,0.9155483245849609,0.9121682643890381,0.9138551950454712
37508085,business,bullet_points_strict,"Russia has said it will carry on bombing rebel-held eastern Aleppo in Syria, defying US demands to stop.",Russia has said it will continue to support the Syrian rebels after the partial ceasefire collapsed last week.,3220,18,18,1.0,0,0.3243243243243243,0.22857142857142856,0.3243243243243243,0.9112018346786499,0.9068492650985718,0.9090203642845154
37508085,business,one_sentence,"Russia has said it will carry on bombing rebel-held eastern Aleppo in Syria, defying US demands to stop.",Russia's foreign ministry has said it will continue to support the Syrian air force in the wake of the deadly airstrikes in Aleppo.,3220,23,18,1.2777777777777777,0,0.372093023255814,0.14634146341463414,0.27906976744186046,0.9194093346595764,0.9134323596954346,0.9164111614227295
37508085,business,fact_constrained,"Russia has said it will carry on bombing rebel-held eastern Aleppo in Syria, defying US demands to stop.",Russia has said it will continue to support the Syrian rebels in Aleppo after the partial ceasefire collapsed last week.,3220,20,18,1.1111111111111112,0,0.41025641025641024,0.21621621621621623,0.3076923076923077,0.9175518155097961,0.9189550280570984,0.9182529449462891
36376666,sport,tldr,Wales Under-20 Grand Slam winners Shaun Evans and Dafydd Hughes have signed their first professional contracts with Scarlets.,Wales have signed Llandudno and Scarlets fly-half Chris Hughes and winger Ben Evans on loan from Scarlets.,473,17,18,0.9444444444444444,0,0.37837837837837834,0.05714285714285714,0.21621621621621623,0.879764199256897,0.8712587952613831,0.8754908442497253
36376666,sport,bullet_points,Wales Under-20 Grand Slam winners Shaun Evans and Dafydd Hughes have signed their first professional contracts with Scarlets.,Wales have signed Llandudno and Scarlets fly-half Rory Hughes and Scarlets winger Ben Evans from Llandudno.,473,16,18,0.8888888888888888,0,0.3888888888888889,0.058823529411764705,0.2222222222222222,0.8727463483810425,0.8747461438179016,0.8737450838088989
36376666,sport,bullet_points_strict,Wales Under-20 Grand Slam winners Shaun Evans and Dafydd Hughes have signed their first professional contracts with Scarlets.,Wales have signed Llandovery and Scarlets hooker Rory Hughes and Scarlets flanker Ben Evans on a two-year deal.,473,18,18,1.0,0,0.3684210526315789,0.05555555555555555,0.21052631578947367,0.8863543272018433,0.8762646913528442,0.8812806606292725
36376666,sport,one_sentence,Wales Under-20 Grand Slam winners Shaun Evans and Dafydd Hughes have signed their first professional contracts with Scarlets.,Wales have signed Llandudno and Scarlets fly-half Luke Hughes and Scarlets winger Ben Evans from Llandudno.,473,16,18,0.8888888888888888,0,0.3888888888888889,0.058823529411764705,0.2222222222222222,0.8728024363517761,0.874348521232605,0.8735748529434204
36376666,sport,fact_constrained,Wales Under-20 Grand Slam winners Shaun Evans and Dafydd Hughes have signed their first professional contracts with Scarlets.,Wales have signed Llandudno and Scarlets fly-half Rory Hughes and Scarlets winger Ben Evans from Llandudno.,473,16,18,0.8888888888888888,0,0.3888888888888889,0.058823529411764705,0.2222222222222222,0.8727463483810425,0.8747461438179016,0.8737450838088989
38466964,politics,tldr,"The expulsion of 35 Russian diplomats from the US over the email hacking scandal has drawn a barrage of abuse from Moscow, which seems poised to respond in kind.",Obama's agenda.,4103,2,29,0.06896551724137931,0,0.0,0.0,0.0,0.889157772064209,0.8247462511062622,0.8557416796684265
38466964,politics,bullet_points,"The expulsion of 35 Russian diplomats from the US over the email hacking scandal has drawn a barrage of abuse from Moscow, which seems poised to respond in kind.",Trump's side.,4103,2,29,0.06896551724137931,0,0.0,0.0,0.0,0.881705641746521,0.82777339220047,0.853888750076294
38466964,politics,bullet_points_strict,"The expulsion of 35 Russian diplomats from the US over the email hacking scandal has drawn a barrage of abuse from Moscow, which seems poised to respond in kind.","Trump's side. 'I'm going to introduce sanctions, they will be bipartisan that names Putin as an individual, his inner circle, for not on Trump'",4103,24,29,0.8275862068965517,0,0.03636363636363637,0.0,0.03636363636363637,0.8252741694450378,0.8442184329032898,0.8346388339996338
38466964,politics,one_sentence,"The expulsion of 35 Russian diplomats from the US over the email hacking scandal has drawn a barrage of abuse from Moscow, which seems poised to respond in kind.","Trump's side. 'We should tell the Russians that on no uncertain terms, you interfere in our elections, we're going to hit you and hit you hard.'",4103,26,29,0.896551724137931,0,0.10526315789473684,0.0,0.07017543859649124,0.8379483819007874,0.8574535250663757,0.8475887775421143
38466964,politics,fact_constrained,"The expulsion of 35 Russian diplomats from the US over the email hacking scandal has drawn a barrage of abuse from Moscow, which seems poised to respond in kind.",Trump's side.,4103,2,29,0.06896551724137931,0,0.0,0.0,0.0,0.881705641746521,0.82777339220047,0.853888750076294
39883016,politics,tldr,Scrapping tuition fees in England is the biggest and most expensive proposal in Labour's £25bn worth of pledges for education.,Jeremy Corbyn is proposing an all-or-nothing approach to university tuition.,5523,10,20,0.5,0,0.12121212121212123,0.0,0.060606060606060615,0.9054992198944092,0.8715370297431946,0.8881936073303223
39883016,politics,bullet_points,Scrapping tuition fees in England is the biggest and most expensive proposal in Labour's £25bn worth of pledges for education.,Labour is proposing a radical change in the way universities are funded.,5523,12,20,0.6,0,0.24242424242424246,0.0,0.12121212121212123,0.9185918569564819,0.8742315173149109,0.8958629369735718
39883016,politics,bullet_points_strict,Scrapping tuition fees in England is the biggest and most expensive proposal in Labour's £25bn worth of pledges for education.,Labour's new leader is proposing a radical change in the way universities are funded.,5523,14,20,0.7,0,0.2777777777777778,0.058823529411764705,0.1111111111111111,0.9098290205001831,0.8732492923736572,0.8911639451980591
39883016,politics,one_sentence,Scrapping tuition fees in England is the biggest and most expensive proposal in Labour's £25bn worth of pledges for education.,Labour is proposing a radical change in the way universities are funded.,5523,12,20,0.6,0,0.24242424242424246,0.0,0.12121212121212123,0.9185918569564819,0.8742315173149109,0.8958629369735718
39883016,politics,fact_constrained,Scrapping tuition fees in England is the biggest and most expensive proposal in Labour's £25bn worth of pledges for education.,Labour is proposing a radical change to the way universities are funded - and a radical change to the way they are funded.,5523,23,20,1.15,0,0.18604651162790697,0.0,0.1395348837209302,0.8788899183273315,0.8717241287231445,0.8752923011779785
34218673,tech,tldr,Fire crews are expected to leave the site of the Shoreham Airshow disaster later after spending nearly three weeks at the scene of the crash.,The West Sussex Fire and Rescue Service has said it has completed its work at the Shoreham Air Show.,2219,19,25,0.76,0,0.22727272727272727,0.09523809523809525,0.13636363636363635,0.9032549262046814,0.8940948247909546,0.8986515402793884
34218673,tech,bullet_points,Fire crews are expected to leave the site of the Shoreham Airshow disaster later after spending nearly three weeks at the scene of the crash.,The West Sussex Fire and Rescue Service has said it has completed its work at the Shoreham Air Show.,2219,19,25,0.76,0,0.22727272727272727,0.09523809523809525,0.13636363636363635,0.9032549262046814,0.8940948247909546,0.8986515402793884
34218673,tech,bullet_points_strict,Fire crews are expected to leave the site of the Shoreham Airshow disaster later after spending nearly three weeks at the scene of the crash.,The West Sussex Fire and Rescue Service has said it has completed its work at the Shoreham Air Show.,2219,19,25,0.76,0,0.22727272727272727,0.09523809523809525,0.13636363636363635,0.9032549262046814,0.8940948247909546,0.8986515402793884
34218673,tech,one_sentence,Fire crews are expected to leave the site of the Shoreham Airshow disaster later after spending nearly three weeks at the scene of the crash.,The West Sussex Fire and Rescue Service has said it has completed its work at the Shoreham Air Show.,2219,19,25,0.76,0,0.22727272727272727,0.09523809523809525,0.13636363636363635,0.9032549262046814,0.8940948247909546,0.8986515402793884
34218673,tech,fact_constrained,Fire crews are expected to leave the site of the Shoreham Airshow disaster later after spending nearly three weeks at the scene of the crash.,The West Sussex Fire and Rescue Service has said it has completed its work at the Shoreham Air Show.,2219,19,25,0.76,0,0.22727272727272727,0.09523809523809525,0.13636363636363635,0.9032549262046814,0.8940948247909546,0.8986515402793884
40191593,business,tldr,"The US director of national intelligence has said he ""never felt pressured"" to influence the inquiry into Russia's political meddling.",The chief of the NSA has said he is willing to testify about his interactions with President Trump.,3816,18,20,0.9,0,0.358974358974359,0.1081081081081081,0.30769230769230765,0.9118189215660095,0.8824053406715393,0.896871030330658
40191593,business,bullet_points,"The US director of national intelligence has said he ""never felt pressured"" to influence the inquiry into Russia's political meddling.",The chief of the National Security Agency has said he is willing to testify about his interactions with President Trump.,3816,20,20,1.0,0,0.3902439024390244,0.10256410256410256,0.3414634146341463,0.9054265022277832,0.8825678825378418,0.8938510417938232
40191593,business,bullet_points_strict,"The US director of national intelligence has said he ""never felt pressured"" to influence the inquiry into Russia's political meddling.",The chief of the NSA has said he is willing to testify about his interactions with President Trump.,3816,18,20,0.9,0,0.358974358974359,0.1081081081081081,0.30769230769230765,0.9118189215660095,0.8824053406715393,0.896871030330658
40191593,business,one_sentence,"The US director of national intelligence has said he ""never felt pressured"" to influence the inquiry into Russia's political meddling.",The chief of the NSA has said he is willing to testify about his interactions with President Trump.,3816,18,20,0.9,0,0.358974358974359,0.1081081081081081,0.30769230769230765,0.9118189215660095,0.8824053406715393,0.896871030330658
40191593,business,fact_constrained,"The US director of national intelligence has said he ""never felt pressured"" to influence the inquiry into Russia's political meddling.",The chief of the NSA has said he is willing to testify about his interactions with President Trump.,3816,18,20,0.9,0,0.358974358974359,0.1081081081081081,0.30769230769230765,0.9118189215660095,0.8824053406715393,0.896871030330658
33144298,entertainment,tldr,White House officials will not say whether pop star Prince performed at a weekend party at the executive residence despite guests posting about it on social media.,The White House has confirmed a private party for the Obamas has taken place in New York.,601,17,27,0.6296296296296297,0,0.22727272727272727,0.04761904761904762,0.22727272727272727,0.9006673097610474,0.8694441914558411,0.8847803473472595
33144298,entertainment,bullet_points,White House officials will not say whether pop star Prince performed at a weekend party at the executive residence despite guests posting about it on social media.,"The Obamas have held a private party in New York City, a spokesman said.",601,14,27,0.5185185185185185,0,0.14634146341463417,0.0,0.0975609756097561,0.886049211025238,0.8591268658638,0.8723803758621216
33144298,entertainment,bullet_points_strict,White House officials will not say whether pop star Prince performed at a weekend party at the executive residence despite guests posting about it on social media.,The Obamas have held a private party at the White House.,601,11,27,0.4074074074074074,0,0.3157894736842105,0.16666666666666669,0.21052631578947367,0.9147530198097229,0.8681491613388062,0.8908419609069824
33144298,entertainment,one_sentence,White House officials will not say whether pop star Prince performed at a weekend party at the executive residence despite guests posting about it on social media.,"The Obamas have held a private party at the White House, the White House says.",601,15,27,0.5555555555555556,0,0.2857142857142857,0.15,0.19047619047619047,0.9091728329658508,0.8716968297958374,0.8900405168533325
33144298,entertainment,fact_constrained,White House officials will not say whether pop star Prince performed at a weekend party at the executive residence despite guests posting about it on social media.,"The Obamas have held a private party at the White House, a spokesman said.",601,14,27,0.5185185185185185,0,0.29268292682926833,0.15384615384615388,0.1951219512195122,0.9026286005973816,0.8686571717262268,0.8853170871734619
34833729,business,tldr,These roads in Northern Ireland are closed due to poor weather conditions as of Friday 15 January.,"The following roads are in County Antrim: Causanagh, Loughgall Tannyoky, Poyntzpass Carrowreagh, Dundonald Edenticullo Road, Hillsborough New Line Road, Rathfriland Drumanure Road, Derrygonnelly",167,23,17,1.3529411764705883,0,0.15,0.0,0.09999999999999999,0.7382839918136597,0.8482133150100708,0.7894400954246521
34833729,business,bullet_points,These roads in Northern Ireland are closed due to poor weather conditions as of Friday 15 January.,"Derrygonnelly is a town in County Down, County Antrim.",167,9,17,0.5294117647058824,0,0.07692307692307691,0.0,0.07692307692307691,0.8263333439826965,0.8380438089370728,0.8321473598480225
34833729,business,bullet_points_strict,These roads in Northern Ireland are closed due to poor weather conditions as of Friday 15 January.,The following roads are in County Kerry :,167,8,17,0.47058823529411764,0,0.25,0.0,0.16666666666666666,0.905386745929718,0.856989860534668,0.8805238604545593
34833729,business,one_sentence,These roads in Northern Ireland are closed due to poor weather conditions as of Friday 15 January.,"Derrygonnelly is a town in County Down, County Antrim. The town is located on the northern shore of the River Donegal. The town is located on the northern shore of the River Donegal. The town is located on the northern shore of the River Donegal. The town is located on the northern shore of the River Donegal. The town is located on the northern shore of the River Donegal.",167,69,17,4.0588235294117645,0,0.06976744186046512,0.0,0.06976744186046512,0.8001905679702759,0.8295531868934631,0.8146073818206787
34833729,business,fact_constrained,These roads in Northern Ireland are closed due to poor weather conditions as of Friday 15 January.,"Derrygonnelly is a city in County Down, Northern Ireland.",167,9,17,0.5294117647058824,0,0.23076923076923078,0.08333333333333333,0.23076923076923078,0.8483173847198486,0.8497418165206909,0.849029004573822
39976706,tech,tldr,Approximately one in four of us will experience a mental health problem each year in England.,Food can have a huge impact on mental health.,5339,9,16,0.5625,0,0.24000000000000005,0.08695652173913045,0.24000000000000005,0.9158739447593689,0.8810511231422424,0.898125171661377
39976706,tech,bullet_points,Approximately one in four of us will experience a mental health problem each year in England.,Food is a powerful tool in helping people cope with mental health problems.,5339,13,16,0.8125,0,0.27586206896551724,0.07407407407407407,0.20689655172413793,0.9090425968170166,0.8908581733703613,0.8998585343360901
39976706,tech,bullet_points_strict,Approximately one in four of us will experience a mental health problem each year in England.,"It's a vicious circle that can lead to mental health problems, but it can also lead to anxiety and depression.",5339,20,16,1.25,0,0.16216216216216214,0.05714285714285715,0.16216216216216214,0.8751097917556763,0.8724039793014526,0.8737547993659973
39976706,tech,one_sentence,Approximately one in four of us will experience a mental health problem each year in England.,"This week's Doctor in the House, Dr Rangan, spoke to a woman who has been struggling with mental health problems for years.",5339,22,16,1.375,0,0.20512820512820512,0.05405405405405406,0.20512820512820512,0.8684832453727722,0.884166419506073,0.876254677772522
39976706,tech,fact_constrained,Approximately one in four of us will experience a mental health problem each year in England.,"The author of Doctor in the House, Dr Rangan Gleeson, discusses the link between food and mental health.",5339,18,16,1.125,0,0.23529411764705882,0.0625,0.17647058823529413,0.8566840887069702,0.8716319799423218,0.8640933632850647
31864223,tech,tldr,US investigators have closed an inquiry into whether To Kill A Mockingbird author Harper Lee was pressured into publishing a sequel.,"The publisher of To Kill a Mockingbird has announced the release of a new book, Go Set a Watchman.",1290,19,21,0.9047619047619048,0,0.25,0.15789473684210525,0.25,0.8985949158668518,0.8908529877662659,0.894707202911377
31864223,tech,bullet_points,US investigators have closed an inquiry into whether To Kill A Mockingbird author Harper Lee was pressured into publishing a sequel.,"The publisher of To Kill a Mockingbird has announced that it will publish a new book, Go Set a Watchman.",1290,20,21,0.9523809523809523,0,0.24390243902439024,0.15384615384615385,0.24390243902439024,0.8985655307769775,0.8938183784484863,0.8961856961250305
31864223,tech,bullet_points_strict,US investigators have closed an inquiry into whether To Kill A Mockingbird author Harper Lee was pressured into publishing a sequel.,"The publisher of To Kill a Mockingbird has announced that it will publish a new book, Go Set a Watchman.",1290,20,21,0.9523809523809523,0,0.24390243902439024,0.15384615384615385,0.24390243902439024,0.8985655307769775,0.8938183784484863,0.8961856961250305
31864223,tech,one_sentence,US investigators have closed an inquiry into whether To Kill A Mockingbird author Harper Lee was pressured into publishing a sequel.,"The publisher of To Kill a Mockingbird has announced that it will publish a new book, Go Set a Watchman.",1290,20,21,0.9523809523809523,0,0.24390243902439024,0.15384615384615385,0.24390243902439024,0.8985655307769775,0.8938183784484863,0.8961856961250305
31864223,tech,fact_constrained,US investigators have closed an inquiry into whether To Kill A Mockingbird author Harper Lee was pressured into publishing a sequel.,"The publisher of To Kill a Mockingbird has announced the release of a new book, Go Set a Watchman.",1290,19,21,0.9047619047619048,0,0.25,0.15789473684210525,0.25,0.8985949158668518,0.8908529877662659,0.894707202911377
37546354,politics,tldr,"The US has said it is suspending talks with Russia over Syria, accusing Moscow of having ""failed to live up"" to its commitments under a ceasefire deal.",The US has suspended talks with Russia over the collapse of a ceasefire in Syria.,2761,15,27,0.5555555555555556,0,0.5238095238095238,0.3,0.47619047619047616,0.9636939167976379,0.9189236164093018,0.9407764673233032
37546354,politics,bullet_points,"The US has said it is suspending talks with Russia over Syria, accusing Moscow of having ""failed to live up"" to its commitments under a ceasefire deal.",The US has suspended talks between Russia and the Syrian government over the collapse of a ceasefire in northern Syria.,2761,20,27,0.7407407407407407,0,0.425531914893617,0.13333333333333333,0.3829787234042553,0.9366283416748047,0.9130656123161316,0.9246968626976013
37546354,politics,bullet_points_strict,"The US has said it is suspending talks with Russia over Syria, accusing Moscow of having ""failed to live up"" to its commitments under a ceasefire deal.",The US has suspended talks between Russia and the Syrian government over the collapse of a ceasefire.,2761,17,27,0.6296296296296297,0,0.409090909090909,0.14285714285714285,0.409090909090909,0.9452174305915833,0.914260745048523,0.9294813871383667
37546354,politics,one_sentence,"The US has said it is suspending talks with Russia over Syria, accusing Moscow of having ""failed to live up"" to its commitments under a ceasefire deal.",The US has suspended talks between Russia and the Syrian government over the collapse of a ceasefire in northern Syria.,2761,20,27,0.7407407407407407,0,0.425531914893617,0.13333333333333333,0.3829787234042553,0.9366283416748047,0.9130656123161316,0.9246968626976013
37546354,politics,fact_constrained,"The US has said it is suspending talks with Russia over Syria, accusing Moscow of having ""failed to live up"" to its commitments under a ceasefire deal.",The US has suspended talks between Russia and the Syrian government over the collapse of a ceasefire in northern Syria.,2761,20,27,0.7407407407407407,0,0.425531914893617,0.13333333333333333,0.3829787234042553,0.9366283416748047,0.9130656123161316,0.9246968626976013
36233379,politics,tldr,"Labour's Sadiq Khan has been elected Mayor of London, becoming the city's first Muslim mayor.",London's first Muslim mayor has been elected to the London City Council.,3029,12,15,0.8,0,0.6666666666666667,0.35714285714285715,0.4000000000000001,0.9463124871253967,0.9243742227554321,0.9352146983146667
36233379,politics,bullet_points,"Labour's Sadiq Khan has been elected Mayor of London, becoming the city's first Muslim mayor.",London's first Muslim mayor has been elected to the London City Council.,3029,12,15,0.8,0,0.6666666666666667,0.35714285714285715,0.4000000000000001,0.9463124871253967,0.9243742227554321,0.9352146983146667
36233379,politics,bullet_points_strict,"Labour's Sadiq Khan has been elected Mayor of London, becoming the city's first Muslim mayor.",London's first Muslim mayor has been elected to the London City Council.,3029,12,15,0.8,0,0.6666666666666667,0.35714285714285715,0.4000000000000001,0.9463124871253967,0.9243742227554321,0.9352146983146667
36233379,politics,one_sentence,"Labour's Sadiq Khan has been elected Mayor of London, becoming the city's first Muslim mayor.",London's first Muslim mayor has been elected to the London City Council.,3029,12,15,0.8,0,0.6666666666666667,0.35714285714285715,0.4000000000000001,0.9463124871253967,0.9243742227554321,0.9352146983146667
36233379,politics,fact_constrained,"Labour's Sadiq Khan has been elected Mayor of London, becoming the city's first Muslim mayor.",London Mayor Sadiq Khan has been elected as London's first Muslim mayor.,3029,12,15,0.8,0,0.7333333333333334,0.5,0.6666666666666667,0.9742384552955627,0.9597254395484924,0.9669274687767029
39806255,entertainment,tldr,A church in West Yorkshire has recruited a new vicar following a video job advertisement sung by a choir of children.,A video of a new vicar at a church has gone viral.,857,12,21,0.5714285714285714,0,0.5454545454545454,0.25806451612903225,0.30303030303030304,0.9398491382598877,0.9015772342681885,0.9203155040740967
39806255,entertainment,bullet_points,A church in West Yorkshire has recruited a new vicar following a video job advertisement sung by a choir of children.,"A video of a new vicar at a church has been viewed more than 30,000 times.",857,16,21,0.7619047619047619,0,0.4736842105263158,0.22222222222222224,0.2631578947368421,0.8999314904212952,0.8999792337417603,0.8999553322792053
39806255,entertainment,bullet_points_strict,A church in West Yorkshire has recruited a new vicar following a video job advertisement sung by a choir of children.,A video of a new vicar at a church has gone viral.,857,12,21,0.5714285714285714,0,0.5454545454545454,0.25806451612903225,0.30303030303030304,0.9398491382598877,0.9015772342681885,0.9203155040740967
39806255,entertainment,one_sentence,A church in West Yorkshire has recruited a new vicar following a video job advertisement sung by a choir of children.,"A video of a new vicar at a church has been viewed more than 30,000 times.",857,16,21,0.7619047619047619,0,0.4736842105263158,0.22222222222222224,0.2631578947368421,0.8999314904212952,0.8999792337417603,0.8999553322792053
39806255,entertainment,fact_constrained,A church in West Yorkshire has recruited a new vicar following a video job advertisement sung by a choir of children.,A video of a new vicar at a church has gone viral.,857,12,21,0.5714285714285714,0,0.5454545454545454,0.25806451612903225,0.30303030303030304,0.9398491382598877,0.9015772342681885,0.9203155040740967
35425113,sport,tldr,Manchester City midfielder Kevin de Bruyne says he will be out for about 10 weeks after injuring his right knee during Wednesday's League Cup semi-final victory over Everton.,Manchester City midfielder Kevin de Bruyne has been ruled out for up to 10 weeks after suffering a hamstring injury.,1185,20,28,0.7142857142857143,0,0.43999999999999995,0.3333333333333333,0.43999999999999995,0.9599604606628418,0.9088002443313599,0.9336800575256348
35425113,sport,bullet_points,Manchester City midfielder Kevin de Bruyne says he will be out for about 10 weeks after injuring his right knee during Wednesday's League Cup semi-final victory over Everton.,Manchester City midfielder Kevin de Bruyne has said he will miss the rest of the season because of a hamstring injury.,1185,21,28,0.75,0,0.3137254901960784,0.24489795918367346,0.3137254901960784,0.942369282245636,0.8969727158546448,0.9191107749938965
35425113,sport,bullet_points_strict,Manchester City midfielder Kevin de Bruyne says he will be out for about 10 weeks after injuring his right knee during Wednesday's League Cup semi-final victory over Everton.,Manchester City midfielder Kevin de Bruyne is set to miss the rest of the season because of a hamstring injury.,1185,20,28,0.7142857142857143,0,0.24,0.20833333333333334,0.24,0.9307540655136108,0.8888158798217773,0.9093016982078552
35425113,sport,one_sentence,Manchester City midfielder Kevin de Bruyne says he will be out for about 10 weeks after injuring his right knee during Wednesday's League Cup semi-final victory over Everton.,Manchester City midfielder Kevin de Bruyne is set to miss the rest of the season after suffering a hamstring injury.,1185,20,28,0.7142857142857143,0,0.28,0.20833333333333334,0.28,0.9390131831169128,0.8921602964401245,0.914987325668335
35425113,sport,fact_constrained,Manchester City midfielder Kevin de Bruyne says he will be out for about 10 weeks after injuring his right knee during Wednesday's League Cup semi-final victory over Everton.,Manchester City midfielder Kevin de Bruyne has said he will miss the rest of the season because of a hamstring injury.,1185,21,28,0.75,0,0.3137254901960784,0.24489795918367346,0.3137254901960784,0.942369282245636,0.8969727158546448,0.9191107749938965
37077138,tech,tldr,"A 34-year-old woman who was injured in an attack by a knifeman on a Swiss train has died in hospital, police say.",A man has been killed in a train attack on a train in the Swiss canton of St Gallen.,1107,19,22,0.8636363636363636,0,0.46511627906976744,0.04878048780487805,0.32558139534883723,0.9124013781547546,0.9013895988464355,0.9068620204925537
37077138,tech,bullet_points,"A 34-year-old woman who was injured in an attack by a knifeman on a Swiss train has died in hospital, police say.",A man has been killed in a knife attack on a train in the Swiss canton of St Gallen.,1107,19,22,0.8636363636363636,0,0.46511627906976744,0.04878048780487805,0.32558139534883723,0.9184361696243286,0.9149537682533264,0.9166916012763977
37077138,tech,bullet_points_strict,"A 34-year-old woman who was injured in an attack by a knifeman on a Swiss train has died in hospital, police say.",A man has been killed in a knife attack on a train in the Swiss canton of St Gallen.,1107,19,22,0.8636363636363636,0,0.46511627906976744,0.04878048780487805,0.32558139534883723,0.9184361696243286,0.9149537682533264,0.9166916012763977
37077138,tech,one_sentence,"A 34-year-old woman who was injured in an attack by a knifeman on a Swiss train has died in hospital, police say.","A man has been killed in a train attack on a train in the Swiss canton of St Gallen, police say.",1107,21,22,0.9545454545454546,0,0.5333333333333333,0.09302325581395349,0.39999999999999997,0.9231462478637695,0.9157441258430481,0.9194303154945374
37077138,tech,fact_constrained,"A 34-year-old woman who was injured in an attack by a knifeman on a Swiss train has died in hospital, police say.","A man has been killed in an attack on a train in the Swiss canton of St Gallen, police say.",1107,20,22,0.9090909090909091,0,0.5454545454545454,0.1904761904761905,0.45454545454545453,0.9261046648025513,0.9196637868881226,0.9228729605674744
37042796,tech,tldr,"A ""reckless drone operator"" is being sought by police after reports of a ""near miss"" between a drone and plane.",A drone neared a passenger aircraft on a flight from London Stansted to Cornwall has been found.,2086,17,20,0.85,0,0.2162162162162162,0.05714285714285714,0.2162162162162162,0.865624725818634,0.8750391602516174,0.8703064918518066
37042796,tech,bullet_points,"A ""reckless drone operator"" is being sought by police after reports of a ""near miss"" between a drone and plane.","A drone has flown close to a passenger aircraft in a ""complete disregard"" for public safety, police said.",2086,18,20,0.9,0,0.2631578947368421,0.05555555555555555,0.2105263157894737,0.913180947303772,0.9152649641036987,0.9142218232154846
37042796,tech,bullet_points_strict,"A ""reckless drone operator"" is being sought by police after reports of a ""near miss"" between a drone and plane.",A drone has flown close to a passenger aircraft as it flew in from London Stansted.,2086,16,20,0.8,0,0.16666666666666663,0.058823529411764705,0.16666666666666663,0.8846720457077026,0.8886255025863647,0.8866444230079651
37042796,tech,one_sentence,"A ""reckless drone operator"" is being sought by police after reports of a ""near miss"" between a drone and plane.",A drone neared a passenger aircraft on a flight from London Stansted has been reported by police.,2086,17,20,0.85,0,0.3243243243243243,0.11428571428571428,0.2162162162162162,0.8874539136886597,0.8877254724502563,0.887589693069458
37042796,tech,fact_constrained,"A ""reckless drone operator"" is being sought by police after reports of a ""near miss"" between a drone and plane.","A drone neared a passenger aircraft in Cornwall has been reported as a ""reckless drone operator"".",2086,16,20,0.8,0,0.38888888888888884,0.23529411764705882,0.2777777777777778,0.9126816391944885,0.920154869556427,0.91640305519104
36043765,entertainment,tldr,A seal found tangled in nets on an Aberdeenshire beach has been returned to the sea.,A grey seal has been freed after netting was tangled around its neck.,813,13,16,0.8125,0,0.3448275862068966,0.07407407407407407,0.27586206896551724,0.916252851486206,0.8907853960990906,0.9033396244049072
36043765,entertainment,bullet_points,A seal found tangled in nets on an Aberdeenshire beach has been returned to the sea.,A grey seal has been rescued from a tangled net of netting.,813,12,16,0.75,0,0.35714285714285715,0.07692307692307691,0.28571428571428575,0.9368906021118164,0.8918110132217407,0.9137951731681824
36043765,entertainment,bullet_points_strict,A seal found tangled in nets on an Aberdeenshire beach has been returned to the sea.,A grey seal has been freed after netting was tangled around its neck.,813,13,16,0.8125,0,0.3448275862068966,0.07407407407407407,0.27586206896551724,0.916252851486206,0.8907853960990906,0.9033396244049072
36043765,entertainment,one_sentence,A seal found tangled in nets on an Aberdeenshire beach has been returned to the sea.,A grey seal has been rescued from a tangled net of netting.,813,12,16,0.75,0,0.35714285714285715,0.07692307692307691,0.28571428571428575,0.9368906021118164,0.8918110132217407,0.9137951731681824
36043765,entertainment,fact_constrained,A seal found tangled in nets on an Aberdeenshire beach has been returned to the sea.,A grey seal has been released from the sea after being tangled in netting.,813,14,16,0.875,0,0.5333333333333333,0.21428571428571427,0.39999999999999997,0.9428359866142273,0.9102171063423157,0.9262394905090332
30095443,tech,tldr,"A lifetime of diaries, letters and photographs of a man described as a cross between Indiana Jones, James Bond and Graham Greene has opened to the public.",An archive of a famous writer has been catalogued by the National Library of Scotland.,2058,15,27,0.5555555555555556,0,0.23809523809523808,0.05,0.19047619047619047,0.9025586843490601,0.8605871200561523,0.8810732960700989
30095443,tech,bullet_points,"A lifetime of diaries, letters and photographs of a man described as a cross between Indiana Jones, James Bond and Graham Greene has opened to the public.",An archive of a famous 20th century writer has been catalogued at the National Library of Scotland.,2058,17,27,0.6296296296296297,0,0.22727272727272727,0.04761904761904762,0.1818181818181818,0.889197587966919,0.8614177703857422,0.8750872611999512
30095443,tech,bullet_points_strict,"A lifetime of diaries, letters and photographs of a man described as a cross between Indiana Jones, James Bond and Graham Greene has opened to the public.",An archive of a famous 20th century writer has been catalogued.,2058,11,27,0.4074074074074074,0,0.15789473684210525,0.05555555555555555,0.15789473684210525,0.9009577631950378,0.8585723638534546,0.8792545795440674
30095443,tech,one_sentence,"A lifetime of diaries, letters and photographs of a man described as a cross between Indiana Jones, James Bond and Graham Greene has opened to the public.",The archive of a famous 20th century writer has been catalogued by the National Library of Scotland.,2058,17,27,0.6296296296296297,0,0.22727272727272727,0.04761904761904762,0.1818181818181818,0.891220211982727,0.8613380193710327,0.8760243654251099
30095443,tech,fact_constrained,"A lifetime of diaries, letters and photographs of a man described as a cross between Indiana Jones, James Bond and Graham Greene has opened to the public.",An archive of a famous 20th century writer has been catalogued at the National Library of Scotland.,2058,17,27,0.6296296296296297,0,0.22727272727272727,0.04761904761904762,0.1818181818181818,0.889197587966919,0.8614177703857422,0.8750872611999512
34801085,politics,tldr,Regional official Tim Roache has been elected to become the new general secretary of the GMB union.,The General Secretary of the GMB has been elected as the new general secretary of the union.,1041,17,17,1.0,0,0.6470588235294118,0.5,0.5882352941176471,0.9604276418685913,0.931449294090271,0.9457165598869324
34801085,politics,bullet_points,Regional official Tim Roache has been elected to become the new general secretary of the GMB union.,The General Secretary of the GMB has been elected as the new general secretary of the union.,1041,17,17,1.0,0,0.6470588235294118,0.5,0.5882352941176471,0.9604276418685913,0.931449294090271,0.9457165598869324
34801085,politics,bullet_points_strict,Regional official Tim Roache has been elected to become the new general secretary of the GMB union.,The General Secretary of the GMB has been elected as the new general secretary of the union.,1041,17,17,1.0,0,0.6470588235294118,0.5,0.5882352941176471,0.9604276418685913,0.931449294090271,0.9457165598869324
34801085,politics,one_sentence,Regional official Tim Roache has been elected to become the new general secretary of the GMB union.,The General Secretary of the GMB has been elected as the new general secretary of the union.,1041,17,17,1.0,0,0.6470588235294118,0.5,0.5882352941176471,0.9604276418685913,0.931449294090271,0.9457165598869324
34801085,politics,fact_constrained,Regional official Tim Roache has been elected to become the new general secretary of the GMB union.,The General Secretary of the General Motors Workers (GMS) has been elected as the new general secretary of the GMB.,1041,20,17,1.1764705882352942,0,0.5405405405405405,0.45714285714285713,0.5405405405405405,0.9025881290435791,0.9180702567100525,0.9102633595466614
36101502,entertainment,tldr,We go behind the scenes with singer Laura Mvula as she prepares to debut her new material and kick off the 48th series of Later... with Jools Holland.,"Laura McCartney's latest album, Phenomenal Woman, is due in June.",8387,10,28,0.35714285714285715,0,0.05128205128205127,0.0,0.05128205128205127,0.8683106303215027,0.8305842876434326,0.8490285277366638
36101502,entertainment,bullet_points,We go behind the scenes with singer Laura Mvula as she prepares to debut her new material and kick off the 48th series of Later... with Jools Holland.,"Laura McCartney's latest album, Phenomenal Woman, is due in June.",8387,10,28,0.35714285714285715,0,0.05128205128205127,0.0,0.05128205128205127,0.8683106303215027,0.8305842876434326,0.8490285277366638
36101502,entertainment,bullet_points_strict,We go behind the scenes with singer Laura Mvula as she prepares to debut her new material and kick off the 48th series of Later... with Jools Holland.,"Laura McCartney's latest album, Phenomenal Woman, is due in June.",8387,10,28,0.35714285714285715,0,0.05128205128205127,0.0,0.05128205128205127,0.8683106303215027,0.8305842876434326,0.8490285277366638
36101502,entertainment,one_sentence,We go behind the scenes with singer Laura Mvula as she prepares to debut her new material and kick off the 48th series of Later... with Jools Holland.,"Laura McCartney's latest album, Phenomenal Woman, is due in June.",8387,10,28,0.35714285714285715,0,0.05128205128205127,0.0,0.05128205128205127,0.8683106303215027,0.8305842876434326,0.8490285277366638
36101502,entertainment,fact_constrained,We go behind the scenes with singer Laura Mvula as she prepares to debut her new material and kick off the 48th series of Later... with Jools Holland.,"Laura McCartney's latest album, Phenomenal Woman, is due in June.",8387,10,28,0.35714285714285715,0,0.05128205128205127,0.0,0.05128205128205127,0.8683106303215027,0.8305842876434326,0.8490285277366638
31991181,sport,tldr,"Newcastle midfielder Jonas Gutierrez says he feels ""born again"" following his return to Premier League action after overcoming testicular cancer.","Newcastle United midfielder Jonas Gutierrez says he is ""born again"" after being diagnosed with cancer.",2417,15,20,0.75,0,0.5714285714285715,0.30303030303030304,0.5714285714285715,0.9615588784217834,0.9358572959899902,0.9485340714454651
31991181,sport,bullet_points,"Newcastle midfielder Jonas Gutierrez says he feels ""born again"" following his return to Premier League action after overcoming testicular cancer.","Newcastle United midfielder Jonas Gutierrez says he is ""born again"" after being diagnosed with cancer.",2417,15,20,0.75,0,0.5714285714285715,0.30303030303030304,0.5714285714285715,0.9615588784217834,0.9358572959899902,0.9485340714454651
31991181,sport,bullet_points_strict,"Newcastle midfielder Jonas Gutierrez says he feels ""born again"" following his return to Premier League action after overcoming testicular cancer.","Newcastle United midfielder Jonas Gutierrez says he is ""born again"" after being diagnosed with cancer.",2417,15,20,0.75,0,0.5714285714285715,0.30303030303030304,0.5714285714285715,0.9615588784217834,0.9358572959899902,0.9485340714454651
31991181,sport,one_sentence,"Newcastle midfielder Jonas Gutierrez says he feels ""born again"" following his return to Premier League action after overcoming testicular cancer.","Newcastle United midfielder Jonas Gutierrez says he is ""born again"" after being diagnosed with cancer.",2417,15,20,0.75,0,0.5714285714285715,0.30303030303030304,0.5714285714285715,0.9615588784217834,0.9358572959899902,0.9485340714454651
31991181,sport,fact_constrained,"Newcastle midfielder Jonas Gutierrez says he feels ""born again"" following his return to Premier League action after overcoming testicular cancer.","Newcastle United midfielder Jonas Gutierrez says he is ""born again"" after being diagnosed with cancer.",2417,15,20,0.75,0,0.5714285714285715,0.30303030303030304,0.5714285714285715,0.9615588784217834,0.9358572959899902,0.9485340714454651
35714830,business,tldr,"League Two Exeter City made a profit of over £1.6m last year, according to the club's latest accounts.",Exeter City have declared a profit of £1.642m after the sale of midfielder Matt Grimes to Swansea.,1126,17,18,0.9444444444444444,0,0.4210526315789474,0.16666666666666669,0.36842105263157887,0.9136530756950378,0.9148095846176147,0.91423100233078
35714830,business,bullet_points,"League Two Exeter City made a profit of over £1.6m last year, according to the club's latest accounts.",Exeter City have reported a net profit of £1.7m for the first time since the sale of midfielder Matt Grimes.,1126,20,18,1.1111111111111112,0,0.3414634146341463,0.10256410256410256,0.3414634146341463,0.9167488217353821,0.9269090890884399,0.921800971031189
35714830,business,bullet_points_strict,"League Two Exeter City made a profit of over £1.6m last year, according to the club's latest accounts.",Exeter City have reported a profit of £1.642m after a £1.75m transfer to Swansea City.,1126,15,18,0.8333333333333334,0,0.37837837837837834,0.17142857142857143,0.37837837837837834,0.9206113815307617,0.9084262847900391,0.9144782423973083
35714830,business,one_sentence,"League Two Exeter City made a profit of over £1.6m last year, according to the club's latest accounts.",Exeter City have reported a profit of £1.642m for the first time since the club's sale of midfielder Matt Grimes.,1126,20,18,1.1111111111111112,0,0.4285714285714286,0.25,0.4285714285714286,0.9137237071990967,0.9233492016792297,0.9185112714767456
35714830,business,fact_constrained,"League Two Exeter City made a profit of over £1.6m last year, according to the club's latest accounts.",Exeter City have reported a net profit of £1.7m for the first time since the sale of a player to Swansea City.,1126,22,18,1.2222222222222223,0,0.37209302325581395,0.0975609756097561,0.3255813953488372,0.9181378483772278,0.9247715473175049,0.9214427471160889
40577419,sport,tldr,Para-athlete Abdullah Hayayei died after a metal throwing cage fell on him during training.,Paralympic athlete Abdullah Hayayei has died after a throwing cage collapsed on his head.,2372,14,14,1.0,0,0.6206896551724138,0.3703703703703704,0.6206896551724138,0.9438202381134033,0.9516981244087219,0.9477428197860718
40577419,sport,bullet_points,Para-athlete Abdullah Hayayei died after a metal throwing cage fell on him during training.,Paralympic athlete Abdullah Hayayei has died after his throwing cage collapsed on his head.,2372,14,14,1.0,0,0.5517241379310344,0.29629629629629634,0.5517241379310344,0.9411889910697937,0.9502010345458984,0.9456735253334045
40577419,sport,bullet_points_strict,Para-athlete Abdullah Hayayei died after a metal throwing cage fell on him during training.,Paralympic athlete Abdullah Hayayei has died after his throwing cage collapsed on his head.,2372,14,14,1.0,0,0.5517241379310344,0.29629629629629634,0.5517241379310344,0.9411889910697937,0.9502010345458984,0.9456735253334045
40577419,sport,one_sentence,Para-athlete Abdullah Hayayei died after a metal throwing cage fell on him during training.,Paralympic athlete Abdullah Hayayei has died after his throwing cage collapsed on his head.,2372,14,14,1.0,0,0.5517241379310344,0.29629629629629634,0.5517241379310344,0.9411889910697937,0.9502010345458984,0.9456735253334045
40577419,sport,fact_constrained,Para-athlete Abdullah Hayayei died after a metal throwing cage fell on him during training.,Paralympic athlete Abdullah Hayayei has died after his throwing cage collapsed.,2372,11,14,0.7857142857142857,0,0.5384615384615385,0.3333333333333333,0.5384615384615385,0.943912148475647,0.9410379528999329,0.9424728155136108
38671871,business,tldr,"Manufacturers have reported positive business trends, in the latest survey from the Scottish Chambers of Commerce.",The Scottish Chambers of Commerce has released its latest economic data.,2671,11,16,0.6875,0,0.4444444444444444,0.32,0.3703703703703703,0.9395825862884521,0.9212011098861694,0.9303010106086731
38671871,business,bullet_points,"Manufacturers have reported positive business trends, in the latest survey from the Scottish Chambers of Commerce.","Scotland's economy has seen a sharp contraction in the past year, according to the Chambers of Commerce.",2671,17,16,1.0625,0,0.35294117647058826,0.18750000000000003,0.35294117647058826,0.9161263108253479,0.9092212915420532,0.9126607179641724
38671871,business,bullet_points_strict,"Manufacturers have reported positive business trends, in the latest survey from the Scottish Chambers of Commerce.","Scotland's economy remained positive in the final quarter of the year, according to the Chambers of Commerce.",2671,17,16,1.0625,0,0.411764705882353,0.18750000000000003,0.411764705882353,0.9167270064353943,0.9150502681732178,0.9158878326416016
38671871,business,one_sentence,"Manufacturers have reported positive business trends, in the latest survey from the Scottish Chambers of Commerce.",The Scottish Chambers of Commerce has released its annual report on the Scottish economy.,2671,14,16,0.875,0,0.39999999999999997,0.28571428571428575,0.3333333333333333,0.9328652024269104,0.914666473865509,0.9236761927604675
38671871,business,fact_constrained,"Manufacturers have reported positive business trends, in the latest survey from the Scottish Chambers of Commerce.","Scotland's economy grew in the final quarter of the year, according to the Chambers of Commerce.",2671,16,16,1.0,0,0.3636363636363636,0.19354838709677422,0.3636363636363636,0.9125813245773315,0.9102120399475098,0.9113951325416565
33682768,tech,tldr,"The public inquiry into undercover policing may ""expose both creditable and discreditable conduct"", chairman Lord Justice Pitchford has warned.",The home secretary has ordered a review of undercover policing in England and Wales.,5314,14,19,0.7368421052631579,0,0.30303030303030304,0.06451612903225808,0.24242424242424243,0.9026814103126526,0.8498219847679138,0.8754545450210571
33682768,tech,bullet_points,"The public inquiry into undercover policing may ""expose both creditable and discreditable conduct"", chairman Lord Justice Pitchford has warned.",The home secretary has ordered a review of undercover policing in England and Wales.,5314,14,19,0.7368421052631579,0,0.30303030303030304,0.06451612903225808,0.24242424242424243,0.9026814103126526,0.8498219847679138,0.8754545450210571
33682768,tech,bullet_points_strict,"The public inquiry into undercover policing may ""expose both creditable and discreditable conduct"", chairman Lord Justice Pitchford has warned.",A Home Office inquiry into undercover policing has been ordered by the Home Office.,5314,14,19,0.7368421052631579,0,0.36363636363636365,0.1935483870967742,0.30303030303030304,0.9085962772369385,0.8509500026702881,0.8788288235664368
33682768,tech,one_sentence,"The public inquiry into undercover policing may ""expose both creditable and discreditable conduct"", chairman Lord Justice Pitchford has warned.",The home secretary has ordered a review of undercover policing in England and Wales.,5314,14,19,0.7368421052631579,0,0.30303030303030304,0.06451612903225808,0.24242424242424243,0.9026814103126526,0.8498219847679138,0.8754545450210571
33682768,tech,fact_constrained,"The public inquiry into undercover policing may ""expose both creditable and discreditable conduct"", chairman Lord Justice Pitchford has warned.",The home secretary has ordered a review of undercover policing in England and Wales.,5314,14,19,0.7368421052631579,0,0.30303030303030304,0.06451612903225808,0.24242424242424243,0.9026814103126526,0.8498219847679138,0.8754545450210571
34594462,sport,tldr,Reigning champions New Zealand are into their fourth World Cup final after slogging past South Africa in another Twickenham epic.,The All Blacks beat South Africa to reach the World Cup quarter-finals in New Zealand.,5301,15,20,0.75,0,0.38888888888888884,0.17647058823529413,0.16666666666666663,0.9217528700828552,0.8769515752792358,0.8987942934036255
34594462,sport,bullet_points,Reigning champions New Zealand are into their fourth World Cup final after slogging past South Africa in another Twickenham epic.,"The All Blacks beat New Zealand to reach the World Cup quarter-finals, but the All Blacks were beaten by the Springboks in their final match of the tournament.",5301,28,20,1.4,0,0.2857142857142857,0.0851063829787234,0.20408163265306123,0.8836292624473572,0.8632668256759644,0.8733294010162354
34594462,sport,bullet_points_strict,Reigning champions New Zealand are into their fourth World Cup final after slogging past South Africa in another Twickenham epic.,All Blacks beat South Africa to reach the World Cup quarter-finals with a thrilling victory over New Zealand.,5301,18,20,0.9,0,0.3076923076923077,0.16216216216216214,0.10256410256410256,0.9177873730659485,0.8805813789367676,0.8987995386123657
34594462,sport,one_sentence,Reigning champions New Zealand are into their fourth World Cup final after slogging past South Africa in another Twickenham epic.,The All Blacks fought back from behind to beat New Zealand in the World Cup quarter-finals.,5301,16,20,0.8,0,0.27027027027027023,0.11428571428571428,0.2162162162162162,0.8936215043067932,0.8692337274551392,0.8812589049339294
34594462,sport,fact_constrained,Reigning champions New Zealand are into their fourth World Cup final after slogging past South Africa in another Twickenham epic.,"The All Blacks beat New Zealand to reach the World Cup quarter-finals, but the All Blacks were held to a two-point lead at half-time by South Africa.",5301,27,20,1.35,0,0.24,0.125,0.24,0.8713341951370239,0.8714859485626221,0.8714100122451782
32719212,tech,tldr,A computer model of one of the world's tallest three-sided obelisks is being made to find out why it is falling apart.,The National Trust has completed a detailed survey of a tower which has been struck by lightning twice in its history.,1310,21,22,0.9545454545454546,0,0.13333333333333333,0.0,0.08888888888888889,0.8965054154396057,0.8883411288261414,0.8924046158790588
32719212,tech,bullet_points,A computer model of one of the world's tallest three-sided obelisks is being made to find out why it is falling apart.,The National Trust has completed a detailed survey of a tower which has been struck by lightning twice in its history.,1310,21,22,0.9545454545454546,0,0.13333333333333333,0.0,0.08888888888888889,0.8965054154396057,0.8883411288261414,0.8924046158790588
32719212,tech,bullet_points_strict,A computer model of one of the world's tallest three-sided obelisks is being made to find out why it is falling apart.,The National Trust has completed a detailed survey of a tower which has been struck by lightning twice in its history.,1310,21,22,0.9545454545454546,0,0.13333333333333333,0.0,0.08888888888888889,0.8965054154396057,0.8883411288261414,0.8924046158790588
32719212,tech,one_sentence,A computer model of one of the world's tallest three-sided obelisks is being made to find out why it is falling apart.,The National Trust has completed a detailed survey of the obelisk of the Duke of Wellington.,1310,16,22,0.7272727272727273,0,0.2,0.052631578947368425,0.2,0.8973636627197266,0.8875667452812195,0.8924382925033569
32719212,tech,fact_constrained,A computer model of one of the world's tallest three-sided obelisks is being made to find out why it is falling apart.,The National Trust has completed a detailed survey of a landmark obelisk which has been struck by lightning twice in its history.,1310,22,22,1.0,0,0.13043478260869565,0.0,0.08695652173913043,0.9038912057876587,0.8993404507637024,0.9016100168228149
37427024,tech,tldr,Profit jumped at Zara owner Inditex in the first half of the year as the firm opened new stores and invested in online.,"Inditex, the world's biggest clothing retailer, has reported a strong first half of the year.",2209,15,23,0.6521739130434783,0,0.358974358974359,0.21621621621621623,0.358974358974359,0.9230231046676636,0.8987284898757935,0.910713791847229
37427024,tech,bullet_points,Profit jumped at Zara owner Inditex in the first half of the year as the firm opened new stores and invested in online.,"Inditex, the world's biggest clothing retailer, has reported a strong first half of the year.",2209,15,23,0.6521739130434783,0,0.358974358974359,0.21621621621621623,0.358974358974359,0.9230231046676636,0.8987284898757935,0.910713791847229
37427024,tech,bullet_points_strict,Profit jumped at Zara owner Inditex in the first half of the year as the firm opened new stores and invested in online.,"Inditex, the world's biggest clothing retailer, has reported a sharp rise in profits.",2209,13,23,0.5652173913043478,0,0.16216216216216214,0.0,0.16216216216216214,0.9139805436134338,0.8854023218154907,0.89946448802948
37427024,tech,one_sentence,Profit jumped at Zara owner Inditex in the first half of the year as the firm opened new stores and invested in online.,"Inditex, the world's biggest clothing retailer, has reported a sharp rise in profits.",2209,13,23,0.5652173913043478,0,0.16216216216216214,0.0,0.16216216216216214,0.9139805436134338,0.8854023218154907,0.89946448802948
37427024,tech,fact_constrained,Profit jumped at Zara owner Inditex in the first half of the year as the firm opened new stores and invested in online.,"Inditex, the world's biggest clothing retailer, has reported a strong performance in the first half of the year.",2209,18,23,0.782608695652174,0,0.42857142857142855,0.3,0.380952380952381,0.9223290681838989,0.9038057923316956,0.9129734635353088
38858289,entertainment,tldr,"Lady Gaga is leading the pitch invasion at Sunday's Super Bowl, where she'll perform the all-important half-time show.",Gaga's Super Bowl XXXX show was one of the most memorable - and surprising - moments of her career.,5279,19,18,1.0555555555555556,0,0.3,0.10526315789473684,0.25,0.874789834022522,0.8784579038619995,0.8766200542449951
38858289,entertainment,bullet_points,"Lady Gaga is leading the pitch invasion at Sunday's Super Bowl, where she'll perform the all-important half-time show.",Gaga's Super Bowl half-time show was a huge success.,5279,9,18,0.5,0,0.4242424242424242,0.25806451612903225,0.4242424242424242,0.9321317672729492,0.8921505212783813,0.9117030501365662
38858289,entertainment,bullet_points_strict,"Lady Gaga is leading the pitch invasion at Sunday's Super Bowl, where she'll perform the all-important half-time show.",Gaga's Super Bowl half-time show was one of the most memorable moments of her career - and one of the most memorable moments of her career.,5279,26,18,1.4444444444444444,0,0.36734693877551017,0.1702127659574468,0.2857142857142857,0.8773417472839355,0.8853667974472046,0.8813360333442688
38858289,entertainment,one_sentence,"Lady Gaga is leading the pitch invasion at Sunday's Super Bowl, where she'll perform the all-important half-time show.",Lady Gaga's Super Bowl XXX was a huge success - and she's been doing it ever since.,5279,17,18,0.9444444444444444,0,0.3,0.15789473684210528,0.3,0.8921111822128296,0.8759496808052063,0.8839564919471741
38858289,entertainment,fact_constrained,"Lady Gaga is leading the pitch invasion at Sunday's Super Bowl, where she'll perform the all-important half-time show.",Gaga's Super Bowl XXX show was a huge success.,5279,9,18,0.5,0,0.3125,0.13333333333333333,0.3125,0.9103781580924988,0.8735801577568054,0.8915996551513672
40478071,business,tldr,"A victim of the Rochdale grooming gang says the convictions were still ""not fazing"" Asian child sex abusers.",A woman who was abused by a sex gang in Rochdale says she is still getting cars pulling over to her.,2590,21,18,1.1666666666666667,0,0.30769230769230765,0.0,0.20512820512820512,0.9051285982131958,0.8949914574623108,0.9000314474105835
40478071,business,bullet_points,"A victim of the Rochdale grooming gang says the convictions were still ""not fazing"" Asian child sex abusers.","A woman who was abused by a sex gang in Rochdale has said she is ""not bothering them"".",2590,18,18,1.0,0,0.2777777777777778,0.0,0.16666666666666666,0.9197138547897339,0.8984846472740173,0.90897536277771
40478071,business,bullet_points_strict,"A victim of the Rochdale grooming gang says the convictions were still ""not fazing"" Asian child sex abusers.","A woman who was abused by the Rochdale sex exploitation gang says she is ""not bothering them"".",2590,17,18,0.9444444444444444,0,0.39999999999999997,0.12121212121212122,0.34285714285714286,0.9257280826568604,0.9060664772987366,0.9157917499542236
40478071,business,one_sentence,"A victim of the Rochdale grooming gang says the convictions were still ""not fazing"" Asian child sex abusers.","A woman who was abused by the Rochdale sex exploitation gang has said she is ""still getting cars pulling over to me asking me if I wanted a drink"".",2590,29,18,1.6111111111111112,0,0.2553191489361702,0.044444444444444446,0.21276595744680854,0.8852151036262512,0.8995306491851807,0.8923155069351196
40478071,business,fact_constrained,"A victim of the Rochdale grooming gang says the convictions were still ""not fazing"" Asian child sex abusers.","A woman who was abused by a sex gang in Rochdale has said she is ""not bothering them"".",2590,18,18,1.0,0,0.2777777777777778,0.0,0.16666666666666666,0.9197138547897339,0.8984846472740173,0.90897536277771
36568118,business,tldr,"John Lewis's Nottingham store is to remain closed longer than expected after 80,000 litres of hot water leaked from a ruptured heating pipe.",Water poured from a rooftop room at a shopping centre has left a Victoria Centre store without a reopening.,573,19,23,0.8260869565217391,0,0.1818181818181818,0.04761904761904762,0.13636363636363635,0.8861256241798401,0.865172266960144,0.875523567199707
36568118,business,bullet_points,"John Lewis's Nottingham store is to remain closed longer than expected after 80,000 litres of hot water leaked from a ruptured heating pipe.","Water has flooded a shopping centre in Londonderry, causing a ceiling to collapse.",573,13,23,0.5652173913043478,0,0.15789473684210525,0.0,0.10526315789473685,0.882997989654541,0.8614628314971924,0.8720974922180176
36568118,business,bullet_points_strict,"John Lewis's Nottingham store is to remain closed longer than expected after 80,000 litres of hot water leaked from a ruptured heating pipe.","Water has flooded a shopping centre in Londonderry, causing a ceiling to collapse.",573,13,23,0.5652173913043478,0,0.15789473684210525,0.0,0.10526315789473685,0.882997989654541,0.8614628314971924,0.8720974922180176
36568118,business,one_sentence,"John Lewis's Nottingham store is to remain closed longer than expected after 80,000 litres of hot water leaked from a ruptured heating pipe.","Water poured from a rooftop room at a shopping centre in Londonderry has flooded the shop, causing a ceiling to collapse.",573,21,23,0.9130434782608695,0,0.17391304347826086,0.04545454545454545,0.13043478260869565,0.8708665370941162,0.8609442710876465,0.8658769726753235
36568118,business,fact_constrained,"John Lewis's Nottingham store is to remain closed longer than expected after 80,000 litres of hot water leaked from a ruptured heating pipe.","Water has flooded a shopping centre in Londonderry, causing a ceiling to collapse.",573,13,23,0.5652173913043478,0,0.15789473684210525,0.0,0.10526315789473685,0.882997989654541,0.8614628314971924,0.8720974922180176
39950399,tech,tldr,"Bots appear to be spamming a US regulator's website over a proposed reversal of net neutrality rules, researchers have said.",Net neutrality advocates say they are seeing a surge in bot activity directed at the site.,3034,16,20,0.8,0,0.16216216216216214,0.05714285714285715,0.1081081081081081,0.9094969630241394,0.890595018863678,0.8999467492103577
39950399,tech,bullet_points,"Bots appear to be spamming a US regulator's website over a proposed reversal of net neutrality rules, researchers have said.",Net neutrality advocates have warned that a surge in bot activity may be a sign of a new form of protest against net neutrality.,3034,24,20,1.2,0,0.3111111111111111,0.046511627906976744,0.26666666666666666,0.9025082588195801,0.8950638771057129,0.8987706899642944
39950399,tech,bullet_points_strict,"Bots appear to be spamming a US regulator's website over a proposed reversal of net neutrality rules, researchers have said.",Net neutrality advocates say they are seeing a surge in bot activity directed at the FCC's website.,3034,17,20,0.85,0,0.25641025641025644,0.1081081081081081,0.15384615384615383,0.9162666201591492,0.9065115451812744,0.9113629460334778
39950399,tech,one_sentence,"Bots appear to be spamming a US regulator's website over a proposed reversal of net neutrality rules, researchers have said.",Net neutrality advocates have warned that a surge in bot activity may be a sign of a lack of enthusiasm about the issue.,3034,23,20,1.15,0,0.31818181818181823,0.04761904761904762,0.1818181818181818,0.8963066935539246,0.8897275924682617,0.8930049538612366
39950399,tech,fact_constrained,"Bots appear to be spamming a US regulator's website over a proposed reversal of net neutrality rules, researchers have said.",Net neutrality advocates have warned of a surge in bot activity aimed at the FCC's website.,3034,16,20,0.8,0,0.36842105263157887,0.11111111111111112,0.15789473684210528,0.9192517399787903,0.9042942523956299,0.9117116928100586
36269210,sport,tldr,New Sale Sharks chairman Fran Cotton has conceded they must work to restore their relationship with some fans.,"Sale have a ""pretty poor"" experience at the club, says former England and British and Irish Lions prop Mark Cotton.",2116,20,18,1.1111111111111112,0,0.10526315789473685,0.0,0.10526315789473685,0.8539465665817261,0.8779486417770386,0.865781307220459
36269210,sport,bullet_points,New Sale Sharks chairman Fran Cotton has conceded they must work to restore their relationship with some fans.,"Sale Sharks director of rugby Paul Cotton says there is ""nothing wrong"" with the club's new 10-man board.",2116,18,18,1.0,0,0.2631578947368421,0.05555555555555555,0.2105263157894737,0.8978862166404724,0.9086284637451172,0.9032253623008728
36269210,sport,bullet_points_strict,New Sale Sharks chairman Fran Cotton has conceded they must work to restore their relationship with some fans.,"Sale have a ""pretty poor"" experience at the club, says former England and British and Irish Lions prop Mark Cotton.",2116,20,18,1.1111111111111112,0,0.10526315789473685,0.0,0.10526315789473685,0.8539465665817261,0.8779486417770386,0.865781307220459
36269210,sport,one_sentence,New Sale Sharks chairman Fran Cotton has conceded they must work to restore their relationship with some fans.,"Sale have a ""pretty poor"" experience at the club, says former England and British and Irish Lions prop Mark Cotton.",2116,20,18,1.1111111111111112,0,0.10526315789473685,0.0,0.10526315789473685,0.8539465665817261,0.8779486417770386,0.865781307220459
36269210,sport,fact_constrained,New Sale Sharks chairman Fran Cotton has conceded they must work to restore their relationship with some fans.,"Sale have a ""pretty poor"" experience at the club, says former England and British and Irish Lions prop Mark Cotton.",2116,20,18,1.1111111111111112,0,0.10526315789473685,0.0,0.10526315789473685,0.8539465665817261,0.8779486417770386,0.865781307220459
38128851,business,tldr,Disney's latest animation Moana dominated the Thanksgiving box office over the five-day US holiday weekend.,"Disney's Moana has topped the US Thanksgiving chart, taking a record $81.1m (£65.3m).",1799,13,15,0.8666666666666667,0,0.3636363636363636,0.06451612903225808,0.30303030303030304,0.8799228668212891,0.9031221866607666,0.8913716077804565
38128851,business,bullet_points,Disney's latest animation Moana dominated the Thanksgiving box office over the five-day US holiday weekend.,"Disney's Moana has topped the US Thanksgiving box office, taking a record $81.1m (£66.6m) on its opening weekend.",1799,18,15,1.2,0,0.4736842105263158,0.16666666666666663,0.42105263157894735,0.8946407437324524,0.9277011156082153,0.9108710289001465
38128851,business,bullet_points_strict,Disney's latest animation Moana dominated the Thanksgiving box office over the five-day US holiday weekend.,"Disney's Moana has topped the US Thanksgiving box office, taking a record $81.1m (£66.6m) on its opening weekend.",1799,18,15,1.2,0,0.4736842105263158,0.16666666666666663,0.42105263157894735,0.8946407437324524,0.9277011156082153,0.9108710289001465
38128851,business,one_sentence,Disney's latest animation Moana dominated the Thanksgiving box office over the five-day US holiday weekend.,"Disney's Moana has topped the US Thanksgiving box office, taking a record $81.1m (£66.6m).",1799,14,15,0.9333333333333333,0,0.47058823529411764,0.1875,0.4117647058823529,0.8876067399978638,0.9190832376480103,0.9030707478523254
38128851,business,fact_constrained,Disney's latest animation Moana dominated the Thanksgiving box office over the five-day US holiday weekend.,"Disney's Moana has topped the US Thanksgiving box office, taking a record $7.8m (£7.8m) on its opening weekend.",1799,18,15,1.2,0,0.4736842105263158,0.16666666666666663,0.42105263157894735,0.8937478065490723,0.928446352481842,0.9107667803764343
36852433,sport,tldr,British number one Johanna Konta reached the quarter-finals of the Bank of the West Classic in Stanford with a straight-set win over Julia Boserup.,Johanna Konta clinched a first-round spot at the Australian Open with a 6-3 6-1 win over France's Angelique Kerber.,314,19,24,0.7916666666666666,0,0.28571428571428575,0.1276595744680851,0.28571428571428575,0.8948389291763306,0.8913472890853882,0.8930897116661072
36852433,sport,bullet_points,British number one Johanna Konta reached the quarter-finals of the Bank of the West Classic in Stanford with a straight-set win over Julia Boserup.,Britain's Johanna Konta reached the quarter-finals of the Australian Open with a 6-3 6-1 win over France's Angelique Kerber.,314,19,24,0.7916666666666666,0,0.48000000000000004,0.37499999999999994,0.48000000000000004,0.9112179279327393,0.9066300988197327,0.9089182615280151
36852433,sport,bullet_points_strict,British number one Johanna Konta reached the quarter-finals of the Bank of the West Classic in Stanford with a straight-set win over Julia Boserup.,Britain's Johanna Konta won her first-round match at the Australian Open with a 6-3 6-1 win over France's Angelique Kerber.,314,20,24,0.8333333333333334,0,0.27450980392156865,0.12244897959183673,0.27450980392156865,0.8961343765258789,0.8941625356674194,0.8951473832130432
36852433,sport,one_sentence,British number one Johanna Konta reached the quarter-finals of the Bank of the West Classic in Stanford with a straight-set win over Julia Boserup.,British number one Johanna Konta reached the quarter-finals of the Australian Open with a 6-3 6-1 win over world number one Heather Watson.,314,23,24,0.9583333333333334,0,0.5769230769230769,0.48,0.5769230769230769,0.9284988641738892,0.9171443581581116,0.9227866530418396
36852433,sport,fact_constrained,British number one Johanna Konta reached the quarter-finals of the Bank of the West Classic in Stanford with a straight-set win over Julia Boserup.,British number one Johanna Konta reached the quarterfinals of the Australian Open with a 6-3 6-1 win over France's Angelique Kerber.,314,21,24,0.875,0,0.52,0.37499999999999994,0.52,0.9166285395622253,0.9183363914489746,0.9174816012382507
32188366,tech,tldr,"Two men have been assaulted in Larne, County Antrim, by a gang armed with baseball bats and a hatchet.",Two men have been taken to hospital after a robbery at a house in Dundee.,227,15,19,0.7894736842105263,0,0.4117647058823529,0.1875,0.35294117647058826,0.9226711988449097,0.8876912593841553,0.904843270778656
32188366,tech,bullet_points,"Two men have been assaulted in Larne, County Antrim, by a gang armed with baseball bats and a hatchet.",Two men have been stabbed to death in a street attack in Belfast.,227,13,19,0.6842105263157895,0,0.37499999999999994,0.2,0.37499999999999994,0.9393759965896606,0.8903424143791199,0.9142022132873535
32188366,tech,bullet_points_strict,"Two men have been assaulted in Larne, County Antrim, by a gang armed with baseball bats and a hatchet.",Two men have been stabbed to death in a street attack in County Armagh.,227,14,19,0.7368421052631579,0,0.4242424242424242,0.1935483870967742,0.36363636363636365,0.9394399523735046,0.9037600755691528,0.9212547540664673
32188366,tech,one_sentence,"Two men have been assaulted in Larne, County Antrim, by a gang armed with baseball bats and a hatchet.",Two men have been stabbed to death in a robbery at a house in Dundee.,227,15,19,0.7894736842105263,0,0.4117647058823529,0.1875,0.4117647058823529,0.9309622049331665,0.89393550157547,0.9120731353759766
32188366,tech,fact_constrained,"Two men have been assaulted in Larne, County Antrim, by a gang armed with baseball bats and a hatchet.",Two men have been stabbed to death in a street attack in Belfast.,227,13,19,0.6842105263157895,0,0.37499999999999994,0.2,0.37499999999999994,0.9393759965896606,0.8903424143791199,0.9142022132873535
30632453,tech,tldr,"The Ebola victim who is believed to have triggered the current outbreak - a two-year-old boy called Emile Ouamouno from Guinea - may have been infected by playing in a hollow tree housing a colony of bats, say scientists.","Scientists in Guinea have discovered that a tree stump near Emile's home burned down in 2014, triggering the Ebola outbreak.",2637,20,39,0.5128205128205128,0,0.3333333333333333,0.034482758620689655,0.13333333333333333,0.9026592373847961,0.8678489923477173,0.8849118947982788
30632453,tech,bullet_points,"The Ebola victim who is believed to have triggered the current outbreak - a two-year-old boy called Emile Ouamouno from Guinea - may have been infected by playing in a hollow tree housing a colony of bats, say scientists.",Scientists in Guinea have discovered that a tree stump near Emile's home was the source of the Ebola outbreak.,2637,19,39,0.48717948717948717,0,0.4067796610169492,0.03508771929824561,0.1694915254237288,0.9132893085479736,0.872679591178894,0.8925227522850037
30632453,tech,bullet_points_strict,"The Ebola victim who is believed to have triggered the current outbreak - a two-year-old boy called Emile Ouamouno from Guinea - may have been infected by playing in a hollow tree housing a colony of bats, say scientists.",Scientists in Guinea say they have found a link between the Ebola virus and a tree stump in a small village.,2637,21,39,0.5384615384615384,0,0.36666666666666664,0.06896551724137931,0.16666666666666666,0.9035967588424683,0.8593711256980896,0.8809292316436768
30632453,tech,one_sentence,"The Ebola victim who is believed to have triggered the current outbreak - a two-year-old boy called Emile Ouamouno from Guinea - may have been infected by playing in a hollow tree housing a colony of bats, say scientists.",Scientists in Guinea say they have found that a tree stump near Emile's home was the source of the Ebola outbreak.,2637,21,39,0.5384615384615384,0,0.4262295081967213,0.03389830508474576,0.16393442622950816,0.9117244482040405,0.8737146258354187,0.8923149704933167
30632453,tech,fact_constrained,"The Ebola victim who is believed to have triggered the current outbreak - a two-year-old boy called Emile Ouamouno from Guinea - may have been infected by playing in a hollow tree housing a colony of bats, say scientists.",Scientists in Guinea say they have found the source of the Ebola virus in a tree stump.,2637,17,39,0.4358974358974359,0,0.3928571428571429,0.07407407407407407,0.17857142857142858,0.9139807820320129,0.8583125472068787,0.8852723836898804
38597885,sport,tldr,Stuart Bingham may pull out of the Masters if his wife goes into labour with their third child.,"World number one Mark Bingham says he has ""no idea"" if his wife will give birth before his first-round game against Joe Perry on Sunday.",1078,25,18,1.3888888888888888,0,0.18181818181818185,0.09523809523809526,0.18181818181818185,0.8714536428451538,0.8994466662406921,0.8852289319038391
38597885,sport,bullet_points,Stuart Bingham may pull out of the Masters if his wife goes into labour with their third child.,"The world number one has said he has ""no idea"" if his wife will give birth before his first-round game at the World Grand Prix.",1078,25,18,1.3888888888888888,0,0.18181818181818185,0.09523809523809526,0.18181818181818185,0.8785279989242554,0.8944156169891357,0.8864006400108337
38597885,sport,bullet_points_strict,Stuart Bingham may pull out of the Masters if his wife goes into labour with their third child.,"World number one Mark Bingham says he has ""no idea"" if his wife will give birth before his first-round game at the World Championship.",1078,24,18,1.3333333333333333,0,0.23255813953488372,0.09756097560975609,0.18604651162790697,0.8877044916152954,0.9069148302078247,0.8972068428993225
38597885,sport,one_sentence,Stuart Bingham may pull out of the Masters if his wife goes into labour with their third child.,"Former world number one Mark Bingham says he has ""no idea"" if his wife will give birth before his first-round game against Joe Perry on Sunday.",1078,26,18,1.4444444444444444,0,0.17777777777777776,0.0930232558139535,0.17777777777777776,0.8712878227233887,0.8997459411621094,0.8852882385253906
38597885,sport,fact_constrained,Stuart Bingham may pull out of the Masters if his wife goes into labour with their third child.,World number one Mark Bingham says he has no idea if his wife will give birth before his first-round game against Joe Perry on Sunday.,1078,25,18,1.3888888888888888,0,0.18181818181818185,0.09523809523809526,0.18181818181818185,0.8739203214645386,0.8998655080795288,0.8867031335830688
38966888,business,tldr,"Part of Colwyn Bay pier is to be dismantled after it collapsed into the sea, Conwy council has decided.",Councillors have voted to dismantle a section of the Grade ll pier on the Isle of Wight.,751,17,19,0.8947368421052632,0,0.2222222222222222,0.0,0.16666666666666669,0.8957571387290955,0.9003864526748657,0.8980658650398254
38966888,business,bullet_points,"Part of Colwyn Bay pier is to be dismantled after it collapsed into the sea, Conwy council has decided.",Plans to dismantle a section of the Grade ll pier have been approved by councillors.,751,15,19,0.7894736842105263,0,0.23529411764705882,0.0,0.11764705882352941,0.9045664072036743,0.8929620981216431,0.898726761341095
38966888,business,bullet_points_strict,"Part of Colwyn Bay pier is to be dismantled after it collapsed into the sea, Conwy council has decided.",Plans to dismantle a Grade ll pier on the Isle of Wight have been approved by the council.,751,18,19,0.9473684210526315,0,0.27027027027027023,0.0,0.16216216216216214,0.8982959985733032,0.900897204875946,0.8995947241783142
38966888,business,one_sentence,"Part of Colwyn Bay pier is to be dismantled after it collapsed into the sea, Conwy council has decided.",Plans to dismantle a section of a Grade ll pier have been approved by councillors.,751,15,19,0.7894736842105263,0,0.17647058823529413,0.0,0.11764705882352941,0.9039377570152283,0.8917288780212402,0.8977918028831482
38966888,business,fact_constrained,"Part of Colwyn Bay pier is to be dismantled after it collapsed into the sea, Conwy council has decided.",Councillors have voted to dismantle a section of a Grade ll pier on the Isle of Wight.,751,17,19,0.8947368421052632,0,0.2222222222222222,0.0,0.16666666666666669,0.8990528583526611,0.9014614224433899,0.900255560874939
23606507,politics,tldr,A campaign group has been granted a hearing to examine the case for a judicial review of the decision to build student flats near a beauty spot.,A campaign to protect Oxford's historic skyline has launched a legal challenge to a controversial university block of flats.,2120,19,27,0.7037037037037037,0,0.3829787234042553,0.044444444444444446,0.3404255319148936,0.9105950593948364,0.9037167429924011,0.9071429371833801
23606507,politics,bullet_points,A campaign group has been granted a hearing to examine the case for a judicial review of the decision to build student flats near a beauty spot.,A campaign to protect Oxford's historic skyline has launched a legal challenge to a controversial university housing development.,2120,18,27,0.6666666666666666,0,0.30434782608695654,0.04545454545454546,0.2608695652173913,0.9108726382255554,0.9043833017349243,0.9076164364814758
23606507,politics,bullet_points_strict,A campaign group has been granted a hearing to examine the case for a judicial review of the decision to build student flats near a beauty spot.,A campaign to protect Oxford's historic skyline has launched a legal challenge to a controversial university housing development.,2120,18,27,0.6666666666666666,0,0.30434782608695654,0.04545454545454546,0.2608695652173913,0.9108726382255554,0.9043833017349243,0.9076164364814758
23606507,politics,one_sentence,A campaign group has been granted a hearing to examine the case for a judicial review of the decision to build student flats near a beauty spot.,A campaign to protect Oxford's skyline has launched a legal challenge to the University of Oxford's plans to build flats on the site.,2120,23,27,0.8518518518518519,0,0.4230769230769231,0.08,0.3846153846153846,0.913796067237854,0.9126741886138916,0.9132347702980042
23606507,politics,fact_constrained,A campaign group has been granted a hearing to examine the case for a judicial review of the decision to build student flats near a beauty spot.,A campaign to protect Oxford's historic skyline has launched a legal challenge to a controversial university block of flats.,2120,19,27,0.7037037037037037,0,0.3829787234042553,0.044444444444444446,0.3404255319148936,0.9105950593948364,0.9037167429924011,0.9071429371833801
39055714,business,tldr,Pupils at seven schools could have shorter days after a trust head say he may have to cut hours to save money.,"A primary school in South Gloucestershire could be forced to cut its school day from September, a councillor has warned.",2890,20,22,0.9090909090909091,0,0.1904761904761905,0.05,0.14285714285714282,0.8881534337997437,0.8994833827018738,0.8937825560569763
39055714,business,bullet_points,Pupils at seven schools could have shorter days after a trust head say he may have to cut hours to save money.,"A primary school in South Gloucestershire could be forced to cut its school day from September, according to a letter to parents.",2890,22,22,1.0,0,0.22727272727272727,0.047619047619047616,0.18181818181818182,0.8865529894828796,0.8987164497375488,0.892593264579773
39055714,business,bullet_points_strict,Pupils at seven schools could have shorter days after a trust head say he may have to cut hours to save money.,"A primary school in South Gloucestershire could be forced to cut its school day from September, according to a letter to parents.",2890,22,22,1.0,0,0.22727272727272727,0.047619047619047616,0.18181818181818182,0.8865529894828796,0.8987164497375488,0.892593264579773
39055714,business,one_sentence,Pupils at seven schools could have shorter days after a trust head say he may have to cut hours to save money.,"A primary school in South Gloucestershire could be forced to cut its school day from September, according to a letter to parents.",2890,22,22,1.0,0,0.22727272727272727,0.047619047619047616,0.18181818181818182,0.8865529894828796,0.8987164497375488,0.892593264579773
39055714,business,fact_constrained,Pupils at seven schools could have shorter days after a trust head say he may have to cut hours to save money.,"A school trust has warned parents of the ""unthinkable"" cuts it could make to school funding.",2890,16,22,0.7272727272727273,0,0.2105263157894737,0.0,0.15789473684210525,0.9001120328903198,0.8920528888702393,0.8960643410682678
35485785,politics,tldr,"The Paris climate agreement could make millions of forest dwellers homeless, according to a new analysis.",Liberia and Democratic Republic of Congo have proposed to set up national parks to protect their forested lands.,2681,18,16,1.125,0,0.11764705882352941,0.0,0.11764705882352941,0.8595069646835327,0.8815391063690186,0.870383620262146
35485785,politics,bullet_points,"The Paris climate agreement could make millions of forest dwellers homeless, according to a new analysis.","Liberia and the Democratic Republic of Congo are to set up national parks to protect their forested lands, according to a study.",2681,22,16,1.375,0,0.2631578947368421,0.1111111111111111,0.2631578947368421,0.8817875981330872,0.8986815810203552,0.8901544213294983
35485785,politics,bullet_points_strict,"The Paris climate agreement could make millions of forest dwellers homeless, according to a new analysis.","Liberia and the Democratic Republic of Congo have been warned to protect their forested lands, according to a new study.",2681,20,16,1.25,0,0.33333333333333326,0.17647058823529413,0.33333333333333326,0.8948215246200562,0.9054797887802124,0.9001191258430481
35485785,politics,one_sentence,"The Paris climate agreement could make millions of forest dwellers homeless, according to a new analysis.","Liberia and the Democratic Republic of Congo are to set up national parks to protect their forested lands, according to a study.",2681,22,16,1.375,0,0.2631578947368421,0.1111111111111111,0.2631578947368421,0.8817875981330872,0.8986815810203552,0.8901544213294983
35485785,politics,fact_constrained,"The Paris climate agreement could make millions of forest dwellers homeless, according to a new analysis.","Liberia and the Democratic Republic of Congo are to set up national parks to protect their forested lands, according to a study.",2681,22,16,1.375,0,0.2631578947368421,0.1111111111111111,0.2631578947368421,0.8817875981330872,0.8986815810203552,0.8901544213294983
34001040,tech,tldr,"More human remains have been found near a motorway slip road in Shropshire, police have said.",A human skull has been found near a roundabout in West Mercia.,861,12,16,0.75,0,0.42857142857142855,0.23076923076923075,0.42857142857142855,0.9447849988937378,0.9100350141525269,0.9270844459533691
34001040,tech,bullet_points,"More human remains have been found near a motorway slip road in Shropshire, police have said.",Police are investigating the discovery of a skull near a roundabout in West Mercia.,861,14,16,0.875,0,0.26666666666666666,0.07142857142857144,0.19999999999999998,0.9343692064285278,0.9057097434997559,0.919816255569458
34001040,tech,bullet_points_strict,"More human remains have been found near a motorway slip road in Shropshire, police have said.",A skull has been found near a roundabout in West Mercia.,861,11,16,0.6875,0,0.3703703703703703,0.24,0.3703703703703703,0.9408352971076965,0.9059092998504639,0.9230420589447021
34001040,tech,one_sentence,"More human remains have been found near a motorway slip road in Shropshire, police have said.","Police investigating the discovery of a skull near a roundabout in West Mercia have said they are ""in the very early stages of this investigation"".",861,25,16,1.5625,0,0.2926829268292683,0.10256410256410255,0.24390243902439027,0.8972046375274658,0.907737672328949,0.9024403691291809
34001040,tech,fact_constrained,"More human remains have been found near a motorway slip road in Shropshire, police have said.",A skull has been found near a roundabout in West Mercia.,861,11,16,0.6875,0,0.3703703703703703,0.24,0.3703703703703703,0.9408352971076965,0.9059092998504639,0.9230420589447021
37066389,sport,tldr,Uzbekistan's Hasanboy Dusmatov won Olympic gold in the men's light-flyweight with victory over Colombian Yuberjen Herney Martinez.,Olympic boxing finalist Dmitry Dusmatov won a unanimous points victory over Colombia's Luis Martinez in the first round of the Rio Olympics.,515,22,17,1.2941176470588236,0,0.4186046511627907,0.14634146341463414,0.23255813953488372,0.898456335067749,0.8663264513015747,0.882098913192749
37066389,sport,bullet_points,Uzbekistan's Hasanboy Dusmatov won Olympic gold in the men's light-flyweight with victory over Colombian Yuberjen Herney Martinez.,Olympic boxing champion Ivan Dusmatov won a unanimous points victory in the men's featherweight final at the Rio Olympics.,515,19,17,1.1176470588235294,0,0.4000000000000001,0.21052631578947367,0.3,0.9078179597854614,0.8674392700195312,0.8871694207191467
37066389,sport,bullet_points_strict,Uzbekistan's Hasanboy Dusmatov won Olympic gold in the men's light-flyweight with victory over Colombian Yuberjen Herney Martinez.,Olympic boxing champion Andrei Dusmatov won a unanimous points victory in the men's welterweight final at the Rio Olympics.,515,19,17,1.1176470588235294,0,0.4000000000000001,0.21052631578947367,0.3,0.9037584662437439,0.8635038137435913,0.8831727504730225
37066389,sport,one_sentence,Uzbekistan's Hasanboy Dusmatov won Olympic gold in the men's light-flyweight with victory over Colombian Yuberjen Herney Martinez.,Colombia's Luis Dusmatov won the men's featherweight title at the Rio Olympics.,515,12,17,0.7058823529411765,0,0.3529411764705882,0.18749999999999997,0.3529411764705882,0.9267553091049194,0.8757482767105103,0.9005300998687744
37066389,sport,fact_constrained,Uzbekistan's Hasanboy Dusmatov won Olympic gold in the men's light-flyweight with victory over Colombian Yuberjen Herney Martinez.,Colombia's Luis Dusmatov won a unanimous points victory in the men's featherweight final at the Rio Olympics.,515,17,17,1.0,0,0.41025641025641024,0.21621621621621623,0.358974358974359,0.9179017543792725,0.8800492882728577,0.898577094078064
36369346,business,tldr,"University lecturers are due to start a two-day strike over pay, amid warnings other staff could join the dispute.",University staff at some of the UK's most prestigious universities are planning a walkout over a pay rise offered by the employers.,2343,22,19,1.1578947368421053,0,0.3255813953488372,0.0,0.27906976744186046,0.9052956104278564,0.9073930978775024,0.9063431620597839
36369346,business,bullet_points,"University lecturers are due to start a two-day strike over pay, amid warnings other staff could join the dispute.",University staff at some of the UK's most prestigious universities are planning a walkout over a pay rise offered by the employers.,2343,22,19,1.1578947368421053,0,0.3255813953488372,0.0,0.27906976744186046,0.9052956104278564,0.9073930978775024,0.9063431620597839
36369346,business,bullet_points_strict,"University lecturers are due to start a two-day strike over pay, amid warnings other staff could join the dispute.","University staff at some of the UK's most prestigious universities are to walk out on a pay rise of more than 5%, unions say.",2343,24,19,1.263157894736842,0,0.3111111111111111,0.0,0.22222222222222224,0.8910990357398987,0.9002983570098877,0.8956750631332397
36369346,business,one_sentence,"University lecturers are due to start a two-day strike over pay, amid warnings other staff could join the dispute.",University staff at some of the UK's most prestigious universities have walked out of a dispute over pay.,2343,18,19,0.9473684210526315,0,0.358974358974359,0.05405405405405406,0.20512820512820512,0.9186251163482666,0.9043362140655518,0.9114246368408203
36369346,business,fact_constrained,"University lecturers are due to start a two-day strike over pay, amid warnings other staff could join the dispute.",University staff at some of the UK's most prestigious universities are planning a walkout over a pay rise offered by the employers.,2343,22,19,1.1578947368421053,0,0.3255813953488372,0.0,0.27906976744186046,0.9052956104278564,0.9073930978775024,0.9063431620597839
28042625,business,tldr,Controversial proposals to shut a Catholic school in East Dunbartonshire are to be examined by the Scottish government.,East Dunbartonshire Council's plans to close a primary school have been criticised by ministers.,2859,14,18,0.7777777777777778,0,0.3636363636363636,0.06451612903225808,0.2424242424242424,0.9457076787948608,0.9393738508224487,0.9425301551818848
28042625,business,bullet_points,Controversial proposals to shut a Catholic school in East Dunbartonshire are to be examined by the Scottish government.,East Dunbartonshire Council's plans to close a primary school have been criticised by ministers.,2859,14,18,0.7777777777777778,0,0.3636363636363636,0.06451612903225808,0.2424242424242424,0.9457076787948608,0.9393738508224487,0.9425301551818848
28042625,business,bullet_points_strict,Controversial proposals to shut a Catholic school in East Dunbartonshire are to be examined by the Scottish government.,East Dunbartonshire Council plans to close a primary school in a bid to save £20m over the next three years.,2859,20,18,1.1111111111111112,0,0.4210526315789474,0.1111111111111111,0.3157894736842105,0.8985086679458618,0.9259517788887024,0.9120237827301025
28042625,business,one_sentence,Controversial proposals to shut a Catholic school in East Dunbartonshire are to be examined by the Scottish government.,East Dunbartonshire Council's plans to close a primary school have been criticised by ministers.,2859,14,18,0.7777777777777778,0,0.3636363636363636,0.06451612903225808,0.2424242424242424,0.9457076787948608,0.9393738508224487,0.9425301551818848
28042625,business,fact_constrained,Controversial proposals to shut a Catholic school in East Dunbartonshire are to be examined by the Scottish government.,East Dunbartonshire Council's plans to close a primary school have been criticised by ministers.,2859,14,18,0.7777777777777778,0,0.3636363636363636,0.06451612903225808,0.2424242424242424,0.9457076787948608,0.9393738508224487,0.9425301551818848
34787804,sport,tldr,Japanese footballer Kazuyoshi Miura has signed a one-year contract extension with Yokohama FC at the age of 48.,Japan international striker Kazuyoshi Miura has signed a two-year contract with the club.,1089,13,18,0.7222222222222222,0,0.5454545454545454,0.3225806451612903,0.5454545454545454,0.9575534462928772,0.9266581535339355,0.9418525099754333
34787804,sport,bullet_points,Japanese footballer Kazuyoshi Miura has signed a one-year contract extension with Yokohama FC at the age of 48.,Japan international striker Kazuyoshi Miura has signed a two-year contract with the club.,1089,13,18,0.7222222222222222,0,0.5454545454545454,0.3225806451612903,0.5454545454545454,0.9575534462928772,0.9266581535339355,0.9418525099754333
34787804,sport,bullet_points_strict,Japanese footballer Kazuyoshi Miura has signed a one-year contract extension with Yokohama FC at the age of 48.,Japan international striker Kazuyoshi Miura has signed a two-year contract with the club.,1089,13,18,0.7222222222222222,0,0.5454545454545454,0.3225806451612903,0.5454545454545454,0.9575534462928772,0.9266581535339355,0.9418525099754333
34787804,sport,one_sentence,Japanese footballer Kazuyoshi Miura has signed a one-year contract extension with Yokohama FC at the age of 48.,Japan international striker Kazuyoshi Miura has signed a two-year contract with the club.,1089,13,18,0.7222222222222222,0,0.5454545454545454,0.3225806451612903,0.5454545454545454,0.9575534462928772,0.9266581535339355,0.9418525099754333
34787804,sport,fact_constrained,Japanese footballer Kazuyoshi Miura has signed a one-year contract extension with Yokohama FC at the age of 48.,Japan international striker Kazuyoshi Miura has signed a two-year contract with the club.,1089,13,18,0.7222222222222222,0,0.5454545454545454,0.3225806451612903,0.5454545454545454,0.9575534462928772,0.9266581535339355,0.9418525099754333
40543846,politics,tldr,Clashes have broken out in Indian-administered Kashmir on the anniversary of the killing of a militant leader.,Indian security forces have surrounded a village in the disputed Indian-administered Kashmir region.,1389,13,17,0.7647058823529411,0,0.43750000000000006,0.13333333333333333,0.31250000000000006,0.9326472282409668,0.9164132475852966,0.924458920955658
40543846,politics,bullet_points,Clashes have broken out in Indian-administered Kashmir on the anniversary of the killing of a militant leader.,"Pakistani security forces have surrounded a village in the Indian-administered Kashmir valley, a day after the anniversary of the death of a Pakistani soldier.",1389,24,17,1.411764705882353,0,0.5116279069767442,0.2926829268292683,0.5116279069767442,0.923863410949707,0.9401817917823792,0.9319511651992798
40543846,politics,bullet_points_strict,Clashes have broken out in Indian-administered Kashmir on the anniversary of the killing of a militant leader.,"Indian security forces have surrounded a village in the Indian-administered Kashmir valley, killing dozens of people.",1389,16,17,0.9411764705882353,0,0.5142857142857143,0.12121212121212122,0.39999999999999997,0.921807050704956,0.9215250015258789,0.9216659665107727
40543846,politics,one_sentence,Clashes have broken out in Indian-administered Kashmir on the anniversary of the killing of a militant leader.,"Pakistani security forces have surrounded a village in the Indian-administered Kashmir valley, killing at least seven people, officials say.",1389,19,17,1.1176470588235294,0,0.4210526315789474,0.1111111111111111,0.3157894736842105,0.8966857194900513,0.916785717010498,0.9066243171691895
40543846,politics,fact_constrained,Clashes have broken out in Indian-administered Kashmir on the anniversary of the killing of a militant leader.,"Indian security forces have surrounded a village in the Indian-administered Kashmir region, killing at least seven people, officials say.",1389,19,17,1.1176470588235294,0,0.4210526315789474,0.1111111111111111,0.3157894736842105,0.904944121837616,0.9177120327949524,0.9112833738327026
36607475,business,tldr,Economic policymakers must now decide whether and how they should respond to the UK's vote to leave the EU.,The UK's central banks are prepared to intervene in the short term if the UK leaves the EU.,5216,18,19,0.9473684210526315,0,0.3076923076923077,0.16216216216216214,0.3076923076923077,0.9192516803741455,0.9051806330680847,0.9121618866920471
36607475,business,bullet_points,Economic policymakers must now decide whether and how they should respond to the UK's vote to leave the EU.,The outcome of the referendum on the European Union's membership of the European Central Bank (ECB) has been viewed as a threat to the stability of the world's central banks.,5216,30,19,1.5789473684210527,0,0.15384615384615385,0.039999999999999994,0.15384615384615385,0.8797134757041931,0.8813846111297607,0.8805482387542725
36607475,business,bullet_points_strict,Economic policymakers must now decide whether and how they should respond to the UK's vote to leave the EU.,The UK's central banks are prepared to intervene in the short term if the UK leaves the EU.,5216,18,19,0.9473684210526315,0,0.3076923076923077,0.16216216216216214,0.3076923076923077,0.9192516803741455,0.9051806330680847,0.9121618866920471
36607475,business,one_sentence,Economic policymakers must now decide whether and how they should respond to the UK's vote to leave the EU.,The outcome of the referendum on the European Union's (EU) membership of the European Central Bank (ECB) has been viewed as a threat to the stability of the world's central banks. The UK's Bank of England has already been doing this ahead of the referendum. The Bank of England has already been doing this ahead of the referendum.,5216,58,19,3.0526315789473686,0,0.14814814814814814,0.07594936708860761,0.12345679012345678,0.8590861558914185,0.8849509358406067,0.871826708316803
36607475,business,fact_constrained,Economic policymakers must now decide whether and how they should respond to the UK's vote to leave the EU.,The European Central Bank (ECB) and the European Central Bank (ECB) have been discussing the possibility of intervening in the market if the UK leaves the EU.,5216,27,19,1.4210526315789473,0,0.2127659574468085,0.08888888888888889,0.2127659574468085,0.8658697009086609,0.9013468623161316,0.8832521438598633
36211762,sport,tldr,Sale Sharks forward Mark Easter has announced he will retire at the end of the season to take up a teaching role.,Harlequins winger Nick Easter has left Sale to take up a teaching job at Wrekin College.,909,16,22,0.7272727272727273,0,0.47368421052631576,0.2777777777777778,0.3684210526315789,0.8960229158401489,0.9148143529891968,0.9053211212158203
36211762,sport,bullet_points,Sale Sharks forward Mark Easter has announced he will retire at the end of the season to take up a teaching role.,Harlequins winger Nick Easter has left Sale to take up a teaching job at Wrekin College.,909,16,22,0.7272727272727273,0,0.47368421052631576,0.2777777777777778,0.3684210526315789,0.8960229158401489,0.9148143529891968,0.9053211212158203
36211762,sport,bullet_points_strict,Sale Sharks forward Mark Easter has announced he will retire at the end of the season to take up a teaching role.,Harlequins winger Nick Easter has left Sale to take up a teaching job at Wrekin College.,909,16,22,0.7272727272727273,0,0.47368421052631576,0.2777777777777778,0.3684210526315789,0.8960229158401489,0.9148143529891968,0.9053211212158203
36211762,sport,one_sentence,Sale Sharks forward Mark Easter has announced he will retire at the end of the season to take up a teaching role.,Harlequins winger Nick Easter has left Sale to take up a teaching job at Wrekin College.,909,16,22,0.7272727272727273,0,0.47368421052631576,0.2777777777777778,0.3684210526315789,0.8960229158401489,0.9148143529891968,0.9053211212158203
36211762,sport,fact_constrained,Sale Sharks forward Mark Easter has announced he will retire at the end of the season to take up a teaching role.,Harlequins winger Nick Easter has left Sale to take up a teaching job at Wrekin College.,909,16,22,0.7272727272727273,0,0.47368421052631576,0.2777777777777778,0.3684210526315789,0.8960229158401489,0.9148143529891968,0.9053211212158203
39782027,tech,tldr,"The quality of care on a scandal-hit ward for dementia patients may have contributed to at least seven deaths, BBC Wales can reveal.",A health board investigation into the deaths of patients at a hospital ward has been launched.,2687,16,23,0.6956521739130435,0,0.35000000000000003,0.0,0.2,0.9154093265533447,0.8907729983329773,0.9029231667518616
39782027,tech,bullet_points,"The quality of care on a scandal-hit ward for dementia patients may have contributed to at least seven deaths, BBC Wales can reveal.",A health board investigation into the deaths of patients at a hospital ward has been launched.,2687,16,23,0.6956521739130435,0,0.35000000000000003,0.0,0.2,0.9154093265533447,0.8907729983329773,0.9029231667518616
39782027,tech,bullet_points_strict,"The quality of care on a scandal-hit ward for dementia patients may have contributed to at least seven deaths, BBC Wales can reveal.",A health board investigation into the deaths of patients at a hospital ward has been launched.,2687,16,23,0.6956521739130435,0,0.35000000000000003,0.0,0.2,0.9154093265533447,0.8907729983329773,0.9029231667518616
39782027,tech,one_sentence,"The quality of care on a scandal-hit ward for dementia patients may have contributed to at least seven deaths, BBC Wales can reveal.",A report into the deaths of patients at a Denbighshire hospital has been published.,2687,14,23,0.6086956521739131,0,0.3157894736842105,0.0,0.2105263157894737,0.8999789953231812,0.8907818794250488,0.8953568339347839
39782027,tech,fact_constrained,"The quality of care on a scandal-hit ward for dementia patients may have contributed to at least seven deaths, BBC Wales can reveal.",A health board investigation into the deaths of patients at a hospital ward has been launched.,2687,16,23,0.6956521739130435,0,0.35000000000000003,0.0,0.2,0.9154093265533447,0.8907729983329773,0.9029231667518616
36103241,tech,tldr,A 25-year-old man from Limavady has been jailed for knocking out two men in separate attacks on the same night.,A man has been sentenced to 14 months in prison after a series of assaults in Londonderry.,776,17,20,0.85,0,0.25641025641025644,0.05405405405405405,0.25641025641025644,0.9066121578216553,0.9045686721801758,0.9055892825126648
36103241,tech,bullet_points,A 25-year-old man from Limavady has been jailed for knocking out two men in separate attacks on the same night.,A man has been jailed for a series of'single punch' assaults in Londonderry.,776,13,20,0.65,0,0.3888888888888889,0.17647058823529413,0.3888888888888889,0.8957273364067078,0.9047044515609741,0.9001935720443726
36103241,tech,bullet_points_strict,A 25-year-old man from Limavady has been jailed for knocking out two men in separate attacks on the same night.,A man has been jailed for a series of assaults in Londonderry.,776,12,20,0.6,0,0.4117647058823529,0.18749999999999997,0.4117647058823529,0.9282374978065491,0.9100326299667358,0.9190448522567749
36103241,tech,one_sentence,A 25-year-old man from Limavady has been jailed for knocking out two men in separate attacks on the same night.,A man has been jailed for a series of'single punch' assaults in Londonderry.,776,13,20,0.65,0,0.3888888888888889,0.17647058823529413,0.3888888888888889,0.8957273364067078,0.9047044515609741,0.9001935720443726
36103241,tech,fact_constrained,A 25-year-old man from Limavady has been jailed for knocking out two men in separate attacks on the same night.,A man has been jailed for a series of assaults in Londonderry.,776,12,20,0.6,0,0.4117647058823529,0.18749999999999997,0.4117647058823529,0.9282374978065491,0.9100326299667358,0.9190448522567749
30931494,sport,tldr,The United States women's team goalkeeper Hope Solo has been suspended for 30 days by US Soccer following an incident during a training camp.,US women's national soccer team coach Hope Solo has withdrawn from the Women's World Cup training camp in California because of a domestic violence incident.,1290,25,24,1.0416666666666667,0,0.5,0.16,0.30769230769230765,0.916161835193634,0.9266158938407898,0.9213592410087585
30931494,sport,bullet_points,The United States women's team goalkeeper Hope Solo has been suspended for 30 days by US Soccer following an incident during a training camp.,US women's national soccer team coach Hope Solo has apologised to her team-mates after her husband was arrested on suspicion of driving under the influence.,1290,25,24,1.0416666666666667,0,0.34615384615384615,0.12000000000000001,0.23076923076923075,0.8985404372215271,0.910189688205719,0.9043275713920593
30931494,sport,bullet_points_strict,The United States women's team goalkeeper Hope Solo has been suspended for 30 days by US Soccer following an incident during a training camp.,US women's national soccer team coach Hope Solo has withdrawn from the Women's World Cup training camp in California because of a domestic violence incident.,1290,25,24,1.0416666666666667,0,0.5,0.16,0.30769230769230765,0.916161835193634,0.9266158938407898,0.9213592410087585
30931494,sport,one_sentence,The United States women's team goalkeeper Hope Solo has been suspended for 30 days by US Soccer following an incident during a training camp.,US women's national soccer team coach Hope Solo has apologised to her team-mates after she tested positive for a banned substance.,1290,21,24,0.875,0,0.41666666666666663,0.13043478260869565,0.3333333333333333,0.91074538230896,0.9125537276268005,0.9116486310958862
30931494,sport,fact_constrained,The United States women's team goalkeeper Hope Solo has been suspended for 30 days by US Soccer following an incident during a training camp.,US women's national soccer team coach Hope Solo has apologised to her team-mates after her husband was arrested on suspicion of driving under the influence.,1290,25,24,1.0416666666666667,0,0.34615384615384615,0.12000000000000001,0.23076923076923075,0.8985404372215271,0.910189688205719,0.9043275713920593
35844158,business,tldr,A barrister who was due to move into his own chambers in Huddersfield has pleaded guilty to supplying cocaine.,Three men have admitted conspiracy to supply cocaine to a private equity firm.,1271,13,19,0.6842105263157895,0,0.25,0.0,0.125,0.9097306728363037,0.8712751865386963,0.8900877833366394
35844158,business,bullet_points,A barrister who was due to move into his own chambers in Huddersfield has pleaded guilty to supplying cocaine.,Four men have admitted conspiracy to supply cocaine to a private equity firm.,1271,13,19,0.6842105263157895,0,0.25,0.0,0.125,0.9083346724510193,0.8707726001739502,0.8891570568084717
35844158,business,bullet_points_strict,A barrister who was due to move into his own chambers in Huddersfield has pleaded guilty to supplying cocaine.,Four men have admitted conspiracy to supply cocaine to a private firm.,1271,12,19,0.631578947368421,0,0.2580645161290323,0.0,0.12903225806451615,0.9141061305999756,0.8714269995689392,0.8922564387321472
35844158,business,one_sentence,A barrister who was due to move into his own chambers in Huddersfield has pleaded guilty to supplying cocaine.,Three men have admitted conspiracy to supply cocaine to a private equity firm.,1271,13,19,0.6842105263157895,0,0.25,0.0,0.125,0.9097306728363037,0.8712751865386963,0.8900877833366394
35844158,business,fact_constrained,A barrister who was due to move into his own chambers in Huddersfield has pleaded guilty to supplying cocaine.,Four men have admitted conspiracy to supply cocaine to a private equity firm.,1271,13,19,0.6842105263157895,0,0.25,0.0,0.125,0.9083346724510193,0.8707726001739502,0.8891570568084717
37246224,tech,tldr,Officers who police Scotland's railways are to be armed with Tasers in a bid to increase security on the network.,"Tasers are to be used by Scotland's police force to incapacitate suspects, the force has said.",2910,16,20,0.8,0,0.4736842105263158,0.16666666666666663,0.2631578947368421,0.9176961183547974,0.9115898013114929,0.9146327972412109
37246224,tech,bullet_points,Officers who police Scotland's railways are to be armed with Tasers in a bid to increase security on the network.,"Tasers are to be used by police officers in Scotland to incapacitate suspects, the force has said.",2910,17,20,0.85,0,0.5263157894736842,0.11111111111111112,0.31578947368421056,0.9114238619804382,0.9096946120262146,0.9105584025382996
37246224,tech,bullet_points_strict,Officers who police Scotland's railways are to be armed with Tasers in a bid to increase security on the network.,"Tasers are to be introduced in Scotland as part of a ""proportionate response"" to the threat from international terrorism.",2910,19,20,0.95,0,0.45,0.10526315789473685,0.35,0.9005934000015259,0.9128608703613281,0.9066856503486633
37246224,tech,one_sentence,Officers who police Scotland's railways are to be armed with Tasers in a bid to increase security on the network.,"Tasers are to be used by police officers in Scotland in an attempt to prevent a terror attack, the force has said.",2910,22,20,1.1,0,0.5116279069767442,0.0975609756097561,0.2790697674418604,0.9276015162467957,0.9266253709793091,0.9271132349967957
37246224,tech,fact_constrained,Officers who police Scotland's railways are to be armed with Tasers in a bid to increase security on the network.,"Tasers are to be used by police officers in Scotland to incapacitate suspects, the force has said.",2910,17,20,0.85,0,0.5263157894736842,0.11111111111111112,0.31578947368421056,0.9114238619804382,0.9096946120262146,0.9105584025382996
37220139,business,tldr,Scottish engineering services company ID Systems Ltd has announced plans to create 120 new jobs after securing a six-figure investment from UK Steel Enterprise (UKSE).,UKSE has backed a Scottish steel company to create jobs in the Lanarkshire area.,1212,14,25,0.56,0,0.45,0.052631578947368425,0.25,0.907956600189209,0.8788776993751526,0.8931805491447449
37220139,business,bullet_points,Scottish engineering services company ID Systems Ltd has announced plans to create 120 new jobs after securing a six-figure investment from UK Steel Enterprise (UKSE).,The UK steel company ID Systems has received a £2m loan and equity backing from UKSE.,1212,16,25,0.64,0,0.4285714285714286,0.15,0.33333333333333337,0.9155834913253784,0.8862245082855225,0.9006648063659668
37220139,business,bullet_points_strict,Scottish engineering services company ID Systems Ltd has announced plans to create 120 new jobs after securing a six-figure investment from UK Steel Enterprise (UKSE).,"UKSE has loaned £2m to a Glasgow-based steel company, ID Systems.",1212,11,25,0.44,0,0.42105263157894735,0.1111111111111111,0.21052631578947367,0.9051739573478699,0.8830898404121399,0.8939955234527588
37220139,business,one_sentence,Scottish engineering services company ID Systems Ltd has announced plans to create 120 new jobs after securing a six-figure investment from UK Steel Enterprise (UKSE).,"UKSE has loaned £1m to a Glasgow-based steel company, ID Systems, in a bid to increase its workforce.",1212,18,25,0.72,0,0.35555555555555557,0.09302325581395349,0.17777777777777778,0.9002524614334106,0.8914597034454346,0.8958345055580139
37220139,business,fact_constrained,Scottish engineering services company ID Systems Ltd has announced plans to create 120 new jobs after securing a six-figure investment from UK Steel Enterprise (UKSE).,The UK steel company ID Systems has received a £2m loan and equity backing from UKSE.,1212,16,25,0.64,0,0.4285714285714286,0.15,0.33333333333333337,0.9155834913253784,0.8862245082855225,0.9006648063659668
38181168,sport,tldr,"A Brazilian football player who survived a plane crash in Colombia on Monday is recovering and may be able to resume his career, his father says.","A Brazilian footballer has been rescued from a plane crash in Colombia, despite warnings that he might not have enough fuel.",2882,21,26,0.8076923076923077,0,0.2978723404255319,0.22222222222222224,0.2978723404255319,0.9187281727790833,0.9209759831428528,0.9198506474494934
38181168,sport,bullet_points,"A Brazilian football player who survived a plane crash in Colombia on Monday is recovering and may be able to resume his career, his father says.","A Brazilian footballer has been rescued from a plane crash in Colombia, despite warnings he might not have enough fuel.",2882,20,26,0.7692307692307693,0,0.3043478260869565,0.22727272727272727,0.3043478260869565,0.9223412871360779,0.9209438562393188,0.9216420650482178
38181168,sport,bullet_points_strict,"A Brazilian football player who survived a plane crash in Colombia on Monday is recovering and may be able to resume his career, his father says.","A Brazilian footballer has been rescued from a plane crash in Colombia, despite warnings he might not have enough fuel.",2882,20,26,0.7692307692307693,0,0.3043478260869565,0.22727272727272727,0.3043478260869565,0.9223412871360779,0.9209438562393188,0.9216420650482178
38181168,sport,one_sentence,"A Brazilian football player who survived a plane crash in Colombia on Monday is recovering and may be able to resume his career, his father says.",A Brazilian footballer has been rescued from a plane crash in Colombia.,2882,12,26,0.46153846153846156,0,0.3684210526315789,0.2777777777777778,0.3684210526315789,0.9602506160736084,0.9090375304222107,0.9339424967765808
38181168,sport,fact_constrained,"A Brazilian football player who survived a plane crash in Colombia on Monday is recovering and may be able to resume his career, his father says.",A Brazilian footballer has been rescued from a plane crash in Colombia.,2882,12,26,0.46153846153846156,0,0.3684210526315789,0.2777777777777778,0.3684210526315789,0.9602506160736084,0.9090375304222107,0.9339424967765808
38885462,entertainment,tldr,"Actor and broadcaster Sir Tony Robinson has said plans for a tunnel near Stonehenge in Wiltshire are too ""old-fashioned"" in outlook.",An anti-tunnel protest has taken place at Stonehenge in Wiltshire.,1757,10,21,0.47619047619047616,0,0.30303030303030304,0.12903225806451613,0.24242424242424246,0.9355213642120361,0.8837857246398926,0.9089179039001465
38885462,entertainment,bullet_points,"Actor and broadcaster Sir Tony Robinson has said plans for a tunnel near Stonehenge in Wiltshire are too ""old-fashioned"" in outlook.",A protest has taken place in Wiltshire against plans to put the A303 into a tunnel at Stonehenge.,1757,18,21,0.8571428571428571,0,0.35000000000000003,0.10526315789473684,0.25,0.9240179657936096,0.8905218839645386,0.9069607257843018
38885462,entertainment,bullet_points_strict,"Actor and broadcaster Sir Tony Robinson has said plans for a tunnel near Stonehenge in Wiltshire are too ""old-fashioned"" in outlook.",An anti-tunnel protest has taken place at Stonehenge in Wiltshire.,1757,10,21,0.47619047619047616,0,0.30303030303030304,0.12903225806451613,0.24242424242424246,0.9355213642120361,0.8837857246398926,0.9089179039001465
38885462,entertainment,one_sentence,"Actor and broadcaster Sir Tony Robinson has said plans for a tunnel near Stonehenge in Wiltshire are too ""old-fashioned"" in outlook.",A protest has taken place in Wiltshire against plans to put the A303 into a tunnel at Stonehenge.,1757,18,21,0.8571428571428571,0,0.35000000000000003,0.10526315789473684,0.25,0.9240179657936096,0.8905218839645386,0.9069607257843018
38885462,entertainment,fact_constrained,"Actor and broadcaster Sir Tony Robinson has said plans for a tunnel near Stonehenge in Wiltshire are too ""old-fashioned"" in outlook.",An anti-tunnel protest has taken place at Stonehenge in Wiltshire.,1757,10,21,0.47619047619047616,0,0.30303030303030304,0.12903225806451613,0.24242424242424246,0.9355213642120361,0.8837857246398926,0.9089179039001465
29240782,business,tldr,Everton marked their Europa League return with a dominant victory over Germans Wolfsburg at Goodison Park.,Everton beat Wolfsburg 2-0 at Goodison Park to reach the Europa League quarter-finals.,4455,13,16,0.8125,0,0.45161290322580644,0.20689655172413796,0.3225806451612903,0.926010012626648,0.9379658699035645,0.9319496154785156
29240782,business,bullet_points,Everton marked their Europa League return with a dominant victory over Germans Wolfsburg at Goodison Park.,Everton beat Wolfsburg 2-0 at Goodison Park on Thursday to reach the quarter-finals of the Europa League.,4455,17,16,1.0625,0,0.39999999999999997,0.1818181818181818,0.2857142857142857,0.9203674793243408,0.9354842305183411,0.9278643131256104
29240782,business,bullet_points_strict,Everton marked their Europa League return with a dominant victory over Germans Wolfsburg at Goodison Park.,Everton beat Wolfsburg 2-0 at Goodison Park to reach the Europa League quarter-finals.,4455,13,16,0.8125,0,0.45161290322580644,0.20689655172413796,0.3225806451612903,0.926010012626648,0.9379658699035645,0.9319496154785156
29240782,business,one_sentence,Everton marked their Europa League return with a dominant victory over Germans Wolfsburg at Goodison Park.,Everton beat Wolfsburg 2-0 at Goodison Park on Thursday to reach the Europa League quarter-finals.,4455,15,16,0.9375,0,0.42424242424242425,0.19354838709677422,0.30303030303030304,0.9190682768821716,0.9348825216293335,0.9269079566001892
29240782,business,fact_constrained,Everton marked their Europa League return with a dominant victory over Germans Wolfsburg at Goodison Park.,Everton beat Wolfsburg 2-0 at Goodison Park on Thursday to reach the Europa League quarter-finals.,4455,15,16,0.9375,0,0.42424242424242425,0.19354838709677422,0.30303030303030304,0.9190682768821716,0.9348825216293335,0.9269079566001892
39928191,business,tldr,Scunthorpe midfielder Neal Bishop has signed a one-year contract extension.,Birmingham City have signed former Blackpool and Blackpool midfielder Paul Bishop on a one-year contract.,375,15,10,1.5,0,0.5185185185185185,0.24,0.4444444444444444,0.9113450646400452,0.9144915342330933,0.9129155874252319
39928191,business,bullet_points,Scunthorpe midfielder Neal Bishop has signed a one-year contract extension.,Birmingham City have signed midfielder Paul Bishop on a one-year contract.,375,11,10,1.1,0,0.6086956521739131,0.28571428571428564,0.5217391304347826,0.9517624378204346,0.9213142991065979,0.9362909197807312
39928191,business,bullet_points_strict,Scunthorpe midfielder Neal Bishop has signed a one-year contract extension.,"Birmingham City have relegated from League One after a disappointing season, according to manager Paul Bishop.",375,16,10,1.6,0,0.2222222222222222,0.0,0.07407407407407407,0.8876681923866272,0.8680457472801208,0.8777472972869873
39928191,business,one_sentence,Scunthorpe midfielder Neal Bishop has signed a one-year contract extension.,"Birmingham City have relegated from the Championship after a disappointing season, with the club relegated from League One.",375,18,10,1.8,0,0.13793103448275862,0.0,0.13793103448275862,0.8697094917297363,0.8568931221961975,0.8632537722587585
39928191,business,fact_constrained,Scunthorpe midfielder Neal Bishop has signed a one-year contract extension.,"Birmingham City have relegated from the Championship after a disappointing season, according to manager Paul Bishop.",375,16,10,1.6,0,0.14814814814814814,0.0,0.07407407407407407,0.8906622529029846,0.86766517162323,0.8790132999420166
35952861,tech,tldr,A man from Croydon has been charged with murder after the death of his partner last month.,A man has appeared in court charged with the murder of his partner.,363,13,17,0.7647058823529411,0,0.6666666666666667,0.28571428571428575,0.5999999999999999,0.9632658362388611,0.930967390537262,0.946841299533844
35952861,tech,bullet_points,A man from Croydon has been charged with murder after the death of his partner last month.,A man has appeared in court charged with the murder of a woman.,363,13,17,0.7647058823529411,0,0.5333333333333333,0.14285714285714288,0.4666666666666667,0.9459618330001831,0.9184631705284119,0.932009756565094
35952861,tech,bullet_points_strict,A man from Croydon has been charged with murder after the death of his partner last month.,A man has appeared in court charged with the murder of his partner.,363,13,17,0.7647058823529411,0,0.6666666666666667,0.28571428571428575,0.5999999999999999,0.9632658362388611,0.930967390537262,0.946841299533844
35952861,tech,one_sentence,A man from Croydon has been charged with murder after the death of his partner last month.,A man has appeared in court charged with the murder of a woman.,363,13,17,0.7647058823529411,0,0.5333333333333333,0.14285714285714288,0.4666666666666667,0.9459618330001831,0.9184631705284119,0.932009756565094
35952861,tech,fact_constrained,A man from Croydon has been charged with murder after the death of his partner last month.,A man has appeared in court charged with the murder of a woman.,363,13,17,0.7647058823529411,0,0.5333333333333333,0.14285714285714288,0.4666666666666667,0.9459618330001831,0.9184631705284119,0.932009756565094
21967739,tech,tldr,"It's a sobering thought for all us carriers of the Y chromosome, but prostate cancer kills almost as many men every year as breast cancer does women.","Prostate cancer is the most common cause of cancer death in men, according to a new study.",4320,17,27,0.6296296296296297,0,0.3111111111111111,0.046511627906976744,0.13333333333333333,0.9086239337921143,0.870291531085968,0.8890447616577148
21967739,tech,bullet_points,"It's a sobering thought for all us carriers of the Y chromosome, but prostate cancer kills almost as many men every year as breast cancer does women.","Prostate cancer is one of the most common causes of cancer death in men, according to a new study.",4320,19,27,0.7037037037037037,0,0.2978723404255319,0.08888888888888888,0.1702127659574468,0.9038150906562805,0.8696229457855225,0.886389434337616
21967739,tech,bullet_points_strict,"It's a sobering thought for all us carriers of the Y chromosome, but prostate cancer kills almost as many men every year as breast cancer does women.",Prostate cancer is one of the most common causes of cancer death in men.,4320,14,27,0.5185185185185185,0,0.2857142857142857,0.1,0.19047619047619047,0.9100611805915833,0.8700636029243469,0.8896130323410034
21967739,tech,one_sentence,"It's a sobering thought for all us carriers of the Y chromosome, but prostate cancer kills almost as many men every year as breast cancer does women.","Prostate cancer is the most common cause of cancer death in men, according to a new study.",4320,17,27,0.6296296296296297,0,0.3111111111111111,0.046511627906976744,0.13333333333333333,0.9086239337921143,0.870291531085968,0.8890447616577148
21967739,tech,fact_constrained,"It's a sobering thought for all us carriers of the Y chromosome, but prostate cancer kills almost as many men every year as breast cancer does women.",Prostate cancer is the most common cause of cancer death in men.,4320,12,27,0.4444444444444444,0,0.3,0.05263157894736842,0.15,0.9156284332275391,0.8691557049751282,0.8917871117591858
39342460,sport,tldr,The Premiership's top try scorer Christian Wade scored two tries as leaders Wasps moved five points clear with a bonus-point win over Worcester.,Wasps' Christian Wade scored a hat-trick as Worcester beat Worcester to reach the semi-finals of the Pro12.,2564,17,23,0.7391304347826086,0,0.3636363636363636,0.09523809523809525,0.22727272727272727,0.9107961058616638,0.8843991756439209,0.8974035382270813
39342460,sport,bullet_points,The Premiership's top try scorer Christian Wade scored two tries as leaders Wasps moved five points clear with a bonus-point win over Worcester.,Wasps' Christian Wade scored a hat-trick as Worcester beat Worcester to reach the semi-finals of the Super League.,2564,18,23,0.782608695652174,0,0.35555555555555557,0.0930232558139535,0.22222222222222224,0.9084484577178955,0.8851454257965088,0.8966455459594727
39342460,sport,bullet_points_strict,The Premiership's top try scorer Christian Wade scored two tries as leaders Wasps moved five points clear with a bonus-point win over Worcester.,Wasps' Christian Wade scored a hat-trick as Worcester fought back from a loss at Worcester.,2564,15,23,0.6521739130434783,0,0.34146341463414637,0.10256410256410255,0.2926829268292683,0.9193398356437683,0.8803666830062866,0.8994312882423401
39342460,sport,one_sentence,The Premiership's top try scorer Christian Wade scored two tries as leaders Wasps moved five points clear with a bonus-point win over Worcester.,Wasps' Christian Wade scored a hat-trick as Worcester beat Worcester to reach the semi-finals of the Pro12.,2564,17,23,0.7391304347826086,0,0.3636363636363636,0.09523809523809525,0.22727272727272727,0.9107961058616638,0.8843991756439209,0.8974035382270813
39342460,sport,fact_constrained,The Premiership's top try scorer Christian Wade scored two tries as leaders Wasps moved five points clear with a bonus-point win over Worcester.,Wasps' Christian Wade scored a hat-trick as Worcester beat Worcester to reach the semi-finals of the Pro12.,2564,17,23,0.7391304347826086,0,0.3636363636363636,0.09523809523809525,0.22727272727272727,0.9107961058616638,0.8843991756439209,0.8974035382270813
32103205,politics,tldr,"A Frenchwoman injured in the attack on Tunisia's national museum has died of her wounds, bringing the total killed in the assault by Islamists to 22.",French President Francois Hollande is mourning the death of a Tunisian man who was killed in a raid on a Tunisian museum.,1190,22,26,0.8461538461538461,0,0.2857142857142857,0.0425531914893617,0.16326530612244897,0.8993170857429504,0.8849726319313049,0.8920872211456299
32103205,politics,bullet_points,"A Frenchwoman injured in the attack on Tunisia's national museum has died of her wounds, bringing the total killed in the assault by Islamists to 22.",The death of a Tunisian man in a raid on a Tunisian museum has been confirmed.,1190,16,26,0.6153846153846154,0,0.3255813953488372,0.04878048780487805,0.2325581395348837,0.9188594222068787,0.8857338428497314,0.9019925594329834
32103205,politics,bullet_points_strict,"A Frenchwoman injured in the attack on Tunisia's national museum has died of her wounds, bringing the total killed in the assault by Islamists to 22.",The death of a Tunisian man in a raid on a Tunisian museum has been confirmed.,1190,16,26,0.6153846153846154,0,0.3255813953488372,0.04878048780487805,0.2325581395348837,0.9188594222068787,0.8857338428497314,0.9019925594329834
32103205,politics,one_sentence,"A Frenchwoman injured in the attack on Tunisia's national museum has died of her wounds, bringing the total killed in the assault by Islamists to 22.",The death of a Tunisian woman in a bomb attack on a Tunisian museum has been confirmed.,1190,17,26,0.6538461538461539,0,0.3636363636363636,0.09523809523809525,0.27272727272727276,0.9277893900871277,0.8942047953605652,0.9106875658035278
32103205,politics,fact_constrained,"A Frenchwoman injured in the attack on Tunisia's national museum has died of her wounds, bringing the total killed in the assault by Islamists to 22.",The death of a Tunisian man in a bomb attack on a Tunisian museum has been confirmed.,1190,17,26,0.6538461538461539,0,0.3636363636363636,0.09523809523809525,0.27272727272727276,0.9237226247787476,0.8906577229499817,0.9068889021873474
37936530,politics,tldr,Satellite images of Mosul have revealed how fighters from so-called Islamic State (IS) have destroyed much of the city's airport to render it unusable as Iraqi forces close in.,"The destruction of Mosul airport by Islamic State militants has rendered it worthless as an asset for attacking forces, according to satellite images.",2703,23,29,0.7931034482758621,0,0.4444444444444444,0.11538461538461538,0.25925925925925924,0.9330549240112305,0.9161111116409302,0.9245054125785828
37936530,politics,bullet_points,Satellite images of Mosul have revealed how fighters from so-called Islamic State (IS) have destroyed much of the city's airport to render it unusable as Iraqi forces close in.,"The destruction of Mosul airport by Islamic State (IS) militants has left the airport worthless, according to satellite images.",2703,19,29,0.6551724137931034,0,0.39999999999999997,0.16666666666666669,0.31999999999999995,0.9407510161399841,0.9099527597427368,0.9250956773757935
37936530,politics,bullet_points_strict,Satellite images of Mosul have revealed how fighters from so-called Islamic State (IS) have destroyed much of the city's airport to render it unusable as Iraqi forces close in.,"The destruction of Mosul airport by Islamic State (IS) militants has rendered the airport worthless, US satellite images show.",2703,19,29,0.6551724137931034,0,0.36,0.16666666666666669,0.28,0.9458350539207458,0.9213578701019287,0.9334359765052795
37936530,politics,one_sentence,Satellite images of Mosul have revealed how fighters from so-called Islamic State (IS) have destroyed much of the city's airport to render it unusable as Iraqi forces close in.,"The destruction of Mosul airport by Islamic State (IS) militants has left the airport worthless, according to satellite images.",2703,19,29,0.6551724137931034,0,0.39999999999999997,0.16666666666666669,0.31999999999999995,0.9407510161399841,0.9099527597427368,0.9250956773757935
37936530,politics,fact_constrained,Satellite images of Mosul have revealed how fighters from so-called Islamic State (IS) have destroyed much of the city's airport to render it unusable as Iraqi forces close in.,"The destruction of Mosul airport by Islamic State (IS) militants has left the airport worthless, according to satellite images.",2703,19,29,0.6551724137931034,0,0.39999999999999997,0.16666666666666669,0.31999999999999995,0.9407510161399841,0.9099527597427368,0.9250956773757935
32112556,tech,tldr,"Network Rail has promised to do ""everything in its power"" to stop a repeat of the rail chaos at Christmas when it carries out work over Easter.",Work on the Crossrail line between Reading and London Paddington is due to start on Monday.,1147,16,27,0.5925925925925926,0,0.13953488372093023,0.0,0.046511627906976744,0.8636966347694397,0.8663380146026611,0.8650153279304504
32112556,tech,bullet_points,"Network Rail has promised to do ""everything in its power"" to stop a repeat of the rail chaos at Christmas when it carries out work over Easter.","Work on the Crossrail line between Reading and Paddington is due to start on Monday, Network Rail has said.",1147,19,27,0.7037037037037037,0,0.2608695652173913,0.09090909090909093,0.13043478260869565,0.886398196220398,0.8812363743782043,0.8838096857070923
32112556,tech,bullet_points_strict,"Network Rail has promised to do ""everything in its power"" to stop a repeat of the rail chaos at Christmas when it carries out work over Easter.",Work on the Crossrail line between Reading and Paddington is due to start on Monday.,1147,15,27,0.5555555555555556,0,0.14285714285714285,0.0,0.047619047619047616,0.8740199208259583,0.867317795753479,0.87065589427948
32112556,tech,one_sentence,"Network Rail has promised to do ""everything in its power"" to stop a repeat of the rail chaos at Christmas when it carries out work over Easter.",Work on the Crossrail line between Reading and Paddington is expected to be completed by the end of the Easter break.,1147,21,27,0.7777777777777778,0,0.20833333333333334,0.043478260869565216,0.16666666666666666,0.879494845867157,0.8728663921356201,0.8761680126190186
32112556,tech,fact_constrained,"Network Rail has promised to do ""everything in its power"" to stop a repeat of the rail chaos at Christmas when it carries out work over Easter.",Rail services between Reading and Paddington are to be closed for the first time since the closure of King's Cross in December.,1147,22,27,0.8148148148148148,0,0.19999999999999998,0.0,0.12,0.8616939187049866,0.8720071315765381,0.8668198585510254
34157697,tech,tldr,Permission has been given for exploratory drilling for oil and gas in the Vale of Glamorgan.,Natural Resources Wales has approved a permit for exploratory drilling on a field in Swansea.,1302,15,16,0.9375,0,0.3225806451612903,0.1379310344827586,0.3225806451612903,0.9316612482070923,0.9174808263778687,0.9245166778564453
34157697,tech,bullet_points,Permission has been given for exploratory drilling for oil and gas in the Vale of Glamorgan.,Natural Resources Wales has approved a permit for exploratory drilling on a field in Swansea.,1302,15,16,0.9375,0,0.3225806451612903,0.1379310344827586,0.3225806451612903,0.9316612482070923,0.9174808263778687,0.9245166778564453
34157697,tech,bullet_points_strict,Permission has been given for exploratory drilling for oil and gas in the Vale of Glamorgan.,Natural Resources Wales has approved a permit for exploratory drilling on a field in Swansea.,1302,15,16,0.9375,0,0.3225806451612903,0.1379310344827586,0.3225806451612903,0.9316612482070923,0.9174808263778687,0.9245166778564453
34157697,tech,one_sentence,Permission has been given for exploratory drilling for oil and gas in the Vale of Glamorgan.,Natural Resources Wales has approved a permit for exploratory drilling on a field in Swansea.,1302,15,16,0.9375,0,0.3225806451612903,0.1379310344827586,0.3225806451612903,0.9316612482070923,0.9174808263778687,0.9245166778564453
34157697,tech,fact_constrained,Permission has been given for exploratory drilling for oil and gas in the Vale of Glamorgan.,Natural Resources Wales has approved a permit for exploratory drilling in Swansea.,1302,12,16,0.75,0,0.35714285714285715,0.15384615384615383,0.35714285714285715,0.9322798252105713,0.9153602123260498,0.9237425327301025
32880098,business,tldr,"Amazon, the global online retailer, is changing the way it records sales in a move that could see it paying more tax.","Amazon has announced that it will register sales in the UK, Germany, Spain and Italy.",1375,15,22,0.6818181818181818,0,0.3243243243243243,0.057142857142857134,0.21621621621621623,0.8755462169647217,0.8923130631446838,0.8838501572608948
32880098,business,bullet_points,"Amazon, the global online retailer, is changing the way it records sales in a move that could see it paying more tax.","Amazon has announced that it will be registering sales in the UK, Germany, Spain and Italy.",1375,16,22,0.7272727272727273,0,0.3157894736842105,0.05555555555555555,0.2105263157894737,0.8773554563522339,0.8949435353279114,0.8860622048377991
32880098,business,bullet_points_strict,"Amazon, the global online retailer, is changing the way it records sales in a move that could see it paying more tax.","Amazon has announced that it will register sales in the UK, Germany, Spain and Italy.",1375,15,22,0.6818181818181818,0,0.3243243243243243,0.057142857142857134,0.21621621621621623,0.8755462169647217,0.8923130631446838,0.8838501572608948
32880098,business,one_sentence,"Amazon, the global online retailer, is changing the way it records sales in a move that could see it paying more tax.","Amazon has announced that it will open a branch in the UK, Germany, Spain and Italy.",1375,16,22,0.7272727272727273,0,0.3157894736842105,0.0,0.15789473684210525,0.8753207921981812,0.8880554437637329,0.8816421031951904
32880098,business,fact_constrained,"Amazon, the global online retailer, is changing the way it records sales in a move that could see it paying more tax.","Amazon has announced that it will open a branch in the UK, Germany, Spain and Italy.",1375,16,22,0.7272727272727273,0,0.3157894736842105,0.0,0.15789473684210525,0.8753207921981812,0.8880554437637329,0.8816421031951904
35275918,politics,tldr,"Junior doctors should suspend Tuesday's strike action over pay and conditions while talks continue, the chief medical officer for England has urged.",The head of junior doctors' union has called on the government to halt a strike by junior doctors.,1697,18,22,0.8181818181818182,0,0.24390243902439024,0.05128205128205128,0.14634146341463414,0.9164336323738098,0.889525294303894,0.9027789831161499
35275918,politics,bullet_points,"Junior doctors should suspend Tuesday's strike action over pay and conditions while talks continue, the chief medical officer for England has urged.",The chief executive of the NHS has called on junior doctors to take strike action.,1697,15,22,0.6818181818181818,0,0.3684210526315789,0.16666666666666663,0.2105263157894737,0.9288334846496582,0.8954200744628906,0.9118207693099976
35275918,politics,bullet_points_strict,"Junior doctors should suspend Tuesday's strike action over pay and conditions while talks continue, the chief medical officer for England has urged.",The head of junior doctors' union has called on the government to halt a strike by junior doctors.,1697,18,22,0.8181818181818182,0,0.24390243902439024,0.05128205128205128,0.14634146341463414,0.9164336323738098,0.889525294303894,0.9027789831161499
35275918,politics,one_sentence,"Junior doctors should suspend Tuesday's strike action over pay and conditions while talks continue, the chief medical officer for England has urged.",The chief executive of the NHS has called on junior doctors to take strike action.,1697,15,22,0.6818181818181818,0,0.3684210526315789,0.16666666666666663,0.2105263157894737,0.9288334846496582,0.8954200744628906,0.9118207693099976
35275918,politics,fact_constrained,"Junior doctors should suspend Tuesday's strike action over pay and conditions while talks continue, the chief medical officer for England has urged.",The head of junior doctors' unions has called on the government to halt a strike by junior doctors.,1697,18,22,0.8181818181818182,0,0.24390243902439024,0.05128205128205128,0.14634146341463414,0.9173156023025513,0.8896218538284302,0.9032564759254456
35926534,sport,tldr,Oxford United have extended the loan of right-back Jonjoe Kenny from Premier League side Everton until the end of the season.,Oxford United have signed midfielder Ben Kenny on loan until the end of the season.,387,15,21,0.7142857142857143,0,0.5945945945945945,0.4,0.5405405405405405,0.9633652567863464,0.9177339673042297,0.9399961233139038
35926534,sport,bullet_points,Oxford United have extended the loan of right-back Jonjoe Kenny from Premier League side Everton until the end of the season.,Oxford United have signed midfielder Ben Kenny on loan until the end of the season.,387,15,21,0.7142857142857143,0,0.5945945945945945,0.4,0.5405405405405405,0.9633652567863464,0.9177339673042297,0.9399961233139038
35926534,sport,bullet_points_strict,Oxford United have extended the loan of right-back Jonjoe Kenny from Premier League side Everton until the end of the season.,Oxford United have signed midfielder Ben Kenny on loan until the end of the season.,387,15,21,0.7142857142857143,0,0.5945945945945945,0.4,0.5405405405405405,0.9633652567863464,0.9177339673042297,0.9399961233139038
35926534,sport,one_sentence,Oxford United have extended the loan of right-back Jonjoe Kenny from Premier League side Everton until the end of the season.,Oxford United have signed midfielder Ben Kenny on loan until the end of the season.,387,15,21,0.7142857142857143,0,0.5945945945945945,0.4,0.5405405405405405,0.9633652567863464,0.9177339673042297,0.9399961233139038
35926534,sport,fact_constrained,Oxford United have extended the loan of right-back Jonjoe Kenny from Premier League side Everton until the end of the season.,Oxford United have signed midfielder Ben Kenny on loan until the end of the season.,387,15,21,0.7142857142857143,0,0.5945945945945945,0.4,0.5405405405405405,0.9633652567863464,0.9177339673042297,0.9399961233139038
22006912,tech,tldr,A further education college in Dorset has received more than £2.88m in government funding to renovate buildings on campus.,Two colleges in England have been awarded £1.5m in grants to improve their facilities.,1128,14,19,0.7368421052631579,0,0.17142857142857143,0.0,0.17142857142857143,0.9439421892166138,0.9235494136810303,0.9336344599723816
22006912,tech,bullet_points,A further education college in Dorset has received more than £2.88m in government funding to renovate buildings on campus.,Two colleges in England have been awarded £1.5m in grants to improve their facilities.,1128,14,19,0.7368421052631579,0,0.17142857142857143,0.0,0.17142857142857143,0.9439421892166138,0.9235494136810303,0.9336344599723816
22006912,tech,bullet_points_strict,A further education college in Dorset has received more than £2.88m in government funding to renovate buildings on campus.,Two colleges in England have been awarded £1.5m in grants to improve their facilities.,1128,14,19,0.7368421052631579,0,0.17142857142857143,0.0,0.17142857142857143,0.9439421892166138,0.9235494136810303,0.9336344599723816
22006912,tech,one_sentence,A further education college in Dorset has received more than £2.88m in government funding to renovate buildings on campus.,A school in Hampshire has been awarded £1.5m for a new animal science building.,1128,14,19,0.7368421052631579,0,0.17142857142857143,0.0,0.17142857142857143,0.9427165985107422,0.9211727380752563,0.9318201541900635
22006912,tech,fact_constrained,A further education college in Dorset has received more than £2.88m in government funding to renovate buildings on campus.,Two colleges in England have been awarded £1.5m in grants to improve their facilities.,1128,14,19,0.7368421052631579,0,0.17142857142857143,0.0,0.17142857142857143,0.9439421892166138,0.9235494136810303,0.9336344599723816
28374193,sport,tldr,"The family of the former footballer Jeff Astle is to meet the FA chairman next month to discuss head injuries in the game, as part of their campaign.",The family of former West Brom striker Jeff Astle have been invited to a meeting to discuss the issue of head injuries and concussions.,1548,24,28,0.8571428571428571,0,0.5,0.19999999999999998,0.4230769230769231,0.9358561038970947,0.9211038947105408,0.9284213781356812
28374193,sport,bullet_points,"The family of the former footballer Jeff Astle is to meet the FA chairman next month to discuss head injuries in the game, as part of their campaign.",The family of former West Brom striker Jeff Astle have been invited to a meeting of the Football Association.,1548,19,28,0.6785714285714286,0,0.3829787234042553,0.17777777777777776,0.3404255319148936,0.9277858138084412,0.9097912311553955,0.9187003970146179
28374193,sport,bullet_points_strict,"The family of the former footballer Jeff Astle is to meet the FA chairman next month to discuss head injuries in the game, as part of their campaign.",The family of former West Brom striker Jeff Astle have been invited to a meeting to discuss head injuries and concussions.,1548,21,28,0.75,0,0.4489795918367347,0.25531914893617025,0.4489795918367347,0.9352285265922546,0.9178704023361206,0.9264681935310364
28374193,sport,one_sentence,"The family of the former footballer Jeff Astle is to meet the FA chairman next month to discuss head injuries in the game, as part of their campaign.",The family of former West Brom striker Jeff Astle have been invited to a meeting at Wembley to discuss head injuries and concussions.,1548,23,28,0.8214285714285714,0,0.4313725490196078,0.24489795918367346,0.4313725490196078,0.932449221611023,0.9226289987564087,0.9275131225585938
28374193,sport,fact_constrained,"The family of the former footballer Jeff Astle is to meet the FA chairman next month to discuss head injuries in the game, as part of their campaign.",The family of former West Brom striker Jeff Astle have been invited to a meeting of the Football Association.,1548,19,28,0.6785714285714286,0,0.3829787234042553,0.17777777777777776,0.3404255319148936,0.9277858138084412,0.9097912311553955,0.9187003970146179
30689144,business,tldr,These days it is not enough just to be a millionaire to count yourself as one of the super-rich - you need to be worth between $50-100m (£33m-£66m).,The gap between rich and poor has grown sharply since the 2008 global financial crisis.,7643,15,28,0.5357142857142857,0,0.13333333333333333,0.0,0.08888888888888888,0.8724049925804138,0.8203648924827576,0.8455850481987
30689144,business,bullet_points,These days it is not enough just to be a millionaire to count yourself as one of the super-rich - you need to be worth between $50-100m (£33m-£66m).,The wealth gap between rich and poor has grown sharply since the 2008 global financial crisis.,7643,16,28,0.5714285714285714,0,0.13043478260869568,0.0,0.08695652173913045,0.8709977865219116,0.8240556716918945,0.8468767404556274
30689144,business,bullet_points_strict,These days it is not enough just to be a millionaire to count yourself as one of the super-rich - you need to be worth between $50-100m (£33m-£66m).,The wealth gap between rich and poor has grown sharply since the 2008 global financial crisis.,7643,16,28,0.5714285714285714,0,0.13043478260869568,0.0,0.08695652173913045,0.8709977865219116,0.8240556716918945,0.8468767404556274
30689144,business,one_sentence,These days it is not enough just to be a millionaire to count yourself as one of the super-rich - you need to be worth between $50-100m (£33m-£66m).,The wealth gap between rich and poor has grown sharply since the 2008 global financial crisis.,7643,16,28,0.5714285714285714,0,0.13043478260869568,0.0,0.08695652173913045,0.8709977865219116,0.8240556716918945,0.8468767404556274
30689144,business,fact_constrained,These days it is not enough just to be a millionaire to count yourself as one of the super-rich - you need to be worth between $50-100m (£33m-£66m).,The wealth gap between rich and poor has grown sharply since the 2008 global financial crisis.,7643,16,28,0.5714285714285714,0,0.13043478260869568,0.0,0.08695652173913045,0.8709977865219116,0.8240556716918945,0.8468767404556274
39127657,sport,tldr,Brothers Ben and Tom Curry have signed five-year contracts with Sale Sharks.,Sale Sharks have signed Sale Sharks winger Tom and his twin brother Tom on loan until the end of the season.,672,21,12,1.75,0,0.35294117647058826,0.125,0.23529411764705882,0.8917065858840942,0.8984201550483704,0.8950507640838623
39127657,sport,bullet_points,Brothers Ben and Tom Curry have signed five-year contracts with Sale Sharks.,Sale Sharks have signed Sale Sharks winger Tom O'Toole on loan until the end of the season.,672,17,12,1.4166666666666667,0,0.3225806451612903,0.13793103448275862,0.2580645161290323,0.8747559189796448,0.8876644372940063,0.8811628818511963
39127657,sport,bullet_points_strict,Brothers Ben and Tom Curry have signed five-year contracts with Sale Sharks.,Sale Sharks have signed Sale Sharks winger Tom and his twin brother Tom on loan until the end of the season.,672,21,12,1.75,0,0.35294117647058826,0.125,0.23529411764705882,0.8917065858840942,0.8984201550483704,0.8950507640838623
39127657,sport,one_sentence,Brothers Ben and Tom Curry have signed five-year contracts with Sale Sharks.,Sale Sharks have signed Sale Sharks winger Tom O'Toole on loan until the end of the season.,672,17,12,1.4166666666666667,0,0.3225806451612903,0.13793103448275862,0.2580645161290323,0.8747559189796448,0.8876644372940063,0.8811628818511963
39127657,sport,fact_constrained,Brothers Ben and Tom Curry have signed five-year contracts with Sale Sharks.,Sale Sharks have signed Sale Sharks winger Tom O'Toole on loan until the end of the season.,672,17,12,1.4166666666666667,0,0.3225806451612903,0.13793103448275862,0.2580645161290323,0.8747559189796448,0.8876644372940063,0.8811628818511963
37666633,entertainment,tldr,Police in Fife are searching for a man who was seen exposing himself in Dunfermline.,A 20-year-old man has been arrested in connection with a robbery in London.,282,13,15,0.8666666666666667,0,0.26666666666666666,0.0,0.20000000000000004,0.9017362594604492,0.8802263140678406,0.8908514380455017
37666633,entertainment,bullet_points,Police in Fife are searching for a man who was seen exposing himself in Dunfermline.,A 20-year-old man has been arrested on suspicion of raping a woman in a London street.,282,16,15,1.0666666666666667,0,0.1818181818181818,0.0,0.1818181818181818,0.9024569392204285,0.8776803612709045,0.8898962140083313
37666633,entertainment,bullet_points_strict,Police in Fife are searching for a man who was seen exposing himself in Dunfermline.,A 21-year-old man has been arrested on suspicion of attempted murder after a man was stabbed to death in London.,282,20,15,1.3333333333333333,0,0.21621621621621623,0.057142857142857134,0.21621621621621623,0.8920624256134033,0.8781450390815735,0.885049045085907
37666633,entertainment,one_sentence,Police in Fife are searching for a man who was seen exposing himself in Dunfermline.,A man has been arrested on suspicion of attempted murder after a man was stabbed to death in a block of flats in London.,282,24,15,1.6,0,0.25641025641025644,0.05405405405405405,0.2051282051282051,0.8868204355239868,0.8769988417625427,0.8818823099136353
37666633,entertainment,fact_constrained,Police in Fife are searching for a man who was seen exposing himself in Dunfermline.,A 20-year-old man has been arrested in connection with a robbery in London.,282,13,15,0.8666666666666667,0,0.26666666666666666,0.0,0.20000000000000004,0.9017362594604492,0.8802263140678406,0.8908514380455017
32856926,politics,tldr,A UN conference aimed at preventing the proliferation of nuclear weapons has ended in failure after a row over a nuclear-free Middle East proposal.,Egypt has blocked a plan to hold a regional conference on Israel's nuclear weapons stockpile.,1301,15,24,0.625,0,0.2926829268292683,0.05128205128205127,0.19512195121951217,0.9111068248748779,0.9032676219940186,0.907170295715332
32856926,politics,bullet_points,A UN conference aimed at preventing the proliferation of nuclear weapons has ended in failure after a row over a nuclear-free Middle East proposal.,Egypt has blocked a plan to hold a regional conference on Israel's nuclear weapons stockpile.,1301,15,24,0.625,0,0.2926829268292683,0.05128205128205127,0.19512195121951217,0.9111068248748779,0.9032676219940186,0.907170295715332
32856926,politics,bullet_points_strict,A UN conference aimed at preventing the proliferation of nuclear weapons has ended in failure after a row over a nuclear-free Middle East proposal.,Egypt has blocked a plan to hold a regional conference on Israel's nuclear weapons stockpile.,1301,15,24,0.625,0,0.2926829268292683,0.05128205128205127,0.19512195121951217,0.9111068248748779,0.9032676219940186,0.907170295715332
32856926,politics,one_sentence,A UN conference aimed at preventing the proliferation of nuclear weapons has ended in failure after a row over a nuclear-free Middle East proposal.,Egypt has blocked a plan to hold a regional conference on Israel's nuclear weapons stockpile.,1301,15,24,0.625,0,0.2926829268292683,0.05128205128205127,0.19512195121951217,0.9111068248748779,0.9032676219940186,0.907170295715332
32856926,politics,fact_constrained,A UN conference aimed at preventing the proliferation of nuclear weapons has ended in failure after a row over a nuclear-free Middle East proposal.,Egypt has blocked a plan to hold a regional conference on Israel's nuclear weapons stockpile.,1301,15,24,0.625,0,0.2926829268292683,0.05128205128205127,0.19512195121951217,0.9111068248748779,0.9032676219940186,0.907170295715332
33935224,business,tldr,"Fracking for shale gas in Wales should still be opposed despite plans to fast-track such schemes in England, the Welsh government has said.","Fracking in Wales is ""unproven"" and ""unproven"", the Welsh government has said.",1750,12,23,0.5217391304347826,0,0.4444444444444444,0.29411764705882354,0.4444444444444444,0.9209541082382202,0.9078003168106079,0.9143298864364624
33935224,business,bullet_points,"Fracking for shale gas in Wales should still be opposed despite plans to fast-track such schemes in England, the Welsh government has said.","Fracking is a major industry in the United States, but there are concerns about safety, the environment and underground water.",1750,20,23,0.8695652173913043,0,0.13636363636363635,0.0,0.13636363636363635,0.886938214302063,0.8763394355773926,0.8816069960594177
33935224,business,bullet_points_strict,"Fracking for shale gas in Wales should still be opposed despite plans to fast-track such schemes in England, the Welsh government has said.",The UK government has urged councils in Wales to make decisions on fracking applications within statutory timescales.,1750,17,23,0.7391304347826086,0,0.34146341463414637,0.10256410256410256,0.14634146341463414,0.886056661605835,0.8999394178390503,0.8929440975189209
33935224,business,one_sentence,"Fracking for shale gas in Wales should still be opposed despite plans to fast-track such schemes in England, the Welsh government has said.","Fracking is a major industry in the United States, but the UK government says it is ""unproven"" and ""unproven"".",1750,19,23,0.8260869565217391,0,0.186046511627907,0.0,0.186046511627907,0.8863661289215088,0.8896938562393188,0.8880268335342407
33935224,business,fact_constrained,"Fracking for shale gas in Wales should still be opposed despite plans to fast-track such schemes in England, the Welsh government has said.",Fracking has been banned in Wales for a second time in a row over safety and environmental concerns.,1750,18,23,0.782608695652174,0,0.28571428571428575,0.049999999999999996,0.1904761904761905,0.9045567512512207,0.8915405869483948,0.8980015516281128
37638479,sport,tldr,"For a man often described as capricious, Tyson Fury's chaotic reign as world heavyweight champion was strangely predictable.",The British boxer Tyson Fury says he's not the first person to lose motivation.,8981,14,18,0.7777777777777778,0,0.17647058823529413,0.0625,0.17647058823529413,0.884088397026062,0.865922212600708,0.8749110698699951
37638479,sport,bullet_points,"For a man often described as capricious, Tyson Fury's chaotic reign as world heavyweight champion was strangely predictable.","Whether it's a lack of motivation or a lack of a sense of purpose, it's difficult to know what's going on.",8981,21,18,1.1666666666666667,0,0.0930232558139535,0.0,0.0930232558139535,0.8568176627159119,0.8479247093200684,0.8523479104042053
37638479,sport,bullet_points_strict,"For a man often described as capricious, Tyson Fury's chaotic reign as world heavyweight champion was strangely predictable.",It's a shame that boxer Tyson Fury has withdrawn from the rematch with Klitschko because of depression.,8981,17,18,0.9444444444444444,0,0.21621621621621623,0.05714285714285714,0.16216216216216214,0.8823785185813904,0.8635351061820984,0.8728550672531128
37638479,sport,one_sentence,"For a man often described as capricious, Tyson Fury's chaotic reign as world heavyweight champion was strangely predictable.",Defending champion Tyson Fury has been battling depression for the past two years.,8981,13,18,0.7222222222222222,0,0.25,0.06666666666666667,0.125,0.8933791518211365,0.8729990124702454,0.8830714821815491
37638479,sport,fact_constrained,"For a man often described as capricious, Tyson Fury's chaotic reign as world heavyweight champion was strangely predictable.",The British boxer Tyson Fury has been in a constant state of denial since his victory over Klitschko in November.,8981,20,18,1.1111111111111112,0,0.15384615384615385,0.05405405405405406,0.10256410256410256,0.8752641677856445,0.8747642040252686,0.875014066696167
37512857,sport,tldr,England coach Eddie Jones will name his 45-man Elite Player Squad squad ahead of the autumn Tests at 10:00 BST on Friday.,England head coach Dai Young says he expects a number of players to be named in England's final squad for the autumn Tests.,2590,23,22,1.0454545454545454,0,0.2916666666666667,0.08695652173913043,0.25,0.9214339256286621,0.8786097764968872,0.8995124697685242
37512857,sport,bullet_points,England coach Eddie Jones will name his 45-man Elite Player Squad squad ahead of the autumn Tests at 10:00 BST on Friday.,England head coach Eddie Jones says he expects a number of players to make the England squad for the autumn Tests.,2590,21,22,0.9545454545454546,0,0.39999999999999997,0.18604651162790697,0.35555555555555557,0.9380518198013306,0.8854583501815796,0.9109966158866882
37512857,sport,bullet_points_strict,England coach Eddie Jones will name his 45-man Elite Player Squad squad ahead of the autumn Tests at 10:00 BST on Friday.,"England will have a number of players in their squad for the autumn Tests, says the head coach of Wasps.",2590,20,22,0.9090909090909091,0,0.3636363636363636,0.09523809523809525,0.2727272727272727,0.9118237495422363,0.8730040788650513,0.8919917941093445
37512857,sport,one_sentence,England coach Eddie Jones will name his 45-man Elite Player Squad squad ahead of the autumn Tests at 10:00 BST on Friday.,England head coach Eddie Jones says he expects a number of players to make the England squad for the autumn Tests.,2590,21,22,0.9545454545454546,0,0.39999999999999997,0.18604651162790697,0.35555555555555557,0.9380518198013306,0.8854583501815796,0.9109966158866882
37512857,sport,fact_constrained,England coach Eddie Jones will name his 45-man Elite Player Squad squad ahead of the autumn Tests at 10:00 BST on Friday.,England head coach Eddie Jones has said he expects a number of players to make the England squad for the autumn Tests.,2590,22,22,1.0,0,0.3913043478260869,0.1818181818181818,0.34782608695652173,0.936316728591919,0.8861209154129028,0.9105275869369507
33446602,entertainment,tldr,A collection of paintings capturing the landscapes and legacy of life on the North East coast is going on display.,The first major exhibition of his paintings has been held in his hometown of North Shields.,1681,16,20,0.8,0,0.2777777777777778,0.0,0.22222222222222224,0.8965812921524048,0.8933966755867004,0.894986093044281
33446602,entertainment,bullet_points,A collection of paintings capturing the landscapes and legacy of life on the North East coast is going on display.,The first major exhibition of his paintings has been held in his hometown of North Shields.,1681,16,20,0.8,0,0.2777777777777778,0.0,0.22222222222222224,0.8965812921524048,0.8933966755867004,0.894986093044281
33446602,entertainment,bullet_points_strict,A collection of paintings capturing the landscapes and legacy of life on the North East coast is going on display.,The first major exhibition of his paintings has been held in his hometown of North Shields.,1681,16,20,0.8,0,0.2777777777777778,0.0,0.22222222222222224,0.8965812921524048,0.8933966755867004,0.894986093044281
33446602,entertainment,one_sentence,A collection of paintings capturing the landscapes and legacy of life on the North East coast is going on display.,The first major exhibition to be held in North Shields since the artist's death has opened.,1681,16,20,0.8,0,0.16216216216216214,0.0,0.1081081081081081,0.8978881239891052,0.894321858882904,0.8961014747619629
33446602,entertainment,fact_constrained,A collection of paintings capturing the landscapes and legacy of life on the North East coast is going on display.,The first major exhibition of his paintings has been held in his hometown of North Shields.,1681,16,20,0.8,0,0.2777777777777778,0.0,0.22222222222222224,0.8965812921524048,0.8933966755867004,0.894986093044281
37799828,sport,tldr,Hibernian's Neil Lennon believes Scott Brown retired too soon from Scotland duty and still has plenty to offer now he has decided to return.,"Neil Lennon says Scott Brown's return to the Scotland squad is ""not a surprise"" because he thought he retired too early.",2378,21,24,0.875,0,0.46808510638297873,0.13333333333333333,0.2553191489361702,0.9210469722747803,0.914762020111084,0.9178937077522278
37799828,sport,bullet_points,Hibernian's Neil Lennon believes Scott Brown retired too soon from Scotland duty and still has plenty to offer now he has decided to return.,"Scotland manager Neil Lennon says Scott Brown's return to the Scotland squad is ""not a surprise"" because he thought he retired too early.",2378,23,24,0.9583333333333334,0,0.4489795918367347,0.1276595744680851,0.24489795918367346,0.9178769588470459,0.9151747822761536,0.9165239334106445
37799828,sport,bullet_points_strict,Hibernian's Neil Lennon believes Scott Brown retired too soon from Scotland duty and still has plenty to offer now he has decided to return.,"Scotland manager Neil Lennon says Scott Brown's return to the Scotland squad is ""not a surprise"" because he thought he retired too early.",2378,23,24,0.9583333333333334,0,0.4489795918367347,0.1276595744680851,0.24489795918367346,0.9178769588470459,0.9151747822761536,0.9165239334106445
37799828,sport,one_sentence,Hibernian's Neil Lennon believes Scott Brown retired too soon from Scotland duty and still has plenty to offer now he has decided to return.,Scotland manager Neil Lennon says Scott Brown's return to the Scotland squad is not a surprise.,2378,16,24,0.6666666666666666,0,0.38095238095238104,0.1,0.2380952380952381,0.9279406666755676,0.8996471166610718,0.9135748147964478
37799828,sport,fact_constrained,Hibernian's Neil Lennon believes Scott Brown retired too soon from Scotland duty and still has plenty to offer now he has decided to return.,Neil Lennon says Scott Brown's return to the Scotland squad is not a surprise because he thought he retired too early.,2378,21,24,0.875,0,0.46808510638297873,0.13333333333333333,0.2553191489361702,0.9261400103569031,0.9143546223640442,0.9202095866203308
37250267,entertainment,tldr,A buzzard has been rescued after becoming trapped between fencing and a wall in Gwynedd.,A buzzard has been released from a fence in Washington state.,301,11,15,0.7333333333333333,0,0.4615384615384615,0.25,0.4615384615384615,0.9460143446922302,0.909731388092041,0.9275181293487549
37250267,entertainment,bullet_points,A buzzard has been rescued after becoming trapped between fencing and a wall in Gwynedd.,A buzzard has been released from a fence after a pigeon was chasing it.,301,14,15,0.9333333333333333,0,0.4137931034482759,0.22222222222222224,0.4137931034482759,0.9257436990737915,0.907626748085022,0.9165956974029541
37250267,entertainment,bullet_points_strict,A buzzard has been rescued after becoming trapped between fencing and a wall in Gwynedd.,A buzzard has been released from a fence after a pigeon was chasing it.,301,14,15,0.9333333333333333,0,0.4137931034482759,0.22222222222222224,0.4137931034482759,0.9257436990737915,0.907626748085022,0.9165956974029541
37250267,entertainment,one_sentence,A buzzard has been rescued after becoming trapped between fencing and a wall in Gwynedd.,A buzzard has been released from a fence in Washington state.,301,11,15,0.7333333333333333,0,0.4615384615384615,0.25,0.4615384615384615,0.9460143446922302,0.909731388092041,0.9275181293487549
37250267,entertainment,fact_constrained,A buzzard has been rescued after becoming trapped between fencing and a wall in Gwynedd.,A buzzard has been released from a fence after being stuck in a fence.,301,14,15,0.9333333333333333,0,0.4827586206896552,0.22222222222222224,0.4137931034482759,0.9516559839248657,0.9168793559074402,0.933944046497345
38296460,business,tldr,"Post Office workers will stage five days of strikes from Monday in a continuing dispute over jobs, pensions and branch closures, their union says.",Workers from the Post Office are to walk out of their jobs after the company announced plans to close its branches.,1249,21,24,0.875,0,0.3111111111111111,0.046511627906976744,0.17777777777777778,0.9199866056442261,0.8992823362350464,0.9095166921615601
38296460,business,bullet_points,"Post Office workers will stage five days of strikes from Monday in a continuing dispute over jobs, pensions and branch closures, their union says.",The Post Office has said it will walk out of its WH Smith stores on Wednesday as part of a planned strike.,1249,22,24,0.9166666666666666,0,0.21739130434782608,0.04545454545454545,0.21739130434782608,0.9048448801040649,0.8917384147644043,0.8982438445091248
38296460,business,bullet_points_strict,"Post Office workers will stage five days of strikes from Monday in a continuing dispute over jobs, pensions and branch closures, their union says.",Workers from the Post Office are to walk out of their jobs after the company announced plans to privatise the network.,1249,21,24,0.875,0,0.3111111111111111,0.046511627906976744,0.17777777777777778,0.9085176587104797,0.8920912146568298,0.9002294540405273
38296460,business,one_sentence,"Post Office workers will stage five days of strikes from Monday in a continuing dispute over jobs, pensions and branch closures, their union says.",The Post Office has said it will walk out of its WH Smith stores after a walkout.,1249,17,24,0.7083333333333334,0,0.24390243902439027,0.05128205128205128,0.24390243902439027,0.8953536152839661,0.873748242855072,0.8844190239906311
38296460,business,fact_constrained,"Post Office workers will stage five days of strikes from Monday in a continuing dispute over jobs, pensions and branch closures, their union says.",The Post Office is to walk out of its WH Smith stores after a strike by workers.,1249,17,24,0.7083333333333334,0,0.24390243902439027,0.05128205128205128,0.19512195121951217,0.9083570837974548,0.8910877108573914,0.8996395468711853
38973171,politics,tldr,The Ulster Unionist leader has denied he made a mistake by saying he intends to give the SDLP his second preference in the Assembly election.,Ulster Unionist leader Mike Nesbitt has said he would rather go in with Sinn Fin or the SDLP.,2563,18,25,0.72,0,0.37209302325581395,0.14634146341463414,0.32558139534883723,0.8867180347442627,0.9027037620544434,0.8946394920349121
38973171,politics,bullet_points,The Ulster Unionist leader has denied he made a mistake by saying he intends to give the SDLP his second preference in the Assembly election.,The leader of the Ulster Unionist Party has said he would rather go in with Sinn Féin or the SDLP.,2563,20,25,0.8,0,0.43478260869565216,0.13636363636363635,0.30434782608695654,0.9181351065635681,0.91386878490448,0.9159969687461853
38973171,politics,bullet_points_strict,The Ulster Unionist leader has denied he made a mistake by saying he intends to give the SDLP his second preference in the Assembly election.,The leader of the Ulster Unionist Party has said he would rather go in with Sinn Féin or the SDLP.,2563,20,25,0.8,0,0.43478260869565216,0.13636363636363635,0.30434782608695654,0.9181351065635681,0.91386878490448,0.9159969687461853
38973171,politics,one_sentence,The Ulster Unionist leader has denied he made a mistake by saying he intends to give the SDLP his second preference in the Assembly election.,The leader of the Ulster Unionist Party has said he would rather go in with Sinn Féin or the SDLP.,2563,20,25,0.8,0,0.43478260869565216,0.13636363636363635,0.30434782608695654,0.9181351065635681,0.91386878490448,0.9159969687461853
38973171,politics,fact_constrained,The Ulster Unionist leader has denied he made a mistake by saying he intends to give the SDLP his second preference in the Assembly election.,The leader of the Ulster Unionist Party has said he would rather go in with Sinn Féin or the SDLP.,2563,20,25,0.8,0,0.43478260869565216,0.13636363636363635,0.30434782608695654,0.9181351065635681,0.91386878490448,0.9159969687461853
39229366,tech,tldr,Steroids and medicines with an estimated street value of some 2m euros (Â£1.7m) have been seized in Donegal.,"Police in Northern Ireland have raided a number of locations in the Republic of Ireland, including Muff and Lifford.",543,19,18,1.0555555555555556,0,0.21052631578947367,0.0,0.10526315789473684,0.8721809387207031,0.8331887722015381,0.8522390723228455
39229366,tech,bullet_points,Steroids and medicines with an estimated street value of some 2m euros (Â£1.7m) have been seized in Donegal.,A man has been arrested in Northern Ireland after a series of drug raids in the Republic of Ireland.,543,19,18,1.0555555555555556,0,0.15789473684210525,0.0,0.10526315789473684,0.9076913595199585,0.8407175540924072,0.8729217052459717
39229366,tech,bullet_points_strict,Steroids and medicines with an estimated street value of some 2m euros (Â£1.7m) have been seized in Donegal.,A man has been arrested in Northern Ireland after a series of drug raids.,543,14,18,0.7777777777777778,0,0.18181818181818182,0.0,0.12121212121212122,0.9182921051979065,0.8412248492240906,0.8780707120895386
39229366,tech,one_sentence,Steroids and medicines with an estimated street value of some 2m euros (Â£1.7m) have been seized in Donegal.,Police in Northern Ireland have arrested a man in his 30s after a series of raids in the Republic of Ireland.,543,21,18,1.1666666666666667,0,0.15,0.0,0.1,0.8897249102592468,0.8342559337615967,0.861098051071167
39229366,tech,fact_constrained,Steroids and medicines with an estimated street value of some 2m euros (Â£1.7m) have been seized in Donegal.,Police in Northern Ireland have arrested a man in his 30s after a series of raids in the Republic of Ireland.,543,21,18,1.1666666666666667,0,0.15,0.0,0.1,0.8897249102592468,0.8342559337615967,0.861098051071167
36836031,politics,tldr,"Sinn FÃ©in leader Gerry Adams has said there is ""a need to be open and imaginative"" on new constitutional arrangements.",Northern Ireland's Stormont executive has urged all parties to support a united Ireland if the UK leaves the EU.,1648,19,20,0.95,0,0.14634146341463414,0.0,0.0975609756097561,0.8643779754638672,0.8508585095405579,0.8575650453567505
36836031,politics,bullet_points,"Sinn FÃ©in leader Gerry Adams has said there is ""a need to be open and imaginative"" on new constitutional arrangements.",Northern Ireland's Stormont executive has urged all parties to support a united Ireland if the UK leaves the EU.,1648,19,20,0.95,0,0.14634146341463414,0.0,0.0975609756097561,0.8643779754638672,0.8508585095405579,0.8575650453567505
36836031,politics,bullet_points_strict,"Sinn FÃ©in leader Gerry Adams has said there is ""a need to be open and imaginative"" on new constitutional arrangements.",Northern Ireland's Stormont executive has called on all parties to support a united Ireland.,1648,14,20,0.7,0,0.2222222222222222,0.0,0.1111111111111111,0.8735684752464294,0.8527634143829346,0.863040566444397
36836031,politics,one_sentence,"Sinn FÃ©in leader Gerry Adams has said there is ""a need to be open and imaginative"" on new constitutional arrangements.","Sinn Féin leader Martin McGuinness has called for a ""fanciful theory"" that triggering a border poll could lead to a united Ireland.",1648,22,20,1.1,0,0.31818181818181823,0.14285714285714282,0.31818181818181823,0.8857440948486328,0.892421305179596,0.8890701532363892
36836031,politics,fact_constrained,"Sinn FÃ©in leader Gerry Adams has said there is ""a need to be open and imaginative"" on new constitutional arrangements.",Northern Ireland's Stormont executive has urged all parties supporting a united Ireland to discuss how best to achieve it.,1648,19,20,0.95,0,0.14634146341463414,0.0,0.14634146341463414,0.865319550037384,0.8534911870956421,0.8593646287918091
37159611,sport,tldr,"Morecambe must not get carried away despite sitting top of League Two, says Shrimps boss Jim Bentley.","Morecambe manager Paul Bentley says he is ""not too high and never too low"" after his side's 1-0 win over Rotherham.",1008,21,17,1.2352941176470589,0,0.19999999999999998,0.0,0.09999999999999999,0.8705843687057495,0.8828374147415161,0.8766680359840393
37159611,sport,bullet_points,"Morecambe must not get carried away despite sitting top of League Two, says Shrimps boss Jim Bentley.","Morecambe manager Paul Bentley says he is ""not too high and never too low"" after his side's 1-0 win over Rotherham.",1008,21,17,1.2352941176470589,0,0.19999999999999998,0.0,0.09999999999999999,0.8705843687057495,0.8828374147415161,0.8766680359840393
37159611,sport,bullet_points_strict,"Morecambe must not get carried away despite sitting top of League Two, says Shrimps boss Jim Bentley.","Morecambe manager Paul Bentley says he is ""not too high and never too low"" after his side's 1-0 win over Rotherham.",1008,21,17,1.2352941176470589,0,0.19999999999999998,0.0,0.09999999999999999,0.8705843687057495,0.8828374147415161,0.8766680359840393
37159611,sport,one_sentence,"Morecambe must not get carried away despite sitting top of League Two, says Shrimps boss Jim Bentley.","Morecambe manager Paul Bentley says he is ""not too high and never too low"" after his side's 1-0 win over Rotherham.",1008,21,17,1.2352941176470589,0,0.19999999999999998,0.0,0.09999999999999999,0.8705843687057495,0.8828374147415161,0.8766680359840393
37159611,sport,fact_constrained,"Morecambe must not get carried away despite sitting top of League Two, says Shrimps boss Jim Bentley.","Morecambe manager Paul Bentley says he is ""not too high and never too low"" after his side's 1-0 win over Rotherham.",1008,21,17,1.2352941176470589,0,0.19999999999999998,0.0,0.09999999999999999,0.8705843687057495,0.8828374147415161,0.8766680359840393
40399770,politics,tldr,"Some demands set by four Arab states on Qatar in return for lifting sanctions will be ""difficult to meet"", US Secretary of State Rex Tillerson says.","US Secretary of State Rex Tillerson has urged Qatar to meet the demands made by Saudi Arabia, Egypt, the UAE and Bahrain.",3134,22,26,0.8461538461538461,0,0.4583333333333333,0.2608695652173913,0.24999999999999994,0.917300820350647,0.908024251461029,0.9126390218734741
40399770,politics,bullet_points,"Some demands set by four Arab states on Qatar in return for lifting sanctions will be ""difficult to meet"", US Secretary of State Rex Tillerson says.","US Secretary of State Rex Tillerson has urged Qatar to meet the demands of four Gulf states, including Saudi Arabia, Egypt and the UAE.",3134,24,26,0.9230769230769231,0,0.48000000000000004,0.24999999999999994,0.24000000000000002,0.9133577346801758,0.9117904305458069,0.9125734567642212
40399770,politics,bullet_points_strict,"Some demands set by four Arab states on Qatar in return for lifting sanctions will be ""difficult to meet"", US Secretary of State Rex Tillerson says.",US Secretary of State Rex Tillerson has urged Qatar to lower its rhetoric in a bid to ease tensions over terrorism and extremism.,3134,23,26,0.8846153846153846,0,0.36734693877551017,0.21276595744680854,0.24489795918367346,0.899194598197937,0.8904755711555481,0.8948137760162354
40399770,politics,one_sentence,"Some demands set by four Arab states on Qatar in return for lifting sanctions will be ""difficult to meet"", US Secretary of State Rex Tillerson says.",US Secretary of State Rex Tillerson has urged Qatar to lower its rhetoric in response to a series of demands made by Saudi Arabia and its allies.,3134,27,26,1.0384615384615385,0,0.4150943396226415,0.19607843137254902,0.22641509433962265,0.9092938303947449,0.9059821367263794,0.907634973526001
40399770,politics,fact_constrained,"Some demands set by four Arab states on Qatar in return for lifting sanctions will be ""difficult to meet"", US Secretary of State Rex Tillerson says.",US Secretary of State Rex Tillerson has urged the Gulf states to work together to stop terrorism and counter extremism.,3134,20,26,0.7692307692307693,0,0.34782608695652173,0.22727272727272727,0.2608695652173913,0.9106363654136658,0.8865950107574463,0.8984548449516296
36892561,politics,tldr,"UKIP ex-deputy chairwoman Suzanne Evans says she has given up hope of becoming the party's next leader - but insists she will not ""give up"" on UKIP.",UKIP's former spokeswoman Sarah Evans has said she has given up hope of becoming the party's next leader.,2611,18,27,0.6666666666666666,0,0.5833333333333334,0.47826086956521735,0.5833333333333334,0.966002345085144,0.9321157932281494,0.9487565755844116
36892561,politics,bullet_points,"UKIP ex-deputy chairwoman Suzanne Evans says she has given up hope of becoming the party's next leader - but insists she will not ""give up"" on UKIP.",Former UKIP spokeswoman Sarah Evans has said she has given up hope of becoming the party's next leader.,2611,18,27,0.6666666666666666,0,0.5957446808510638,0.4888888888888889,0.5957446808510638,0.9716529846191406,0.9303438067436218,0.9505497217178345
36892561,politics,bullet_points_strict,"UKIP ex-deputy chairwoman Suzanne Evans says she has given up hope of becoming the party's next leader - but insists she will not ""give up"" on UKIP.",UKIP's former spokeswoman Sarah Evans has said she has given up hope of becoming the party's next leader.,2611,18,27,0.6666666666666666,0,0.5833333333333334,0.47826086956521735,0.5833333333333334,0.966002345085144,0.9321157932281494,0.9487565755844116
36892561,politics,one_sentence,"UKIP ex-deputy chairwoman Suzanne Evans says she has given up hope of becoming the party's next leader - but insists she will not ""give up"" on UKIP.",Former UKIP spokeswoman Sarah Evans has said she has given up hope of becoming the party's next leader.,2611,18,27,0.6666666666666666,0,0.5957446808510638,0.4888888888888889,0.5957446808510638,0.9716529846191406,0.9303438067436218,0.9505497217178345
36892561,politics,fact_constrained,"UKIP ex-deputy chairwoman Suzanne Evans says she has given up hope of becoming the party's next leader - but insists she will not ""give up"" on UKIP.",UKIP's ex-chairwoman Helen Evans has said she has given up hope of becoming the party's next leader.,2611,17,27,0.6296296296296297,0,0.6666666666666666,0.47826086956521735,0.6666666666666666,0.9742656946182251,0.9399988651275635,0.9568255543708801
30791800,tech,tldr,A court in the Indian capital has formally charged a driver of the Uber web-based taxi firm with the rape and kidnapping of a passenger last month.,A taxi driver in Delhi has been charged with raping and abducting a woman.,1079,14,27,0.5185185185185185,0,0.4285714285714286,0.0,0.3333333333333333,0.9524890184402466,0.9050575494766235,0.9281677007675171
30791800,tech,bullet_points,A court in the Indian capital has formally charged a driver of the Uber web-based taxi firm with the rape and kidnapping of a passenger last month.,"A taxi driver in Delhi has been charged with raping and abducting a woman, police say.",1079,16,27,0.5925925925925926,0,0.40909090909090917,0.0,0.3181818181818182,0.9440674781799316,0.9073899984359741,0.9253653883934021
30791800,tech,bullet_points_strict,A court in the Indian capital has formally charged a driver of the Uber web-based taxi firm with the rape and kidnapping of a passenger last month.,"A taxi driver has been charged with raping a woman in Delhi, police say.",1079,14,27,0.5185185185185185,0,0.38095238095238093,0.0,0.2380952380952381,0.9436021447181702,0.9011359214782715,0.9218802452087402
30791800,tech,one_sentence,A court in the Indian capital has formally charged a driver of the Uber web-based taxi firm with the rape and kidnapping of a passenger last month.,"A taxi driver in Delhi has been charged with raping and abducting a woman, police say.",1079,16,27,0.5925925925925926,0,0.40909090909090917,0.0,0.3181818181818182,0.9440674781799316,0.9073899984359741,0.9253653883934021
30791800,tech,fact_constrained,A court in the Indian capital has formally charged a driver of the Uber web-based taxi firm with the rape and kidnapping of a passenger last month.,"A taxi driver has been charged with raping a woman in Delhi, police say.",1079,14,27,0.5185185185185185,0,0.38095238095238093,0.0,0.2380952380952381,0.9436021447181702,0.9011359214782715,0.9218802452087402
36732018,sport,tldr,"Standing hand-in-hand like theatre actors at their curtain call, Wales' players were met with a spine-tingling rendition of the national anthem from their fans following their European Championship semi-final defeat by Portugal.",It was a moment of adoration between Wales' players and fans in France.,6453,13,32,0.40625,0,0.2448979591836735,0.0425531914893617,0.12244897959183675,0.9107898473739624,0.859030544757843,0.8841533064842224
36732018,sport,bullet_points,"Standing hand-in-hand like theatre actors at their curtain call, Wales' players were met with a spine-tingling rendition of the national anthem from their fans following their European Championship semi-final defeat by Portugal.",It was the end of the Euro 2016 campaign for Wales.,6453,11,32,0.34375,0,0.1276595744680851,0.04444444444444444,0.0851063829787234,0.9172064065933228,0.8497858643531799,0.882209837436676
36732018,sport,bullet_points_strict,"Standing hand-in-hand like theatre actors at their curtain call, Wales' players were met with a spine-tingling rendition of the national anthem from their fans following their European Championship semi-final defeat by Portugal.",It was the end of the Euro 2016 campaign for Wales.,6453,11,32,0.34375,0,0.1276595744680851,0.04444444444444444,0.0851063829787234,0.9172064065933228,0.8497858643531799,0.882209837436676
36732018,sport,one_sentence,"Standing hand-in-hand like theatre actors at their curtain call, Wales' players were met with a spine-tingling rendition of the national anthem from their fans following their European Championship semi-final defeat by Portugal.",It was a moment of adoration for Wales' players and fans in France.,6453,13,32,0.40625,0,0.2448979591836735,0.0425531914893617,0.12244897959183675,0.9106944799423218,0.8561123609542847,0.8825603723526001
36732018,sport,fact_constrained,"Standing hand-in-hand like theatre actors at their curtain call, Wales' players were met with a spine-tingling rendition of the national anthem from their fans following their European Championship semi-final defeat by Portugal.",It was the end of the Euro 2016 campaign for Wales.,6453,11,32,0.34375,0,0.1276595744680851,0.04444444444444444,0.0851063829787234,0.9172064065933228,0.8497858643531799,0.882209837436676
37230405,business,tldr,Ferguslie Park in Paisley has been identified as the area of Scotland with the greatest level of deprivation.,Renfrewshire area has been at the bottom of Scotland's most deprived areas for four years.,4899,15,18,0.8333333333333334,0,0.35294117647058826,0.125,0.29411764705882354,0.9004612565040588,0.8890295028686523,0.8947089314460754
37230405,business,bullet_points,Ferguslie Park in Paisley has been identified as the area of Scotland with the greatest level of deprivation.,"Renfrewshire area is the most deprived in Scotland, according to new figures.",4899,12,18,0.6666666666666666,0,0.26666666666666666,0.0,0.13333333333333333,0.9201539158821106,0.8954703211784363,0.9076443314552307
37230405,business,bullet_points_strict,Ferguslie Park in Paisley has been identified as the area of Scotland with the greatest level of deprivation.,Renfrewshire area has been at the bottom of Scotland's most deprived areas for four years.,4899,15,18,0.8333333333333334,0,0.35294117647058826,0.125,0.29411764705882354,0.9004612565040588,0.8890295028686523,0.8947089314460754
37230405,business,one_sentence,Ferguslie Park in Paisley has been identified as the area of Scotland with the greatest level of deprivation.,"East Renfrewshire area is the most deprived in Scotland, according to new figures.",4899,13,18,0.7222222222222222,0,0.2580645161290323,0.0,0.12903225806451615,0.9170710444450378,0.8967205286026001,0.9067816138267517
37230405,business,fact_constrained,Ferguslie Park in Paisley has been identified as the area of Scotland with the greatest level of deprivation.,Renfrewshire area has been at the bottom of Scotland's most deprived areas for four years.,4899,15,18,0.8333333333333334,0,0.35294117647058826,0.125,0.29411764705882354,0.9004612565040588,0.8890295028686523,0.8947089314460754
37187968,sport,tldr,Coleraine rower Joel Cassells and Great Britain team-mate Sam Scrimgeour remain on course to defend their lightweight pairs world title after winning their semi-final in Rotterdam on Thursday.,Britain's Mark Cassells and Shane Scrimgeour won the lightweight pairs final at the World Championships in Rotterdam.,1213,17,28,0.6071428571428571,0,0.4166666666666667,0.13043478260869565,0.33333333333333337,0.9507121443748474,0.9053273797035217,0.9274649024009705
37187968,sport,bullet_points,Coleraine rower Joel Cassells and Great Britain team-mate Sam Scrimgeour remain on course to defend their lightweight pairs world title after winning their semi-final in Rotterdam on Thursday.,Britain's Mark Cassells and Shane Scrimgeour won the lightweight pairs final at the World Championships in Rotterdam on Sunday.,1213,19,28,0.6785714285714286,0,0.43999999999999995,0.16666666666666666,0.36000000000000004,0.9511932730674744,0.909198522567749,0.9297218918800354
37187968,sport,bullet_points_strict,Coleraine rower Joel Cassells and Great Britain team-mate Sam Scrimgeour remain on course to defend their lightweight pairs world title after winning their semi-final in Rotterdam on Thursday.,Britain's Mark Cassells and Gary Scrimgeour won the lightweight pairs final at the Rotterdam World Championships in Rotterdam.,1213,18,28,0.6428571428571429,0,0.4081632653061224,0.1276595744680851,0.326530612244898,0.9421223402023315,0.8994879722595215,0.920311689376831
37187968,sport,one_sentence,Coleraine rower Joel Cassells and Great Britain team-mate Sam Scrimgeour remain on course to defend their lightweight pairs world title after winning their semi-final in Rotterdam on Thursday.,Britain's Mark Cassells and Shane Scrimgeour won the lightweight pairs final at the World Championships in Rotterdam on Sunday.,1213,19,28,0.6785714285714286,0,0.43999999999999995,0.16666666666666666,0.36000000000000004,0.9511932730674744,0.909198522567749,0.9297218918800354
37187968,sport,fact_constrained,Coleraine rower Joel Cassells and Great Britain team-mate Sam Scrimgeour remain on course to defend their lightweight pairs world title after winning their semi-final in Rotterdam on Thursday.,Britain's Mark Cassells and Gary Scrimgeour won the lightweight pairs final at the Rotterdam World Championships in Rotterdam.,1213,18,28,0.6428571428571429,0,0.4081632653061224,0.1276595744680851,0.326530612244898,0.9421223402023315,0.8994879722595215,0.920311689376831
40557517,sport,tldr,Former Kilmarnock winger Chris Johnston has become the third player to sign for Dumbarton this summer after leaving relegated Raith Rovers.,Kilmarnock Rovers have signed former Airdrieonians and Airdrie Rovers midfielder Johnston on a one-year deal.,547,15,21,0.7142857142857143,0,0.2162162162162162,0.0,0.1081081081081081,0.8932276964187622,0.9004389047622681,0.8968188166618347
40557517,sport,bullet_points,Former Kilmarnock winger Chris Johnston has become the third player to sign for Dumbarton this summer after leaving relegated Raith Rovers.,Kilmarnock Rovers have signed former Airdrieonians midfielder Michael Johnston on a one-year deal.,547,13,21,0.6190476190476191,0,0.22857142857142854,0.0,0.11428571428571427,0.9081190228462219,0.9084738492965698,0.9082963466644287
40557517,sport,bullet_points_strict,Former Kilmarnock winger Chris Johnston has become the third player to sign for Dumbarton this summer after leaving relegated Raith Rovers.,Kilmarnock Rovers have signed Kilmarnock defender James Johnston on a one-year deal.,547,12,21,0.5714285714285714,0,0.17647058823529413,0.0,0.11764705882352941,0.9279756546020508,0.898665726184845,0.9130855798721313
40557517,sport,one_sentence,Former Kilmarnock winger Chris Johnston has become the third player to sign for Dumbarton this summer after leaving relegated Raith Rovers.,Kilmarnock Rovers have signed former Airdrieonians midfielder Michael Johnston on a one-year deal.,547,13,21,0.6190476190476191,0,0.22857142857142854,0.0,0.11428571428571427,0.9081190228462219,0.9084738492965698,0.9082963466644287
40557517,sport,fact_constrained,Former Kilmarnock winger Chris Johnston has become the third player to sign for Dumbarton this summer after leaving relegated Raith Rovers.,Kilmarnock Rovers have signed former Airdrieonians and Kilmarnock midfielder Johnston on a one-year deal.,547,14,21,0.6666666666666666,0,0.2222222222222222,0.0,0.16666666666666666,0.9050325155258179,0.9023786187171936,0.9037035703659058
37459852,sport,tldr,"James Milner's late penalty gave Liverpool a hard-fought victory over Swansea, increasing the scrutiny on Swans boss Francesco Guidolin.",Liverpool and Swansea City.,7765,4,19,0.21052631578947367,0,0.16,0.0,0.16,0.9212778806686401,0.8267503976821899,0.8714582324028015
37459852,sport,bullet_points,"James Milner's late penalty gave Liverpool a hard-fought victory over Swansea, increasing the scrutiny on Swans boss Francesco Guidolin.",Liverpool and Swansea City.,7765,4,19,0.21052631578947367,0,0.16,0.0,0.16,0.9212778806686401,0.8267503976821899,0.8714582324028015
37459852,sport,bullet_points_strict,"James Milner's late penalty gave Liverpool a hard-fought victory over Swansea, increasing the scrutiny on Swans boss Francesco Guidolin.",Liverpool and Swansea City.,7765,4,19,0.21052631578947367,0,0.16,0.0,0.16,0.9212778806686401,0.8267503976821899,0.8714582324028015
37459852,sport,one_sentence,"James Milner's late penalty gave Liverpool a hard-fought victory over Swansea, increasing the scrutiny on Swans boss Francesco Guidolin.",Liverpool and Swansea City.,7765,4,19,0.21052631578947367,0,0.16,0.0,0.16,0.9212778806686401,0.8267503976821899,0.8714582324028015
37459852,sport,fact_constrained,"James Milner's late penalty gave Liverpool a hard-fought victory over Swansea, increasing the scrutiny on Swans boss Francesco Guidolin.",Liverpool and Swansea City.,7765,4,19,0.21052631578947367,0,0.16,0.0,0.16,0.9212778806686401,0.8267503976821899,0.8714582324028015
24103221,sport,tldr,"Scottish rugby suffered two body blows this week and, rather like boxer Ricky Burns who ""drew"" with his opponent after getting one heck of a hiding from opponent Raymundo Beltran, it's a little battered, a little broken and in need of time off the canvas.",Is it possible to get big enough taking steroids?,4040,9,45,0.2,0,0.03636363636363637,0.0,0.03636363636363637,0.8619861602783203,0.8121196627616882,0.8363102078437805
24103221,sport,bullet_points,"Scottish rugby suffered two body blows this week and, rather like boxer Ricky Burns who ""drew"" with his opponent after getting one heck of a hiding from opponent Raymundo Beltran, it's a little battered, a little broken and in need of time off the canvas.",Is it possible to get big enough taking food alone?,4040,10,45,0.2222222222222222,0,0.03571428571428571,0.0,0.03571428571428571,0.8367606997489929,0.8008086681365967,0.8183899521827698
24103221,sport,bullet_points_strict,"Scottish rugby suffered two body blows this week and, rather like boxer Ricky Burns who ""drew"" with his opponent after getting one heck of a hiding from opponent Raymundo Beltran, it's a little battered, a little broken and in need of time off the canvas.",Is it possible to get big enough taking food alone?,4040,10,45,0.2222222222222222,0,0.03571428571428571,0.0,0.03571428571428571,0.8367606997489929,0.8008086681365967,0.8183899521827698
24103221,sport,one_sentence,"Scottish rugby suffered two body blows this week and, rather like boxer Ricky Burns who ""drew"" with his opponent after getting one heck of a hiding from opponent Raymundo Beltran, it's a little battered, a little broken and in need of time off the canvas.",Is it possible to get big enough taking steroids?,4040,9,45,0.2,0,0.03636363636363637,0.0,0.03636363636363637,0.8619861602783203,0.8121196627616882,0.8363102078437805
24103221,sport,fact_constrained,"Scottish rugby suffered two body blows this week and, rather like boxer Ricky Burns who ""drew"" with his opponent after getting one heck of a hiding from opponent Raymundo Beltran, it's a little battered, a little broken and in need of time off the canvas.",Is it possible to get big enough taking food alone?,4040,10,45,0.2222222222222222,0,0.03571428571428571,0.0,0.03571428571428571,0.8367606997489929,0.8008086681365967,0.8183899521827698
40524107,entertainment,tldr,The three-day TRNSMT music festival in Glasgow is to start later with a Friday line-up of acts including Radiohead and Belle and Sebastian.,"The opening night of Scotland's new music festival, TRNSMT, is to be held on Saturday.",1595,15,23,0.6521739130434783,0,0.34146341463414637,0.10256410256410255,0.24390243902439027,0.9224643707275391,0.883962869644165,0.9028033018112183
40524107,entertainment,bullet_points,The three-day TRNSMT music festival in Glasgow is to start later with a Friday line-up of acts including Radiohead and Belle and Sebastian.,"The opening night of Scotland's new music festival, TRNSMT, is to be held on Saturday.",1595,15,23,0.6521739130434783,0,0.34146341463414637,0.10256410256410255,0.24390243902439027,0.9224643707275391,0.883962869644165,0.9028033018112183
40524107,entertainment,bullet_points_strict,The three-day TRNSMT music festival in Glasgow is to start later with a Friday line-up of acts including Radiohead and Belle and Sebastian.,"The T in the Park music festival in Strathallan is to be held on Saturday, with Radiohead, Kasabian and Biffy Clyro among the acts to play.",1595,26,23,1.1304347826086956,0,0.39215686274509803,0.12244897959183673,0.35294117647058826,0.8763183355331421,0.8969042897224426,0.8864917755126953
40524107,entertainment,one_sentence,The three-day TRNSMT music festival in Glasgow is to start later with a Friday line-up of acts including Radiohead and Belle and Sebastian.,The T in the Park music festival in Strathallan is to be held on Saturday.,1595,15,23,0.6521739130434783,0,0.3,0.15789473684210525,0.3,0.8886175155639648,0.8631649613380432,0.8757063746452332
40524107,entertainment,fact_constrained,The three-day TRNSMT music festival in Glasgow is to start later with a Friday line-up of acts including Radiohead and Belle and Sebastian.,The T in the Park music festival in Strathallan has been renamed the Strathallan National Music Festival (TRNSMT).,1595,18,23,0.782608695652174,0,0.23255813953488372,0.09756097560975609,0.18604651162790697,0.8564099073410034,0.8573421239852905,0.8568757772445679
34263953,politics,tldr,"The US has warned North Korea to refrain from ""irresponsible provocation"" after the communist state said its main nuclear facility had resumed normal operations.","North Korea has restarted its nuclear reactor at its Yongbyon complex, the White House has said.",2110,16,24,0.6666666666666666,0,0.35000000000000003,0.052631578947368425,0.2,0.9122730493545532,0.8892931938171387,0.9006365537643433
34263953,politics,bullet_points,"The US has warned North Korea to refrain from ""irresponsible provocation"" after the communist state said its main nuclear facility had resumed normal operations.","North Korea has restarted its nuclear reactor at its Yongbyon complex, the White House has said.",2110,16,24,0.6666666666666666,0,0.35000000000000003,0.052631578947368425,0.2,0.9122730493545532,0.8892931938171387,0.9006365537643433
34263953,politics,bullet_points_strict,"The US has warned North Korea to refrain from ""irresponsible provocation"" after the communist state said its main nuclear facility had resumed normal operations.","North Korea has restarted its nuclear reactor at its Yongbyon complex, the White House says.",2110,15,24,0.625,0,0.3076923076923077,0.05405405405405405,0.2051282051282051,0.9115808010101318,0.8883573412895203,0.8998192548751831
34263953,politics,one_sentence,"The US has warned North Korea to refrain from ""irresponsible provocation"" after the communist state said its main nuclear facility had resumed normal operations.","North Korea has restarted its nuclear reactor at its Yongbyon nuclear plant, the White House has said.",2110,17,24,0.7083333333333334,0,0.34146341463414637,0.05128205128205128,0.19512195121951217,0.9135095477104187,0.8880529999732971,0.9006014466285706
34263953,politics,fact_constrained,"The US has warned North Korea to refrain from ""irresponsible provocation"" after the communist state said its main nuclear facility had resumed normal operations.","North Korea has restarted its nuclear reactor at its Yongbyon nuclear power plant, the White House has said.",2110,18,24,0.75,0,0.3333333333333333,0.049999999999999996,0.1904761904761905,0.9061474800109863,0.8872346878051758,0.896591305732727
33164904,tech,tldr,A man has been arrested on suspicion of conspiracy to murder after pieces of human bones were found by detectives investigating the death of a man 25 years ago.,A man has been arrested in connection with the murder of a man who disappeared in 1990.,1642,17,29,0.5862068965517241,0,0.4347826086956522,0.2727272727272727,0.391304347826087,0.9386742115020752,0.9087092280387878,0.9234486818313599
33164904,tech,bullet_points,A man has been arrested on suspicion of conspiracy to murder after pieces of human bones were found by detectives investigating the death of a man 25 years ago.,A man has been arrested on suspicion of murder following a 13-day search for a missing man.,1642,17,29,0.5862068965517241,0,0.46808510638297873,0.3111111111111111,0.46808510638297873,0.9367285370826721,0.9099485874176025,0.9231444001197815
33164904,tech,bullet_points_strict,A man has been arrested on suspicion of conspiracy to murder after pieces of human bones were found by detectives investigating the death of a man 25 years ago.,A man has been arrested in connection with the murder of a man who disappeared in 1990.,1642,17,29,0.5862068965517241,0,0.4347826086956522,0.2727272727272727,0.391304347826087,0.9386742115020752,0.9087092280387878,0.9234486818313599
33164904,tech,one_sentence,A man has been arrested on suspicion of conspiracy to murder after pieces of human bones were found by detectives investigating the death of a man 25 years ago.,A man has been arrested on suspicion of murdering a man who disappeared in 1990.,1642,15,29,0.5172413793103449,0,0.4545454545454545,0.38095238095238093,0.4545454545454545,0.9546781778335571,0.9161521196365356,0.9350184798240662
33164904,tech,fact_constrained,A man has been arrested on suspicion of conspiracy to murder after pieces of human bones were found by detectives investigating the death of a man 25 years ago.,A man has been arrested in connection with the murder of a man who disappeared in 1990.,1642,17,29,0.5862068965517241,0,0.4347826086956522,0.2727272727272727,0.391304347826087,0.9386742115020752,0.9087092280387878,0.9234486818313599
21879270,sport,tldr,"Picture the scene inside the BBC 5 live studio: a millionaire owner of a now managerless Super League club, a highly rated out-of-work coach keen for a return to the sport and an iconic player from a rival club that the owner wants to sign.",The 'Mad Doctor's' dream is to make rugby league the biggest rugby club in the country within three to four years.,4764,21,45,0.4666666666666667,0,0.20289855072463767,0.0,0.17391304347826086,0.8606760501861572,0.8452510833740234,0.8528938293457031
21879270,sport,bullet_points,"Picture the scene inside the BBC 5 live studio: a millionaire owner of a now managerless Super League club, a highly rated out-of-work coach keen for a return to the sport and an iconic player from a rival club that the owner wants to sign.",Super League.,4764,2,45,0.044444444444444446,0,0.08163265306122448,0.042553191489361694,0.08163265306122448,0.9112659692764282,0.8175496459007263,0.8618677258491516
21879270,sport,bullet_points_strict,"Picture the scene inside the BBC 5 live studio: a millionaire owner of a now managerless Super League club, a highly rated out-of-work coach keen for a return to the sport and an iconic player from a rival club that the owner wants to sign.",The 'Good Doctor's' dream of bringing in big names to the sport has been a prickly one for the RFL.,4764,20,45,0.4444444444444444,0,0.2352941176470588,0.06060606060606061,0.20588235294117646,0.8630419373512268,0.845024049282074,0.8539379835128784
21879270,sport,one_sentence,"Picture the scene inside the BBC 5 live studio: a millionaire owner of a now managerless Super League club, a highly rated out-of-work coach keen for a return to the sport and an iconic player from a rival club that the owner wants to sign.",Super League.,4764,2,45,0.044444444444444446,0,0.08163265306122448,0.042553191489361694,0.08163265306122448,0.9112659692764282,0.8175496459007263,0.8618677258491516
21879270,sport,fact_constrained,"Picture the scene inside the BBC 5 live studio: a millionaire owner of a now managerless Super League club, a highly rated out-of-work coach keen for a return to the sport and an iconic player from a rival club that the owner wants to sign.",This week's rugby league hour was a prickly one for the 'Good Doctor's'.,4764,13,45,0.28888888888888886,0,0.12903225806451613,0.0,0.12903225806451613,0.8334808349609375,0.8278799653053284,0.8306710124015808
34973380,sport,tldr,Ireland eased to seven-wicket win over Zimbabwe to top their Women's World Twenty20 qualifying group and set up a semi-final against Scotland.,Ireland's Isobel Joyce and Cecilia Joyce scored a century as they beat Zimbabwe in the first match of the World Twenty20 qualifying tournament.,860,23,22,1.0454545454545454,0,0.32653061224489793,0.0851063829787234,0.20408163265306126,0.8754301071166992,0.8851907849311829,0.8802834153175354
34973380,sport,bullet_points,Ireland eased to seven-wicket win over Zimbabwe to top their Women's World Twenty20 qualifying group and set up a semi-final against Scotland.,Ireland's Isobel Joyce and Cecilia Joyce scored a hat-trick as they beat Zimbabwe by a single wicket to secure a place in the World Twenty20 qualifying tournament.,860,27,22,1.2272727272727273,0,0.3703703703703704,0.07692307692307691,0.22222222222222224,0.8779615759849548,0.905515193939209,0.8915255069732666
34973380,sport,bullet_points_strict,Ireland eased to seven-wicket win over Zimbabwe to top their Women's World Twenty20 qualifying group and set up a semi-final against Scotland.,Ireland's Isobel Joyce and Cecilia Joyce scored a hat-trick as they beat Zimbabwe by a single wicket to secure a place in the World Twenty20 qualifying group.,860,27,22,1.2272727272727273,0,0.4074074074074074,0.11538461538461538,0.25925925925925924,0.8824543356895447,0.909997820854187,0.8960144519805908
34973380,sport,one_sentence,Ireland eased to seven-wicket win over Zimbabwe to top their Women's World Twenty20 qualifying group and set up a semi-final against Scotland.,Ireland's Isobel Joyce and Cecilia Joyce scored a hat-trick as they beat Zimbabwe by a single wicket to secure a place in the World Twenty20 qualifying group.,860,27,22,1.2272727272727273,0,0.4074074074074074,0.11538461538461538,0.25925925925925924,0.8824543356895447,0.909997820854187,0.8960144519805908
34973380,sport,fact_constrained,Ireland eased to seven-wicket win over Zimbabwe to top their Women's World Twenty20 qualifying group and set up a semi-final against Scotland.,Ireland's Isobel Joyce and Cecilia Joyce scored a hat-trick as they beat Zimbabwe by a single wicket to secure a place in the World Twenty20 qualifying group.,860,27,22,1.2272727272727273,0,0.4074074074074074,0.11538461538461538,0.25925925925925924,0.8824543356895447,0.909997820854187,0.8960144519805908
35351364,business,tldr,"The daughter of a man who died after a hospital failed it its ""duty of care"" said lessons have not been learned.","A hospital in special measures has been rated ""inadequate"" by the Care Quality Commission (CQC).",1646,15,22,0.6818181818181818,0,0.27027027027027023,0.057142857142857134,0.16216216216216214,0.8397040963172913,0.8532070517539978,0.8464016914367676
35351364,business,bullet_points,"The daughter of a man who died after a hospital failed it its ""duty of care"" said lessons have not been learned.","A hospital in special measures has been rated ""inadequate"" by the Care Quality Commission (CQC).",1646,15,22,0.6818181818181818,0,0.27027027027027023,0.057142857142857134,0.16216216216216214,0.8397040963172913,0.8532070517539978,0.8464016914367676
35351364,business,bullet_points_strict,"The daughter of a man who died after a hospital failed it its ""duty of care"" said lessons have not been learned.","A hospital in special measures has been rated ""inadequate"" by inspectors.",1646,11,22,0.5,0,0.1818181818181818,0.06451612903225806,0.1818181818181818,0.879204273223877,0.8644329309463501,0.8717560172080994
35351364,business,one_sentence,"The daughter of a man who died after a hospital failed it its ""duty of care"" said lessons have not been learned.","A hospital in special measures has been rated ""inadequate"" by the Care Quality Commission (CQC).",1646,15,22,0.6818181818181818,0,0.27027027027027023,0.057142857142857134,0.16216216216216214,0.8397040963172913,0.8532070517539978,0.8464016914367676
35351364,business,fact_constrained,"The daughter of a man who died after a hospital failed it its ""duty of care"" said lessons have not been learned.","A hospital in special measures has been rated ""inadequate"" by the Care Quality Commission (CQC).",1646,15,22,0.6818181818181818,0,0.27027027027027023,0.057142857142857134,0.16216216216216214,0.8397040963172913,0.8532070517539978,0.8464016914367676
37079851,sport,tldr,Great Britain's Mark Cavendish is third after day one of the men's omnium as he aims for his first Olympic Games medal.,Britain's Mark Cavendish won his first stage of the Tour de France with a time of four minutes 16.878 seconds.,2631,20,22,0.9090909090909091,0,0.34782608695652173,0.22727272727272724,0.2608695652173913,0.869839072227478,0.8976280689239502,0.8835150599479675
37079851,sport,bullet_points,Great Britain's Mark Cavendish is third after day one of the men's omnium as he aims for his first Olympic Games medal.,Britain's Mark Cavendish won his first stage of the Tour de France with a time of four minutes 16.878 seconds.,2631,20,22,0.9090909090909091,0,0.34782608695652173,0.22727272727272724,0.2608695652173913,0.869839072227478,0.8976280689239502,0.8835150599479675
37079851,sport,bullet_points_strict,Great Britain's Mark Cavendish is third after day one of the men's omnium as he aims for his first Olympic Games medal.,Britain's Mark Cavendish won his first stage of the Tour de France with a time of four minutes 16.878 seconds.,2631,20,22,0.9090909090909091,0,0.34782608695652173,0.22727272727272724,0.2608695652173913,0.869839072227478,0.8976280689239502,0.8835150599479675
37079851,sport,one_sentence,Great Britain's Mark Cavendish is third after day one of the men's omnium as he aims for his first Olympic Games medal.,Britain's Mark Cavendish won his first stage of the Tour de France with a time of four minutes 16.878 seconds.,2631,20,22,0.9090909090909091,0,0.34782608695652173,0.22727272727272724,0.2608695652173913,0.869839072227478,0.8976280689239502,0.8835150599479675
37079851,sport,fact_constrained,Great Britain's Mark Cavendish is third after day one of the men's omnium as he aims for his first Olympic Games medal.,Britain's Mark Cavendish won his first stage of the Tour de France with a time of four minutes 16.878 seconds.,2631,20,22,0.9090909090909091,0,0.34782608695652173,0.22727272727272724,0.2608695652173913,0.869839072227478,0.8976280689239502,0.8835150599479675
36526055,politics,tldr,The Northern Ireland health service is to receive an extra £72m to help deal with pressures in the service.,Stormont has allocated an additional £200m to health over the next three years.,1675,13,19,0.6842105263157895,0,0.25,0.0,0.18749999999999997,0.9085868000984192,0.8982489109039307,0.903388261795044
36526055,politics,bullet_points,The Northern Ireland health service is to receive an extra £72m to help deal with pressures in the service.,Stormont's health minister has announced that a further £200m will be allocated to health.,1675,14,19,0.7368421052631579,0,0.11764705882352941,0.0,0.11764705882352941,0.9221735000610352,0.9074074029922485,0.9147308468818665
36526055,politics,bullet_points_strict,The Northern Ireland health service is to receive an extra £72m to help deal with pressures in the service.,"Stormont has allocated an additional £200m to health, the health minister has said.",1675,13,19,0.6842105263157895,0,0.25,0.0,0.18749999999999997,0.9182083606719971,0.9028716683387756,0.910475492477417
36526055,politics,one_sentence,The Northern Ireland health service is to receive an extra £72m to help deal with pressures in the service.,Stormont has allocated an additional £200m to health over the next three years.,1675,13,19,0.6842105263157895,0,0.25,0.0,0.18749999999999997,0.9085868000984192,0.8982489109039307,0.903388261795044
36526055,politics,fact_constrained,The Northern Ireland health service is to receive an extra £72m to help deal with pressures in the service.,"Stormont has allocated an additional £200m to health, the finance minister has said.",1675,13,19,0.6842105263157895,0,0.25,0.0,0.18749999999999997,0.9121584296226501,0.9005711078643799,0.9063277244567871
13906666,business,tldr,The Winklevoss brothers have re-started their long-running legal dispute with Facebook and its boss Mark Zuckerberg.,The Winklevosses and their business partner Divya Narendra have filed a new lawsuit against Facebook.,1599,15,16,0.9375,0,0.303030303030303,0.0,0.1818181818181818,0.9009332656860352,0.9144365787506104,0.9076347351074219
13906666,business,bullet_points,The Winklevoss brothers have re-started their long-running legal dispute with Facebook and its boss Mark Zuckerberg.,"The Winklevosses and their business partner, Cameron Winklevosse, have filed a lawsuit against Facebook alleging that the company hid some crucial information from them during settlement proceedings.",1599,27,16,1.6875,0,0.22222222222222224,0.0,0.13333333333333333,0.8884580731391907,0.9086562395095825,0.8984435796737671
13906666,business,bullet_points_strict,The Winklevoss brothers have re-started their long-running legal dispute with Facebook and its boss Mark Zuckerberg.,"The Winklevosses and their business partner, Cameron Winklevosses, have filed a new lawsuit against Facebook.",1599,15,16,0.9375,0,0.303030303030303,0.0,0.1818181818181818,0.923251748085022,0.9185101985931396,0.9208748936653137
13906666,business,one_sentence,The Winklevoss brothers have re-started their long-running legal dispute with Facebook and its boss Mark Zuckerberg.,"The Winklevosses and Cameron Winklevosses have filed a fresh lawsuit against Facebook, alleging that the company hid some crucial information from them during settlement proceedings.",1599,25,16,1.5625,0,0.18604651162790697,0.0,0.13953488372093023,0.9037924408912659,0.9151846170425415,0.9094527959823608
13906666,business,fact_constrained,The Winklevoss brothers have re-started their long-running legal dispute with Facebook and its boss Mark Zuckerberg.,The twins of Facebook founder Mark Zuckerberg have filed a lawsuit against the company.,1599,14,16,0.875,0,0.31250000000000006,0.06666666666666667,0.25,0.9269723296165466,0.8864574432373047,0.906262218952179
38628323,entertainment,tldr,"A 14-year-old boy has been left with ""life-threatening"" injuries after being knocked down by a car.",A teenager has been knocked down by a car in Rotherham.,317,11,16,0.6875,0,0.5333333333333333,0.35714285714285715,0.5333333333333333,0.9409889578819275,0.9159285426139832,0.9282896518707275
38628323,entertainment,bullet_points,"A 14-year-old boy has been left with ""life-threatening"" injuries after being knocked down by a car.",A 16-year-old girl has been knocked down by a car in Rotherham.,317,12,16,0.75,0,0.6060606060606061,0.3870967741935484,0.6060606060606061,0.9529377222061157,0.9375114440917969,0.9451616406440735
38628323,entertainment,bullet_points_strict,"A 14-year-old boy has been left with ""life-threatening"" injuries after being knocked down by a car.",A 16-year-old girl has been knocked down by a car in Rotherham.,317,12,16,0.75,0,0.6060606060606061,0.3870967741935484,0.6060606060606061,0.9529377222061157,0.9375114440917969,0.9451616406440735
38628323,entertainment,one_sentence,"A 14-year-old boy has been left with ""life-threatening"" injuries after being knocked down by a car.",A 16-year-old girl has been killed in a crash in Rotherham.,317,11,16,0.6875,0,0.37499999999999994,0.13333333333333333,0.37499999999999994,0.9336297512054443,0.9236023426055908,0.9285889267921448
38628323,entertainment,fact_constrained,"A 14-year-old boy has been left with ""life-threatening"" injuries after being knocked down by a car.",A 16-year-old girl has been knocked down by a car in Rotherham.,317,12,16,0.75,0,0.6060606060606061,0.3870967741935484,0.6060606060606061,0.9529377222061157,0.9375114440917969,0.9451616406440735
27209454,tech,tldr,"Chapman Pincher was known as ""the lone wolf of Fleet Street"".","Harry Chapman Pincher's career as a defence reporter, science and medical editor.",6617,12,11,1.0909090909090908,0,0.24999999999999994,0.0909090909090909,0.24999999999999994,0.8573935031890869,0.8603200912475586,0.8588542938232422
27209454,tech,bullet_points,"Chapman Pincher was known as ""the lone wolf of Fleet Street"".",Harry Chapman Pincher's reputation as a spies soared.,6617,8,11,0.7272727272727273,0,0.3,0.11111111111111112,0.3,0.8976453542709351,0.8762069344520569,0.8867965936660767
27209454,tech,bullet_points_strict,"Chapman Pincher was known as ""the lone wolf of Fleet Street"".",Harry Chapman Pincher's career as a journalist spanned more than a century.,6617,12,11,1.0909090909090908,0,0.24999999999999994,0.0909090909090909,0.24999999999999994,0.8970156908035278,0.8796846270561218,0.8882656693458557
27209454,tech,one_sentence,"Chapman Pincher was known as ""the lone wolf of Fleet Street"".",Harry Chapman Pincher's career as a journalist sparked a slew of scandals.,6617,12,11,1.0909090909090908,0,0.33333333333333337,0.0909090909090909,0.33333333333333337,0.9055018424987793,0.8795512914657593,0.8923379182815552
27209454,tech,fact_constrained,"Chapman Pincher was known as ""the lone wolf of Fleet Street"".",Harry Chapman Pincher's career begin.,6617,5,11,0.45454545454545453,0,0.23529411764705885,0.13333333333333333,0.23529411764705885,0.9011833667755127,0.8596606254577637,0.8799324035644531
37037060,sport,tldr,"Birmingham City have signed Dundee forward Greg Stewart on a three-year deal for a fee believed to be around £500,000.",Birmingham City have signed Dundee striker Mark Stewart on a one-year contract.,620,12,20,0.6,0,0.5142857142857142,0.36363636363636365,0.5142857142857142,0.982594907283783,0.9304302334785461,0.9558013677597046
37037060,sport,bullet_points,"Birmingham City have signed Dundee forward Greg Stewart on a three-year deal for a fee believed to be around £500,000.",Birmingham City have signed Dundee striker Mark Stewart from Dundee United on a one-year contract.,620,15,20,0.75,0,0.47368421052631576,0.2777777777777778,0.47368421052631576,0.9632210731506348,0.9271205067634583,0.9448261260986328
37037060,sport,bullet_points_strict,"Birmingham City have signed Dundee forward Greg Stewart on a three-year deal for a fee believed to be around £500,000.",Birmingham City have signed Dundee striker Mark Stewart on a one-year contract.,620,12,20,0.6,0,0.5142857142857142,0.36363636363636365,0.5142857142857142,0.982594907283783,0.9304302334785461,0.9558013677597046
37037060,sport,one_sentence,"Birmingham City have signed Dundee forward Greg Stewart on a three-year deal for a fee believed to be around £500,000.",Birmingham City have signed Dundee striker Mark Stewart from Dundee United on a one-year contract.,620,15,20,0.75,0,0.47368421052631576,0.2777777777777778,0.47368421052631576,0.9632210731506348,0.9271205067634583,0.9448261260986328
37037060,sport,fact_constrained,"Birmingham City have signed Dundee forward Greg Stewart on a three-year deal for a fee believed to be around £500,000.",Birmingham City have signed Dundee striker Mark Stewart from Dundee United on a one-year contract.,620,15,20,0.75,0,0.47368421052631576,0.2777777777777778,0.47368421052631576,0.9632210731506348,0.9271205067634583,0.9448261260986328
30591670,business,tldr,"A former soldier who agreed to obtain information from an army barracks for a newspaper will not face a trial, the Crown Prosecution Service has said.",A former soldier has been arrested in connection with a corruption scandal at the News of the World.,1248,18,26,0.6923076923076923,0,0.27272727272727276,0.09523809523809526,0.2272727272727273,0.894643247127533,0.8719913959503174,0.8831720352172852
30591670,business,bullet_points,"A former soldier who agreed to obtain information from an army barracks for a newspaper will not face a trial, the Crown Prosecution Service has said.",A woman has been arrested in connection with a corruption scandal at the News of the World newspaper.,1248,18,26,0.6923076923076923,0,0.2272727272727273,0.0,0.13636363636363638,0.8846341371536255,0.8620750904083252,0.8732089400291443
30591670,business,bullet_points_strict,"A former soldier who agreed to obtain information from an army barracks for a newspaper will not face a trial, the Crown Prosecution Service has said.",A former soldier has been arrested in connection with a corruption scandal at the News of the World.,1248,18,26,0.6923076923076923,0,0.27272727272727276,0.09523809523809526,0.2272727272727273,0.894643247127533,0.8719913959503174,0.8831720352172852
30591670,business,one_sentence,"A former soldier who agreed to obtain information from an army barracks for a newspaper will not face a trial, the Crown Prosecution Service has said.",A woman has been arrested in connection with a corruption scandal at the News of the World newspaper.,1248,18,26,0.6923076923076923,0,0.2272727272727273,0.0,0.13636363636363638,0.8846341371536255,0.8620750904083252,0.8732089400291443
30591670,business,fact_constrained,"A former soldier who agreed to obtain information from an army barracks for a newspaper will not face a trial, the Crown Prosecution Service has said.",A woman has been arrested in connection with a corruption scandal at the News of the World newspaper.,1248,18,26,0.6923076923076923,0,0.2272727272727273,0.0,0.13636363636363638,0.8846341371536255,0.8620750904083252,0.8732089400291443
26882626,business,tldr,Inspectors have called for major improvements at two privately-run elderly care homes after finding problems during recent visits.,A care home in Glasgow has been given a one-star rating by the Care Inspectorate.,2426,15,18,0.8333333333333334,0,0.05714285714285714,0.0,0.05714285714285714,0.9075791835784912,0.8949512243270874,0.901220977306366
26882626,business,bullet_points,Inspectors have called for major improvements at two privately-run elderly care homes after finding problems during recent visits.,A care home has been given a one-star rating by the Care Inspectorate for its care and support.,2426,18,18,1.0,0,0.10526315789473684,0.0,0.10526315789473684,0.9024578332901001,0.893153190612793,0.8977813720703125
26882626,business,bullet_points_strict,Inspectors have called for major improvements at two privately-run elderly care homes after finding problems during recent visits.,A care home has been given a one-star rating by the Care Inspectorate for its care and support.,2426,18,18,1.0,0,0.10526315789473684,0.0,0.10526315789473684,0.9024578332901001,0.893153190612793,0.8977813720703125
26882626,business,one_sentence,Inspectors have called for major improvements at two privately-run elderly care homes after finding problems during recent visits.,A care home has been given a one-star rating by the Care Inspectorate.,2426,13,18,0.7222222222222222,0,0.06060606060606061,0.0,0.06060606060606061,0.9096911549568176,0.8924082517623901,0.9009668231010437
26882626,business,fact_constrained,Inspectors have called for major improvements at two privately-run elderly care homes after finding problems during recent visits.,A care home has been given a one-star rating by the Care Inspectorate.,2426,13,18,0.7222222222222222,0,0.06060606060606061,0.0,0.06060606060606061,0.9096911549568176,0.8924082517623901,0.9009668231010437
32105677,entertainment,tldr,"Four men were arrested in north London when police found a gun, a sword and a knife in the car they were travelling in.",Four men have been arrested after a gun was seen in a car in London.,294,15,24,0.625,0,0.5128205128205129,0.1081081081081081,0.4102564102564102,0.963337242603302,0.9308457374572754,0.9468128681182861
32105677,entertainment,bullet_points,"Four men were arrested in north London when police found a gun, a sword and a knife in the car they were travelling in.",Four men have been arrested in connection with an armed robbery in north London.,294,14,24,0.5833333333333334,0,0.3684210526315789,0.2222222222222222,0.3157894736842105,0.9410786628723145,0.9074538350105286,0.9239604473114014
32105677,entertainment,bullet_points_strict,"Four men were arrested in north London when police found a gun, a sword and a knife in the car they were travelling in.",Four men have been arrested after a gun was found in a car in London.,294,15,24,0.625,0,0.5641025641025641,0.1081081081081081,0.4102564102564102,0.9707264304161072,0.9349650144577026,0.9525102376937866
32105677,entertainment,one_sentence,"Four men were arrested in north London when police found a gun, a sword and a knife in the car they were travelling in.",Four men have been arrested after a gun was found in a car in north London.,294,16,24,0.6666666666666666,0,0.6,0.2105263157894737,0.4,0.9722170233726501,0.9404984712600708,0.9560948014259338
32105677,entertainment,fact_constrained,"Four men were arrested in north London when police found a gun, a sword and a knife in the car they were travelling in.",Four men have been arrested in connection with an armed robbery in north London.,294,14,24,0.5833333333333334,0,0.3684210526315789,0.2222222222222222,0.3157894736842105,0.9410786628723145,0.9074538350105286,0.9239604473114014
40354917,tech,tldr,"An estimated 63,000 properties in north Lancashire were hit by a power cut, Electricity North West has said.",A substation at a power station in Lancaster has reopened after a power outage.,1173,14,18,0.7777777777777778,0,0.24242424242424243,0.06451612903225808,0.18181818181818182,0.9050275683403015,0.8724042177200317,0.8884165287017822
40354917,tech,bullet_points,"An estimated 63,000 properties in north Lancashire were hit by a power cut, Electricity North West has said.",A substation at a power station in Lancaster has reopened after a power outage.,1173,14,18,0.7777777777777778,0,0.24242424242424243,0.06451612903225808,0.18181818181818182,0.9050275683403015,0.8724042177200317,0.8884165287017822
40354917,tech,bullet_points_strict,"An estimated 63,000 properties in north Lancashire were hit by a power cut, Electricity North West has said.",A substation at a power station in Lancaster has reopened after a power outage.,1173,14,18,0.7777777777777778,0,0.24242424242424243,0.06451612903225808,0.18181818181818182,0.9050275683403015,0.8724042177200317,0.8884165287017822
40354917,tech,one_sentence,"An estimated 63,000 properties in north Lancashire were hit by a power cut, Electricity North West has said.",A substation at a power station in Lancaster has reopened after a power outage.,1173,14,18,0.7777777777777778,0,0.24242424242424243,0.06451612903225808,0.18181818181818182,0.9050275683403015,0.8724042177200317,0.8884165287017822
40354917,tech,fact_constrained,"An estimated 63,000 properties in north Lancashire were hit by a power cut, Electricity North West has said.",A substation at a power station in Lancaster has reopened after a power outage.,1173,14,18,0.7777777777777778,0,0.24242424242424243,0.06451612903225808,0.18181818181818182,0.9050275683403015,0.8724042177200317,0.8884165287017822
39862196,business,tldr,Lord Derby has won a key High Court stage of his fight to build 400 homes on his land.,A judge has quashed a refusal by the secretary of state to accept a planning application for a new farm.,1698,20,19,1.0526315789473684,0,0.20512820512820512,0.0,0.20512820512820512,0.8914791345596313,0.8883340954780579,0.8899038434028625
39862196,business,bullet_points,Lord Derby has won a key High Court stage of his fight to build 400 homes on his land.,A court has quashed a refusal by the secretary of state to accept a planning application for a new farm.,1698,20,19,1.0526315789473684,0,0.25641025641025644,0.0,0.20512820512820512,0.8937288522720337,0.8908618092536926,0.8922929763793945
39862196,business,bullet_points_strict,Lord Derby has won a key High Court stage of his fight to build 400 homes on his land.,A court has quashed a refusal by the secretary of state to accept a planning application for a new farm.,1698,20,19,1.0526315789473684,0,0.25641025641025644,0.0,0.20512820512820512,0.8937288522720337,0.8908618092536926,0.8922929763793945
39862196,business,one_sentence,Lord Derby has won a key High Court stage of his fight to build 400 homes on his land.,A court has quashed a refusal by the secretary of state to accept a planning application for a new farm.,1698,20,19,1.0526315789473684,0,0.25641025641025644,0.0,0.20512820512820512,0.8937288522720337,0.8908618092536926,0.8922929763793945
39862196,business,fact_constrained,Lord Derby has won a key High Court stage of his fight to build 400 homes on his land.,A court has quashed a decision by the Secretary of State over a planning application for a new farm.,1698,19,19,1.0,0,0.21052631578947367,0.0,0.15789473684210525,0.8976818919181824,0.8920100331306458,0.894836962223053
40267739,business,tldr,"Shopkeepers near the Isle of Wight's troubled new ""floating bridge"" have asked councillors to consider compensating them for loss of business.",Councillors in Cowes have called for a review of the ferry project at Cowes.,1317,14,21,0.6666666666666666,0,0.2777777777777778,0.0,0.16666666666666663,0.9024076461791992,0.8759105205535889,0.888961672782898
40267739,business,bullet_points,"Shopkeepers near the Isle of Wight's troubled new ""floating bridge"" have asked councillors to consider compensating them for loss of business.","A ""frustrating and disappointing"" ferry project at Cowes Council has been called off.",1317,13,21,0.6190476190476191,0,0.0,0.0,0.0,0.8731101751327515,0.8641003370285034,0.8685818910598755
40267739,business,bullet_points_strict,"Shopkeepers near the Isle of Wight's troubled new ""floating bridge"" have asked councillors to consider compensating them for loss of business.",Councillors in Cowes have called for a review of the chain ferry project at Cowes.,1317,15,21,0.7142857142857143,0,0.27027027027027023,0.0,0.16216216216216214,0.899902880191803,0.8781681060791016,0.8889027237892151
40267739,business,one_sentence,"Shopkeepers near the Isle of Wight's troubled new ""floating bridge"" have asked councillors to consider compensating them for loss of business.","The chain ferry to Cowes is to be free to use until 2 July, a council has said.",1317,18,21,0.8571428571428571,0,0.09999999999999999,0.0,0.09999999999999999,0.8793281316757202,0.8653038144111633,0.8722596168518066
40267739,business,fact_constrained,"Shopkeepers near the Isle of Wight's troubled new ""floating bridge"" have asked councillors to consider compensating them for loss of business.",Councillors in Cowes have called for the closure of a new ferry to the Isle of Wight.,1317,17,21,0.8095238095238095,0,0.5128205128205129,0.16216216216216214,0.25641025641025644,0.9204206466674805,0.8962100744247437,0.9081540107727051
39831337,sport,tldr,French side Lille have exercised their option to sign Naim Sliti on a permanent deal when his loan move from second-tier side Red Star expires this summer.,Lille have signed Tunisian striker Mohamed Sliti on a three-year contract.,632,11,27,0.4074074074074074,0,0.25,0.15789473684210525,0.25,0.9282522201538086,0.8776507377624512,0.9022425413131714
39831337,sport,bullet_points,French side Lille have exercised their option to sign Naim Sliti on a permanent deal when his loan move from second-tier side Red Star expires this summer.,Lille have signed Sedan striker Mohamed Sliti on a one-year contract.,632,11,27,0.4074074074074074,0,0.25,0.15789473684210525,0.25,0.9263260960578918,0.8779143691062927,0.9014707207679749
39831337,sport,bullet_points_strict,French side Lille have exercised their option to sign Naim Sliti on a permanent deal when his loan move from second-tier side Red Star expires this summer.,French club Lille have signed Sedan striker Mohamed Sliti on a one-year contract.,632,13,27,0.48148148148148145,0,0.2857142857142857,0.15,0.2857142857142857,0.9344167709350586,0.8897102475166321,0.9115156531333923
39831337,sport,one_sentence,French side Lille have exercised their option to sign Naim Sliti on a permanent deal when his loan move from second-tier side Red Star expires this summer.,Lille midfielder Mohamed Sliti has signed a new three-year contract with the French club.,632,14,27,0.5185185185185185,0,0.18604651162790697,0.0,0.13953488372093023,0.9268620014190674,0.8809075951576233,0.9033007621765137
39831337,sport,fact_constrained,French side Lille have exercised their option to sign Naim Sliti on a permanent deal when his loan move from second-tier side Red Star expires this summer.,Lille have signed Sedan striker Mohamed Sliti on a one-year contract.,632,11,27,0.4074074074074074,0,0.25,0.15789473684210525,0.25,0.9263260960578918,0.8779143691062927,0.9014707207679749
35480672,tech,tldr,Children across Britain linked up with Tim Peake on the International Space Station yesterday for a big question and answer session.,Astronaut Leah Osborne has been on a mission to the Moon to help children learn about the solar system.,253,19,21,0.9047619047619048,0,0.2,0.0,0.1,0.8754276633262634,0.868955671787262,0.8721796870231628
35480672,tech,bullet_points,Children across Britain linked up with Tim Peake on the International Space Station yesterday for a big question and answer session.,"Astronaut Leah Jones has been on a mission to Mars, where she will be able to talk to children about the space program.",253,23,21,1.0952380952380953,0,0.22727272727272724,0.0,0.13636363636363635,0.8791455030441284,0.8692432641983032,0.8741663694381714
35480672,tech,bullet_points_strict,Children across Britain linked up with Tim Peake on the International Space Station yesterday for a big question and answer session.,Astronaut Leah O'Brien has been in space for six weeks.,253,10,21,0.47619047619047616,0,0.125,0.0,0.125,0.8681812286376953,0.8636606335639954,0.865915060043335
35480672,tech,one_sentence,Children across Britain linked up with Tim Peake on the International Space Station yesterday for a big question and answer session.,Astronaut Leah O'Brien has returned to Earth after a six-week stay in space.,253,13,21,0.6190476190476191,0,0.1111111111111111,0.0,0.05555555555555555,0.8678178191184998,0.8678872585296631,0.867852509021759
35480672,tech,fact_constrained,Children across Britain linked up with Tim Peake on the International Space Station yesterday for a big question and answer session.,Astronaut Leah O'Neill has been on the moon for six weeks.,253,11,21,0.5238095238095238,0,0.18181818181818182,0.06451612903225806,0.18181818181818182,0.8724361658096313,0.859007716178894,0.865669846534729
25455864,sport,tldr,World champion cyclist Martyn Irvine has been named the 2013 BBC Northern Ireland Sports Personality of the Year.,Martyn Irvine has been named BBC Northern Ireland's Sports Personality of the Year for 2013.,2328,15,18,0.8333333333333334,0,0.823529411764706,0.625,0.7647058823529411,0.9760259389877319,0.9600076079368591,0.9679505825042725
25455864,sport,bullet_points,World champion cyclist Martyn Irvine has been named the 2013 BBC Northern Ireland Sports Personality of the Year.,Martyn Irvine has been named BBC Northern Ireland's Sports Personality of the Year for 2013.,2328,15,18,0.8333333333333334,0,0.823529411764706,0.625,0.7647058823529411,0.9760259389877319,0.9600076079368591,0.9679505825042725
25455864,sport,bullet_points_strict,World champion cyclist Martyn Irvine has been named the 2013 BBC Northern Ireland Sports Personality of the Year.,Martyn Irvine has been named BBC Northern Ireland's Sports Personality of the Year for 2013.,2328,15,18,0.8333333333333334,0,0.823529411764706,0.625,0.7647058823529411,0.9760259389877319,0.9600076079368591,0.9679505825042725
25455864,sport,one_sentence,World champion cyclist Martyn Irvine has been named the 2013 BBC Northern Ireland Sports Personality of the Year.,Martyn Irvine has been named BBC Northern Ireland's Sports Personality of the Year for 2013.,2328,15,18,0.8333333333333334,0,0.823529411764706,0.625,0.7647058823529411,0.9760259389877319,0.9600076079368591,0.9679505825042725
25455864,sport,fact_constrained,World champion cyclist Martyn Irvine has been named the 2013 BBC Northern Ireland Sports Personality of the Year.,Martyn Irvine has been named BBC Northern Ireland's Sports Personality of the Year for 2013.,2328,15,18,0.8333333333333334,0,0.823529411764706,0.625,0.7647058823529411,0.9760259389877319,0.9600076079368591,0.9679505825042725
32171407,tech,tldr,A civilian cargo aircraft has landed safely after being escorted into Prestwick Airport in Ayrshire after suffering technical problems with its communications equipment.,A civilian aircraft has landed safely at Prestwick Airport.,1147,9,23,0.391304347826087,0,0.5,0.3333333333333333,0.5,0.9742898344993591,0.9011403322219849,0.936288595199585
32171407,tech,bullet_points,A civilian cargo aircraft has landed safely after being escorted into Prestwick Airport in Ayrshire after suffering technical problems with its communications equipment.,A civilian aircraft has landed at Prestwick Airport after a Typhoon landed at the airport.,1147,15,23,0.6521739130434783,0,0.4210526315789474,0.2222222222222222,0.4210526315789474,0.9410337805747986,0.8914834856987,0.9155887365341187
32171407,tech,bullet_points_strict,A civilian cargo aircraft has landed safely after being escorted into Prestwick Airport in Ayrshire after suffering technical problems with its communications equipment.,A civilian aircraft has landed safely at Prestwick Airport.,1147,9,23,0.391304347826087,0,0.5,0.3333333333333333,0.5,0.9742898344993591,0.9011403322219849,0.936288595199585
32171407,tech,one_sentence,A civilian cargo aircraft has landed safely after being escorted into Prestwick Airport in Ayrshire after suffering technical problems with its communications equipment.,A civilian aircraft has landed at Prestwick Airport after a typhoon landed at the airport.,1147,15,23,0.6521739130434783,0,0.4210526315789474,0.2222222222222222,0.4210526315789474,0.9333582520484924,0.8944078087806702,0.9134680032730103
32171407,tech,fact_constrained,A civilian cargo aircraft has landed safely after being escorted into Prestwick Airport in Ayrshire after suffering technical problems with its communications equipment.,A civilian aircraft has landed safely at Prestwick Airport in Ayrshire.,1147,11,23,0.4782608695652174,0,0.5882352941176471,0.4375,0.5882352941176471,0.9801648855209351,0.9214427471160889,0.9498971104621887
37205717,tech,tldr,Police have been given more time to question five men arrested on suspicion of terrorism offences.,"Five men have been arrested on suspicion of being concerned in the commission, preparation or instigation of terrorism.",1034,18,16,1.125,0,0.5294117647058824,0.37500000000000006,0.411764705882353,0.8923943042755127,0.9296443462371826,0.9106385707855225
37205717,tech,bullet_points,Police have been given more time to question five men arrested on suspicion of terrorism offences.,Five men have been arrested on suspicion of terrorism offences in the West Midlands.,1034,14,16,0.875,0,0.6666666666666666,0.5,0.5333333333333333,0.9558372497558594,0.9377322196960449,0.9466981887817383
37205717,tech,bullet_points_strict,Police have been given more time to question five men arrested on suspicion of terrorism offences.,"Five men have been arrested on suspicion of being concerned in the commission, preparation or instigation of acts of terror.",1034,20,16,1.25,0,0.4444444444444445,0.29411764705882354,0.33333333333333326,0.8942636251449585,0.9278719425201416,0.910757839679718
37205717,tech,one_sentence,Police have been given more time to question five men arrested on suspicion of terrorism offences.,Five men have been arrested on suspicion of terrorism offences in the West Midlands.,1034,14,16,0.875,0,0.6666666666666666,0.5,0.5333333333333333,0.9558372497558594,0.9377322196960449,0.9466981887817383
37205717,tech,fact_constrained,Police have been given more time to question five men arrested on suspicion of terrorism offences.,Five men have been arrested on suspicion of terrorism offences in the West Midlands.,1034,14,16,0.875,0,0.6666666666666666,0.5,0.5333333333333333,0.9558372497558594,0.9377322196960449,0.9466981887817383
36135425,sport,tldr,Euro 2016 will be contested by 24 teams over 30 days at 10 different venues in France.,World Cup finals will be a difficult game to predict - because there are 24 teams competing in the finals.,10192,20,17,1.1764705882352942,0,0.27777777777777773,0.11764705882352941,0.27777777777777773,0.8947518467903137,0.8758609294891357,0.8852056264877319
36135425,sport,bullet_points,Euro 2016 will be contested by 24 teams over 30 days at 10 different venues in France.,World Cup quarter-finals with a 2-0 win over Spain.,10192,9,17,0.5294117647058824,0,0.07142857142857142,0.0,0.07142857142857142,0.8525899052619934,0.8408404588699341,0.846674382686615
36135425,sport,bullet_points_strict,Euro 2016 will be contested by 24 teams over 30 days at 10 different venues in France.,World Cup quarter-finals with a 2-0 win over Spain.,10192,9,17,0.5294117647058824,0,0.07142857142857142,0.0,0.07142857142857142,0.8525899052619934,0.8408404588699341,0.846674382686615
36135425,sport,one_sentence,Euro 2016 will be contested by 24 teams over 30 days at 10 different venues in France.,"World Cup finals will take place in Lens on Thursday, 16 June.",10192,12,17,0.7058823529411765,0,0.13793103448275862,0.0,0.13793103448275862,0.8912593722343445,0.8650291562080383,0.8779484033584595
36135425,sport,fact_constrained,Euro 2016 will be contested by 24 teams over 30 days at 10 different venues in France.,World Cup finals - the final of the European Championships - will be a difficult game to predict.,10192,18,17,1.0588235294117647,0,0.12121212121212122,0.06451612903225808,0.12121212121212122,0.8792110681533813,0.8440049290657043,0.8612483143806458
40965536,sport,tldr,BBC Sport is showing live coverage of the EuroBasket warm-up game between Great Britain and Greece at the Copper Box in London on Saturday 19 August.,Great Britain's EuroBasket opener against Greece at the Copper Box in London on Saturday will be a rematch of last year's EuroBasket final.,1083,23,26,0.8846153846153846,0,0.5,0.35999999999999993,0.4230769230769231,0.9286831617355347,0.9142943620681763,0.921432614326477
40965536,sport,bullet_points,BBC Sport is showing live coverage of the EuroBasket warm-up game between Great Britain and Greece at the Copper Box in London on Saturday 19 August.,Great Britain's EuroBasket opener against Greece at the Copper Box in London on Saturday will be a rematch of last year's EuroBasket final.,1083,23,26,0.8846153846153846,0,0.5,0.35999999999999993,0.4230769230769231,0.9286831617355347,0.9142943620681763,0.921432614326477
40965536,sport,bullet_points_strict,BBC Sport is showing live coverage of the EuroBasket warm-up game between Great Britain and Greece at the Copper Box in London on Saturday 19 August.,Great Britain's EuroBasket opener against Greece at the Copper Box in London on Saturday will be a rematch of last year's EuroBasket.,1083,22,26,0.8461538461538461,0,0.5098039215686274,0.36734693877551017,0.4313725490196078,0.9342806339263916,0.9150862097740173,0.9245837926864624
40965536,sport,one_sentence,BBC Sport is showing live coverage of the EuroBasket warm-up game between Great Britain and Greece at the Copper Box in London on Saturday 19 August.,Great Britain's EuroBasket opener against Greece at the Copper Box in London on Saturday will be a rematch of last year's EuroBasket final.,1083,23,26,0.8846153846153846,0,0.5,0.35999999999999993,0.4230769230769231,0.9286831617355347,0.9142943620681763,0.921432614326477
40965536,sport,fact_constrained,BBC Sport is showing live coverage of the EuroBasket warm-up game between Great Britain and Greece at the Copper Box in London on Saturday 19 August.,Great Britain's EuroBasket opener against Greece at the Copper Box in London will be a first-team game between the two teams.,1083,21,26,0.8076923076923077,0,0.52,0.33333333333333337,0.36,0.9380311369895935,0.911750078201294,0.92470383644104
34486992,sport,tldr,Australia weathered a Welsh storm to win World Cup Pool A with a 15-6 victory at Twickenham.,"Wales were beaten by Australia in their final match of the World Cup, but Gareth Davies was a livewire for the whole of the match.",3858,25,17,1.4705882352941178,0,0.18604651162790697,0.048780487804878044,0.18604651162790697,0.8848497867584229,0.8724506497383118,0.8786065578460693
34486992,sport,bullet_points,Australia weathered a Welsh storm to win World Cup Pool A with a 15-6 victory at Twickenham.,Wales suffered their first defeat of the season as they lost to Australia in the World Cup quarter-finals.,3858,18,17,1.0588235294117647,0,0.21621621621621623,0.05714285714285714,0.16216216216216214,0.8910078406333923,0.876380205154419,0.8836334347724915
34486992,sport,bullet_points_strict,Australia weathered a Welsh storm to win World Cup Pool A with a 15-6 victory at Twickenham.,Wales were beaten by Australia in their final match of the World Cup.,3858,13,17,0.7647058823529411,0,0.1935483870967742,0.06896551724137931,0.1935483870967742,0.9071630835533142,0.8693979382514954,0.8878791332244873
34486992,sport,one_sentence,Australia weathered a Welsh storm to win World Cup Pool A with a 15-6 victory at Twickenham.,Wales suffered their first defeat of the season as they lost to Australia in the final of the World Cup.,3858,20,17,1.1764705882352942,0,0.2105263157894737,0.05555555555555555,0.15789473684210525,0.8973721861839294,0.8738189339637756,0.8854389786720276
34486992,sport,fact_constrained,Australia weathered a Welsh storm to win World Cup Pool A with a 15-6 victory at Twickenham.,Wales lost to Australia in the World Cup quarter-finals after a narrow defeat by the Wallabies.,3858,16,17,0.9411764705882353,0,0.28571428571428575,0.06060606060606061,0.22857142857142856,0.888002872467041,0.8742751479148865,0.8810855150222778
38859551,sport,tldr,Josh Strauss believes Vern Cotter's impending departure will provide added motivation for Scotland to have a successful Six Nations.,"Scotland's squad for the Six Nations opener against Ireland, says Scot Cotter's decision to leave the club is a ""little bit more of an incentive"".",3314,25,19,1.3157894736842106,0,0.3404255319148936,0.08888888888888889,0.1702127659574468,0.8844373822212219,0.901563286781311,0.8929181694984436
38859551,sport,bullet_points,Josh Strauss believes Vern Cotter's impending departure will provide added motivation for Scotland to have a successful Six Nations.,"Scotland's squad for the Six Nations opener against Ireland, and they're inexperienced, they're inexperienced.",3314,14,19,0.7368421052631579,0,0.27027027027027023,0.05714285714285714,0.2162162162162162,0.885406494140625,0.8735540509223938,0.8794403672218323
38859551,sport,bullet_points_strict,Josh Strauss believes Vern Cotter's impending departure will provide added motivation for Scotland to have a successful Six Nations.,"Scotland's squad for the Six Nations opener against Ireland, says Scot Cotter's decision to leave is a ""little bit more of an incentive"".",3314,23,19,1.2105263157894737,0,0.35555555555555557,0.0930232558139535,0.17777777777777778,0.8887123465538025,0.9027714729309082,0.895686686038971
38859551,sport,one_sentence,Josh Strauss believes Vern Cotter's impending departure will provide added motivation for Scotland to have a successful Six Nations.,Scotland's squad for the Six Nations opener against Ireland.,3314,9,19,0.47368421052631576,0,0.3333333333333333,0.07142857142857142,0.26666666666666666,0.9141234755516052,0.8798889517784119,0.8966795802116394
38859551,sport,fact_constrained,Josh Strauss believes Vern Cotter's impending departure will provide added motivation for Scotland to have a successful Six Nations.,"Scotland's squad for the Six Nations opener against Ireland, and they want to give Cotter a good send-off.",3314,18,19,0.9473684210526315,0,0.4000000000000001,0.05263157894736842,0.20000000000000004,0.8943209052085876,0.8920808434486389,0.8931995034217834
32950900,politics,tldr,Ex-CIA Director David Petraeus has told the BBC that Islamic State militants can only be defeated through a dual military and political approach.,US Secretary of State John F. Kennedy has said he has no doubt that the Iraqi army will be able to defeat Islamic State.,6077,24,23,1.0434782608695652,0,0.25,0.043478260869565216,0.16666666666666666,0.9007449150085449,0.8976868391036987,0.8992132544517517
32950900,politics,bullet_points,Ex-CIA Director David Petraeus has told the BBC that Islamic State militants can only be defeated through a dual military and political approach.,US Secretary of State John F. Kennedy has said he has no doubt that the Iraqi military will be able to defeat Islamic State.,6077,24,23,1.0434782608695652,0,0.2916666666666667,0.043478260869565216,0.16666666666666666,0.9056214690208435,0.8999289870262146,0.902766227722168
32950900,politics,bullet_points_strict,Ex-CIA Director David Petraeus has told the BBC that Islamic State militants can only be defeated through a dual military and political approach.,US General George Petraeus has said he has no doubt that the Iraqi army will be retaken by Islamic State (IS).,6077,21,23,0.9130434782608695,0,0.3111111111111111,0.09302325581395349,0.22222222222222224,0.8916221857070923,0.8878298401832581,0.8897219896316528
32950900,politics,one_sentence,Ex-CIA Director David Petraeus has told the BBC that Islamic State militants can only be defeated through a dual military and political approach.,US Secretary of State John F. Kennedy has said he has no doubt that the Iraqi army will be retaken by Islamic State (IS).,6077,24,23,1.0434782608695652,0,0.25,0.043478260869565216,0.16666666666666666,0.8808332681655884,0.8858934044837952,0.8833560943603516
32950900,politics,fact_constrained,Ex-CIA Director David Petraeus has told the BBC that Islamic State militants can only be defeated through a dual military and political approach.,US General George W. Bush has said he has no doubt that the Iraqi military will be able to defeat Islamic State.,6077,22,23,0.9565217391304348,0,0.30434782608695654,0.04545454545454545,0.17391304347826086,0.9106398820877075,0.9007735252380371,0.9056798815727234
33425853,tech,tldr,"More than 13,000 email addresses have been stolen from Edinburgh city council's database following a ""malicious cyber attack"".",A cyber attack on a Scottish council's website has been reported to the Information Commissioner's Office.,1248,16,18,0.8888888888888888,0,0.3157894736842105,0.1111111111111111,0.15789473684210525,0.8979347944259644,0.9029321074485779,0.9004265666007996
33425853,tech,bullet_points,"More than 13,000 email addresses have been stolen from Edinburgh city council's database following a ""malicious cyber attack"".",A cyber attack on a Scottish council's website has been reported to the Information Commissioner's Office.,1248,16,18,0.8888888888888888,0,0.3157894736842105,0.1111111111111111,0.15789473684210525,0.8979347944259644,0.9029321074485779,0.9004265666007996
33425853,tech,bullet_points_strict,"More than 13,000 email addresses have been stolen from Edinburgh city council's database following a ""malicious cyber attack"".",A cyber attack on a Scottish council's website has been reported to the Information Commissioner's Office and the UK Government.,1248,20,18,1.1111111111111112,0,0.28571428571428564,0.1,0.14285714285714282,0.8851330876350403,0.9030605554580688,0.8940069675445557
33425853,tech,one_sentence,"More than 13,000 email addresses have been stolen from Edinburgh city council's database following a ""malicious cyber attack"".",A hacking attack on a council website in Edinburgh has been reported to the Information Commissioner's Office.,1248,17,18,0.9444444444444444,0,0.3157894736842105,0.0,0.10526315789473685,0.8964545726776123,0.9040197134017944,0.9002212285995483
33425853,tech,fact_constrained,"More than 13,000 email addresses have been stolen from Edinburgh city council's database following a ""malicious cyber attack"".",A cyber attack on a Scottish council's website has been reported to the Information Commissioner's Office.,1248,16,18,0.8888888888888888,0,0.3157894736842105,0.1111111111111111,0.15789473684210525,0.8979347944259644,0.9029321074485779,0.9004265666007996
36071608,politics,tldr,Rebels say they have begun a new battle in north-western Syria in response to alleged truce violations by the army.,Syrian rebels have declared the start of a battle in response to escalating fighting in the Syrian city of Aleppo.,4965,20,20,1.0,0,0.4390243902439024,0.15384615384615385,0.3902439024390244,0.931253969669342,0.9183274507522583,0.924745500087738
36071608,politics,bullet_points,Rebels say they have begun a new battle in north-western Syria in response to alleged truce violations by the army.,Syrian rebels have declared the start of a battle in response to escalating fighting in the Syrian city of Aleppo.,4965,20,20,1.0,0,0.4390243902439024,0.15384615384615385,0.3902439024390244,0.931253969669342,0.9183274507522583,0.924745500087738
36071608,politics,bullet_points_strict,Rebels say they have begun a new battle in north-western Syria in response to alleged truce violations by the army.,Syrian rebels have declared the start of a battle in response to escalating fighting in the north-eastern Syrian city of Aleppo.,4965,21,20,1.05,0,0.46511627906976744,0.14634146341463414,0.37209302325581395,0.9278944730758667,0.9272679090499878,0.9275810718536377
36071608,politics,one_sentence,Rebels say they have begun a new battle in north-western Syria in response to alleged truce violations by the army.,"Syrian rebels have declared the start of a ""battle in response"" to escalating fighting in the north-eastern Syrian city of Aleppo.",4965,21,20,1.05,0,0.46511627906976744,0.14634146341463414,0.37209302325581395,0.9204213619232178,0.9244551658630371,0.9224339127540588
36071608,politics,fact_constrained,Rebels say they have begun a new battle in north-western Syria in response to alleged truce violations by the army.,Syrian rebels have declared the start of a battle in response to escalating fighting in the Syrian city of Aleppo.,4965,20,20,1.0,0,0.4390243902439024,0.15384615384615385,0.3902439024390244,0.931253969669342,0.9183274507522583,0.924745500087738
24393387,business,tldr,The photo sharing service Instagram announced it will start placing ads in US users photo streams in a posting on its website.,Instagram has announced that it will introduce advertising in the near future.,1349,12,22,0.5454545454545454,0,0.3529411764705882,0.0625,0.29411764705882354,0.9337713718414307,0.8836549520492554,0.9080221652984619
24393387,business,bullet_points,The photo sharing service Instagram announced it will start placing ads in US users photo streams in a posting on its website.,Instagram has announced that it will introduce advertising in the near future.,1349,12,22,0.5454545454545454,0,0.3529411764705882,0.0625,0.29411764705882354,0.9337713718414307,0.8836549520492554,0.9080221652984619
24393387,business,bullet_points_strict,The photo sharing service Instagram announced it will start placing ads in US users photo streams in a posting on its website.,Instagram has announced that it will introduce advertising in the near future.,1349,12,22,0.5454545454545454,0,0.3529411764705882,0.0625,0.29411764705882354,0.9337713718414307,0.8836549520492554,0.9080221652984619
24393387,business,one_sentence,The photo sharing service Instagram announced it will start placing ads in US users photo streams in a posting on its website.,Instagram has announced that it will introduce advertising in the near future.,1349,12,22,0.5454545454545454,0,0.3529411764705882,0.0625,0.29411764705882354,0.9337713718414307,0.8836549520492554,0.9080221652984619
24393387,business,fact_constrained,The photo sharing service Instagram announced it will start placing ads in US users photo streams in a posting on its website.,Instagram has announced that it will introduce advertising in the near future.,1349,12,22,0.5454545454545454,0,0.3529411764705882,0.0625,0.29411764705882354,0.9337713718414307,0.8836549520492554,0.9080221652984619
37338508,entertainment,tldr,Actor Michael C Hall is to perform a tribute to David Bowie at this week's Mercury Music Prize ceremony.,David Bowie has been nominated for the 2016 Hyundai Mercury Music Prize.,1403,12,19,0.631578947368421,0,0.3125,0.19999999999999998,0.3125,0.9174866676330566,0.8747178316116333,0.8955919742584229
37338508,entertainment,bullet_points,Actor Michael C Hall is to perform a tribute to David Bowie at this week's Mercury Music Prize ceremony.,David Bowie has been nominated for the 2016 Hyundai Mercury Music Prize.,1403,12,19,0.631578947368421,0,0.3125,0.19999999999999998,0.3125,0.9174866676330566,0.8747178316116333,0.8955919742584229
37338508,entertainment,bullet_points_strict,Actor Michael C Hall is to perform a tribute to David Bowie at this week's Mercury Music Prize ceremony.,David Bowie has been nominated for the 2016 Hyundai Mercury Music Prize.,1403,12,19,0.631578947368421,0,0.3125,0.19999999999999998,0.3125,0.9174866676330566,0.8747178316116333,0.8955919742584229
37338508,entertainment,one_sentence,Actor Michael C Hall is to perform a tribute to David Bowie at this week's Mercury Music Prize ceremony.,David Bowie has been nominated for the 2016 Hyundai Mercury Music Prize.,1403,12,19,0.631578947368421,0,0.3125,0.19999999999999998,0.3125,0.9174866676330566,0.8747178316116333,0.8955919742584229
37338508,entertainment,fact_constrained,Actor Michael C Hall is to perform a tribute to David Bowie at this week's Mercury Music Prize ceremony.,David Bowie has been nominated for the 2016 Hyundai Mercury Music Prize.,1403,12,19,0.631578947368421,0,0.3125,0.19999999999999998,0.3125,0.9174866676330566,0.8747178316116333,0.8955919742584229
33733384,business,tldr,A former Metropolitan Police officer has been found not guilty of sexually assaulting a teenage boy in the back of a police van nearly 30 years ago.,A retired police detective has been cleared of assaulting a prisoner and misconduct in public office.,804,16,27,0.5925925925925926,0,0.37209302325581395,0.0975609756097561,0.37209302325581395,0.9179046750068665,0.900322437286377,0.9090285897254944
33733384,business,bullet_points,A former Metropolitan Police officer has been found not guilty of sexually assaulting a teenage boy in the back of a police van nearly 30 years ago.,A retired police detective has been cleared of assaulting a prisoner.,804,11,27,0.4074074074074074,0,0.368421052631579,0.1111111111111111,0.368421052631579,0.9483455419540405,0.9033064842224121,0.9252782464027405
33733384,business,bullet_points_strict,A former Metropolitan Police officer has been found not guilty of sexually assaulting a teenage boy in the back of a police van nearly 30 years ago.,A former police detective has been cleared of assaulting a prisoner and misconduct in public office.,804,16,27,0.5925925925925926,0,0.4186046511627907,0.14634146341463417,0.4186046511627907,0.92008376121521,0.9016094207763672,0.9107528924942017
33733384,business,one_sentence,A former Metropolitan Police officer has been found not guilty of sexually assaulting a teenage boy in the back of a police van nearly 30 years ago.,A former Metropolitan Police detective has been cleared of assaulting a prisoner and misconduct in public office.,804,17,27,0.6296296296296297,0,0.45454545454545453,0.2380952380952381,0.45454545454545453,0.9296984076499939,0.9027329087257385,0.9160172343254089
33733384,business,fact_constrained,A former Metropolitan Police officer has been found not guilty of sexually assaulting a teenage boy in the back of a police van nearly 30 years ago.,A retired police detective has been cleared of assaulting a prisoner and misconduct in public office.,804,16,27,0.5925925925925926,0,0.37209302325581395,0.0975609756097561,0.37209302325581395,0.9179046750068665,0.900322437286377,0.9090285897254944
40255148,business,tldr,"Welsh Secretary Alun Cairns has rejected calls for a ""softer"" Brexit after the general election result led to a hung parliament.","The Welsh government's Brexit minister has said it would be ""completely wrong"" to stay in the single market after the election.",2129,21,21,1.0,0,0.3255813953488372,0.04878048780487805,0.23255813953488372,0.8952292203903198,0.8758180141448975,0.8854172229766846
40255148,business,bullet_points,"Welsh Secretary Alun Cairns has rejected calls for a ""softer"" Brexit after the general election result led to a hung parliament.",The leader of the Welsh Conservatives has said he wants the UK to stay in the single market despite the election.,2129,21,21,1.0,0,0.23809523809523808,0.0,0.19047619047619047,0.8959134817123413,0.8661020398139954,0.8807555437088013
40255148,business,bullet_points_strict,"Welsh Secretary Alun Cairns has rejected calls for a ""softer"" Brexit after the general election result led to a hung parliament.","The Welsh Conservatives' leader, Michael Cairns, has said he wants the UK to stay in the single market but still come out of the EU legally.",2129,26,21,1.2380952380952381,0,0.21276595744680848,0.044444444444444446,0.21276595744680848,0.8788813352584839,0.8813000917434692,0.8800890445709229
40255148,business,one_sentence,"Welsh Secretary Alun Cairns has rejected calls for a ""softer"" Brexit after the general election result led to a hung parliament.",The Welsh Conservatives have re-elected Labour MP Stephen Cairns as the new leader of the Welsh Government.,2129,17,21,0.8095238095238095,0,0.15384615384615383,0.0,0.15384615384615383,0.8953818082809448,0.8748352527618408,0.8849892616271973
40255148,business,fact_constrained,"Welsh Secretary Alun Cairns has rejected calls for a ""softer"" Brexit after the general election result led to a hung parliament.",The leader of the Welsh Conservatives has said he wants the UK to stay in the single market despite the election.,2129,21,21,1.0,0,0.23809523809523808,0.0,0.19047619047619047,0.8959134817123413,0.8661020398139954,0.8807555437088013
36438606,sport,tldr,"Relatives of the 96 people who died at Hillsborough have told the home secretary they want a ""Hillsborough Law"" to compel public officials to tell the truth at inquiries.",The families of the victims of the Hillsborough disaster have spoken to the home secretary about a proposed 'Hillsborough Law'.,2548,20,29,0.6896551724137931,0,0.4897959183673469,0.1702127659574468,0.40816326530612246,0.9533731937408447,0.9203876256942749,0.9365900754928589
36438606,sport,bullet_points,"Relatives of the 96 people who died at Hillsborough have told the home secretary they want a ""Hillsborough Law"" to compel public officials to tell the truth at inquiries.",The families of the victims of the Hillsborough disaster have spoken to the home secretary about a proposed 'Hillsborough Law'.,2548,20,29,0.6896551724137931,0,0.4897959183673469,0.1702127659574468,0.40816326530612246,0.9533731937408447,0.9203876256942749,0.9365900754928589
36438606,sport,bullet_points_strict,"Relatives of the 96 people who died at Hillsborough have told the home secretary they want a ""Hillsborough Law"" to compel public officials to tell the truth at inquiries.",The families of the victims of the Hillsborough disaster have spoken to the home secretary about a proposed 'Hillsborough Law'.,2548,20,29,0.6896551724137931,0,0.4897959183673469,0.1702127659574468,0.40816326530612246,0.9533731937408447,0.9203876256942749,0.9365900754928589
36438606,sport,one_sentence,"Relatives of the 96 people who died at Hillsborough have told the home secretary they want a ""Hillsborough Law"" to compel public officials to tell the truth at inquiries.",The families of the victims of the Hillsborough disaster have called on the home secretary to put a further onus on those in public office.,2548,25,29,0.8620689655172413,0,0.4074074074074074,0.11538461538461538,0.3333333333333333,0.9204617738723755,0.9061506986618042,0.9132501482963562
36438606,sport,fact_constrained,"Relatives of the 96 people who died at Hillsborough have told the home secretary they want a ""Hillsborough Law"" to compel public officials to tell the truth at inquiries.",The families of the victims of the Hillsborough disaster have called on the home secretary to put a further onus on public office to cooperate positively with investigations.,2548,28,29,0.9655172413793104,0,0.42105263157894735,0.10909090909090909,0.3508771929824561,0.9083504676818848,0.9104183912277222,0.909383237361908
37601431,tech,tldr,Internet trolls who create derogatory hashtags or doctored images to humiliate others could face prosecution in England and Wales.,"The CPS has said it will prosecute those who post ""grossly offensive"" material online.",4046,14,19,0.7368421052631579,0,0.06060606060606061,0.0,0.06060606060606061,0.9016404151916504,0.8809130191802979,0.8911561965942383
37601431,tech,bullet_points,Internet trolls who create derogatory hashtags or doctored images to humiliate others could face prosecution in England and Wales.,"The CPS has said it will prosecute those who post ""grossly offensive"" material online.",4046,14,19,0.7368421052631579,0,0.06060606060606061,0.0,0.06060606060606061,0.9016404151916504,0.8809130191802979,0.8911561965942383
37601431,tech,bullet_points_strict,Internet trolls who create derogatory hashtags or doctored images to humiliate others could face prosecution in England and Wales.,"The CPS has said it will prosecute those who post ""grossly offensive"" material online.",4046,14,19,0.7368421052631579,0,0.06060606060606061,0.0,0.06060606060606061,0.9016404151916504,0.8809130191802979,0.8911561965942383
37601431,tech,one_sentence,Internet trolls who create derogatory hashtags or doctored images to humiliate others could face prosecution in England and Wales.,"The CPS has said it will prosecute those who post ""grossly offensive"" material online.",4046,14,19,0.7368421052631579,0,0.06060606060606061,0.0,0.06060606060606061,0.9016404151916504,0.8809130191802979,0.8911561965942383
37601431,tech,fact_constrained,Internet trolls who create derogatory hashtags or doctored images to humiliate others could face prosecution in England and Wales.,"The CPS has said it will prosecute those who post ""grossly offensive"" material online.",4046,14,19,0.7368421052631579,0,0.06060606060606061,0.0,0.06060606060606061,0.9016404151916504,0.8809130191802979,0.8911561965942383
39586912,politics,tldr,"The day 12-year-old Faizan Fayaz Dar died, he woke up in the morning in his hilltop home in Budgam in Indian-administered Kashmir, had a cup of salted tea, recited the Koran and pottered around in the kitchen where his mother prepared breakfast for the family.","Faizan Faizan, a schoolboy from Kashmir, was returning home from school on a bright, nippy morning when paramilitary soldiers shot him in the head.",7434,24,45,0.5333333333333333,0,0.19444444444444448,0.028571428571428567,0.1388888888888889,0.8948249816894531,0.8600284457206726,0.8770816922187805
39586912,politics,bullet_points,"The day 12-year-old Faizan Fayaz Dar died, he woke up in the morning in his hilltop home in Budgam in Indian-administered Kashmir, had a cup of salted tea, recited the Koran and pottered around in the kitchen where his mother prepared breakfast for the family.","Faizan Faizan, a Kashmiri boy who was killed by paramilitary soldiers at a polling centre in Srinagar on Sunday, was a young boy who had been a pupil at a school.",7434,31,45,0.6888888888888889,0,0.10126582278481013,0.0,0.10126582278481013,0.8822010159492493,0.8503498435020447,0.8659826517105103
39586912,politics,bullet_points_strict,"The day 12-year-old Faizan Fayaz Dar died, he woke up in the morning in his hilltop home in Budgam in Indian-administered Kashmir, had a cup of salted tea, recited the Koran and pottered around in the kitchen where his mother prepared breakfast for the family.","Faizan Faizan, a Kashmiri boy who was killed by paramilitary soldiers at a polling centre in Srinagar on Sunday, was a young boy in his early 20s.",7434,27,45,0.6,0,0.13333333333333333,0.0273972602739726,0.13333333333333333,0.8819823265075684,0.8473567366600037,0.86432284116745
39586912,politics,one_sentence,"The day 12-year-old Faizan Fayaz Dar died, he woke up in the morning in his hilltop home in Budgam in Indian-administered Kashmir, had a cup of salted tea, recited the Koran and pottered around in the kitchen where his mother prepared breakfast for the family.","Faizan Faizan, a Kashmiri boy who was killed by paramilitary soldiers at a polling centre in Srinagar on Sunday, was a young boy in his early 20s.",7434,27,45,0.6,0,0.13333333333333333,0.0273972602739726,0.13333333333333333,0.8819823265075684,0.8473567366600037,0.86432284116745
39586912,politics,fact_constrained,"The day 12-year-old Faizan Fayaz Dar died, he woke up in the morning in his hilltop home in Budgam in Indian-administered Kashmir, had a cup of salted tea, recited the Koran and pottered around in the kitchen where his mother prepared breakfast for the family.","Faizan Faizan, a schoolboy from Kashmir, was killed by paramilitary soldiers at a polling centre in Srinagar on Sunday.",7434,19,45,0.4222222222222222,0,0.11940298507462688,0.0,0.11940298507462688,0.8950310945510864,0.8485497236251831,0.8711708188056946
33572386,tech,tldr,An elderly woman has died after being hit by a tipper truck.,A woman has died after being hit by a truck in Gwynedd.,275,12,12,1.0,0,0.75,0.6363636363636364,0.75,0.9443546533584595,0.9639978408813477,0.9540751576423645
33572386,tech,bullet_points,An elderly woman has died after being hit by a tipper truck.,A woman has died after being hit by a truck in Gwynedd.,275,12,12,1.0,0,0.75,0.6363636363636364,0.75,0.9443546533584595,0.9639978408813477,0.9540751576423645
33572386,tech,bullet_points_strict,An elderly woman has died after being hit by a tipper truck.,A woman has died after being hit by a truck in Gwynedd.,275,12,12,1.0,0,0.75,0.6363636363636364,0.75,0.9443546533584595,0.9639978408813477,0.9540751576423645
33572386,tech,one_sentence,An elderly woman has died after being hit by a tipper truck.,A woman has died after being hit by a truck in Gwynedd.,275,12,12,1.0,0,0.75,0.6363636363636364,0.75,0.9443546533584595,0.9639978408813477,0.9540751576423645
33572386,tech,fact_constrained,An elderly woman has died after being hit by a tipper truck.,A woman has died after being hit by a truck in Gwynedd.,275,12,12,1.0,0,0.75,0.6363636363636364,0.75,0.9443546533584595,0.9639978408813477,0.9540751576423645
37634693,business,tldr,Four foreign-owned firms are competing to run train services in Wales and create the £600m South Wales Metro.,Four companies have submitted bids for a new rail franchise in Wales.,3189,12,18,0.6666666666666666,0,0.1935483870967742,0.06896551724137931,0.1935483870967742,0.9464024305343628,0.9028357267379761,0.9241058826446533
37634693,business,bullet_points,Four foreign-owned firms are competing to run train services in Wales and create the £600m South Wales Metro.,Four companies have submitted bids for a new rail franchise in Wales.,3189,12,18,0.6666666666666666,0,0.1935483870967742,0.06896551724137931,0.1935483870967742,0.9464024305343628,0.9028357267379761,0.9241058826446533
37634693,business,bullet_points_strict,Four foreign-owned firms are competing to run train services in Wales and create the £600m South Wales Metro.,Four companies have submitted bids for a new rail franchise in Wales.,3189,12,18,0.6666666666666666,0,0.1935483870967742,0.06896551724137931,0.1935483870967742,0.9464024305343628,0.9028357267379761,0.9241058826446533
37634693,business,one_sentence,Four foreign-owned firms are competing to run train services in Wales and create the £600m South Wales Metro.,Four companies have submitted bids for a new rail franchise in Wales.,3189,12,18,0.6666666666666666,0,0.1935483870967742,0.06896551724137931,0.1935483870967742,0.9464024305343628,0.9028357267379761,0.9241058826446533
37634693,business,fact_constrained,Four foreign-owned firms are competing to run train services in Wales and create the £600m South Wales Metro.,Four companies have submitted bids for a contract to build a new rail network in Wales.,3189,16,18,0.8888888888888888,0,0.22857142857142856,0.0606060606060606,0.22857142857142856,0.937713623046875,0.9069221019744873,0.9220609068870544
37320915,entertainment,tldr,Veteran broadcaster Robbie Shepherd is leaving BBC Radio Scotland's Take the Floor after 35 years this weekend.,BBC Scotland's Robbie Robbie has stepped down as host of the Scottish dance music show Take the Floor.,3369,18,17,1.0588235294117647,0,0.37837837837837834,0.17142857142857143,0.3243243243243243,0.9236865639686584,0.8843681812286377,0.9035999178886414
37320915,entertainment,bullet_points,Veteran broadcaster Robbie Shepherd is leaving BBC Radio Scotland's Take the Floor after 35 years this weekend.,BBC Scotland's Robbie Robbie has announced he will step down as host of the Scottish dance music show this weekend.,3369,20,17,1.1764705882352942,0,0.358974358974359,0.1081081081081081,0.30769230769230765,0.918070375919342,0.8815187811851501,0.899423360824585
37320915,entertainment,bullet_points_strict,Veteran broadcaster Robbie Shepherd is leaving BBC Radio Scotland's Take the Floor after 35 years this weekend.,BBC Scotland's Robbie Robbie has announced he will step down as host of the Scottish dance music show this weekend.,3369,20,17,1.1764705882352942,0,0.358974358974359,0.1081081081081081,0.30769230769230765,0.918070375919342,0.8815187811851501,0.899423360824585
37320915,entertainment,one_sentence,Veteran broadcaster Robbie Shepherd is leaving BBC Radio Scotland's Take the Floor after 35 years this weekend.,BBC Scotland's Robbie Robbie has announced he will step down as host of the Scottish dance music show this weekend.,3369,20,17,1.1764705882352942,0,0.358974358974359,0.1081081081081081,0.30769230769230765,0.918070375919342,0.8815187811851501,0.899423360824585
37320915,entertainment,fact_constrained,Veteran broadcaster Robbie Shepherd is leaving BBC Radio Scotland's Take the Floor after 35 years this weekend.,BBC Scotland's Robbie Robbie has stepped down as host of the Scottish dance music show Take the Floor.,3369,18,17,1.0588235294117647,0,0.37837837837837834,0.17142857142857143,0.3243243243243243,0.9236865639686584,0.8843681812286377,0.9035999178886414
35162652,sport,tldr,Accrington Stanley manager John Coleman has criticised the Football League for allowing Carlisle United to move their home games because of flooding.,"Carlisle United manager Alan Coleman says the league's handling of the Carlisle floods is ""unfair"" and unfair.",1097,17,22,0.7727272727272727,0,0.35000000000000003,0.05263157894736842,0.25,0.902532160282135,0.8981502056121826,0.9003359079360962
35162652,sport,bullet_points,Accrington Stanley manager John Coleman has criticised the Football League for allowing Carlisle United to move their home games because of flooding.,"Carlisle United manager Paul Coleman says he is ""shocked"" by the club's handling of the Carlisle floods.",1097,17,22,0.7727272727272727,0,0.3,0.05263157894736842,0.19999999999999998,0.91180419921875,0.8965999484062195,0.9041381478309631
35162652,sport,bullet_points_strict,Accrington Stanley manager John Coleman has criticised the Football League for allowing Carlisle United to move their home games because of flooding.,"Carlisle United manager Paul Coleman says he is ""shocked"" by the league's handling of the Carlisle floods.",1097,17,22,0.7727272727272727,0,0.35000000000000003,0.05263157894736842,0.25,0.9178798794746399,0.901984691619873,0.9098628759384155
35162652,sport,one_sentence,Accrington Stanley manager John Coleman has criticised the Football League for allowing Carlisle United to move their home games because of flooding.,"Carlisle United manager Mark Coleman says he is ""shocked"" by the club's handling of the Carlisle floods.",1097,17,22,0.7727272727272727,0,0.3,0.05263157894736842,0.19999999999999998,0.9112825393676758,0.8964580297470093,0.9038094878196716
35162652,sport,fact_constrained,Accrington Stanley manager John Coleman has criticised the Football League for allowing Carlisle United to move their home games because of flooding.,"Carlisle United manager Paul Coleman says he is ""shocked"" by the League Two club's handling of the Carlisle floods.",1097,19,22,0.8636363636363636,0,0.3333333333333333,0.05,0.23809523809523808,0.9072514772415161,0.8990292549133301,0.9031216502189636
38062339,sport,tldr,Two Manchester United fans spent Friday night undetected in an Old Trafford toilet in an attempt to see Saturday's Premier League game against Arsenal.,A pair of Manchester United fans have been arrested after a suspected explosive was found in a toilet in the Emirates Stadium.,742,22,24,0.9166666666666666,0,0.2553191489361702,0.13333333333333333,0.2553191489361702,0.9021738171577454,0.8839389681816101,0.8929632902145386
38062339,sport,bullet_points,Two Manchester United fans spent Friday night undetected in an Old Trafford toilet in an attempt to see Saturday's Premier League game against Arsenal.,A pair of Manchester United supporters have been arrested in connection with a robbery at the Emirates Stadium.,742,18,24,0.75,0,0.13953488372093023,0.048780487804878044,0.13953488372093023,0.9062023162841797,0.8780693411827087,0.8919140100479126
38062339,sport,bullet_points_strict,Two Manchester United fans spent Friday night undetected in an Old Trafford toilet in an attempt to see Saturday's Premier League game against Arsenal.,A pair of Manchester United fans have been arrested after a suspected explosive was found in a toilet in the Emirates Stadium.,742,22,24,0.9166666666666666,0,0.2553191489361702,0.13333333333333333,0.2553191489361702,0.9021738171577454,0.8839389681816101,0.8929632902145386
38062339,sport,one_sentence,Two Manchester United fans spent Friday night undetected in an Old Trafford toilet in an attempt to see Saturday's Premier League game against Arsenal.,A pair of Manchester United supporters have been arrested in connection with a robbery at Old Trafford.,742,17,24,0.7083333333333334,0,0.2380952380952381,0.1,0.2380952380952381,0.9176943302154541,0.8844239711761475,0.9007520079612732
38062339,sport,fact_constrained,Two Manchester United fans spent Friday night undetected in an Old Trafford toilet in an attempt to see Saturday's Premier League game against Arsenal.,A pair of Manchester United supporters have been arrested in connection with an incident at Old Trafford.,742,17,24,0.7083333333333334,0,0.28571428571428564,0.1,0.28571428571428564,0.9220953583717346,0.8897505402565002,0.9056342840194702
40785774,sport,tldr,Accrington Stanley secured a dramatic late victory over Championship side Preston North End to seal their place in the second round of the EFL Cup.,Accrington Stanley beat Preston North End to reach the EFL Cup third round.,5190,13,25,0.52,0,0.5263157894736842,0.3333333333333333,0.47368421052631576,0.9739812612533569,0.932264506816864,0.9526664614677429
40785774,sport,bullet_points,Accrington Stanley secured a dramatic late victory over Championship side Preston North End to seal their place in the second round of the EFL Cup.,Accrington Stanley beat Preston North End to reach the EFL Cup third round.,5190,13,25,0.52,0,0.5263157894736842,0.3333333333333333,0.47368421052631576,0.9739812612533569,0.932264506816864,0.9526664614677429
40785774,sport,bullet_points_strict,Accrington Stanley secured a dramatic late victory over Championship side Preston North End to seal their place in the second round of the EFL Cup.,Accrington Stanley beat Preston North End to reach the EFL Cup third round.,5190,13,25,0.52,0,0.5263157894736842,0.3333333333333333,0.47368421052631576,0.9739812612533569,0.932264506816864,0.9526664614677429
40785774,sport,one_sentence,Accrington Stanley secured a dramatic late victory over Championship side Preston North End to seal their place in the second round of the EFL Cup.,Accrington Stanley drew 1-1 with Preston North End in the EFL Cup third round.,5190,14,25,0.56,0,0.5,0.3157894736842105,0.45,0.9509148597717285,0.9204928874969482,0.9354565739631653
40785774,sport,fact_constrained,Accrington Stanley secured a dramatic late victory over Championship side Preston North End to seal their place in the second round of the EFL Cup.,Accrington Stanley beat Preston North End to reach the EFL Cup third round.,5190,13,25,0.52,0,0.5263157894736842,0.3333333333333333,0.47368421052631576,0.9739812612533569,0.932264506816864,0.9526664614677429
39403454,entertainment,tldr,An electrician whose £200 worth of tools were mistakenly sold for £1 in a charity shop has had them returned.,"A man who was offered £100 by a magazine for a Facebook post about a mistake in his tools has said he was ""just waiting for the call to go into the jungle"".",993,33,20,1.65,0,0.18867924528301888,0.0,0.11320754716981132,0.8574321866035461,0.8878096342086792,0.8723564743995667
39403454,entertainment,bullet_points,An electrician whose £200 worth of tools were mistakenly sold for £1 in a charity shop has had them returned.,"A carpenter has said he was ""just waiting for the phone to go into the jungle"".",993,16,20,0.8,0,0.16666666666666663,0.0,0.11111111111111112,0.8652178645133972,0.857261598110199,0.8612213730812073
39403454,entertainment,bullet_points_strict,An electrician whose £200 worth of tools were mistakenly sold for £1 in a charity shop has had them returned.,"A man has said he was ""just waiting for the phone to go into the jungle"" after he was offered £100 by a magazine for his story.",993,27,20,1.35,0,0.12765957446808512,0.0,0.0851063829787234,0.8651044368743896,0.8824051022529602,0.8736691474914551
39403454,entertainment,one_sentence,An electrician whose £200 worth of tools were mistakenly sold for £1 in a charity shop has had them returned.,"A carpenter has said he was ""just waiting"" for a phone call to go into the jungle to collect his tools.",993,21,20,1.05,0,0.1951219512195122,0.0,0.0975609756097561,0.8764208555221558,0.8737807869911194,0.8750988245010376
39403454,entertainment,fact_constrained,An electrician whose £200 worth of tools were mistakenly sold for £1 in a charity shop has had them returned.,"A man who made a mistake at a car shop has said he was ""just waiting for the phone to go into the jungle"".",993,24,20,1.2,0,0.1818181818181818,0.04761904761904762,0.13636363636363635,0.877580463886261,0.8805380463600159,0.8790567517280579
40917946,sport,tldr,"Laura Muir says she'll be ""gutted"" to miss April's Commonwealth Games.","Scotland's Sarah Muir says she is ""gutted"" she will not be able to compete in the Commonwealth Games next year.",1773,20,11,1.8181818181818181,0,0.5294117647058824,0.18749999999999997,0.41176470588235287,0.9397931098937988,0.9594044089317322,0.9494974613189697
40917946,sport,bullet_points,"Laura Muir says she'll be ""gutted"" to miss April's Commonwealth Games.","Scotland's Heather Muir says she is ""gutted"" she will miss the Commonwealth Games in April.",1773,15,11,1.3636363636363635,0,0.6206896551724138,0.22222222222222224,0.4827586206896552,0.9575673937797546,0.9609545469284058,0.959257960319519
40917946,sport,bullet_points_strict,"Laura Muir says she'll be ""gutted"" to miss April's Commonwealth Games.","Scotland's Heather Muir says she is ""gutted"" she will miss the Commonwealth Games in April.",1773,15,11,1.3636363636363635,0,0.6206896551724138,0.22222222222222224,0.4827586206896552,0.9575673937797546,0.9609545469284058,0.959257960319519
40917946,sport,one_sentence,"Laura Muir says she'll be ""gutted"" to miss April's Commonwealth Games.","Scotland's Sarah Muir says she is ""gutted"" she will miss the Commonwealth Games in April because of veterinary medicine studies.",1773,20,11,1.8181818181818181,0,0.5294117647058824,0.18749999999999997,0.41176470588235287,0.9360972046852112,0.9622191190719604,0.9489783644676208
40917946,sport,fact_constrained,"Laura Muir says she'll be ""gutted"" to miss April's Commonwealth Games.","Scotland's Heather Muir says she is ""gutted"" she will miss the Commonwealth Games in April.",1773,15,11,1.3636363636363635,0,0.6206896551724138,0.22222222222222224,0.4827586206896552,0.9575673937797546,0.9609545469284058,0.959257960319519
40714975,sport,tldr,Southend United will give striker Nile Ranger a chance to relaunch his career when he is released from prison.,Southend United striker Nile Ranger will be fit for the start of the season after being jailed for eight months.,942,20,19,1.0526315789473684,0,0.3076923076923077,0.16216216216216214,0.25641025641025644,0.9167230725288391,0.9181890487670898,0.9174555540084839
40714975,sport,bullet_points,Southend United will give striker Nile Ranger a chance to relaunch his career when he is released from prison.,Nile Ranger will be fit for the start of the new season after being jailed for fraud.,942,17,19,0.8947368421052632,0,0.16666666666666669,0.058823529411764705,0.1111111111111111,0.8916072845458984,0.873802900314331,0.882615327835083
40714975,sport,bullet_points_strict,Southend United will give striker Nile Ranger a chance to relaunch his career when he is released from prison.,"Southend United will try to get Nile Ranger back on the pitch before the start of the season, the club have confirmed.",942,22,19,1.1578947368421053,0,0.2926829268292683,0.15384615384615383,0.24390243902439024,0.9144341945648193,0.9102317690849304,0.9123280644416809
40714975,sport,one_sentence,Southend United will give striker Nile Ranger a chance to relaunch his career when he is released from prison.,Nile Ranger will miss the rest of the season after being jailed for fraud.,942,14,19,0.7368421052631579,0,0.18181818181818182,0.06451612903225808,0.12121212121212122,0.8972865343093872,0.8712272644042969,0.8840649127960205
40714975,sport,fact_constrained,Southend United will give striker Nile Ranger a chance to relaunch his career when he is released from prison.,Nile Ranger will miss the start of the 2017-18 season at Southend United after being jailed for eight months.,942,19,19,1.0,0,0.25641025641025644,0.10810810810810811,0.10256410256410256,0.8928530812263489,0.9018195867538452,0.8973138928413391
35457886,entertainment,tldr,"Books of condolence have opened for Sir Terry Wogan, as his breakfast show successor Chris Evans paid tribute on air to ""radio's Eric Morecambe"".",A book of condolences has been opened in Limerick to mark the passing of Radio 2 host Sir Terry Evans.,7408,20,24,0.8333333333333334,0,0.3111111111111111,0.04651162790697675,0.22222222222222224,0.8977798223495483,0.8631958961486816,0.8801482915878296
35457886,entertainment,bullet_points,"Books of condolence have opened for Sir Terry Wogan, as his breakfast show successor Chris Evans paid tribute on air to ""radio's Eric Morecambe"".",A book of condolences has been opened in Limerick to mark the passing of Radio 2 host Sir Terry Evans.,7408,20,24,0.8333333333333334,0,0.3111111111111111,0.04651162790697675,0.22222222222222224,0.8977798223495483,0.8631958961486816,0.8801482915878296
35457886,entertainment,bullet_points_strict,"Books of condolence have opened for Sir Terry Wogan, as his breakfast show successor Chris Evans paid tribute on air to ""radio's Eric Morecambe"".",A book of condolences to Sir Terry Evans has been opened in Limerick.,7408,13,24,0.5416666666666666,0,0.3157894736842105,0.05555555555555555,0.2105263157894737,0.9044941067695618,0.8513447046279907,0.8771149516105652
35457886,entertainment,one_sentence,"Books of condolence have opened for Sir Terry Wogan, as his breakfast show successor Chris Evans paid tribute on air to ""radio's Eric Morecambe"".",A book of condolences has been opened in Limerick to mark the passing of Radio 2 host Sir Terry Evans.,7408,20,24,0.8333333333333334,0,0.3111111111111111,0.04651162790697675,0.22222222222222224,0.8977798223495483,0.8631958961486816,0.8801482915878296
35457886,entertainment,fact_constrained,"Books of condolence have opened for Sir Terry Wogan, as his breakfast show successor Chris Evans paid tribute on air to ""radio's Eric Morecambe"".",A book of condolences has been opened in Limerick to mark the passing of Radio 2 host Sir Terry Evans.,7408,20,24,0.8333333333333334,0,0.3111111111111111,0.04651162790697675,0.22222222222222224,0.8977798223495483,0.8631958961486816,0.8801482915878296
36119787,business,tldr,"First Minister Nicola Sturgeon has called for ""cast iron assurances"" jobs will not be lost at Clyde shipyards because of contract delays.",The Clyde shipyards are set to build eight Type 26 frigates and two offshore patrol vessels in the next few months.,2992,21,22,0.9545454545454546,0,0.09302325581395349,0.04878048780487805,0.09302325581395349,0.8703739643096924,0.8666437268257141,0.8685048222541809
36119787,business,bullet_points,"First Minister Nicola Sturgeon has called for ""cast iron assurances"" jobs will not be lost at Clyde shipyards because of contract delays.",The Clyde shipyards are set to build eight Type 26 frigates and two offshore patrol vessels in the next few months.,2992,21,22,0.9545454545454546,0,0.09302325581395349,0.04878048780487805,0.09302325581395349,0.8703739643096924,0.8666437268257141,0.8685048222541809
36119787,business,bullet_points_strict,"First Minister Nicola Sturgeon has called for ""cast iron assurances"" jobs will not be lost at Clyde shipyards because of contract delays.","The Clyde shipyards are set to build eight Type 26 frigates and two new offshore patrol vessels, the Scottish Conservatives have said.",2992,22,22,1.0,0,0.09090909090909091,0.047619047619047616,0.09090909090909091,0.8808447122573853,0.8747233748435974,0.8777734041213989
36119787,business,one_sentence,"First Minister Nicola Sturgeon has called for ""cast iron assurances"" jobs will not be lost at Clyde shipyards because of contract delays.",The Clyde shipyards are set to build eight Type 26 frigates and two new offshore patrol vessels.,2992,17,22,0.7727272727272727,0,0.10256410256410256,0.05405405405405405,0.10256410256410256,0.8741468191146851,0.865536630153656,0.8698204755783081
36119787,business,fact_constrained,"First Minister Nicola Sturgeon has called for ""cast iron assurances"" jobs will not be lost at Clyde shipyards because of contract delays.","The Clyde shipyards are facing a ""famine and famine"" over the future of the Royal Navy's new frigates.",2992,18,22,0.8181818181818182,0,0.14634146341463414,0.05128205128205128,0.14634146341463414,0.8944487571716309,0.8807916045188904,0.8875676393508911
35665575,politics,tldr,Republican presidential hopefuls Ted Cruz and Marco Rubio have unleashed a barrage of attacks on front-runner Donald Trump in the last debate before next Tuesday's pivotal US primaries.,Donald Trump's campaign has been dominated by a series of attacks on the New York real estate mogul.,4486,18,28,0.6428571428571429,0,0.326530612244898,0.1276595744680851,0.2040816326530612,0.8875345587730408,0.8655575513839722,0.8764083385467529
35665575,politics,bullet_points,Republican presidential hopefuls Ted Cruz and Marco Rubio have unleashed a barrage of attacks on front-runner Donald Trump in the last debate before next Tuesday's pivotal US primaries.,"Donald Trump's presidential campaign has been dominated by a series of attacks on the Republican front-runner, with Marco Rubio, Ted Cruz and Marco Rubio arguing that he is a liar.",4486,30,28,1.0714285714285714,0,0.5483870967741935,0.26666666666666666,0.22580645161290322,0.9181147813796997,0.8960034847259521,0.9069243669509888
35665575,politics,bullet_points_strict,Republican presidential hopefuls Ted Cruz and Marco Rubio have unleashed a barrage of attacks on front-runner Donald Trump in the last debate before next Tuesday's pivotal US primaries.,Donald Trump's presidential campaign has been dominated by a series of attacks on the New York real estate mogul.,4486,19,28,0.6785714285714286,0,0.36000000000000004,0.125,0.24,0.8919135332107544,0.8718386292457581,0.8817618489265442
35665575,politics,one_sentence,Republican presidential hopefuls Ted Cruz and Marco Rubio have unleashed a barrage of attacks on front-runner Donald Trump in the last debate before next Tuesday's pivotal US primaries.,Donald Trump's presidential campaign has been dominated by a series of attacks on the New York real estate mogul.,4486,19,28,0.6785714285714286,0,0.36000000000000004,0.125,0.24,0.8919135332107544,0.8718386292457581,0.8817618489265442
35665575,politics,fact_constrained,Republican presidential hopefuls Ted Cruz and Marco Rubio have unleashed a barrage of attacks on front-runner Donald Trump in the last debate before next Tuesday's pivotal US primaries.,Donald Trump's presidential campaign has been dominated by a series of attacks on the New York real estate mogul.,4486,19,28,0.6785714285714286,0,0.36000000000000004,0.125,0.24,0.8919135332107544,0.8718386292457581,0.8817618489265442
36295366,politics,tldr,So Ukraine confounded the bookmakers and Eurovision commentators who had been convinced that Russia - or possibly Australia - would win.,"Ukraine's chances of winning this year's Eurovision Song Contest"".",3473,9,21,0.42857142857142855,0,0.13333333333333333,0.0,0.13333333333333333,0.8755718469619751,0.8559414148330688,0.8656453490257263
36295366,politics,bullet_points,So Ukraine confounded the bookmakers and Eurovision commentators who had been convinced that Russia - or possibly Australia - would win.,"Ukraine's chances of winning this year's Eurovision Song Contest"".",3473,9,21,0.42857142857142855,0,0.13333333333333333,0.0,0.13333333333333333,0.8755718469619751,0.8559414148330688,0.8656453490257263
36295366,politics,bullet_points_strict,So Ukraine confounded the bookmakers and Eurovision commentators who had been convinced that Russia - or possibly Australia - would win.,"Ukraine's chances of winning this year's Eurovision Song Contest"".",3473,9,21,0.42857142857142855,0,0.13333333333333333,0.0,0.13333333333333333,0.8755718469619751,0.8559414148330688,0.8656453490257263
36295366,politics,one_sentence,So Ukraine confounded the bookmakers and Eurovision commentators who had been convinced that Russia - or possibly Australia - would win.,"Ukraine's chances of winning this year's Eurovision Song Contest"".",3473,9,21,0.42857142857142855,0,0.13333333333333333,0.0,0.13333333333333333,0.8755718469619751,0.8559414148330688,0.8656453490257263
36295366,politics,fact_constrained,So Ukraine confounded the bookmakers and Eurovision commentators who had been convinced that Russia - or possibly Australia - would win.,"Ukraine's chances of winning this year's Eurovision Song Contest"".",3473,9,21,0.42857142857142855,0,0.13333333333333333,0.0,0.13333333333333333,0.8755718469619751,0.8559414148330688,0.8656453490257263
39112583,business,tldr,Lifeguards will patrol a popular beach on the South Coast this summer after seven men drowned last year.,Lifeguards at a beach where five men drowned in a day-trip have been given a boost.,1648,16,18,0.8888888888888888,0,0.28571428571428575,0.06060606060606061,0.28571428571428575,0.9320172667503357,0.9225931167602539,0.9272812008857727
39112583,business,bullet_points,Lifeguards will patrol a popular beach on the South Coast this summer after seven men drowned last year.,Lifeguards are to be present at a beach at the site of the deaths of five men who drowned at the weekend.,1648,22,18,1.2222222222222223,0,0.3,0.0,0.3,0.9323266744613647,0.9289366006851196,0.9306285381317139
39112583,business,bullet_points_strict,Lifeguards will patrol a popular beach on the South Coast this summer after seven men drowned last year.,"Lifeguards at a beach where five men drowned have been given a boost, a council has said.",1648,17,18,0.9444444444444444,0,0.28571428571428575,0.06060606060606061,0.28571428571428575,0.9263840317726135,0.9229434728622437,0.9246605038642883
39112583,business,one_sentence,Lifeguards will patrol a popular beach on the South Coast this summer after seven men drowned last year.,Lifeguards are to be present at a beach at the site of the deaths of five men who drowned at the weekend.,1648,22,18,1.2222222222222223,0,0.3,0.0,0.3,0.9323266744613647,0.9289366006851196,0.9306285381317139
39112583,business,fact_constrained,Lifeguards will patrol a popular beach on the South Coast this summer after seven men drowned last year.,Lifeguards at a beach where five men drowned have been given a boost by the council.,1648,16,18,0.8888888888888888,0,0.35294117647058826,0.0625,0.29411764705882354,0.9417321681976318,0.9248640537261963,0.9332219362258911
40369861,sport,tldr,Partick Thistle captain Abdul Osman says the players are praying manager Alan Archibald stays at the club for another season.,"Partick Thistle midfielder Mark Osman says he would be ""personally disappointed"" to see former Swindon Town manager Paul Archibald leave the club.",1304,22,20,1.1,0,0.380952380952381,0.15,0.380952380952381,0.911580502986908,0.9347312450408936,0.9230107069015503
40369861,sport,bullet_points,Partick Thistle captain Abdul Osman says the players are praying manager Alan Archibald stays at the club for another season.,"Partick Thistle midfielder Mark Osman says he would be ""personally disappointed"" to see former Swindon manager Paul Archibald leave the club.",1304,21,20,1.05,0,0.3902439024390244,0.15384615384615385,0.3902439024390244,0.9137762784957886,0.9344925880432129,0.924018383026123
40369861,sport,bullet_points_strict,Partick Thistle captain Abdul Osman says the players are praying manager Alan Archibald stays at the club for another season.,"Partick Thistle midfielder Shaun Osman says he would be ""personally disappointed"" to see former Swindon manager Paul Archibald leave the club.",1304,21,20,1.05,0,0.3902439024390244,0.15384615384615385,0.3902439024390244,0.9134576320648193,0.9342184662818909,0.923721432685852
40369861,sport,one_sentence,Partick Thistle captain Abdul Osman says the players are praying manager Alan Archibald stays at the club for another season.,"Partick Thistle midfielder Mark Osman says he is ""disappointed"" by the news that former Swindon Town manager Paul Archibald has left the club.",1304,23,20,1.15,0,0.4186046511627907,0.14634146341463414,0.4186046511627907,0.9162139296531677,0.9354772567749023,0.9257453083992004
40369861,sport,fact_constrained,Partick Thistle captain Abdul Osman says the players are praying manager Alan Archibald stays at the club for another season.,"Partick Thistle midfielder Shaun Osman says he would be ""personally disappointed"" to see former Swindon manager Paul Archibald leave the club.",1304,21,20,1.05,0,0.3902439024390244,0.15384615384615385,0.3902439024390244,0.9134576320648193,0.9342184662818909,0.923721432685852
32806866,tech,tldr,Ten youths have been arrested by Canadian police on suspicion of planning to travel to Iraq and Syria to join Islamic State.,Canadian police have arrested 10 people suspected of being involved in a plot to terrorise Iraq and Syria.,1196,18,22,0.8181818181818182,0,0.45,0.15789473684210528,0.35000000000000003,0.9392983913421631,0.9338427186012268,0.9365626573562622
32806866,tech,bullet_points,Ten youths have been arrested by Canadian police on suspicion of planning to travel to Iraq and Syria to join Islamic State.,Canadian police have arrested 10 people suspected of being involved in a plot to terrorise Iraq and Syria.,1196,18,22,0.8181818181818182,0,0.45,0.15789473684210528,0.35000000000000003,0.9392983913421631,0.9338427186012268,0.9365626573562622
32806866,tech,bullet_points_strict,Ten youths have been arrested by Canadian police on suspicion of planning to travel to Iraq and Syria to join Islamic State.,Canadian police have arrested 10 people suspected of being behind the spread of Islamic State (IS) in Iraq and Syria.,1196,20,22,0.9090909090909091,0,0.47619047619047616,0.2,0.28571428571428564,0.9329212307929993,0.9395362138748169,0.9362170100212097
32806866,tech,one_sentence,Ten youths have been arrested by Canadian police on suspicion of planning to travel to Iraq and Syria to join Islamic State.,Canadian police have arrested 10 people suspected of involvement in a terror plot in Syria and Iraq.,1196,17,22,0.7727272727272727,0,0.41025641025641024,0.05405405405405405,0.20512820512820512,0.9463983178138733,0.9327380061149597,0.9395185112953186
32806866,tech,fact_constrained,Ten youths have been arrested by Canadian police on suspicion of planning to travel to Iraq and Syria to join Islamic State.,Canadian police have arrested 10 people suspected of involvement in a terror plot in Syria and Iraq.,1196,17,22,0.7727272727272727,0,0.41025641025641024,0.05405405405405405,0.20512820512820512,0.9463983178138733,0.9327380061149597,0.9395185112953186
35324257,sport,tldr,League Two side York City have signed Hull City midfielder Matt Dixon on an 18-month deal.,League One side Minstermen have signed midfielder Josh Dixon on a one-year deal.,359,13,16,0.8125,0,0.5161290322580646,0.13793103448275862,0.5161290322580646,0.9410654306411743,0.9398027062416077,0.9404336214065552
35324257,sport,bullet_points,League Two side York City have signed Hull City midfielder Matt Dixon on an 18-month deal.,League Two side Minstermen have signed defender James Dixon on a one-year contract.,359,13,16,0.8125,0,0.45161290322580644,0.27586206896551724,0.45161290322580644,0.9381119608879089,0.9361852407455444,0.9371476173400879
35324257,sport,bullet_points_strict,League Two side York City have signed Hull City midfielder Matt Dixon on an 18-month deal.,League Two side Minstermen have signed defender James Dixon on a one-year contract.,359,13,16,0.8125,0,0.45161290322580644,0.27586206896551724,0.45161290322580644,0.9381119608879089,0.9361852407455444,0.9371476173400879
35324257,sport,one_sentence,League Two side York City have signed Hull City midfielder Matt Dixon on an 18-month deal.,Leicester City have signed midfielder Josh Dixon on a one-year contract.,359,11,16,0.6875,0,0.41379310344827586,0.2222222222222222,0.41379310344827586,0.9540665149688721,0.9312378168106079,0.9425140023231506
35324257,sport,fact_constrained,League Two side York City have signed Hull City midfielder Matt Dixon on an 18-month deal.,League Two side Minstermen have signed defender Alex Dixon on a one-year contract.,359,13,16,0.8125,0,0.45161290322580644,0.27586206896551724,0.45161290322580644,0.9385105967521667,0.937157154083252,0.9378333687782288
24616801,politics,tldr,"Up to £500m could be recovered from overseas visitors and migrants using the NHS every year, ministers believe.","Foreign visitors to the UK should be allowed to visit the UK, but they must make a fair contribution to the NHS, a report has suggested.",6386,26,18,1.4444444444444444,0,0.2272727272727273,0.04761904761904763,0.18181818181818185,0.900110125541687,0.8961838483810425,0.8981426954269409
24616801,politics,bullet_points,"Up to £500m could be recovered from overseas visitors and migrants using the NHS every year, ministers believe.","Foreign visitors to the UK must make a ""fair contribution"" to the NHS, the government has said.",6386,17,18,0.9444444444444444,0,0.22857142857142856,0.06060606060606061,0.17142857142857143,0.9156352877616882,0.8978391289710999,0.9066498875617981
24616801,politics,bullet_points_strict,"Up to £500m could be recovered from overseas visitors and migrants using the NHS every year, ministers believe.","Foreign visitors to the UK will be able to benefit from a ""fair contribution"" from the NHS, the government has said.",6386,21,18,1.1666666666666667,0,0.30769230769230765,0.05405405405405405,0.25641025641025644,0.912433385848999,0.8987085819244385,0.9055190086364746
24616801,politics,one_sentence,"Up to £500m could be recovered from overseas visitors and migrants using the NHS every year, ministers believe.","Foreign visitors to the UK should be allowed to visit the UK and treated in the same way they are treated in the UK,"" the government has said.",6386,28,18,1.5555555555555556,0,0.21739130434782608,0.0,0.17391304347826086,0.8840011358261108,0.8837872743606567,0.8838942050933838
24616801,politics,fact_constrained,"Up to £500m could be recovered from overseas visitors and migrants using the NHS every year, ministers believe.","Foreign visitors to the UK should be allowed to visit the UK, but they must make a fair contribution to the NHS,' the government has said.",6386,26,18,1.4444444444444444,0,0.2272727272727273,0.04761904761904763,0.18181818181818185,0.8925114274024963,0.8922111392021179,0.8923612833023071
38440000,sport,tldr,Belfast Giants remain within four points of Elite League leaders Cardiff Devils after earning a 5-1 Boxing Day away win over Braehead Clan.,Belfast Giants beat Coventry Blaze 5-3 in a thrilling game at the SSE Arena.,1115,14,23,0.6086956521739131,0,0.2051282051282051,0.05405405405405405,0.15384615384615385,0.9006199836730957,0.8728001117706299,0.8864918351173401
38440000,sport,bullet_points,Belfast Giants remain within four points of Elite League leaders Cardiff Devils after earning a 5-1 Boxing Day away win over Braehead Clan.,Belfast Giants beat Coventry Blaze 5-3 in Belfast's final game of the festive period.,1115,14,23,0.6086956521739131,0,0.2,0.052631578947368425,0.15,0.9128805994987488,0.8760586380958557,0.8940906524658203
38440000,sport,bullet_points_strict,Belfast Giants remain within four points of Elite League leaders Cardiff Devils after earning a 5-1 Boxing Day away win over Braehead Clan.,Belfast Giants beat Coventry Blaze 5-3 in a thrilling game at the SSE Arena.,1115,14,23,0.6086956521739131,0,0.2051282051282051,0.05405405405405405,0.15384615384615385,0.9006199836730957,0.8728001117706299,0.8864918351173401
38440000,sport,one_sentence,Belfast Giants remain within four points of Elite League leaders Cardiff Devils after earning a 5-1 Boxing Day away win over Braehead Clan.,Belfast Giants beat Coventry Blaze 5-3 at the SSE Arena in Belfast on Saturday night.,1115,15,23,0.6521739130434783,0,0.15,0.052631578947368425,0.15,0.8896408081054688,0.8638710975646973,0.8765665888786316
38440000,sport,fact_constrained,Belfast Giants remain within four points of Elite League leaders Cardiff Devils after earning a 5-1 Boxing Day away win over Braehead Clan.,Belfast Giants beat Coventry Blaze 5-3 in Belfast's final game of the festive period.,1115,14,23,0.6086956521739131,0,0.2,0.052631578947368425,0.15,0.9128805994987488,0.8760586380958557,0.8940906524658203
35654307,tech,tldr,BBC Rewind looks at the history of the Flying Scotsman as it prepares to return to the railways.,A historic steam engine from Doncaster will make its first journey in ten years.,451,14,18,0.7777777777777778,0,0.0,0.0,0.0,0.8757408857345581,0.871336817741394,0.873533308506012
35654307,tech,bullet_points,BBC Rewind looks at the history of the Flying Scotsman as it prepares to return to the railways.,The first train to be built on a railway line in the UK has arrived in the UK.,451,18,18,1.0,0,0.2222222222222222,0.0,0.16666666666666666,0.8913174271583557,0.8748633861541748,0.8830137848854065
35654307,tech,bullet_points_strict,BBC Rewind looks at the history of the Flying Scotsman as it prepares to return to the railways.,The first train to be built on a railway line in the UK has arrived in London.,451,17,18,0.9444444444444444,0,0.17142857142857143,0.0,0.17142857142857143,0.8928052186965942,0.875393271446228,0.8840134739875793
35654307,tech,one_sentence,BBC Rewind looks at the history of the Flying Scotsman as it prepares to return to the railways.,The first train to be built on a railway line in more than 50 years has arrived in the UK.,451,20,18,1.1111111111111112,0,0.15789473684210525,0.0,0.15789473684210525,0.8807564377784729,0.8760794401168823,0.8784116506576538
35654307,tech,fact_constrained,BBC Rewind looks at the history of the Flying Scotsman as it prepares to return to the railways.,The first train to be built on a railway line in the UK has arrived in London.,451,17,18,0.9444444444444444,0,0.17142857142857143,0.0,0.17142857142857143,0.8928052186965942,0.875393271446228,0.8840134739875793
38650041,business,tldr,A man who claimed he was abused at an East Yorkshire Catholic school has lost a legal action for compensation.,"A former chaplain at an East Yorkshire school has been awarded £16,000 in compensation after he was found guilty of sexually abusing boys.",1345,23,20,1.15,0,0.45454545454545453,0.23809523809523808,0.3636363636363636,0.9022786021232605,0.9253997802734375,0.9136929512023926
38650041,business,bullet_points,A man who claimed he was abused at an East Yorkshire Catholic school has lost a legal action for compensation.,A former chaplain at an East Yorkshire school has been convicted of sexually abusing boys.,1345,15,20,0.75,0,0.4,0.24242424242424243,0.4,0.9290114045143127,0.9146041870117188,0.9217515587806702
38650041,business,bullet_points_strict,A man who claimed he was abused at an East Yorkshire Catholic school has lost a legal action for compensation.,A former head teacher at a school in East Yorkshire has been awarded compensation for sexual abuse at the school.,1345,20,20,1.0,0,0.45,0.05263157894736842,0.3,0.9354828596115112,0.922092854976654,0.928739607334137
38650041,business,one_sentence,A man who claimed he was abused at an East Yorkshire Catholic school has lost a legal action for compensation.,A former head teacher at a school in Leeds has been awarded compensation for sexually abusing boys at the school.,1345,20,20,1.0,0,0.35,0.0,0.25,0.9268502593040466,0.9150663614273071,0.9209206700325012
38650041,business,fact_constrained,A man who claimed he was abused at an East Yorkshire Catholic school has lost a legal action for compensation.,A former head teacher at a school in Leeds has been awarded compensation for sexual abuse at the school.,1345,19,20,0.95,0,0.358974358974359,0.0,0.25641025641025644,0.9300228357315063,0.9156228303909302,0.9227666854858398
38049486,entertainment,tldr,Harry Potter spin-off Fantastic Beasts and Where To Find Them has had the biggest UK box office opening weekend of the year so far.,"Harry Potter: The Twilight Saga has topped the US and Canada box office, taking an estimated $17.7m (£11.3m) over the weekend.",1578,21,24,0.875,0,0.37499999999999994,0.08695652173913043,0.2916666666666667,0.8752376437187195,0.8823975920677185,0.878803014755249
38049486,entertainment,bullet_points,Harry Potter spin-off Fantastic Beasts and Where To Find Them has had the biggest UK box office opening weekend of the year so far.,"Harry Potter: The Twilight Saga has topped the US and Canada box office, taking an estimated $17.7m (£11.3m) over the weekend.",1578,21,24,0.875,0,0.37499999999999994,0.08695652173913043,0.2916666666666667,0.8752376437187195,0.8823975920677185,0.878803014755249
38049486,entertainment,bullet_points_strict,Harry Potter spin-off Fantastic Beasts and Where To Find Them has had the biggest UK box office opening weekend of the year so far.,Harry Potter: The Twilight Saga has topped the US and Canada box office at the weekend.,1578,16,24,0.6666666666666666,0,0.43902439024390244,0.10256410256410255,0.34146341463414637,0.9193554520606995,0.887251079082489,0.9030179977416992
38049486,entertainment,one_sentence,Harry Potter spin-off Fantastic Beasts and Where To Find Them has had the biggest UK box office opening weekend of the year so far.,"Harry Potter: The Twilight Saga has topped the US and Canada box office, taking an estimated $17m (£18m) over the weekend.",1578,21,24,0.875,0,0.391304347826087,0.0909090909090909,0.30434782608695654,0.8805550336837769,0.8853909969329834,0.8829663991928101
38049486,entertainment,fact_constrained,Harry Potter spin-off Fantastic Beasts and Where To Find Them has had the biggest UK box office opening weekend of the year so far.,"Harry Potter: The Twilight Saga has topped the US and Canada box office, taking an estimated $17m (£18m) over the weekend.",1578,21,24,0.875,0,0.391304347826087,0.0909090909090909,0.30434782608695654,0.8805550336837769,0.8853909969329834,0.8829663991928101
35764147,sport,tldr,Britain's Victoria Williamson says she is lucky not to be paralysed after her serious crash at Rotterdam's Zesdaagse.,"Britain's Laura Williamson says she is ""still here to live another day"" after a spinal cord injury at the World Championships in Rotterdam.",1636,23,18,1.2777777777777777,0,0.45454545454545453,0.1904761904761905,0.45454545454545453,0.907099723815918,0.8901617527008057,0.8985509276390076
35764147,sport,bullet_points,Britain's Victoria Williamson says she is lucky not to be paralysed after her serious crash at Rotterdam's Zesdaagse.,"Britain's Laura Williamson says she is ""still here to live another day"" after a spinal cord injury suffered at the World Championships in Rotterdam.",1636,24,18,1.3333333333333333,0,0.4444444444444445,0.186046511627907,0.4444444444444445,0.9063557386398315,0.8908132910728455,0.8985173106193542
35764147,sport,bullet_points_strict,Britain's Victoria Williamson says she is lucky not to be paralysed after her serious crash at Rotterdam's Zesdaagse.,"Britain's Laura Williamson says she is ""still here to live another day"" after being paralysed in a crash in Rotterdam.",1636,20,18,1.1111111111111112,0,0.5365853658536585,0.20512820512820512,0.4878048780487805,0.9307947754859924,0.9097679853439331,0.920161247253418
35764147,sport,one_sentence,Britain's Victoria Williamson says she is lucky not to be paralysed after her serious crash at Rotterdam's Zesdaagse.,"Britain's Laura Williamson says she is ""still here to live another day"" after being paralysed in a crash in Rotterdam.",1636,20,18,1.1111111111111112,0,0.5365853658536585,0.20512820512820512,0.4878048780487805,0.9307947754859924,0.9097679853439331,0.920161247253418
35764147,sport,fact_constrained,Britain's Victoria Williamson says she is lucky not to be paralysed after her serious crash at Rotterdam's Zesdaagse.,"Britain's Laura Williamson says she is ""still here to live another day"" after a spinal cord injury suffered at the World Championships in Rotterdam.",1636,24,18,1.3333333333333333,0,0.4444444444444445,0.186046511627907,0.4444444444444445,0.9063557386398315,0.8908132910728455,0.8985173106193542
17811732,business,tldr,"The gap between male and female life expectancy is closing and men could catch up by 2030, according to an adviser for the Office for National Statistics.","The gap between life expectancy at 30 and life expectancy at 30 could be narrowing in the next 20 years, according to a new study.",3041,25,27,0.9259259259259259,0,0.3846153846153846,0.16,0.34615384615384615,0.9217700958251953,0.9006114602088928,0.9110679626464844
17811732,business,bullet_points,"The gap between male and female life expectancy is closing and men could catch up by 2030, according to an adviser for the Office for National Statistics.","The gap in life expectancy between men and women has widened in the last 20 years, according to a new study.",3041,21,27,0.7777777777777778,0,0.4166666666666667,0.13043478260869565,0.2916666666666667,0.9374545812606812,0.9139516353607178,0.9255539178848267
17811732,business,bullet_points_strict,"The gap between male and female life expectancy is closing and men could catch up by 2030, according to an adviser for the Office for National Statistics.","The gap between life expectancy at 30 and life expectancy at 30 could be narrowing in the next 20 years, according to a new study.",3041,25,27,0.9259259259259259,0,0.3846153846153846,0.16,0.34615384615384615,0.9217700958251953,0.9006114602088928,0.9110679626464844
17811732,business,one_sentence,"The gap between male and female life expectancy is closing and men could catch up by 2030, according to an adviser for the Office for National Statistics.","The gap between life expectancy at 30 and life expectancy at 30 could be narrowing in 20 years, according to a new study.",3041,23,27,0.8518518518518519,0,0.36,0.16666666666666669,0.36,0.9228851795196533,0.899646520614624,0.9111177325248718
17811732,business,fact_constrained,"The gap between male and female life expectancy is closing and men could catch up by 2030, according to an adviser for the Office for National Statistics.","The gap in life expectancy between men and women has widened in the last 20 years, according to a new study.",3041,21,27,0.7777777777777778,0,0.4166666666666667,0.13043478260869565,0.2916666666666667,0.9374545812606812,0.9139516353607178,0.9255539178848267
40101558,politics,tldr,The head of the national body for police commissioners resigned in order to appear on the BBC's Question Time following the Manchester attack.,Former chief prosecutor Nazir Afzal has resigned as chief executive of the country's police and crime commissioners.,1697,17,23,0.7391304347826086,0,0.28571428571428575,0.049999999999999996,0.1904761904761905,0.8776084780693054,0.8809853792190552,0.87929368019104
40101558,politics,bullet_points,The head of the national body for police commissioners resigned in order to appear on the BBC's Question Time following the Manchester attack.,A former chief prosecutor has resigned as chief executive of the country's police and crime commissioners after appearing on Question Time.,1697,21,23,0.9130434782608695,0,0.3913043478260869,0.0909090909090909,0.30434782608695654,0.9151776432991028,0.9103274941444397,0.9127460718154907
40101558,politics,bullet_points_strict,The head of the national body for police commissioners resigned in order to appear on the BBC's Question Time following the Manchester attack.,A former chief prosecutor has resigned as chief executive of the country's police and crime commissioners after appearing on Question Time.,1697,21,23,0.9130434782608695,0,0.3913043478260869,0.0909090909090909,0.30434782608695654,0.9151776432991028,0.9103274941444397,0.9127460718154907
40101558,politics,one_sentence,The head of the national body for police commissioners resigned in order to appear on the BBC's Question Time following the Manchester attack.,The former chief prosecutor for north-west England has resigned as chief executive of the country's police and crime commissioners.,1697,19,23,0.8260869565217391,0,0.35555555555555557,0.046511627906976744,0.22222222222222224,0.8993239998817444,0.889267086982727,0.8942672610282898
40101558,politics,fact_constrained,The head of the national body for police commissioners resigned in order to appear on the BBC's Question Time following the Manchester attack.,A former chief prosecutor has resigned as chief executive of the country's police and crime commissioners after appearing on Question Time.,1697,21,23,0.9130434782608695,0,0.3913043478260869,0.0909090909090909,0.30434782608695654,0.9151776432991028,0.9103274941444397,0.9127460718154907
40029092,business,tldr,"In his new book Grave New World, Stephen King says: ""For better or worse, China is simply too big to be ignored.""","In a jittery world, China's debt mountain can loom larger than the fundamentals suggest.",3614,14,22,0.6363636363636364,0,0.16216216216216214,0.0,0.16216216216216214,0.873154878616333,0.8414442539215088,0.8570063710212708
40029092,business,bullet_points,"In his new book Grave New World, Stephen King says: ""For better or worse, China is simply too big to be ignored.""","In a jittery world, China's debt mountain can loom larger than the fundamentals suggest.",3614,14,22,0.6363636363636364,0,0.16216216216216214,0.0,0.16216216216216214,0.873154878616333,0.8414442539215088,0.8570063710212708
40029092,business,bullet_points_strict,"In his new book Grave New World, Stephen King says: ""For better or worse, China is simply too big to be ignored.""","In a jittery world, China's debt mountain can loom larger than the fundamentals suggest.",3614,14,22,0.6363636363636364,0,0.16216216216216214,0.0,0.16216216216216214,0.873154878616333,0.8414442539215088,0.8570063710212708
40029092,business,one_sentence,"In his new book Grave New World, Stephen King says: ""For better or worse, China is simply too big to be ignored.""","China's economic growth has been sluggish for the past few years, and the country's debt is growing at an alarming rate.",3614,21,22,0.9545454545454546,0,0.1333333333333333,0.0,0.08888888888888888,0.8723872303962708,0.8331307768821716,0.8523072004318237
40029092,business,fact_constrained,"In his new book Grave New World, Stephen King says: ""For better or worse, China is simply too big to be ignored.""",China's economic growth has been sluggish for the past few years.,3614,11,22,0.5,0,0.11764705882352942,0.0,0.05882352941176471,0.8844886422157288,0.8276561498641968,0.8551291227340698
15479709,business,tldr,An expert has claimed controversial plans to build a £3.6bn 'super sewer' in London are motivated by profit.,Thames Water's bid to build a super-sea tunnel in the River Thames has been rejected by a leading academic.,2692,19,18,1.0555555555555556,0,0.35,0.10526315789473685,0.3,0.9026683568954468,0.8913669586181641,0.8969820737838745
15479709,business,bullet_points,An expert has claimed controversial plans to build a £3.6bn 'super sewer' in London are motivated by profit.,Thames Water's bid to build a super-sealed tunnel in London's River Thames has been backed by a leading academic.,2692,19,18,1.0555555555555556,0,0.3902439024390244,0.15384615384615383,0.3414634146341463,0.8996148705482483,0.896918535232544,0.8982647061347961
15479709,business,bullet_points_strict,An expert has claimed controversial plans to build a £3.6bn 'super sewer' in London are motivated by profit.,Thames Water's bid to build a super-sea tunnel in London has been backed by a water industry expert.,2692,18,18,1.0,0,0.46153846153846156,0.16216216216216214,0.358974358974359,0.9141882658004761,0.9029116630554199,0.9085149765014648
15479709,business,one_sentence,An expert has claimed controversial plans to build a £3.6bn 'super sewer' in London are motivated by profit.,Thames Water's bid to build a super-sea tunnel in the River Thames has been criticised by a water industry expert.,2692,20,18,1.1111111111111112,0,0.3902439024390244,0.10256410256410256,0.2926829268292683,0.9052714109420776,0.8972800970077515,0.9012580513954163
15479709,business,fact_constrained,An expert has claimed controversial plans to build a £3.6bn 'super sewer' in London are motivated by profit.,Thames Water's bid to build a super-sea tunnel in the River Thames has been rejected by a leading academic.,2692,19,18,1.0555555555555556,0,0.35,0.10526315789473685,0.3,0.9026683568954468,0.8913669586181641,0.8969820737838745
38316455,business,tldr,"The developers of the proposed Swansea Bay tidal lagoon have accused Natural Resources Wales (NRW) of publishing a ""grossly misleading"" analysis of the project's likely impact on fish.","A Swansea tidal lagoon project has been criticised by a Welsh government regulator for its ""grossly misleading"" figures.",2130,18,28,0.6428571428571429,0,0.2978723404255319,0.08888888888888889,0.2553191489361702,0.9398874044418335,0.907105028629303,0.9232052564620972
38316455,business,bullet_points,"The developers of the proposed Swansea Bay tidal lagoon have accused Natural Resources Wales (NRW) of publishing a ""grossly misleading"" analysis of the project's likely impact on fish.",The Swansea tidal lagoon project has been criticised by a developer who claims it could kill up to 2% of fish.,2130,21,28,0.75,0,0.32,0.041666666666666664,0.28,0.923890233039856,0.891308069229126,0.9073067307472229
38316455,business,bullet_points_strict,"The developers of the proposed Swansea Bay tidal lagoon have accused Natural Resources Wales (NRW) of publishing a ""grossly misleading"" analysis of the project's likely impact on fish.",Swansea's tidal lagoon project has been criticised by a developer who claims it could kill up to 2% of fish.,2130,20,28,0.7142857142857143,0,0.32,0.041666666666666664,0.24000000000000002,0.9183897376060486,0.8907551765441895,0.904361367225647
38316455,business,one_sentence,"The developers of the proposed Swansea Bay tidal lagoon have accused Natural Resources Wales (NRW) of publishing a ""grossly misleading"" analysis of the project's likely impact on fish.",Swansea's tidal lagoon project has been criticised by a firm that claims it could kill up to a third of the world's fish.,2130,23,28,0.8214285714285714,0,0.3333333333333333,0.07692307692307691,0.29629629629629634,0.9106939435005188,0.8872197270393372,0.8988035321235657
38316455,business,fact_constrained,"The developers of the proposed Swansea Bay tidal lagoon have accused Natural Resources Wales (NRW) of publishing a ""grossly misleading"" analysis of the project's likely impact on fish.",Swansea's tidal lagoon project has been criticised by a developer who claims it could kill up to 2% of fish.,2130,20,28,0.7142857142857143,0,0.32,0.041666666666666664,0.24000000000000002,0.9183897376060486,0.8907551765441895,0.904361367225647
39106827,sport,tldr,Premiership side Sale Sharks will sign Scotland and Glasgow back row forward Josh Strauss on a three-year deal from next season.,Sale Sharks have signed Glasgow Warriors centre Josh Strauss on a one-year contract.,1082,13,21,0.6190476190476191,0,0.4444444444444444,0.23529411764705882,0.4444444444444444,0.9580284953117371,0.921928346157074,0.9396318197250366
39106827,sport,bullet_points,Premiership side Sale Sharks will sign Scotland and Glasgow back row forward Josh Strauss on a three-year deal from next season.,Sale Sharks have signed Glasgow Warriors centre Josh Strauss on a one-year contract.,1082,13,21,0.6190476190476191,0,0.4444444444444444,0.23529411764705882,0.4444444444444444,0.9580284953117371,0.921928346157074,0.9396318197250366
39106827,sport,bullet_points_strict,Premiership side Sale Sharks will sign Scotland and Glasgow back row forward Josh Strauss on a three-year deal from next season.,Sale Sharks have signed Glasgow Warriors centre Josh Strauss on a one-year contract.,1082,13,21,0.6190476190476191,0,0.4444444444444444,0.23529411764705882,0.4444444444444444,0.9580284953117371,0.921928346157074,0.9396318197250366
39106827,sport,one_sentence,Premiership side Sale Sharks will sign Scotland and Glasgow back row forward Josh Strauss on a three-year deal from next season.,Sale Sharks have signed Glasgow Warriors centre Josh Strauss on a one-year contract.,1082,13,21,0.6190476190476191,0,0.4444444444444444,0.23529411764705882,0.4444444444444444,0.9580284953117371,0.921928346157074,0.9396318197250366
39106827,sport,fact_constrained,Premiership side Sale Sharks will sign Scotland and Glasgow back row forward Josh Strauss on a three-year deal from next season.,Sale Sharks have signed Glasgow Warriors centre Josh Strauss on a one-year contract.,1082,13,21,0.6190476190476191,0,0.4444444444444444,0.23529411764705882,0.4444444444444444,0.9580284953117371,0.921928346157074,0.9396318197250366
40243766,tech,tldr,A China Eastern Airlines plane has had to turn back to Sydney airport after a technical failure which left a hole in an engine casing.,Passengers on a flight from Sydney to Shanghai have reported a hole in the left engine of a plane.,2013,19,25,0.76,0,0.45454545454545453,0.09523809523809525,0.2727272727272727,0.9306846261024475,0.9093726873397827,0.9199051856994629
40243766,tech,bullet_points,A China Eastern Airlines plane has had to turn back to Sydney airport after a technical failure which left a hole in an engine casing.,"Passengers on a Chinese airliner have said they were ""frightened"" by a hole in the left engine of the plane.",2013,20,25,0.8,0,0.3111111111111111,0.0930232558139535,0.22222222222222224,0.903297483921051,0.8979253172874451,0.9006034135818481
40243766,tech,bullet_points_strict,A China Eastern Airlines plane has had to turn back to Sydney airport after a technical failure which left a hole in an engine casing.,Passengers on a flight from Sydney to Shanghai have reported a hole in the left engine of a plane.,2013,19,25,0.76,0,0.45454545454545453,0.09523809523809525,0.2727272727272727,0.9306846261024475,0.9093726873397827,0.9199051856994629
40243766,tech,one_sentence,A China Eastern Airlines plane has had to turn back to Sydney airport after a technical failure which left a hole in an engine casing.,Passengers on a flight from Sydney to Shanghai have reported a hole in the left engine of a Chinese plane.,2013,20,25,0.8,0,0.4444444444444445,0.0930232558139535,0.2666666666666666,0.9262783527374268,0.9084848165512085,0.9172952771186829
40243766,tech,fact_constrained,A China Eastern Airlines plane has had to turn back to Sydney airport after a technical failure which left a hole in an engine casing.,Passengers on a Chinese airliner have reported a hole in the left engine of a plane.,2013,16,25,0.64,0,0.39024390243902435,0.10256410256410255,0.24390243902439027,0.9303495287895203,0.9012765884399414,0.9155822992324829
35997066,politics,tldr,The government is to reconsider a visa for an American mother facing deportation from the UK.,"A couple who were refused leave to stay in the UK have said they are ""very hopeful"" the government will reconsider their application.",1238,23,16,1.4375,0,0.358974358974359,0.10810810810810811,0.15384615384615383,0.8962119221687317,0.913837194442749,0.9049387574195862
35997066,politics,bullet_points,The government is to reconsider a visa for an American mother facing deportation from the UK.,"A couple who have been refused leave to stay in the UK have said they are ""very hopeful"" they will be able to return to the UK.",1238,27,16,1.6875,0,0.2325581395348837,0.04878048780487805,0.18604651162790697,0.8871734142303467,0.8974692821502686,0.8922916650772095
35997066,politics,bullet_points_strict,The government is to reconsider a visa for an American mother facing deportation from the UK.,"The family of a woman who was refused leave to stay in the UK has said they are ""very hopeful"" the government will reconsider their application.",1238,26,16,1.625,0,0.33333333333333337,0.1,0.1904761904761905,0.8981403708457947,0.9229550361633301,0.910378634929657
35997066,politics,one_sentence,The government is to reconsider a visa for an American mother facing deportation from the UK.,"The mother of a two-year-old girl who was refused leave to stay in the UK has said she is ""very relieved"" that the government will reconsider her application.",1238,28,16,1.75,0,0.3913043478260869,0.09090909090909091,0.1739130434782609,0.8923596143722534,0.9197954535484314,0.9058699011802673
35997066,politics,fact_constrained,The government is to reconsider a visa for an American mother facing deportation from the UK.,"The family of a woman who was refused leave to stay in the UK has said they are ""relieved"" that the government will reconsider their application.",1238,26,16,1.625,0,0.33333333333333337,0.1,0.1904761904761905,0.8953864574432373,0.9232380986213684,0.9090990424156189
38880926,entertainment,tldr,Each day we feature a photograph sent in from across England.,"This week's theme is ""love"". If you have a picture you'd like to share, email us.",1376,16,11,1.4545454545454546,0,0.06896551724137931,0.0,0.06896551724137931,0.8358446359634399,0.8490739464759827,0.8424073457717896
38880926,entertainment,bullet_points,Each day we feature a photograph sent in from across England.,England's Big Picture is a gallery of images and videos from around the world.,1376,14,11,1.2727272727272727,0,0.23076923076923075,0.0,0.15384615384615383,0.8654841184616089,0.8732583522796631,0.8693538904190063
38880926,entertainment,bullet_points_strict,Each day we feature a photograph sent in from across England.,England's Big Picture is a gallery of pictures and videos from around the world.,1376,14,11,1.2727272727272727,0,0.23076923076923075,0.0,0.15384615384615383,0.8660870790481567,0.8745781183242798,0.8703119158744812
38880926,entertainment,one_sentence,Each day we feature a photograph sent in from across England.,England's Big Picture is a gallery of images and videos from around the world.,1376,14,11,1.2727272727272727,0,0.23076923076923075,0.0,0.15384615384615383,0.8654841184616089,0.8732583522796631,0.8693538904190063
38880926,entertainment,fact_constrained,Each day we feature a photograph sent in from across England.,"This week's theme is ""love"".",1376,5,11,0.45454545454545453,0,0.0,0.0,0.0,0.8410671949386597,0.8086928725242615,0.8245624303817749
22051542,sport,tldr,"Scottish football should consider a bigger league to help young talent, according to Czech Republic director of football Dusan Fitzel.","A 16-team Czech First League would be a better option than a 12-12-18 set-up in Scotland, says former Czech football coach and head coach Michael Fitzel.",3020,26,20,1.3,0,0.2,0.0,0.2,0.8831484913825989,0.8978959918022156,0.8904612064361572
22051542,sport,bullet_points,"Scottish football should consider a bigger league to help young talent, according to Czech Republic director of football Dusan Fitzel.","A 16-team Czech First League would be a ""great opportunity"" for young players, says former Czech national coach and head coach Michael Fitzel.",3020,23,20,1.15,0,0.22727272727272727,0.0,0.22727272727272727,0.9020880460739136,0.8932690620422363,0.8976569175720215
22051542,sport,bullet_points_strict,"Scottish football should consider a bigger league to help young talent, according to Czech Republic director of football Dusan Fitzel.","A 16-team Czech First League would be a ""great opportunity"" for young players, says former Czech national coach and head coach Michael Fitzel.",3020,23,20,1.15,0,0.22727272727272727,0.0,0.22727272727272727,0.9020880460739136,0.8932690620422363,0.8976569175720215
22051542,sport,one_sentence,"Scottish football should consider a bigger league to help young talent, according to Czech Republic director of football Dusan Fitzel.","A 16-team Czech First League would be a ""great opportunity"" for young players, says former Czech football coach and head coach Michael Fitzel.",3020,23,20,1.15,0,0.2727272727272727,0.0,0.2727272727272727,0.9069977402687073,0.9008378982543945,0.9039073586463928
22051542,sport,fact_constrained,"Scottish football should consider a bigger league to help young talent, according to Czech Republic director of football Dusan Fitzel.","A 16-team Czech First League would be a ""great opportunity"" for young players, says former Czech football coach and head coach Michael Fitzel.",3020,23,20,1.15,0,0.2727272727272727,0.0,0.2727272727272727,0.9069977402687073,0.9008378982543945,0.9039073586463928
39536132,politics,tldr,Democratic Republic of Congo President Joseph Kabila has appointed Bruno Tshibala as the new prime minister of the power-sharing government.,Congolese President Pierre Tshibala has stepped down as the country's interim leader.,1225,12,20,0.6,0,0.2941176470588235,0.0625,0.23529411764705882,0.9238459467887878,0.9049010276794434,0.9142752885818481
39536132,politics,bullet_points,Democratic Republic of Congo President Joseph Kabila has appointed Bruno Tshibala as the new prime minister of the power-sharing government.,"Congolese President Pierre Tshibala has stepped down as the country's interim president, paving the way for a transitional government.",1225,19,20,0.95,0,0.3414634146341463,0.05128205128205128,0.2926829268292683,0.9129965305328369,0.90609210729599,0.9095311760902405
39536132,politics,bullet_points_strict,Democratic Republic of Congo President Joseph Kabila has appointed Bruno Tshibala as the new prime minister of the power-sharing government.,Congolese President Pierre-Marie Tshibala has been appointed as the new leader of the country's opposition party.,1225,16,20,0.8,0,0.4615384615384615,0.16216216216216214,0.41025641025641024,0.9245268106460571,0.915377676486969,0.9199294447898865
39536132,politics,one_sentence,Democratic Republic of Congo President Joseph Kabila has appointed Bruno Tshibala as the new prime minister of the power-sharing government.,Congolese President Pierre Tshibala has stepped down as the country's interim president.,1225,12,20,0.6,0,0.2941176470588235,0.0625,0.23529411764705882,0.9251001477241516,0.9050976634025574,0.9149895906448364
39536132,politics,fact_constrained,Democratic Republic of Congo President Joseph Kabila has appointed Bruno Tshibala as the new prime minister of the power-sharing government.,"Congolese President Pierre-Claude Tshibala has resigned as the country's interim president, paving the way for a transitional government.",1225,18,20,0.9,0,0.3414634146341463,0.05128205128205128,0.2926829268292683,0.903770923614502,0.905926525592804,0.9048474431037903
37459574,sport,tldr,Adebayo Akinfenwa's winner five minutes from time handed Wycombe a hard-fought 1-0 home victory over Exeter in League Two.,Adebayo Akinfenwa scored twice as Wycombe drew 1-1 with Exeter City at Adams Park.,3558,14,19,0.7368421052631579,0,0.27027027027027023,0.057142857142857134,0.27027027027027023,0.9329172968864441,0.8981311321258545,0.9151937365531921
37459574,sport,bullet_points,Adebayo Akinfenwa's winner five minutes from time handed Wycombe a hard-fought 1-0 home victory over Exeter in League Two.,Adebayo Akinfenwa scored twice as Wycombe beat Exeter City 1-0 at Adams Park.,3558,13,19,0.6842105263157895,0,0.33333333333333326,0.11764705882352941,0.2777777777777778,0.9454696178436279,0.9049435257911682,0.9247627854347229
37459574,sport,bullet_points_strict,Adebayo Akinfenwa's winner five minutes from time handed Wycombe a hard-fought 1-0 home victory over Exeter in League Two.,Adebayo Akinfenwa scored twice as Wycombe beat Exeter City 1-0 at Adams Park.,3558,13,19,0.6842105263157895,0,0.33333333333333326,0.11764705882352941,0.2777777777777778,0.9454696178436279,0.9049435257911682,0.9247627854347229
37459574,sport,one_sentence,Adebayo Akinfenwa's winner five minutes from time handed Wycombe a hard-fought 1-0 home victory over Exeter in League Two.,Adebayo Akinfenwa scored twice as Wycombe beat Exeter City 1-0 at Adams Park.,3558,13,19,0.6842105263157895,0,0.33333333333333326,0.11764705882352941,0.2777777777777778,0.9454696178436279,0.9049435257911682,0.9247627854347229
37459574,sport,fact_constrained,Adebayo Akinfenwa's winner five minutes from time handed Wycombe a hard-fought 1-0 home victory over Exeter in League Two.,Adebayo Akinfenwa scored twice as Wycombe beat Exeter City 1-0 at Adams Park.,3558,13,19,0.6842105263157895,0,0.33333333333333326,0.11764705882352941,0.2777777777777778,0.9454696178436279,0.9049435257911682,0.9247627854347229
39789511,business,tldr,"Journalists at Fairfax Media, one of Australia's largest publishers, have gone on strike for a week to protest against massive job cuts.",Fairfax Australia has announced plans to cut a quarter of its editorial staff.,1651,13,22,0.5909090909090909,0,0.27777777777777773,0.0,0.16666666666666669,0.9239736795425415,0.8968245983123779,0.9101967215538025
39789511,business,bullet_points,"Journalists at Fairfax Media, one of Australia's largest publishers, have gone on strike for a week to protest against massive job cuts.",Australia's biggest news publisher Fairfax has announced a series of fresh staff cuts.,1651,13,22,0.5909090909090909,0,0.3243243243243243,0.05714285714285715,0.2162162162162162,0.9447206258773804,0.9123530387878418,0.9282547831535339
39789511,business,bullet_points_strict,"Journalists at Fairfax Media, one of Australia's largest publishers, have gone on strike for a week to protest against massive job cuts.",Australia's biggest news publisher Fairfax has announced a series of fresh staff cuts.,1651,13,22,0.5909090909090909,0,0.3243243243243243,0.05714285714285715,0.2162162162162162,0.9447206258773804,0.9123530387878418,0.9282547831535339
39789511,business,one_sentence,"Journalists at Fairfax Media, one of Australia's largest publishers, have gone on strike for a week to protest against massive job cuts.",Fairfax Australia has announced a series of new jobs at its Sydney Morning Herald and Melbourne's The Age.,1651,18,22,0.8181818181818182,0,0.28571428571428575,0.0,0.14285714285714288,0.8880307674407959,0.8817391395568848,0.8848738074302673
39789511,business,fact_constrained,"Journalists at Fairfax Media, one of Australia's largest publishers, have gone on strike for a week to protest against massive job cuts.",Australian media publisher Fairfax has announced a series of fresh staff cuts.,1651,12,22,0.5454545454545454,0,0.2857142857142857,0.0,0.1714285714285714,0.9452878832817078,0.904065728187561,0.9242174625396729
35104859,sport,tldr,Teenager Tom Marquand has been tipped to follow in the footsteps of three-times champion jockey Ryan Moore by his trainer Richard Hannon.,"Jockey Ryan Moore could become a champion jockey one day, says jockey Craig Marquand.",1601,14,22,0.6363636363636364,0,0.27027027027027023,0.1714285714285714,0.16216216216216214,0.9266848564147949,0.8931167125701904,0.9095911979675293
35104859,sport,bullet_points,Teenager Tom Marquand has been tipped to follow in the footsteps of three-times champion jockey Ryan Moore by his trainer Richard Hannon.,"Jockey Ryan Moore could become a champion jockey one day, according to jockey Craig Marquand.",1601,15,22,0.6818181818181818,0,0.31578947368421056,0.16666666666666663,0.15789473684210528,0.9254840016365051,0.8947274684906006,0.9098459482192993
35104859,sport,bullet_points_strict,Teenager Tom Marquand has been tipped to follow in the footsteps of three-times champion jockey Ryan Moore by his trainer Richard Hannon.,Jockey Ryan Moore could become a champion jockey if he wins the BBC Young Sports Personality of the Year award.,1601,20,22,0.9090909090909091,0,0.27906976744186046,0.14634146341463414,0.13953488372093023,0.891606330871582,0.8833496570587158,0.8874588012695312
35104859,sport,one_sentence,Teenager Tom Marquand has been tipped to follow in the footsteps of three-times champion jockey Ryan Moore by his trainer Richard Hannon.,Jockey Ryan Moore could become a champion jockey if he wins the BBC Young Sports Personality of the Year award.,1601,20,22,0.9090909090909091,0,0.27906976744186046,0.14634146341463414,0.13953488372093023,0.891606330871582,0.8833496570587158,0.8874588012695312
35104859,sport,fact_constrained,Teenager Tom Marquand has been tipped to follow in the footsteps of three-times champion jockey Ryan Moore by his trainer Richard Hannon.,"Jockey Ryan Moore could become a champion jockey one day, according to his trainer Paul Hannon.",1601,16,22,0.7272727272727273,0,0.41025641025641024,0.21621621621621623,0.30769230769230765,0.9390102624893188,0.908195972442627,0.9233461022377014
30322194,politics,tldr,"The Colombian government and Farc rebels have agreed to resume peace talks, which were suspended last month over the abduction of an army general, mediators say.",The Colombian government and the Farc rebels have agreed to hold a series of talks to end a five-year conflict in the country.,2095,23,26,0.8846153846153846,0,0.48000000000000004,0.2916666666666667,0.43999999999999995,0.9303284883499146,0.9093635678291321,0.9197264909744263
30322194,politics,bullet_points,"The Colombian government and Farc rebels have agreed to resume peace talks, which were suspended last month over the abduction of an army general, mediators say.",The Colombian government and the Farc rebels have agreed to hold a second round of talks to end a five-year conflict in the country.,2095,24,26,0.9230769230769231,0,0.47058823529411764,0.2857142857142857,0.4313725490196078,0.9311552047729492,0.9128281474113464,0.9219005703926086
30322194,politics,bullet_points_strict,"The Colombian government and Farc rebels have agreed to resume peace talks, which were suspended last month over the abduction of an army general, mediators say.",Colombian and Farc negotiators have agreed to hold a second round of talks to end a five-year conflict in the country.,2095,21,26,0.8076923076923077,0,0.37500000000000006,0.13043478260869565,0.33333333333333337,0.9171119928359985,0.8996280431747437,0.9082858562469482
30322194,politics,one_sentence,"The Colombian government and Farc rebels have agreed to resume peace talks, which were suspended last month over the abduction of an army general, mediators say.",The Colombian government and the Farc rebels have agreed to hold talks to end a five-year conflict in the country.,2095,20,26,0.7692307692307693,0,0.4680851063829788,0.3111111111111111,0.4680851063829788,0.9350515007972717,0.9090085625648499,0.9218460917472839
30322194,politics,fact_constrained,"The Colombian government and Farc rebels have agreed to resume peace talks, which were suspended last month over the abduction of an army general, mediators say.",The Colombian government and the Farc rebels have agreed to hold talks to end a five-year conflict in the country.,2095,20,26,0.7692307692307693,0,0.4680851063829788,0.3111111111111111,0.4680851063829788,0.9350515007972717,0.9090085625648499,0.9218460917472839
38995337,sport,tldr,The Football Association has charged Blackburn midfielder Hope Akpan with violent conduct after he was sent off for pushing a referee.,Blackburn Rovers have been banned for three matches for violent conduct by referee Scott Akpan.,1021,15,21,0.7142857142857143,0,0.3333333333333333,0.058823529411764705,0.2222222222222222,0.906087338924408,0.9041178822517395,0.9051015377044678
38995337,sport,bullet_points,The Football Association has charged Blackburn midfielder Hope Akpan with violent conduct after he was sent off for pushing a referee.,Blackburn Rovers have been banned for three matches for violent conduct by referee Mark Akpan.,1021,15,21,0.7142857142857143,0,0.3333333333333333,0.058823529411764705,0.2222222222222222,0.9059997200965881,0.9043844938278198,0.9051913619041443
38995337,sport,bullet_points_strict,The Football Association has charged Blackburn midfielder Hope Akpan with violent conduct after he was sent off for pushing a referee.,Blackburn Rovers have been banned for three matches for violent conduct by Blackburn Rovers striker Shahid Akpan.,1021,17,21,0.8095238095238095,0,0.2631578947368421,0.05555555555555556,0.15789473684210528,0.8958253860473633,0.9067356586456299,0.901247501373291
38995337,sport,one_sentence,The Football Association has charged Blackburn midfielder Hope Akpan with violent conduct after he was sent off for pushing a referee.,Blackburn Rovers have been banned for three matches for violent conduct by referee Mark Akpan after he pushed a referee to the ground.,1021,23,21,1.0952380952380953,0,0.4545454545454545,0.14285714285714282,0.31818181818181823,0.9122903347015381,0.9164299964904785,0.914355456829071
38995337,sport,fact_constrained,The Football Association has charged Blackburn midfielder Hope Akpan with violent conduct after he was sent off for pushing a referee.,Blackburn Rovers have been banned for three matches for violent conduct by Blackburn Rovers midfielder Shahid Akpan.,1021,17,21,0.8095238095238095,0,0.31578947368421056,0.05555555555555556,0.15789473684210528,0.8995814323425293,0.909987211227417,0.9047544598579407
35426361,tech,tldr,"Octopuses may have more complex social interactions than previously believed, a new study has found.","An unusual stance of octopuses may be a sign of aggression, a study suggests.",3136,14,15,0.9333333333333333,0,0.2758620689655172,0.07407407407407408,0.2758620689655172,0.9263303279876709,0.922380268573761,0.9243510961532593
35426361,tech,bullet_points,"Octopuses may have more complex social interactions than previously believed, a new study has found.","A new study suggests that octopuses are largely solitary creatures, with a ""no particular physiological reason why darkness should be associated with aggression"", say scientists.",3136,25,15,1.6666666666666667,0,0.2,0.10526315789473685,0.15,0.8905964493751526,0.9190670251846313,0.9046077132225037
35426361,tech,bullet_points_strict,"Octopuses may have more complex social interactions than previously believed, a new study has found.",A new study has suggested that octopuses are more aggressive than previously thought.,3136,13,15,0.8666666666666667,0,0.5714285714285715,0.30769230769230765,0.28571428571428575,0.964751660823822,0.9572716951370239,0.9609971642494202
35426361,tech,one_sentence,"Octopuses may have more complex social interactions than previously believed, a new study has found.",A new study has suggested that octopuses are largely solitary creatures.,3136,11,15,0.7333333333333333,0,0.3846153846153846,0.25,0.30769230769230765,0.9466056823730469,0.9302763342857361,0.9383699297904968
35426361,tech,fact_constrained,"Octopuses may have more complex social interactions than previously believed, a new study has found.",A new study has suggested that octopuses are more aggressive than previously thought.,3136,13,15,0.8666666666666667,0,0.5714285714285715,0.30769230769230765,0.28571428571428575,0.964751660823822,0.9572716951370239,0.9609971642494202
36245913,sport,tldr,Former British number one Laura Robson will play at next month's grass-court Wimbledon warm-up event in Nottingham.,Andy Robson has signed a two-year contract extension with the Nottingham Open.,712,12,17,0.7058823529411765,0,0.12121212121212123,0.0,0.12121212121212123,0.9033557772636414,0.8677311539649963,0.8851851224899292
36245913,sport,bullet_points,Former British number one Laura Robson will play at next month's grass-court Wimbledon warm-up event in Nottingham.,Former world number one Andy Robson has returned to Nottingham to play at the Aegon Open.,712,16,17,0.9411764705882353,0,0.38888888888888884,0.11764705882352941,0.33333333333333326,0.9275907874107361,0.897652804851532,0.9123762845993042
36245913,sport,bullet_points_strict,Former British number one Laura Robson will play at next month's grass-court Wimbledon warm-up event in Nottingham.,Andy Robson has signed a two-year contract extension with the Nottingham Open.,712,12,17,0.7058823529411765,0,0.12121212121212123,0.0,0.12121212121212123,0.9033557772636414,0.8677311539649963,0.8851851224899292
36245913,sport,one_sentence,Former British number one Laura Robson will play at next month's grass-court Wimbledon warm-up event in Nottingham.,Former world number one Andy Robson has returned to Nottingham for the Aegon Open.,712,14,17,0.8235294117647058,0,0.2941176470588235,0.0625,0.2941176470588235,0.9218317866325378,0.8938613533973694,0.9076311588287354
36245913,sport,fact_constrained,Former British number one Laura Robson will play at next month's grass-court Wimbledon warm-up event in Nottingham.,Andy Robson has signed a two-year contract extension with the Nottingham Open.,712,12,17,0.7058823529411765,0,0.12121212121212123,0.0,0.12121212121212123,0.9033557772636414,0.8677311539649963,0.8851851224899292
32197742,politics,tldr,"The Democratic Republic of the Congo has been urged to investigate at least 421 bodies found in an unmarked burial ground in the capital, Kinshasa.","The DR Congo government says all the bodies buried at a cemetery in the capital, Kinshasa, have been found.",1117,19,25,0.76,0,0.5,0.14285714285714288,0.3181818181818182,0.9444589614868164,0.9232645034790039,0.9337414503097534
32197742,politics,bullet_points,"The Democratic Republic of the Congo has been urged to investigate at least 421 bodies found in an unmarked burial ground in the capital, Kinshasa.","The DR Congo government has confirmed that all the bodies found in a cemetery in the capital, Kinshasa, have been buried there.",1117,22,25,0.88,0,0.5106382978723404,0.22222222222222224,0.4255319148936171,0.9405486583709717,0.9289454221725464,0.9347110390663147
32197742,politics,bullet_points_strict,"The Democratic Republic of the Congo has been urged to investigate at least 421 bodies found in an unmarked burial ground in the capital, Kinshasa.","DR Congo's government says all the bodies buried in a cemetery in the capital, Kinshasa, have been found.",1117,18,25,0.72,0,0.45454545454545453,0.14285714285714288,0.3181818181818182,0.9446226954460144,0.922182023525238,0.9332674741744995
32197742,politics,one_sentence,"The Democratic Republic of the Congo has been urged to investigate at least 421 bodies found in an unmarked burial ground in the capital, Kinshasa.","The DR Congo government says all the bodies buried in a cemetery in the capital, Kinshasa, have been found.",1117,19,25,0.76,0,0.5,0.14285714285714288,0.3636363636363636,0.9466567039489746,0.9249500632286072,0.9356774687767029
32197742,politics,fact_constrained,"The Democratic Republic of the Congo has been urged to investigate at least 421 bodies found in an unmarked burial ground in the capital, Kinshasa.","The DR Congo government has confirmed that all the bodies found in a cemetery in the capital, Kinshasa, have been buried in individual graves.",1117,24,25,0.96,0,0.4897959183673469,0.2127659574468085,0.4081632653061225,0.9389520883560181,0.9290578365325928,0.9339787364006042
36455355,sport,tldr,Everton have agreed a deal with Premier League rivals Southampton that paves the way for Ronald Koeman to become their new manager.,Everton have agreed a new contract with former Southampton manager Martin Koeman.,2530,12,22,0.5454545454545454,0,0.5294117647058824,0.18749999999999997,0.4117647058823529,0.9468360543251038,0.899816632270813,0.9227277040481567
36455355,sport,bullet_points,Everton have agreed a deal with Premier League rivals Southampton that paves the way for Ronald Koeman to become their new manager.,Everton have agreed a new contract with former Southampton manager Martin Koeman.,2530,12,22,0.5454545454545454,0,0.5294117647058824,0.18749999999999997,0.4117647058823529,0.9468360543251038,0.899816632270813,0.9227277040481567
36455355,sport,bullet_points_strict,Everton have agreed a deal with Premier League rivals Southampton that paves the way for Ronald Koeman to become their new manager.,Everton have agreed a new deal for former Southampton manager Martin Koeman.,2530,12,22,0.5454545454545454,0,0.5882352941176471,0.18749999999999997,0.4117647058823529,0.9508816003799438,0.9033486247062683,0.9265058636665344
36455355,sport,one_sentence,Everton have agreed a deal with Premier League rivals Southampton that paves the way for Ronald Koeman to become their new manager.,Everton have agreed a new contract with former Southampton manager Martin Koeman.,2530,12,22,0.5454545454545454,0,0.5294117647058824,0.18749999999999997,0.4117647058823529,0.9468360543251038,0.899816632270813,0.9227277040481567
36455355,sport,fact_constrained,Everton have agreed a deal with Premier League rivals Southampton that paves the way for Ronald Koeman to become their new manager.,Everton have agreed a new contract with former Southampton manager Martin Koeman.,2530,12,22,0.5454545454545454,0,0.5294117647058824,0.18749999999999997,0.4117647058823529,0.9468360543251038,0.899816632270813,0.9227277040481567
38901296,business,tldr,"Over the last three decades, governments of various stripes have promised radical change to solve England's housing crisis and today's White Paper is no exception.",The government's proposals to build more affordable homes in England's green belt have been mixed.,2093,15,25,0.6,0,0.27272727272727276,0.04761904761904762,0.1818181818181818,0.9091786742210388,0.880103349685669,0.8944047689437866
38901296,business,bullet_points,"Over the last three decades, governments of various stripes have promised radical change to solve England's housing crisis and today's White Paper is no exception.",The White Paper on England's housing needs has been a thorn in the side of the Conservatives.,2093,17,25,0.68,0,0.3111111111111111,0.13953488372093026,0.17777777777777776,0.9188303351402283,0.8880016803741455,0.9031529426574707
38901296,business,bullet_points_strict,"Over the last three decades, governments of various stripes have promised radical change to solve England's housing crisis and today's White Paper is no exception.",The government's White Paper on housing has been a thorn in the side of the housing market.,2093,17,25,0.68,0,0.26666666666666666,0.0930232558139535,0.17777777777777776,0.9197277426719666,0.8832226395606995,0.9011055827140808
38901296,business,one_sentence,"Over the last three decades, governments of various stripes have promised radical change to solve England's housing crisis and today's White Paper is no exception.",The government's White Paper on England's housing needs has been a slam-dunk.,2093,12,25,0.48,0,0.33333333333333337,0.2,0.19047619047619047,0.9214659333229065,0.8903235197067261,0.9056270718574524
38901296,business,fact_constrained,"Over the last three decades, governments of various stripes have promised radical change to solve England's housing crisis and today's White Paper is no exception.",The White Paper on England's housing needs has been a thorn in the side of the Conservatives.,2093,17,25,0.68,0,0.3111111111111111,0.13953488372093026,0.17777777777777776,0.9188303351402283,0.8880016803741455,0.9031529426574707
33750803,politics,tldr,"Two Turkish soldiers have been killed and 31 wounded in a suicide attack by Kurdish PKK militants, the Turkish military says.","A suicide bomber has detonated explosives at a police station in northern Iraq, Turkish state media say.",2747,17,21,0.8095238095238095,0,0.21052631578947367,0.05555555555555556,0.15789473684210528,0.9031239151954651,0.8850288391113281,0.893984854221344
33750803,politics,bullet_points,"Two Turkish soldiers have been killed and 31 wounded in a suicide attack by Kurdish PKK militants, the Turkish military says.","A suicide bomber has detonated explosives at a police station in northern Iraq, Turkish state media say.",2747,17,21,0.8095238095238095,0,0.21052631578947367,0.05555555555555556,0.15789473684210528,0.9031239151954651,0.8850288391113281,0.893984854221344
33750803,politics,bullet_points_strict,"Two Turkish soldiers have been killed and 31 wounded in a suicide attack by Kurdish PKK militants, the Turkish military says.","A suicide bomber has detonated explosives at a police station in northern Iraq, Turkish state media say.",2747,17,21,0.8095238095238095,0,0.21052631578947367,0.05555555555555556,0.15789473684210528,0.9031239151954651,0.8850288391113281,0.893984854221344
33750803,politics,one_sentence,"Two Turkish soldiers have been killed and 31 wounded in a suicide attack by Kurdish PKK militants, the Turkish military says.","A suicide bomber has detonated explosives at a police station in northern Iraq, Turkish state media say.",2747,17,21,0.8095238095238095,0,0.21052631578947367,0.05555555555555556,0.15789473684210528,0.9031239151954651,0.8850288391113281,0.893984854221344
33750803,politics,fact_constrained,"Two Turkish soldiers have been killed and 31 wounded in a suicide attack by Kurdish PKK militants, the Turkish military says.","A suicide bomber has detonated explosives at a police station in northern Iraq, the Turkish military says.",2747,17,21,0.8095238095238095,0,0.36842105263157887,0.22222222222222224,0.31578947368421056,0.9270254969596863,0.902484118938446,0.9145902395248413
36558816,entertainment,tldr,"A body found near Strathclyde Park in Motherwell is believed to be that of a missing teenager, police have said.",A body found in a wood in Motherwell has been identified as a teenager.,371,14,20,0.7,0,0.4117647058823529,0.18749999999999997,0.4117647058823529,0.9509856104850769,0.9089628458023071,0.9294995069503784
36558816,entertainment,bullet_points,"A body found near Strathclyde Park in Motherwell is believed to be that of a missing teenager, police have said.",A teenager has been found dead in a wooded area of Motherwell.,371,12,20,0.6,0,0.4375,0.0,0.25,0.9408102035522461,0.8930357098579407,0.9163007140159607
36558816,entertainment,bullet_points_strict,"A body found near Strathclyde Park in Motherwell is believed to be that of a missing teenager, police have said.",A teenager has been found dead in a wood in Motherwell.,371,11,20,0.55,0,0.3870967741935483,0.06896551724137931,0.25806451612903225,0.9534186720848083,0.897288978099823,0.9245026707649231
36558816,entertainment,one_sentence,"A body found near Strathclyde Park in Motherwell is believed to be that of a missing teenager, police have said.",The body of a teenager found dead in a wood in Motherwell has been confirmed by police.,371,17,20,0.85,0,0.48648648648648646,0.11428571428571428,0.27027027027027023,0.9478875994682312,0.906534731388092,0.926750123500824
36558816,entertainment,fact_constrained,"A body found near Strathclyde Park in Motherwell is believed to be that of a missing teenager, police have said.",A body found in a wood in Motherwell has been identified as a teenager.,371,14,20,0.7,0,0.4117647058823529,0.18749999999999997,0.4117647058823529,0.9509856104850769,0.9089628458023071,0.9294995069503784
38635387,sport,tldr,Neymar is the most valuable player in Europe - worth about £216m - according to a new study which values 10 players at more than 100m euros.,"Cristiano Ronaldo is the most valuable player in the Premier League, according to a new study.",1236,16,27,0.5925925925925926,0,0.5365853658536586,0.4615384615384615,0.5365853658536586,0.9409655928611755,0.8892378807067871,0.9143706560134888
38635387,sport,bullet_points,Neymar is the most valuable player in Europe - worth about £216m - according to a new study which values 10 players at more than 100m euros.,"Cristiano Ronaldo is the most valuable player in the Premier League, according to a new study.",1236,16,27,0.5925925925925926,0,0.5365853658536586,0.4615384615384615,0.5365853658536586,0.9409655928611755,0.8892378807067871,0.9143706560134888
38635387,sport,bullet_points_strict,Neymar is the most valuable player in Europe - worth about £216m - according to a new study which values 10 players at more than 100m euros.,"Cristiano Ronaldo is the most valuable player in the Premier League, according to a new study.",1236,16,27,0.5925925925925926,0,0.5365853658536586,0.4615384615384615,0.5365853658536586,0.9409655928611755,0.8892378807067871,0.9143706560134888
38635387,sport,one_sentence,Neymar is the most valuable player in Europe - worth about £216m - according to a new study which values 10 players at more than 100m euros.,"Cristiano Ronaldo is the most valuable player in the Premier League, according to a new study.",1236,16,27,0.5925925925925926,0,0.5365853658536586,0.4615384615384615,0.5365853658536586,0.9409655928611755,0.8892378807067871,0.9143706560134888
38635387,sport,fact_constrained,Neymar is the most valuable player in Europe - worth about £216m - according to a new study which values 10 players at more than 100m euros.,"Cristiano Ronaldo is the most valuable player in the Premier League, according to a new study.",1236,16,27,0.5925925925925926,0,0.5365853658536586,0.4615384615384615,0.5365853658536586,0.9409655928611755,0.8892378807067871,0.9143706560134888
32946874,tech,tldr,"Swiss pilot Andre Borschberg has begun his bid to cross the Pacific, from China to Hawaii, in the zero-fuel Solar Impulse aeroplane.","Solar Impulse, a single-seat propeller-driven aircraft, has taken off from China's Nanjing airport.",3559,13,22,0.5909090909090909,0,0.2564102564102564,0.10810810810810811,0.15384615384615383,0.8884180784225464,0.8727999925613403,0.8805397748947144
32946874,tech,bullet_points,"Swiss pilot Andre Borschberg has begun his bid to cross the Pacific, from China to Hawaii, in the zero-fuel Solar Impulse aeroplane.","Solar Impulse, a single-seat, propeller-driven aircraft, has taken off from China's Nanjing airport.",3559,13,22,0.5909090909090909,0,0.2564102564102564,0.10810810810810811,0.15384615384615383,0.890129804611206,0.8751333355903625,0.8825679421424866
32946874,tech,bullet_points_strict,"Swiss pilot Andre Borschberg has begun his bid to cross the Pacific, from China to Hawaii, in the zero-fuel Solar Impulse aeroplane.","Solar Impulse, a single-seat aircraft, has begun its journey to Hawaii.",3559,11,22,0.5,0,0.3428571428571428,0.1818181818181818,0.22857142857142854,0.9365016222000122,0.888661801815033,0.9119547605514526
32946874,tech,one_sentence,"Swiss pilot Andre Borschberg has begun his bid to cross the Pacific, from China to Hawaii, in the zero-fuel Solar Impulse aeroplane.","Solar Impulse, a single-seat aircraft, has departed from China's Nanjing airport for Hawaii.",3559,13,22,0.5909090909090909,0,0.31578947368421056,0.1111111111111111,0.2105263157894737,0.9079604744911194,0.880215585231781,0.8938727974891663
32946874,tech,fact_constrained,"Swiss pilot Andre Borschberg has begun his bid to cross the Pacific, from China to Hawaii, in the zero-fuel Solar Impulse aeroplane.","Solar Impulse, a single-seat, propeller-driven aircraft, has completed its maiden flight from China to Hawaii.",3559,15,22,0.6818181818181818,0,0.35,0.2105263157894737,0.25,0.9126278162002563,0.8927884101867676,0.9025990962982178
38743285,business,tldr,"A row between a Police and Crime Commissioner and his deputy, who was found guilty of serious misconduct, has been resolved following a payout.",A former police and crime commissioner has been cleared of misconduct over a visit to the family of a murder victim.,1763,21,24,0.875,0,0.4888888888888889,0.18604651162790697,0.35555555555555557,0.9152071475982666,0.9089031219482422,0.9120442271232605
38743285,business,bullet_points,"A row between a Police and Crime Commissioner and his deputy, who was found guilty of serious misconduct, has been resolved following a payout.",A former police and crime commissioner has resigned from her post after a disciplinary hearing was postponed.,1763,17,24,0.7083333333333334,0,0.39024390243902435,0.15384615384615383,0.34146341463414637,0.9206012487411499,0.9022446870803833,0.91133052110672
38743285,business,bullet_points_strict,"A row between a Police and Crime Commissioner and his deputy, who was found guilty of serious misconduct, has been resolved following a payout.",A former police and crime commissioner has been cleared of misconduct after a dispute over a visit to a victim's family.,1763,21,24,0.875,0,0.4782608695652174,0.1818181818181818,0.34782608695652173,0.9172067046165466,0.9106128811836243,0.9138978719711304
38743285,business,one_sentence,"A row between a Police and Crime Commissioner and his deputy, who was found guilty of serious misconduct, has been resolved following a payout.",A former police and crime commissioner has been re-hired by the Office of the Police and Crime Commissioner (OPC).,1763,19,24,0.7916666666666666,0,0.4090909090909091,0.1904761904761905,0.31818181818181823,0.894472062587738,0.8907198905944824,0.8925920128822327
38743285,business,fact_constrained,"A row between a Police and Crime Commissioner and his deputy, who was found guilty of serious misconduct, has been resolved following a payout.",A former police and crime commissioner has been re-hired by the Office of the Police and Crime Commissioner (OPC).,1763,19,24,0.7916666666666666,0,0.4090909090909091,0.1904761904761905,0.31818181818181823,0.894472062587738,0.8907198905944824,0.8925920128822327
30655155,entertainment,tldr,"Actor Edward Herrmann, best known for his roles in TV show Gilmore Girls and vampire movie The Lost Boys, has died aged 71.","Ed Herrmann, best known for his role as Richard Gilmore in Gilmore Girls, has died at the age of 84.",2822,20,23,0.8695652173913043,0,0.5116279069767442,0.2926829268292683,0.46511627906976744,0.9490886926651001,0.9283727407455444,0.9386163949966431
30655155,entertainment,bullet_points,"Actor Edward Herrmann, best known for his roles in TV show Gilmore Girls and vampire movie The Lost Boys, has died aged 71.","Ed Herrmann, best known for his role in Gilmore Girls, has died at the age of 84.",2822,17,23,0.7391304347826086,0,0.55,0.3157894736842105,0.5,0.9615887403488159,0.9307685494422913,0.945927619934082
30655155,entertainment,bullet_points_strict,"Actor Edward Herrmann, best known for his roles in TV show Gilmore Girls and vampire movie The Lost Boys, has died aged 71.","Actor Ed Herrmann has died at the age of 84, his son has said.",2822,14,23,0.6086956521739131,0,0.3243243243243243,0.05714285714285715,0.2162162162162162,0.9362888932228088,0.8784240484237671,0.9064338803291321
30655155,entertainment,one_sentence,"Actor Edward Herrmann, best known for his roles in TV show Gilmore Girls and vampire movie The Lost Boys, has died aged 71.","Ed Herrmann, best known for his role as Richard Gilmore on Gilmore Girls, has died at the age of 84.",2822,20,23,0.8695652173913043,0,0.46511627906976744,0.2926829268292683,0.4186046511627907,0.9485299587249756,0.9270527362823486,0.9376683831214905
30655155,entertainment,fact_constrained,"Actor Edward Herrmann, best known for his roles in TV show Gilmore Girls and vampire movie The Lost Boys, has died aged 71.","Actor Ed Herrmann, best known for his role in Gilmore Girls, has died at the age of 84.",2822,18,23,0.782608695652174,0,0.5853658536585366,0.30769230769230765,0.5365853658536586,0.9650474190711975,0.937061071395874,0.950848400592804
36555197,sport,tldr,"Northern Ireland goalscorer Gareth McAuley says Thursday's 2-0 Euro 2016 win over Ukraine - their first at a European Championship - was ""massive"".",Northern Ireland's hopes of qualifying for the knockout stages of the Euro 2016 finals have been dashed by a goalless draw with Germany.,2193,23,23,1.0,0,0.2553191489361702,0.08888888888888888,0.2553191489361702,0.8813782930374146,0.8576110601425171,0.8693322539329529
36555197,sport,bullet_points,"Northern Ireland goalscorer Gareth McAuley says Thursday's 2-0 Euro 2016 win over Ukraine - their first at a European Championship - was ""massive"".","Northern Ireland manager Mark McAuley says he was ""delighted"" by his side's win over Poland at the Euro 2016 finals.",2193,20,23,0.8695652173913043,0,0.5,0.1904761904761905,0.3636363636363636,0.9317811131477356,0.9123614430427551,0.9219689965248108
36555197,sport,bullet_points_strict,"Northern Ireland goalscorer Gareth McAuley says Thursday's 2-0 Euro 2016 win over Ukraine - their first at a European Championship - was ""massive"".","Northern Ireland manager Mark McAuley says he was ""delighted"" by his side's win over Poland at the Euro 2016 finals.",2193,20,23,0.8695652173913043,0,0.5,0.1904761904761905,0.3636363636363636,0.9317811131477356,0.9123614430427551,0.9219689965248108
36555197,sport,one_sentence,"Northern Ireland goalscorer Gareth McAuley says Thursday's 2-0 Euro 2016 win over Ukraine - their first at a European Championship - was ""massive"".","Northern Ireland manager Mark McAuley said he was ""delighted"" by his side's 3-0 win over Poland at the Euro 2016 finals.",2193,21,23,0.9130434782608695,0,0.4782608695652174,0.13636363636363635,0.34782608695652173,0.9332441091537476,0.9215123653411865,0.927341103553772
36555197,sport,fact_constrained,"Northern Ireland goalscorer Gareth McAuley says Thursday's 2-0 Euro 2016 win over Ukraine - their first at a European Championship - was ""massive"".",Northern Ireland's hopes of qualifying for the Euro 2016 finals have been shattered by a 1-0 win over Poland at the Euro 2016.,2193,23,23,1.0,0,0.41666666666666663,0.13043478260869565,0.3333333333333333,0.9148479104042053,0.8711466193199158,0.8924626111984253
37796836,politics,tldr,A landmark legal challenge against Brexit has been rejected at the High Court in Belfast.,The High Court in London has ruled that the UK government cannot trigger the Brexit process without a parliamentary vote.,3924,20,15,1.3333333333333333,0,0.4,0.18181818181818182,0.2285714285714286,0.9026833772659302,0.925707995891571,0.9140507578849792
37796836,politics,bullet_points,A landmark legal challenge against Brexit has been rejected at the High Court in Belfast.,The High Court in London has ruled that the UK government cannot trigger the Brexit process without a parliamentary vote.,3924,20,15,1.3333333333333333,0,0.4,0.18181818181818182,0.2285714285714286,0.9026833772659302,0.925707995891571,0.9140507578849792
37796836,politics,bullet_points_strict,A landmark legal challenge against Brexit has been rejected at the High Court in Belfast.,The High Court in London has ruled that the UK government cannot trigger the Brexit process without a parliamentary vote.,3924,20,15,1.3333333333333333,0,0.4,0.18181818181818182,0.2285714285714286,0.9026833772659302,0.925707995891571,0.9140507578849792
37796836,politics,one_sentence,A landmark legal challenge against Brexit has been rejected at the High Court in Belfast.,The High Court in London has ruled that the UK government cannot trigger the Brexit process without a parliamentary vote.,3924,20,15,1.3333333333333333,0,0.4,0.18181818181818182,0.2285714285714286,0.9026833772659302,0.925707995891571,0.9140507578849792
37796836,politics,fact_constrained,A landmark legal challenge against Brexit has been rejected at the High Court in Belfast.,The High Court in London has ruled that the UK government cannot trigger the Brexit process without a parliamentary vote.,3924,20,15,1.3333333333333333,0,0.4,0.18181818181818182,0.2285714285714286,0.9026833772659302,0.925707995891571,0.9140507578849792
39632704,tech,tldr,A student whose mother and teenage brother were stabbed to death is focusing on caring for her father who was also injured in the attack.,An 18-year-old woman has said she will never see her father again after he was stabbed in Birmingham.,1790,18,25,0.72,0,0.22222222222222224,0.04651162790697675,0.17777777777777778,0.9000147581100464,0.8922957181930542,0.896138608455658
39632704,tech,bullet_points,A student whose mother and teenage brother were stabbed to death is focusing on caring for her father who was also injured in the attack.,An 18-year-old woman has said she will never see her father again after he was stabbed to death in Birmingham.,1790,20,25,0.8,0,0.29787234042553196,0.13333333333333333,0.1702127659574468,0.9024542570114136,0.8956171870231628,0.8990227580070496
39632704,tech,bullet_points_strict,A student whose mother and teenage brother were stabbed to death is focusing on caring for her father who was also injured in the attack.,A teenager has said she will never see her father again after he was stabbed to death in Birmingham.,1790,19,25,0.76,0,0.3636363636363636,0.14285714285714288,0.22727272727272727,0.9095909595489502,0.9000892639160156,0.9048151969909668
39632704,tech,one_sentence,A student whose mother and teenage brother were stabbed to death is focusing on caring for her father who was also injured in the attack.,The daughter of a man who was stabbed to death in Birmingham has said she will never see her father again.,1790,21,25,0.84,0,0.43478260869565216,0.1818181818181818,0.2608695652173913,0.9141572117805481,0.895704984664917,0.9048370718955994
39632704,tech,fact_constrained,A student whose mother and teenage brother were stabbed to death is focusing on caring for her father who was also injured in the attack.,A teenager has said she will never see her father again after he was stabbed to death in Birmingham.,1790,19,25,0.76,0,0.3636363636363636,0.14285714285714288,0.22727272727272727,0.9095909595489502,0.9000892639160156,0.9048151969909668
22379241,politics,tldr,"North Korea has detained several US citizens - sometimes holding them for years, the BBC explains.","North Korea has sentenced a US citizen to six years' hard labour for allegedly committing a ""crime"" against the communist state.",7273,21,16,1.3125,0,0.3888888888888889,0.11764705882352941,0.3333333333333333,0.8813269138336182,0.9015012979507446,0.8912999629974365
22379241,politics,bullet_points,"North Korea has detained several US citizens - sometimes holding them for years, the BBC explains.","North Korean leader Kim Jong-un has said he is ""prepared to violate the law"" of the Democratic People's Republic of Korea.",7273,21,16,1.3125,0,0.2105263157894737,0.0,0.15789473684210528,0.8557733297348022,0.8720377683639526,0.8638290166854858
22379241,politics,bullet_points_strict,"North Korea has detained several US citizens - sometimes holding them for years, the BBC explains.",The son of a US tourist detained in North Korea has said he prepared to violate the law of the Democratic People's Republic of Korea (DPRK).,7273,26,16,1.625,0,0.2857142857142857,0.1,0.19047619047619047,0.8573739528656006,0.8865818977355957,0.8717333674430847
22379241,politics,one_sentence,"North Korea has detained several US citizens - sometimes holding them for years, the BBC explains.","North Korean leader Kim Jong-un has said he is ""prepared to violate the law of the Democratic People's Republic of Korea"".",7273,21,16,1.3125,0,0.2105263157894737,0.0,0.15789473684210528,0.8444873094558716,0.8751882314682007,0.8595637679100037
22379241,politics,fact_constrained,"North Korea has detained several US citizens - sometimes holding them for years, the BBC explains.","North Korean leader Kim Jong-un has said he is ""prepared to violate the law"" of the Democratic People's Republic of Korea.",7273,21,16,1.3125,0,0.2105263157894737,0.0,0.15789473684210528,0.8557733297348022,0.8720377683639526,0.8638290166854858
30173084,tech,tldr,South Korea's education minister has apologised after two faulty questions in the national college entrance exam left thousands of students confused.,South Korea's education minister has apologised for a mistake in one of the questions in the College Scholastic Ability Test.,1810,20,21,0.9523809523809523,0,0.5581395348837208,0.3902439024390244,0.5116279069767442,0.931477427482605,0.9443556666374207,0.9378724098205566
30173084,tech,bullet_points,South Korea's education minister has apologised after two faulty questions in the national college entrance exam left thousands of students confused.,South Korea's education minister has apologised for a mistake in one of the questions in the College Scholastic Ability Test.,1810,20,21,0.9523809523809523,0,0.5581395348837208,0.3902439024390244,0.5116279069767442,0.931477427482605,0.9443556666374207,0.9378724098205566
30173084,tech,bullet_points_strict,South Korea's education minister has apologised after two faulty questions in the national college entrance exam left thousands of students confused.,South Korea's education minister has apologised for a mistake in one of the questions in the College Scholastic Ability Test.,1810,20,21,0.9523809523809523,0,0.5581395348837208,0.3902439024390244,0.5116279069767442,0.931477427482605,0.9443556666374207,0.9378724098205566
30173084,tech,one_sentence,South Korea's education minister has apologised after two faulty questions in the national college entrance exam left thousands of students confused.,South Korea's education minister has apologised for a mistake in a science and maths exam.,1810,15,21,0.7142857142857143,0,0.47368421052631576,0.3333333333333333,0.47368421052631576,0.9548336267471313,0.9381941556930542,0.9464407563209534
30173084,tech,fact_constrained,South Korea's education minister has apologised after two faulty questions in the national college entrance exam left thousands of students confused.,South Korea's education minister has apologised for a mistake in one of the questions in the College Scholastic Ability Test.,1810,20,21,0.9523809523809523,0,0.5581395348837208,0.3902439024390244,0.5116279069767442,0.931477427482605,0.9443556666374207,0.9378724098205566
39009863,sport,tldr,National League North side Gloucester City are in talks with rugby league team Gloucestershire All Golds about a potential groundshare.,The owners of Gloucester rugby league club All Golds have agreed to build a new ground for the club.,798,19,20,0.95,0,0.3076923076923077,0.10810810810810811,0.3076923076923077,0.9252994060516357,0.9004379510879517,0.9126994013786316
39009863,sport,bullet_points,National League North side Gloucester City are in talks with rugby league team Gloucestershire All Golds about a potential groundshare.,The owners of Gloucester rugby league club All Golds have said they want to build a new home for the club.,798,21,20,1.05,0,0.2926829268292683,0.10256410256410256,0.2926829268292683,0.9200916290283203,0.8955104947090149,0.9076346755027771
39009863,sport,bullet_points_strict,National League North side Gloucester City are in talks with rugby league team Gloucestershire All Golds about a potential groundshare.,The owners of Gloucester rugby league club All Golds have agreed to build a new home for the club.,798,19,20,0.95,0,0.3076923076923077,0.10810810810810811,0.3076923076923077,0.9235259294509888,0.8983139395713806,0.9107455015182495
39009863,sport,one_sentence,National League North side Gloucester City are in talks with rugby league team Gloucestershire All Golds about a potential groundshare.,The owners of Gloucester rugby league club All Golds have agreed to build a new ground for the club.,798,19,20,0.95,0,0.3076923076923077,0.10810810810810811,0.3076923076923077,0.9252994060516357,0.9004379510879517,0.9126994013786316
39009863,sport,fact_constrained,National League North side Gloucester City are in talks with rugby league team Gloucestershire All Golds about a potential groundshare.,The owners of Gloucester rugby league club All Golds have agreed to build a new home for the club.,798,19,20,0.95,0,0.3076923076923077,0.10810810810810811,0.3076923076923077,0.9235259294509888,0.8983139395713806,0.9107455015182495
37152397,politics,tldr,"A Labour MP who accused Jeremy Corbyn of threatening to use his father - former Sinn Féin mayor Pat McGinn - to ""bully me into submission"" has spoken publicly about the row.",Sinn Féin MP Conor McGinn has said he was told by Jeremy Corbyn's spokesman that he had asked for an apology and retraction.,1336,23,32,0.71875,0,0.2857142857142857,0.11111111111111112,0.17857142857142855,0.8894557356834412,0.8725324869155884,0.8809128403663635
37152397,politics,bullet_points,"A Labour MP who accused Jeremy Corbyn of threatening to use his father - former Sinn Féin mayor Pat McGinn - to ""bully me into submission"" has spoken publicly about the row.",Sinn Féin leader Jeremy Corbyn has denied claims he tried to ostracise him from his family.,1336,16,32,0.5,0,0.3333333333333333,0.13043478260869568,0.16666666666666666,0.8966305255889893,0.8691853284835815,0.882694661617279
37152397,politics,bullet_points_strict,"A Labour MP who accused Jeremy Corbyn of threatening to use his father - former Sinn Féin mayor Pat McGinn - to ""bully me into submission"" has spoken publicly about the row.","Sinn Féin leader Jeremy Corbyn tried to ostracise a Newry MP from his family, a former councillor has said.",1336,19,32,0.59375,0,0.43137254901960786,0.12244897959183673,0.23529411764705882,0.8896628618240356,0.8685844540596008,0.878997266292572
37152397,politics,one_sentence,"A Labour MP who accused Jeremy Corbyn of threatening to use his father - former Sinn Féin mayor Pat McGinn - to ""bully me into submission"" has spoken publicly about the row.",Sinn Féin leader Jeremy Corbyn has denied claims he tried to ostracise him from his family.,1336,16,32,0.5,0,0.3333333333333333,0.13043478260869568,0.16666666666666666,0.8966305255889893,0.8691853284835815,0.882694661617279
37152397,politics,fact_constrained,"A Labour MP who accused Jeremy Corbyn of threatening to use his father - former Sinn Féin mayor Pat McGinn - to ""bully me into submission"" has spoken publicly about the row.",Sinn Féin leader Jeremy Corbyn has denied claims that he tried to ostracise a Newry MP from his family.,1336,19,32,0.59375,0,0.39215686274509803,0.12244897959183673,0.1568627450980392,0.8884477019309998,0.8722644448280334,0.8802816867828369
37262571,sport,tldr,"Sir Bradley Wiggins and Mark Cavendish have been confirmed among 126 riders for the 2016 Tour of Britain, which begins in Glasgow on Sunday.",Great Britain's Bradley Wiggins and Mark Cavendish will race in the Tour of Britain in September.,1444,16,24,0.6666666666666666,0,0.48780487804878053,0.30769230769230765,0.48780487804878053,0.946378231048584,0.9156935214996338,0.9307830333709717
37262571,sport,bullet_points,"Sir Bradley Wiggins and Mark Cavendish have been confirmed among 126 riders for the 2016 Tour of Britain, which begins in Glasgow on Sunday.",Great Britain's Bradley Wiggins and Mark Cavendish will race in the Tour of Britain in September.,1444,16,24,0.6666666666666666,0,0.48780487804878053,0.30769230769230765,0.48780487804878053,0.946378231048584,0.9156935214996338,0.9307830333709717
37262571,sport,bullet_points_strict,"Sir Bradley Wiggins and Mark Cavendish have been confirmed among 126 riders for the 2016 Tour of Britain, which begins in Glasgow on Sunday.",Great Britain's Bradley Wiggins and Mark Cavendish will race in the Tour of Britain in September.,1444,16,24,0.6666666666666666,0,0.48780487804878053,0.30769230769230765,0.48780487804878053,0.946378231048584,0.9156935214996338,0.9307830333709717
37262571,sport,one_sentence,"Sir Bradley Wiggins and Mark Cavendish have been confirmed among 126 riders for the 2016 Tour of Britain, which begins in Glasgow on Sunday.",Great Britain's Bradley Wiggins and Mark Cavendish will race in the Tour of Britain in September.,1444,16,24,0.6666666666666666,0,0.48780487804878053,0.30769230769230765,0.48780487804878053,0.946378231048584,0.9156935214996338,0.9307830333709717
37262571,sport,fact_constrained,"Sir Bradley Wiggins and Mark Cavendish have been confirmed among 126 riders for the 2016 Tour of Britain, which begins in Glasgow on Sunday.",British cyclists Bradley Wiggins and Mark Cavendish will race in the Tour of Britain in September.,1444,16,24,0.6666666666666666,0,0.5,0.31578947368421056,0.5,0.953058123588562,0.9169576168060303,0.9346593618392944
40897814,business,tldr,"A former financial controller has admitted stealing more than £440,000 from a hospital charity.",A charity worker has been jailed for four years after admitting fraud and money laundering.,657,15,14,1.0714285714285714,0,0.20000000000000004,0.0,0.13333333333333333,0.9024465084075928,0.8991419672966003,0.9007911682128906
40897814,business,bullet_points,"A former financial controller has admitted stealing more than £440,000 from a hospital charity.",A charity worker has been jailed for four years after admitting fraud and money laundering.,657,15,14,1.0714285714285714,0,0.20000000000000004,0.0,0.13333333333333333,0.9024465084075928,0.8991419672966003,0.9007911682128906
40897814,business,bullet_points_strict,"A former financial controller has admitted stealing more than £440,000 from a hospital charity.",A charity worker has been jailed for four years for fraud and money laundering.,657,14,14,1.0,0,0.20689655172413796,0.0,0.1379310344827586,0.9025421142578125,0.8973251581192017,0.8999260663986206
40897814,business,one_sentence,"A former financial controller has admitted stealing more than £440,000 from a hospital charity.",A charity worker has been jailed for four years after admitting fraud and money laundering.,657,15,14,1.0714285714285714,0,0.20000000000000004,0.0,0.13333333333333333,0.9024465084075928,0.8991419672966003,0.9007911682128906
40897814,business,fact_constrained,"A former financial controller has admitted stealing more than £440,000 from a hospital charity.",A charity worker has been jailed for four years after admitting fraud and money laundering.,657,15,14,1.0714285714285714,0,0.20000000000000004,0.0,0.13333333333333333,0.9024465084075928,0.8991419672966003,0.9007911682128906
16523849,politics,tldr,"Police in India's Maharashtra state have arrested five members of an upper caste for beating, stripping and parading naked a low-caste Dalit woman.",A woman has been beaten to death by two women in a village in the Indian state of Tamil Nadu.,883,20,23,0.8695652173913043,0,0.22222222222222224,0.0,0.1333333333333333,0.9276190400123596,0.8789690732955933,0.9026389718055725
16523849,politics,bullet_points,"Police in India's Maharashtra state have arrested five members of an upper caste for beating, stripping and parading naked a low-caste Dalit woman.",A woman has been beaten to death in a village in the Indian state of Karnataka.,883,16,23,0.6956521739130435,0,0.24390243902439027,0.0,0.14634146341463414,0.9310551881790161,0.8734076619148254,0.9013105630874634
16523849,politics,bullet_points_strict,"Police in India's Maharashtra state have arrested five members of an upper caste for beating, stripping and parading naked a low-caste Dalit woman.",A woman has been beaten to death in a village in the Indian state of Karnataka.,883,16,23,0.6956521739130435,0,0.24390243902439027,0.0,0.14634146341463414,0.9310551881790161,0.8734076619148254,0.9013105630874634
16523849,politics,one_sentence,"Police in India's Maharashtra state have arrested five members of an upper caste for beating, stripping and parading naked a low-caste Dalit woman.",A woman has been beaten to death in a village in the Indian state of Karnataka.,883,16,23,0.6956521739130435,0,0.24390243902439027,0.0,0.14634146341463414,0.9310551881790161,0.8734076619148254,0.9013105630874634
16523849,politics,fact_constrained,"Police in India's Maharashtra state have arrested five members of an upper caste for beating, stripping and parading naked a low-caste Dalit woman.",A woman has been beaten to death by two women in a village in the Indian state of Karnataka.,883,19,23,0.8260869565217391,0,0.22727272727272727,0.0,0.13636363636363635,0.9282711744308472,0.8788750767707825,0.9028980135917664
37231760,politics,tldr,Turkey has hit out at the United States over criticism of its ongoing role in the conflict in Syria.,"Turkey's foreign ministry has called on the US to ""stop shooting at each other and focus on the fight against Islamic State"".",2918,22,19,1.1578947368421053,0,0.23809523809523808,0.0,0.1904761904761905,0.8828786015510559,0.8944467902183533,0.8886250257492065
37231760,politics,bullet_points,Turkey has hit out at the United States over criticism of its ongoing role in the conflict in Syria.,Turkey's foreign ministry has called on the US to stop pursuing Kurdish fighters in northern Syria.,2918,16,19,0.8421052631578947,0,0.27777777777777773,0.0,0.27777777777777773,0.909037709236145,0.9221363067626953,0.9155401587486267
37231760,politics,bullet_points_strict,Turkey has hit out at the United States over criticism of its ongoing role in the conflict in Syria.,Turkey's foreign ministry has called on the US to stop pursuing Kurdish fighters in northern Syria.,2918,16,19,0.8421052631578947,0,0.27777777777777773,0.0,0.27777777777777773,0.909037709236145,0.9221363067626953,0.9155401587486267
37231760,politics,one_sentence,Turkey has hit out at the United States over criticism of its ongoing role in the conflict in Syria.,Turkey's foreign ministry has called on the US to stop pursuing Kurdish fighters in northern Syria.,2918,16,19,0.8421052631578947,0,0.27777777777777773,0.0,0.27777777777777773,0.909037709236145,0.9221363067626953,0.9155401587486267
37231760,politics,fact_constrained,Turkey has hit out at the United States over criticism of its ongoing role in the conflict in Syria.,Turkey's foreign ministry has called on the US to stop pursuing Kurdish fighters in northern Syria.,2918,16,19,0.8421052631578947,0,0.27777777777777773,0.0,0.27777777777777773,0.909037709236145,0.9221363067626953,0.9155401587486267
40594857,politics,tldr,"Yn ei gyfweliad cyntaf â'r BBC ers etholiad Esgob newydd Llandaf mae'r Gwir Barchedig Jeffrey John yn honni bod ""dau esgob wedi cynllunio gyda'i gilydd ymlaen llaw sut i drefnu'r etholiad yn Llandaf"" a hynny er mwyn ei gadw allan.","Mae e-bost yn dweud yn cwrdd ag etholwyr Caerdydd, ddydd Llun siwr o fod, ddydd Llun siwr o fod.",5237,19,40,0.475,0,0.09523809523809525,0.0,0.09523809523809525,0.8488562107086182,0.8024854063987732,0.8250197172164917
40594857,politics,bullet_points,"Yn ei gyfweliad cyntaf â'r BBC ers etholiad Esgob newydd Llandaf mae'r Gwir Barchedig Jeffrey John yn honni bod ""dau esgob wedi cynllunio gyda'i gilydd ymlaen llaw sut i drefnu'r etholiad yn Llandaf"" a hynny er mwyn ei gadw allan.","Mae e-bost yn dweud yn cwrdd ag etholwyr Caerdydd, ddydd Llun siwr o fod.",5237,14,40,0.35,0,0.10344827586206895,0.0,0.10344827586206895,0.8632429242134094,0.806796669960022,0.8340657949447632
40594857,politics,bullet_points_strict,"Yn ei gyfweliad cyntaf â'r BBC ers etholiad Esgob newydd Llandaf mae'r Gwir Barchedig Jeffrey John yn honni bod ""dau esgob wedi cynllunio gyda'i gilydd ymlaen llaw sut i drefnu'r etholiad yn Llandaf"" a hynny er mwyn ei gadw allan.","Mae e-bost yn dweud ei anfon gan Esgob Llanelwy, Y Gwir Barchedig John Davies yn dweud: ""Yn eu barn nhw, byddai esgob yn peri gormod o drafferth.""",5237,27,40,0.675,0,0.28169014084507044,0.028985507246376812,0.25352112676056343,0.86482834815979,0.8301958441734314,0.8471583127975464
40594857,politics,one_sentence,"Yn ei gyfweliad cyntaf â'r BBC ers etholiad Esgob newydd Llandaf mae'r Gwir Barchedig Jeffrey John yn honni bod ""dau esgob wedi cynllunio gyda'i gilydd ymlaen llaw sut i drefnu'r etholiad yn Llandaf"" a hynny er mwyn ei gadw allan.","Mae e-bost yn dweud ei anfon gan Eglwys yng Nghymru gan dweud fod ""yr holl broses o ethol a phenodi Esgob Llandaf wedi bod yn hoyw yn peri gormod o drafferth.""",5237,31,40,0.775,0,0.2666666666666667,0.0,0.15999999999999998,0.8440499305725098,0.8233035206794739,0.8335476517677307
40594857,politics,fact_constrained,"Yn ei gyfweliad cyntaf â'r BBC ers etholiad Esgob newydd Llandaf mae'r Gwir Barchedig Jeffrey John yn honni bod ""dau esgob wedi cynllunio gyda'i gilydd ymlaen llaw sut i drefnu'r etholiad yn Llandaf"" a hynny er mwyn ei gadw allan.","Mae e-bost yn dweud ei anfon gan Esgob Llanelwy, Y Gwir Barchedig John Davies yn dweud: ""Yn cwrdd ag etholwyr Caerdydd, ddydd.""",5237,22,40,0.55,0,0.2727272727272727,0.03125,0.24242424242424243,0.8608726859092712,0.8234992027282715,0.8417713046073914
35713797,business,tldr,Toshiba shares rallied more than 10% on Thursday on reports the firm was about to secure substantial new loans for its restructuring efforts.,"Toshiba, the world's biggest conglomerate, is in talks with lenders over a restructuring plan.",1386,14,23,0.6086956521739131,0,0.15789473684210528,0.0,0.15789473684210528,0.9169142842292786,0.8884092569351196,0.9024367332458496
35713797,business,bullet_points,Toshiba shares rallied more than 10% on Thursday on reports the firm was about to secure substantial new loans for its restructuring efforts.,"Toshiba, the world's biggest conglomerate, is in talks with lenders over its restructuring plans.",1386,14,23,0.6086956521739131,0,0.2105263157894737,0.05555555555555555,0.2105263157894737,0.9215991497039795,0.8900929689407349,0.9055721163749695
35713797,business,bullet_points_strict,Toshiba shares rallied more than 10% on Thursday on reports the firm was about to secure substantial new loans for its restructuring efforts.,"Toshiba, the world's biggest conglomerate, is in talks with lenders over its restructuring plans.",1386,14,23,0.6086956521739131,0,0.2105263157894737,0.05555555555555555,0.2105263157894737,0.9215991497039795,0.8900929689407349,0.9055721163749695
35713797,business,one_sentence,Toshiba shares rallied more than 10% on Thursday on reports the firm was about to secure substantial new loans for its restructuring efforts.,"Toshiba, the world's biggest conglomerate, is in talks with lenders over its restructuring plans.",1386,14,23,0.6086956521739131,0,0.2105263157894737,0.05555555555555555,0.2105263157894737,0.9215991497039795,0.8900929689407349,0.9055721163749695
35713797,business,fact_constrained,Toshiba shares rallied more than 10% on Thursday on reports the firm was about to secure substantial new loans for its restructuring efforts.,"Toshiba, the world's biggest conglomerate, is in talks with lenders over its restructuring plans.",1386,14,23,0.6086956521739131,0,0.2105263157894737,0.05555555555555555,0.2105263157894737,0.9215991497039795,0.8900929689407349,0.9055721163749695
34724271,sport,tldr,"England's batsmen must ""pull their fingers out"" if they are to win the third Test against Pakistan and draw the series 1-1, says James Anderson.",England will have to bat the whole day to win or draw against Pakistan in Sharjah.,1847,16,25,0.64,0,0.3255813953488372,0.0975609756097561,0.2325581395348837,0.9079675674438477,0.8836632370948792,0.8956506252288818
34724271,sport,bullet_points,"England's batsmen must ""pull their fingers out"" if they are to win the third Test against Pakistan and draw the series 1-1, says James Anderson.","England will have to bat the whole day to win or draw against Pakistan in Sharjah, says captain Joe Anderson.",1847,20,25,0.8,0,0.3829787234042553,0.08888888888888889,0.29787234042553196,0.9163846969604492,0.8979421854019165,0.9070696830749512
34724271,sport,bullet_points_strict,"England's batsmen must ""pull their fingers out"" if they are to win the third Test against Pakistan and draw the series 1-1, says James Anderson.","England will have to bat the whole day to win or draw against Pakistan in Sharjah, says captain Joe Anderson.",1847,20,25,0.8,0,0.3829787234042553,0.08888888888888889,0.29787234042553196,0.9163846969604492,0.8979421854019165,0.9070696830749512
34724271,sport,one_sentence,"England's batsmen must ""pull their fingers out"" if they are to win the third Test against Pakistan and draw the series 1-1, says James Anderson.","England will have to bat the whole day to win or draw against Pakistan in Sharjah, according to captain Joe Anderson.",1847,21,25,0.84,0,0.3333333333333333,0.08695652173913043,0.25,0.9162455201148987,0.8982019424438477,0.9071340560913086
34724271,sport,fact_constrained,"England's batsmen must ""pull their fingers out"" if they are to win the third Test against Pakistan and draw the series 1-1, says James Anderson.","England will have to bat the whole day to win or draw against Pakistan in Sharjah, says captain Joe Anderson.",1847,20,25,0.8,0,0.3829787234042553,0.08888888888888889,0.29787234042553196,0.9163846969604492,0.8979421854019165,0.9070696830749512
40116662,sport,tldr,British and Irish Lions head coach Warren Gatland says he will not repeat Graham Henry's 2001 mistake by splitting the squad early in the tour.,World number one Warren Gatland says he lost half of his team on day one of the All Blacks tour of New Zealand.,1577,23,25,0.92,0,0.24489795918367346,0.1276595744680851,0.24489795918367346,0.8929234147071838,0.8781406879425049,0.8854703903198242
40116662,sport,bullet_points,British and Irish Lions head coach Warren Gatland says he will not repeat Graham Henry's 2001 mistake by splitting the squad early in the tour.,"England coach Warren Gatland says he is ""in contention"" to face the All Blacks in their tour opener against New Zealand.",1577,21,25,0.84,0,0.3404255319148936,0.17777777777777778,0.3404255319148936,0.8909773826599121,0.884822428226471,0.8878892660140991
40116662,sport,bullet_points_strict,British and Irish Lions head coach Warren Gatland says he will not repeat Graham Henry's 2001 mistake by splitting the squad early in the tour.,England coach Warren Gatland says he lost half of his team on day one of the All Blacks tour of New Zealand.,1577,22,25,0.88,0,0.2916666666666667,0.17391304347826086,0.2916666666666667,0.9017661809921265,0.8842720985412598,0.8929334878921509
40116662,sport,one_sentence,British and Irish Lions head coach Warren Gatland says he will not repeat Graham Henry's 2001 mistake by splitting the squad early in the tour.,"England coach Warren Gatland says he is ""in contention"" to face the All Blacks in their tour opener against New Zealand.",1577,21,25,0.84,0,0.3404255319148936,0.17777777777777778,0.3404255319148936,0.8909773826599121,0.884822428226471,0.8878892660140991
40116662,sport,fact_constrained,British and Irish Lions head coach Warren Gatland says he will not repeat Graham Henry's 2001 mistake by splitting the squad early in the tour.,"England coach Warren Gatland says he is ""in contention"" to face the All Blacks in their tour opener against New Zealand.",1577,21,25,0.84,0,0.3404255319148936,0.17777777777777778,0.3404255319148936,0.8909773826599121,0.884822428226471,0.8878892660140991
36666760,sport,tldr,Rangers have made right-back Lee Hodson their eighth summer signing on a three-year deal from MK Dons.,Ibrox Rangers have signed midfielder Ryan Hodson on a one-year deal.,494,11,17,0.6470588235294118,0,0.4516129032258065,0.20689655172413793,0.4516129032258065,0.9431027173995972,0.9226293563842773,0.9327536821365356
36666760,sport,bullet_points,Rangers have made right-back Lee Hodson their eighth summer signing on a three-year deal from MK Dons.,Rangers have signed Ibrox midfielder Ryan Hodson on a one-year deal.,494,11,17,0.6470588235294118,0,0.4516129032258065,0.20689655172413793,0.4516129032258065,0.9444059729576111,0.9262556433677673,0.9352427124977112
36666760,sport,bullet_points_strict,Rangers have made right-back Lee Hodson their eighth summer signing on a three-year deal from MK Dons.,Ibrox Rangers have signed midfielder Ryan Hodson on a one-year deal.,494,11,17,0.6470588235294118,0,0.4516129032258065,0.20689655172413793,0.4516129032258065,0.9431027173995972,0.9226293563842773,0.9327536821365356
36666760,sport,one_sentence,Rangers have made right-back Lee Hodson their eighth summer signing on a three-year deal from MK Dons.,Rangers have signed Ibrox midfielder Ryan Hodson on a one-year deal.,494,11,17,0.6470588235294118,0,0.4516129032258065,0.20689655172413793,0.4516129032258065,0.9444059729576111,0.9262556433677673,0.9352427124977112
36666760,sport,fact_constrained,Rangers have made right-back Lee Hodson their eighth summer signing on a three-year deal from MK Dons.,Rangers have signed Ibrox midfielder Ryan Hodson on a one-year deal.,494,11,17,0.6470588235294118,0,0.4516129032258065,0.20689655172413793,0.4516129032258065,0.9444059729576111,0.9262556433677673,0.9352427124977112
33880041,tech,tldr,A wine decanter taken from a church during the Highland Clearances and used by evicted families to feed milk to babies has been gifted to a museum.,A relic of the Highland Clearances has been donated to Inverness Museum and Art Gallery.,2807,15,27,0.5555555555555556,0,0.42857142857142855,0.15,0.38095238095238093,0.9112915396690369,0.8843119144439697,0.8975989818572998
33880041,tech,bullet_points,A wine decanter taken from a church during the Highland Clearances and used by evicted families to feed milk to babies has been gifted to a museum.,A relic of the Highland Clearances has been donated to Inverness Museum and Art Gallery.,2807,15,27,0.5555555555555556,0,0.42857142857142855,0.15,0.38095238095238093,0.9112915396690369,0.8843119144439697,0.8975989818572998
33880041,tech,bullet_points_strict,A wine decanter taken from a church during the Highland Clearances and used by evicted families to feed milk to babies has been gifted to a museum.,A relic of the Highland Clearances has been donated to Inverness Museum and Art Gallery.,2807,15,27,0.5555555555555556,0,0.42857142857142855,0.15,0.38095238095238093,0.9112915396690369,0.8843119144439697,0.8975989818572998
33880041,tech,one_sentence,A wine decanter taken from a church during the Highland Clearances and used by evicted families to feed milk to babies has been gifted to a museum.,A relic of the Highland Clearances has been donated to Inverness Museum and Art Gallery.,2807,15,27,0.5555555555555556,0,0.42857142857142855,0.15,0.38095238095238093,0.9112915396690369,0.8843119144439697,0.8975989818572998
33880041,tech,fact_constrained,A wine decanter taken from a church during the Highland Clearances and used by evicted families to feed milk to babies has been gifted to a museum.,A relic of the Highland Clearances has been donated to Inverness Museum and Art Gallery.,2807,15,27,0.5555555555555556,0,0.42857142857142855,0.15,0.38095238095238093,0.9112915396690369,0.8843119144439697,0.8975989818572998
40925574,tech,tldr,"A woman who killed a pensioner while ""high on crystal meth and heroin"" has been given a six-year sentence.",A woman has been jailed for six years for the murder of a man who was stabbed in the chest and suffocated.,2617,22,19,1.1578947368421053,0,0.380952380952381,0.1,0.23809523809523808,0.9234368205070496,0.9093847870826721,0.9163569211959839
40925574,tech,bullet_points,"A woman who killed a pensioner while ""high on crystal meth and heroin"" has been given a six-year sentence.",A woman has been jailed for six years for the murder of a man stabbed in the chest and suffocated.,2617,20,19,1.0526315789473684,0,0.35,0.10526315789473684,0.25,0.9222767353057861,0.9080560207366943,0.9151111245155334
40925574,tech,bullet_points_strict,"A woman who killed a pensioner while ""high on crystal meth and heroin"" has been given a six-year sentence.",A woman has been jailed for six years for the murder of a man stabbed in the chest and suffocated.,2617,20,19,1.0526315789473684,0,0.35,0.10526315789473684,0.25,0.9222767353057861,0.9080560207366943,0.9151111245155334
40925574,tech,one_sentence,"A woman who killed a pensioner while ""high on crystal meth and heroin"" has been given a six-year sentence.",A woman has been jailed for six years for the murder of a man stabbed in the chest and suffocated.,2617,20,19,1.0526315789473684,0,0.35,0.10526315789473684,0.25,0.9222767353057861,0.9080560207366943,0.9151111245155334
40925574,tech,fact_constrained,"A woman who killed a pensioner while ""high on crystal meth and heroin"" has been given a six-year sentence.",A woman has been jailed for six years for the murder of a man in Northern Ireland.,2617,17,19,0.8947368421052632,0,0.3243243243243243,0.11428571428571428,0.27027027027027023,0.9364250302314758,0.9084308743476868,0.9222155809402466
40668749,business,tldr,"Criminals and terrorists are using the so-called dark net to buy weapons, a new study has suggested.","Guns and ammunition were sold illegally on the dark net, according to a study.",2380,14,17,0.8235294117647058,0,0.43750000000000006,0.06666666666666667,0.43750000000000006,0.9377903938293457,0.911532998085022,0.9244752526283264
40668749,business,bullet_points,"Criminals and terrorists are using the so-called dark net to buy weapons, a new study has suggested.","Guns and ammunition are sold illegally on the dark net, according to a study.",2380,14,17,0.8235294117647058,0,0.5,0.06666666666666667,0.5,0.9412035942077637,0.9156933426856995,0.9282732605934143
40668749,business,bullet_points_strict,"Criminals and terrorists are using the so-called dark net to buy weapons, a new study has suggested.","Guns and ammunition were sold illegally on the dark net, according to a study.",2380,14,17,0.8235294117647058,0,0.43750000000000006,0.06666666666666667,0.43750000000000006,0.9377903938293457,0.911532998085022,0.9244752526283264
40668749,business,one_sentence,"Criminals and terrorists are using the so-called dark net to buy weapons, a new study has suggested.","Guns and ammunition are sold illegally on the dark net, according to a new study.",2380,15,17,0.8823529411764706,0,0.5454545454545454,0.1935483870967742,0.5454545454545454,0.9474210739135742,0.9217533469200134,0.9344109892845154
40668749,business,fact_constrained,"Criminals and terrorists are using the so-called dark net to buy weapons, a new study has suggested.","Guns and ammunition were sold illegally on the dark net, according to a study.",2380,14,17,0.8235294117647058,0,0.43750000000000006,0.06666666666666667,0.43750000000000006,0.9377903938293457,0.911532998085022,0.9244752526283264
30624894,entertainment,tldr,Chris Rock has announced that he's separating from his wife.,Chris Rock has filed for divorce from his wife Malaak Compton-Rock.,1018,11,10,1.1,0,0.5217391304347826,0.380952380952381,0.5217391304347826,0.8701270818710327,0.9540820121765137,0.9101726412773132
30624894,entertainment,bullet_points,Chris Rock has announced that he's separating from his wife.,"Chris Rock has filed for divorce from his wife, Malaak Compton-Rock.",1018,11,10,1.1,0,0.5217391304347826,0.380952380952381,0.5217391304347826,0.8708476424217224,0.9556481838226318,0.9112793207168579
30624894,entertainment,bullet_points_strict,Chris Rock has announced that he's separating from his wife.,"Chris Rock has filed for divorce from his wife, Malaak Compton-Rock.",1018,11,10,1.1,0,0.5217391304347826,0.380952380952381,0.5217391304347826,0.8708476424217224,0.9556481838226318,0.9112793207168579
30624894,entertainment,one_sentence,Chris Rock has announced that he's separating from his wife.,"Chris Rock has filed for divorce from his wife, Malaak Compton-Rock.",1018,11,10,1.1,0,0.5217391304347826,0.380952380952381,0.5217391304347826,0.8708476424217224,0.9556481838226318,0.9112793207168579
30624894,entertainment,fact_constrained,Chris Rock has announced that he's separating from his wife.,"Chris Rock has filed for divorce from his wife, Malaak Compton-Rock.",1018,11,10,1.1,0,0.5217391304347826,0.380952380952381,0.5217391304347826,0.8708476424217224,0.9556481838226318,0.9112793207168579
29422484,business,tldr,A man once dubbed the world's fattest has been granted an American visa so he can have surgery to remove excess skin.,A British man who lost more than 70 stone (440kg) has been granted a visa to the US.,1175,18,22,0.8181818181818182,0,0.3902439024390244,0.10256410256410256,0.34146341463414637,0.8919015526771545,0.901875913143158,0.8968610167503357
29422484,business,bullet_points,A man once dubbed the world's fattest has been granted an American visa so he can have surgery to remove excess skin.,A British man who has lost more than a pound of weight has been granted a visa to the US.,1175,20,22,0.9090909090909091,0,0.37209302325581395,0.0975609756097561,0.3255813953488372,0.9214802384376526,0.906577467918396,0.9139680862426758
29422484,business,bullet_points_strict,A man once dubbed the world's fattest has been granted an American visa so he can have surgery to remove excess skin.,A British man who has lost more than a stone has been granted a visa to the US.,1175,18,22,0.8181818181818182,0,0.3902439024390244,0.10256410256410256,0.34146341463414637,0.9245759844779968,0.9018070697784424,0.913049578666687
29422484,business,one_sentence,A man once dubbed the world's fattest has been granted an American visa so he can have surgery to remove excess skin.,A British man who has lost more than a stone has been granted a visa to the US.,1175,18,22,0.8181818181818182,0,0.3902439024390244,0.10256410256410256,0.34146341463414637,0.9245759844779968,0.9018070697784424,0.913049578666687
29422484,business,fact_constrained,A man once dubbed the world's fattest has been granted an American visa so he can have surgery to remove excess skin.,A British weightlifter has been granted a visa to the United States to undergo a series of weight-loss operations.,1175,19,22,0.8636363636363636,0,0.3255813953488372,0.0975609756097561,0.27906976744186046,0.9261634945869446,0.912161111831665,0.9191089868545532
36170137,tech,tldr,"A new type of drug could benefit men with aggressive prostate cancer that is no longer responding to treatment, researchers from the Institute of Cancer Research have said.",A new class of drugs targeting androgen receptors in prostate cancer has been developed.,1942,14,28,0.5,0,0.2380952380952381,0.1,0.2380952380952381,0.9171674251556396,0.8970876932144165,0.907016396522522
36170137,tech,bullet_points,"A new type of drug could benefit men with aggressive prostate cancer that is no longer responding to treatment, researchers from the Institute of Cancer Research have said.",A new class of drugs targeting androgen receptors in prostate cancer has been developed.,1942,14,28,0.5,0,0.2380952380952381,0.1,0.2380952380952381,0.9171674251556396,0.8970876932144165,0.907016396522522
36170137,tech,bullet_points_strict,"A new type of drug could benefit men with aggressive prostate cancer that is no longer responding to treatment, researchers from the Institute of Cancer Research have said.",A new class of drugs targeting androgen receptors in prostate cancer has been developed.,1942,14,28,0.5,0,0.2380952380952381,0.1,0.2380952380952381,0.9171674251556396,0.8970876932144165,0.907016396522522
36170137,tech,one_sentence,"A new type of drug could benefit men with aggressive prostate cancer that is no longer responding to treatment, researchers from the Institute of Cancer Research have said.",A new class of drugs targeting androgen receptors in prostate cancer has been developed.,1942,14,28,0.5,0,0.2380952380952381,0.1,0.2380952380952381,0.9171674251556396,0.8970876932144165,0.907016396522522
36170137,tech,fact_constrained,"A new type of drug could benefit men with aggressive prostate cancer that is no longer responding to treatment, researchers from the Institute of Cancer Research have said.",A new class of drugs targeting androgen receptors in prostate cancer has been developed.,1942,14,28,0.5,0,0.2380952380952381,0.1,0.2380952380952381,0.9171674251556396,0.8970876932144165,0.907016396522522
39458057,sport,tldr,European leagues are free to schedule domestic games on the same nights as Champions League and Europa League ties after an agreement with Uefa ended.,The European Football League has signed an agreement with Uefa to allow domestic matches to be played on the same night as European matches.,1028,24,25,0.96,0,0.4897959183673469,0.2127659574468085,0.2857142857142857,0.9367768168449402,0.9199331402778625,0.9282786250114441
39458057,sport,bullet_points,European leagues are free to schedule domestic games on the same nights as Champions League and Europa League ties after an agreement with Uefa ended.,The European Football League (EPL) has agreed to allow domestic matches to be played on the same night as European matches.,1028,21,25,0.84,0,0.34782608695652173,0.0909090909090909,0.30434782608695654,0.9139142632484436,0.9006372094154358,0.9072272181510925
39458057,sport,bullet_points_strict,European leagues are free to schedule domestic games on the same nights as Champions League and Europa League ties after an agreement with Uefa ended.,The European Football League (EPFL) has agreed to allow domestic matches to be played on the same night as European matches.,1028,21,25,0.84,0,0.34782608695652173,0.0909090909090909,0.30434782608695654,0.9111039042472839,0.9009938836097717,0.9060207009315491
39458057,sport,one_sentence,European leagues are free to schedule domestic games on the same nights as Champions League and Europa League ties after an agreement with Uefa ended.,The European Football League (EPL) has signed a deal with Uefa to allow domestic matches to be played on the same night as European matches.,1028,25,25,1.0,0,0.4000000000000001,0.125,0.28,0.920876145362854,0.9173980951309204,0.9191338419914246
39458057,sport,fact_constrained,European leagues are free to schedule domestic games on the same nights as Champions League and Europa League ties after an agreement with Uefa ended.,The European Football League (EPL) has signed a deal with Uefa to allow domestic matches to be played on the same night as European matches.,1028,25,25,1.0,0,0.4000000000000001,0.125,0.28,0.920876145362854,0.9173980951309204,0.9191338419914246
27050394,politics,tldr,"Teachers should scrutinise the holiday plans of families from communities that practise female genital mutilation (FGM), a conference has heard.","Schools should openly discuss the issue of female genital mutilation (FGM) with parents, campaigners say.",3291,15,20,0.75,0,0.4,0.18181818181818182,0.4,0.9400187134742737,0.9168987274169922,0.9283148050308228
27050394,politics,bullet_points,"Teachers should scrutinise the holiday plans of families from communities that practise female genital mutilation (FGM), a conference has heard.","The practice of female genital mutilation (FGM) should be eradicated from schools, campaigners say.",3291,14,20,0.7,0,0.47058823529411764,0.18749999999999997,0.3529411764705882,0.933198094367981,0.9134080410003662,0.9231970310211182
27050394,politics,bullet_points_strict,"Teachers should scrutinise the holiday plans of families from communities that practise female genital mutilation (FGM), a conference has heard.","Teachers and school staff should be vigilant for signs of female genital mutilation (FGM), campaigners say.",3291,16,20,0.8,0,0.38888888888888884,0.17647058823529413,0.38888888888888884,0.936427652835846,0.9201151132583618,0.9281997084617615
27050394,politics,one_sentence,"Teachers should scrutinise the holiday plans of families from communities that practise female genital mutilation (FGM), a conference has heard.","The practice of female genital mutilation (FGM) is a ""crime of child abuse"", campaigners say.",3291,15,20,0.75,0,0.4,0.18181818181818182,0.4,0.9268143177032471,0.9066480398178101,0.9166202545166016
27050394,politics,fact_constrained,"Teachers should scrutinise the holiday plans of families from communities that practise female genital mutilation (FGM), a conference has heard.","The practice of female genital mutilation (FGM) should be eradicated, campaigners say.",3291,12,20,0.6,0,0.4375,0.19999999999999998,0.37499999999999994,0.9413893818855286,0.9117640852928162,0.9263399243354797
38840026,tech,tldr,Police are investigating the rape of a woman in Queens Park in Glasgow's Southside.,A 19-year-old woman has been raped at a park in Glasgow.,270,11,14,0.7857142857142857,0,0.3571428571428571,0.15384615384615383,0.3571428571428571,0.9432252049446106,0.9237801432609558,0.9334014058113098
38840026,tech,bullet_points,Police are investigating the rape of a woman in Queens Park in Glasgow's Southside.,A 19-year-old woman has been stabbed to death in a park in Glasgow.,270,13,14,0.9285714285714286,0,0.4000000000000001,0.14285714285714285,0.4000000000000001,0.9279074668884277,0.9155423641204834,0.9216834902763367
38840026,tech,bullet_points_strict,Police are investigating the rape of a woman in Queens Park in Glasgow's Southside.,A 19-year-old woman has been raped at a park in Edinburgh.,270,11,14,0.7857142857142857,0,0.28571428571428575,0.07692307692307691,0.28571428571428575,0.9393185377120972,0.9204446077346802,0.9297858476638794
38840026,tech,one_sentence,Police are investigating the rape of a woman in Queens Park in Glasgow's Southside.,A 19-year-old woman has been stabbed to death in a park in Glasgow.,270,13,14,0.9285714285714286,0,0.4000000000000001,0.14285714285714285,0.4000000000000001,0.9279074668884277,0.9155423641204834,0.9216834902763367
38840026,tech,fact_constrained,Police are investigating the rape of a woman in Queens Park in Glasgow's Southside.,A 19-year-old woman has been stabbed to death in a park in Glasgow.,270,13,14,0.9285714285714286,0,0.4000000000000001,0.14285714285714285,0.4000000000000001,0.9279074668884277,0.9155423641204834,0.9216834902763367
38466308,business,tldr,Swansea's caretaker manager Alan Curtis says there would be no guarantee the club would return to the Premier League if they were relegated this season.,"Swansea City manager Paul Curtis says he is ""not sure"" he will be able to get the club out of trouble if they go down.",2102,25,25,1.0,0,0.39215686274509803,0.12244897959183673,0.35294117647058826,0.9258396625518799,0.9216326475143433,0.9237313866615295
38466308,business,bullet_points,Swansea's caretaker manager Alan Curtis says there would be no guarantee the club would return to the Premier League if they were relegated this season.,"Swansea City manager Paul Curtis says he is ""not sure"" he will be able to bring the club back to the Premier League.",2102,23,25,0.92,0,0.44897959183673475,0.21276595744680854,0.44897959183673475,0.9348360896110535,0.9211127161979675,0.9279236793518066
38466308,business,bullet_points_strict,Swansea's caretaker manager Alan Curtis says there would be no guarantee the club would return to the Premier League if they were relegated this season.,"Swansea City manager Paul Curtis says he is ""not sure"" he will be able to get the club out of trouble if they go down.",2102,25,25,1.0,0,0.39215686274509803,0.12244897959183673,0.35294117647058826,0.9258396625518799,0.9216326475143433,0.9237313866615295
38466308,business,one_sentence,Swansea's caretaker manager Alan Curtis says there would be no guarantee the club would return to the Premier League if they were relegated this season.,"Swansea City manager Paul Curtis says he is ""not sure"" he will be able to bring the club back to the Premier League.",2102,23,25,0.92,0,0.44897959183673475,0.21276595744680854,0.44897959183673475,0.9348360896110535,0.9211127161979675,0.9279236793518066
38466308,business,fact_constrained,Swansea's caretaker manager Alan Curtis says there would be no guarantee the club would return to the Premier League if they were relegated this season.,"Swansea City manager Paul Curtis says he is ""not sure"" he will be able to get the club out of trouble if they go down.",2102,25,25,1.0,0,0.39215686274509803,0.12244897959183673,0.35294117647058826,0.9258396625518799,0.9216326475143433,0.9237313866615295
40304111,tech,tldr,"The overall student loan debt for Welsh students has reached £3.7bn, new figures show.","The number of Welsh domiciled students in higher education in Wales has risen in the past year, according to new data.",1182,21,14,1.5,0,0.2777777777777778,0.0,0.2777777777777778,0.898171067237854,0.9046151638031006,0.9013816118240356
40304111,tech,bullet_points,"The overall student loan debt for Welsh students has reached £3.7bn, new figures show.","The number of Welsh domiciled students in higher education in Wales has risen in the past year, according to new figures.",1182,21,14,1.5,0,0.3333333333333333,0.058823529411764705,0.3333333333333333,0.89990234375,0.9068366885185242,0.9033561944961548
40304111,tech,bullet_points_strict,"The overall student loan debt for Welsh students has reached £3.7bn, new figures show.","The number of Welsh domiciled students in higher education in Wales has risen in the past year, according to new figures.",1182,21,14,1.5,0,0.3333333333333333,0.058823529411764705,0.3333333333333333,0.89990234375,0.9068366885185242,0.9033561944961548
40304111,tech,one_sentence,"The overall student loan debt for Welsh students has reached £3.7bn, new figures show.","The number of Welsh domiciled students in higher education in Wales has risen in the past year, according to new figures.",1182,21,14,1.5,0,0.3333333333333333,0.058823529411764705,0.3333333333333333,0.89990234375,0.9068366885185242,0.9033561944961548
40304111,tech,fact_constrained,"The overall student loan debt for Welsh students has reached £3.7bn, new figures show.","The number of Welsh domiciled students in higher education in Wales has risen in the past year, according to new figures.",1182,21,14,1.5,0,0.3333333333333333,0.058823529411764705,0.3333333333333333,0.89990234375,0.9068366885185242,0.9033561944961548
19690725,business,tldr,"Police in Italy have arrested a jobless man who posed as an airline pilot, tricking his way into riding in the cockpit of at least one jet.",A man has been charged with impersonating a Lufthansa pilot.,2291,10,27,0.37037037037037035,0,0.16216216216216217,0.0,0.16216216216216217,0.9073169231414795,0.8876437544822693,0.8973724842071533
19690725,business,bullet_points,"Police in Italy have arrested a jobless man who posed as an airline pilot, tricking his way into riding in the cockpit of at least one jet.","A man has been arrested on suspicion of impersonating a Lufthansa pilot, police say.",2291,14,27,0.5185185185185185,0,0.29268292682926833,0.0,0.14634146341463417,0.9061326384544373,0.8889711499214172,0.8974698781967163
19690725,business,bullet_points_strict,"Police in Italy have arrested a jobless man who posed as an airline pilot, tricking his way into riding in the cockpit of at least one jet.","Police in Italy have arrested a man who sat as a ""third pilot"" in the cockpit of a Lufthansa plane.",2291,20,27,0.7407407407407407,0,0.5957446808510639,0.39999999999999997,0.5957446808510639,0.9195600152015686,0.9177864789962769,0.9186723828315735
19690725,business,one_sentence,"Police in Italy have arrested a jobless man who posed as an airline pilot, tricking his way into riding in the cockpit of at least one jet.","Police in Italy have arrested a man who sat as a ""third pilot"" in the cockpit of an Air Dolomiti plane.",2291,21,27,0.7777777777777778,0,0.6250000000000001,0.3913043478260869,0.5833333333333334,0.9155701398849487,0.9163981676101685,0.9159839749336243
19690725,business,fact_constrained,"Police in Italy have arrested a jobless man who posed as an airline pilot, tricking his way into riding in the cockpit of at least one jet.",A man has been arrested on suspicion of impersonating a Lufthansa pilot.,2291,12,27,0.4444444444444444,0,0.2564102564102564,0.0,0.15384615384615383,0.9037917852401733,0.8877651691436768,0.8957067728042603
12344040,politics,tldr,David Cameron has said too many children from immigrant families are not able to speak English when they start at school.,"Prime Minister David Cameron has said he has ""completely agreed"" that parents should make sure their children speak English when they start school.",2164,23,21,1.0952380952380953,0,0.5,0.3333333333333333,0.5,0.917165219783783,0.9281669855117798,0.9226333498954773
12344040,politics,bullet_points,David Cameron has said too many children from immigrant families are not able to speak English when they start at school.,"Prime Minister David Cameron has said he has ""completely agreed"" that the number of people who come to the UK as husbands and wives is ""not happening"".",2164,27,21,1.2857142857142858,0,0.25,0.13043478260869565,0.20833333333333334,0.8804833889007568,0.8889564871788025,0.8846996426582336
12344040,politics,bullet_points_strict,David Cameron has said too many children from immigrant families are not able to speak English when they start at school.,"Prime Minister David Cameron has said he has ""completely agreed"" that the number of people who come to the UK as husbands and wives is ""not happening"".",2164,27,21,1.2857142857142858,0,0.25,0.13043478260869565,0.20833333333333334,0.8804833889007568,0.8889564871788025,0.8846996426582336
12344040,politics,one_sentence,David Cameron has said too many children from immigrant families are not able to speak English when they start at school.,"Prime Minister David Cameron has said he has ""completely agreed"" that children from outside the EU should learn English when they start school.",2164,23,21,1.0952380952380953,0,0.5,0.3333333333333333,0.5,0.918839156627655,0.9312490820884705,0.9250025153160095
12344040,politics,fact_constrained,David Cameron has said too many children from immigrant families are not able to speak English when they start at school.,"Prime Minister David Cameron has said he is ""fully committed"" to making sure British children learn English when they come to the UK.",2164,23,21,1.0952380952380953,0,0.4090909090909091,0.23809523809523808,0.3636363636363636,0.9087056517601013,0.9119641780853271,0.9103319644927979
34196763,business,tldr,"Low pay and scarce hours are pushing working families and young people into poverty in Wales, a new report claims.","The number of children in Wales in poverty has risen by 22,000 between 2003 and 2013, according to the Joseph Rowntree Foundation.",1057,22,20,1.1,0,0.18604651162790697,0.04878048780487805,0.09302325581395349,0.8599303960800171,0.896359920501709,0.8777673244476318
34196763,business,bullet_points,"Low pay and scarce hours are pushing working families and young people into poverty in Wales, a new report claims.","The number of children in Wales in poverty has risen by more than a third, according to a charity.",1057,19,20,0.95,0,0.20512820512820512,0.05405405405405406,0.15384615384615385,0.9089177846908569,0.9038447737693787,0.9063741564750671
34196763,business,bullet_points_strict,"Low pay and scarce hours are pushing working families and young people into poverty in Wales, a new report claims.","The number of children in Wales in poverty has risen by more than a third between 2003 and 2013, according to a charity.",1057,23,20,1.15,0,0.23255813953488372,0.04878048780487805,0.13953488372093023,0.8877654671669006,0.9019227027893066,0.8947881460189819
34196763,business,one_sentence,"Low pay and scarce hours are pushing working families and young people into poverty in Wales, a new report claims.","The number of children living in poverty in Wales has risen by more than a third between 2003 and 2013, according to a charity.",1057,24,20,1.2,0,0.22727272727272727,0.09523809523809525,0.1818181818181818,0.8881270289421082,0.9019726514816284,0.8949962854385376
34196763,business,fact_constrained,"Low pay and scarce hours are pushing working families and young people into poverty in Wales, a new report claims.","The number of children in Wales in poverty has risen by more than a third, according to a charity.",1057,19,20,0.95,0,0.20512820512820512,0.05405405405405406,0.15384615384615385,0.9089177846908569,0.9038447737693787,0.9063741564750671
34217549,business,tldr,"Time spent travelling to and from first and last jobs by workers who do not have a fixed office should be regarded as work, European judges have ruled.",The European Court of Justice has ruled that those without a fixed or habitual office should consider the time they spend travelling between their homes and the premises of their first and last jobs as part of their hours for the day.,6100,42,28,1.5,0,0.4,0.14705882352941174,0.22857142857142854,0.9103360772132874,0.9314402937889099,0.9207672476768494
34217549,business,bullet_points,"Time spent travelling to and from first and last jobs by workers who do not have a fixed office should be regarded as work, European judges have ruled.",The European Court of Justice has ruled that those without a fixed office should consider the time they spend travelling between their homes and the premises of their first and last jobs as part of their hours for the day.,6100,40,28,1.4285714285714286,0,0.4117647058823529,0.18181818181818185,0.23529411764705882,0.9175511002540588,0.9367651343345642,0.9270585179328918
34217549,business,bullet_points_strict,"Time spent travelling to and from first and last jobs by workers who do not have a fixed office should be regarded as work, European judges have ruled.",The European Court of Justice has ruled that those without a fixed office should consider the time they spend travelling between their homes and the premises of their first and last jobs as part of their hours for the day.,6100,40,28,1.4285714285714286,0,0.4117647058823529,0.18181818181818185,0.23529411764705882,0.9175511002540588,0.9367651343345642,0.9270585179328918
34217549,business,one_sentence,"Time spent travelling to and from first and last jobs by workers who do not have a fixed office should be regarded as work, European judges have ruled.",The European Court of Justice has ruled that those without a fixed office should consider the time they spend travelling between their homes and the premises of their first and last jobs as part of their hours for the day.,6100,40,28,1.4285714285714286,0,0.4117647058823529,0.18181818181818185,0.23529411764705882,0.9175511002540588,0.9367651343345642,0.9270585179328918
34217549,business,fact_constrained,"Time spent travelling to and from first and last jobs by workers who do not have a fixed office should be regarded as work, European judges have ruled.",The European Court of Justice has ruled that those without a fixed office should consider the time they spend travelling between their homes and the premises of their first and last jobs as part of their hours for the day.,6100,40,28,1.4285714285714286,0,0.4117647058823529,0.18181818181818185,0.23529411764705882,0.9175511002540588,0.9367651343345642,0.9270585179328918
30879937,tech,tldr,Schools have been reopening in Guinea after a five-month closure because of the deadly Ebola outbreak.,Guinea's government has reopened schools in the country hit by the Ebola outbreak.,1312,13,16,0.8125,0,0.3870967741935484,0.06896551724137931,0.3225806451612903,0.9438954591751099,0.925224244594574,0.9344666600227356
30879937,tech,bullet_points,Schools have been reopening in Guinea after a five-month closure because of the deadly Ebola outbreak.,Guinea's government has reopened schools in the country hit by the Ebola outbreak.,1312,13,16,0.8125,0,0.3870967741935484,0.06896551724137931,0.3225806451612903,0.9438954591751099,0.925224244594574,0.9344666600227356
30879937,tech,bullet_points_strict,Schools have been reopening in Guinea after a five-month closure because of the deadly Ebola outbreak.,Guinea's government has reopened schools in the country hit by the Ebola outbreak.,1312,13,16,0.8125,0,0.3870967741935484,0.06896551724137931,0.3225806451612903,0.9438954591751099,0.925224244594574,0.9344666600227356
30879937,tech,one_sentence,Schools have been reopening in Guinea after a five-month closure because of the deadly Ebola outbreak.,Guinea's government has reopened schools in the country hit by the Ebola outbreak.,1312,13,16,0.8125,0,0.3870967741935484,0.06896551724137931,0.3225806451612903,0.9438954591751099,0.925224244594574,0.9344666600227356
30879937,tech,fact_constrained,Schools have been reopening in Guinea after a five-month closure because of the deadly Ebola outbreak.,Guinea's government has reopened schools in the country hit by the Ebola outbreak.,1312,13,16,0.8125,0,0.3870967741935484,0.06896551724137931,0.3225806451612903,0.9438954591751099,0.925224244594574,0.9344666600227356
34015798,business,tldr,London's FTSE 100 index has recorded its biggest weekly loss this year after poor manufacturing figures in China exacerbated global economic fears.,"(Close): The London Stock Exchange's (FTSE) share index plunged more than 4% on Friday, triggering another sell-off in Chinese shares.",3747,20,22,0.9090909090909091,0,0.22222222222222224,0.046511627906976744,0.22222222222222224,0.8724462985992432,0.8735817670822144,0.8730136752128601
34015798,business,bullet_points,London's FTSE 100 index has recorded its biggest weekly loss this year after poor manufacturing figures in China exacerbated global economic fears.,(Close): The London Stock Exchange's (FTSE) share index plunged more than 4% on Friday.,3747,14,22,0.6363636363636364,0,0.2105263157894737,0.05555555555555555,0.2105263157894737,0.8698534965515137,0.8646878004074097,0.8672629594802856
34015798,business,bullet_points_strict,London's FTSE 100 index has recorded its biggest weekly loss this year after poor manufacturing figures in China exacerbated global economic fears.,"(Close): The FTSE 100 has plunged more than 4% in the past three days, triggering a sell-off in shares.",3747,19,22,0.8636363636363636,0,0.18604651162790697,0.04878048780487805,0.18604651162790697,0.8711055517196655,0.8717332482337952,0.8714193105697632
34015798,business,one_sentence,London's FTSE 100 index has recorded its biggest weekly loss this year after poor manufacturing figures in China exacerbated global economic fears.,"(Close): The London Stock Exchange's (FTSE) share index plunged more than 4% on Friday, triggering a sell-off in global shares.",3747,20,22,0.9090909090909091,0,0.2666666666666666,0.046511627906976744,0.2666666666666666,0.8749186992645264,0.8754494786262512,0.8751839995384216
34015798,business,fact_constrained,London's FTSE 100 index has recorded its biggest weekly loss this year after poor manufacturing figures in China exacerbated global economic fears.,"(Close): The London Stock Exchange (FTSE 100) has plunged more than 4% on Friday, triggering a sell-off in global shares.",3747,20,22,0.9090909090909091,0,0.2727272727272727,0.04761904761904762,0.2727272727272727,0.8802677392959595,0.8781630396842957,0.8792141675949097
40490738,tech,tldr,"The sister of a teenager who was murdered, cut up and buried by her boyfriend says she is afraid after discovering he has been out of prison.","The victim of a murder in County Fermanagh has said she is ""angry"" and ""fearful"" that a life-sentence prisoner will be released.",2396,22,27,0.8148148148148148,0,0.27999999999999997,0.08333333333333334,0.19999999999999998,0.8827154636383057,0.8953751921653748,0.8890002369880676
40490738,tech,bullet_points,"The sister of a teenager who was murdered, cut up and buried by her boyfriend says she is afraid after discovering he has been out of prison.","The family of a woman who was murdered in County Fermanagh have said they are ""angry and fearful"" about a prisoner's release.",2396,22,27,0.8148148148148148,0,0.27999999999999997,0.12499999999999997,0.27999999999999997,0.8993792533874512,0.9036277532577515,0.9014984965324402
40490738,tech,bullet_points_strict,"The sister of a teenager who was murdered, cut up and buried by her boyfriend says she is afraid after discovering he has been out of prison.","The family of a woman who was murdered in County Fermanagh have said they are ""angry and fearful"" about a prisoner's release.",2396,22,27,0.8148148148148148,0,0.27999999999999997,0.12499999999999997,0.27999999999999997,0.8993792533874512,0.9036277532577515,0.9014984965324402
40490738,tech,one_sentence,"The sister of a teenager who was murdered, cut up and buried by her boyfriend says she is afraid after discovering he has been out of prison.","The victim of the murder of a pregnant woman in Foyle has said she is ""angry and fearful"" that he will be released.",2396,23,27,0.8518518518518519,0,0.36,0.08333333333333334,0.24,0.9063276648521423,0.9004858732223511,0.9033973813056946
40490738,tech,fact_constrained,"The sister of a teenager who was murdered, cut up and buried by her boyfriend says she is afraid after discovering he has been out of prison.","The victim of a murder in Foyle has said she is ""angry"" and ""fearful"" that a life prisoner will be released.",2396,21,27,0.7777777777777778,0,0.2916666666666667,0.08695652173913043,0.20833333333333334,0.8950293064117432,0.8939369916915894,0.8944827914237976
35476818,politics,tldr,"Russian politician Mikhail Kasyanov has accused President Vladimir Putin of ""silently encouraging"" intimidation as a row over a menacing video continues.","Russian opposition leader Ramzan Kasyanov says he is ""silently encouraging"" Russian President Vladimir Putin over a sniper video.",2804,18,21,0.8571428571428571,0,0.5128205128205129,0.2162162162162162,0.41025641025641024,0.9313843250274658,0.9332433938980103,0.9323129653930664
35476818,politics,bullet_points,"Russian politician Mikhail Kasyanov has accused President Vladimir Putin of ""silently encouraging"" intimidation as a row over a menacing video continues.","Russian opposition leader Vladimir Kasyanov has said he is ""silently encouraging"" Russian President Vladimir Putin to stop a sniper video.",2804,20,21,0.9523809523809523,0,0.4878048780487805,0.20512820512820512,0.3902439024390244,0.9410834908485413,0.9380486607551575,0.9395636320114136
35476818,politics,bullet_points_strict,"Russian politician Mikhail Kasyanov has accused President Vladimir Putin of ""silently encouraging"" intimidation as a row over a menacing video continues.",Russian opposition leader Ramzan Kasyanov says he has no reaction to a sniper video he posted on Instagram.,2804,18,21,0.8571428571428571,0,0.25641025641025644,0.0,0.25641025641025644,0.8938812017440796,0.8920530080795288,0.8929661512374878
35476818,politics,one_sentence,"Russian politician Mikhail Kasyanov has accused President Vladimir Putin of ""silently encouraging"" intimidation as a row over a menacing video continues.","Russian opposition leader Vladimir Kasyanov has said he is ""silently encouraging"" Russian President Vladimir Putin to stop his actions.",2804,19,21,0.9047619047619048,0,0.4,0.2105263157894737,0.3,0.9391521215438843,0.9328047633171082,0.935967743396759
35476818,politics,fact_constrained,"Russian politician Mikhail Kasyanov has accused President Vladimir Putin of ""silently encouraging"" intimidation as a row over a menacing video continues.",Former Chechen leader Vladimir Kasyanov has said he has no reaction to a sniper video he posted on Instagram.,2804,19,21,0.9047619047619048,0,0.25,0.052631578947368425,0.2,0.8937562704086304,0.8901530504226685,0.8919510245323181
30165675,entertainment,tldr,"Perhaps predictably, Louis van Gaal delivered the best line of the day as he reflected on how his side survived an early storm to beat Arsenal 2-1.",Manchester United manager Louis van Gaal said he was astonished by his side's win over Arsenal.,4755,16,27,0.5925925925925926,0,0.3111111111111111,0.13953488372093023,0.3111111111111111,0.9261407852172852,0.8871545791625977,0.9062286019325256
30165675,entertainment,bullet_points,"Perhaps predictably, Louis van Gaal delivered the best line of the day as he reflected on how his side survived an early storm to beat Arsenal 2-1.","Arsene Wenger said: ""It's not a different game. It's not a different game. It's a different game.""",4755,17,27,0.6296296296296297,0,0.0,0.0,0.0,0.860744059085846,0.8581717610359192,0.8594560027122498
30165675,entertainment,bullet_points_strict,"Perhaps predictably, Louis van Gaal delivered the best line of the day as he reflected on how his side survived an early storm to beat Arsenal 2-1.",Arsene Wenger said he was astonished by his side's win over Arsenal at the Emirates Stadium.,4755,16,27,0.5925925925925926,0,0.22222222222222224,0.046511627906976744,0.17777777777777778,0.9056602716445923,0.8773233294487,0.8912666440010071
30165675,entertainment,one_sentence,"Perhaps predictably, Louis van Gaal delivered the best line of the day as he reflected on how his side survived an early storm to beat Arsenal 2-1.","Manchester United manager Louis van Gaal said he was ""shocked"" by his side's win over Arsenal.",4755,16,27,0.5925925925925926,0,0.3111111111111111,0.13953488372093023,0.3111111111111111,0.9103374481201172,0.8848187327384949,0.8973966836929321
30165675,entertainment,fact_constrained,"Perhaps predictably, Louis van Gaal delivered the best line of the day as he reflected on how his side survived an early storm to beat Arsenal 2-1.","Arsene Wenger said he was ""not surprised"" by his side's win over Arsenal.",4755,13,27,0.48148148148148145,0,0.19047619047619047,0.05,0.19047619047619047,0.900720477104187,0.8789703249931335,0.8897125124931335
37024028,business,tldr,"Craft brewer BrewDog has raised $1m (£770,000) from US investors within the first three days of a new funding round, according to the company.",BrewDog has raised more than £25m in a crowdfunding round in the US.,1348,13,24,0.5416666666666666,0,0.3684210526315789,0.1111111111111111,0.3157894736842105,0.9274829626083374,0.8885830640792847,0.9076164364814758
37024028,business,bullet_points,"Craft brewer BrewDog has raised $1m (£770,000) from US investors within the first three days of a new funding round, according to the company.",BrewDog has raised more than £20m in a crowdfunding round in the US.,1348,13,24,0.5416666666666666,0,0.3684210526315789,0.1111111111111111,0.3157894736842105,0.9280328154563904,0.8893734216690063,0.9082919955253601
37024028,business,bullet_points_strict,"Craft brewer BrewDog has raised $1m (£770,000) from US investors within the first three days of a new funding round, according to the company.",BrewDog has raised more than £25m in a crowdfunding round in the US.,1348,13,24,0.5416666666666666,0,0.3684210526315789,0.1111111111111111,0.3157894736842105,0.9274829626083374,0.8885830640792847,0.9076164364814758
37024028,business,one_sentence,"Craft brewer BrewDog has raised $1m (£770,000) from US investors within the first three days of a new funding round, according to the company.",BrewDog has raised more than £25m in a crowdfunding round in the US.,1348,13,24,0.5416666666666666,0,0.3684210526315789,0.1111111111111111,0.3157894736842105,0.9274829626083374,0.8885830640792847,0.9076164364814758
37024028,business,fact_constrained,"Craft brewer BrewDog has raised $1m (£770,000) from US investors within the first three days of a new funding round, according to the company.",BrewDog has raised more than £20m in a crowdfunding round in the US.,1348,13,24,0.5416666666666666,0,0.3684210526315789,0.1111111111111111,0.3157894736842105,0.9280328154563904,0.8893734216690063,0.9082919955253601
33541704,business,tldr,An industrial dispute at Tata Steel has ended after workers voted to accept changes to their pension scheme.,Tata Steel has agreed a settlement with unions in a dispute over the company's pension scheme.,1374,16,18,0.8888888888888888,0,0.34285714285714286,0.1818181818181818,0.28571428571428575,0.9416981935501099,0.9325494170188904,0.9371014833450317
33541704,business,bullet_points,An industrial dispute at Tata Steel has ended after workers voted to accept changes to their pension scheme.,Tata Steel has agreed a deal with unions in a dispute over its pension scheme.,1374,15,18,0.8333333333333334,0,0.3636363636363636,0.1935483870967742,0.303030303030303,0.9454412460327148,0.9352412223815918,0.9403135776519775
33541704,business,bullet_points_strict,An industrial dispute at Tata Steel has ended after workers voted to accept changes to their pension scheme.,Tata Steel has withdrawn plans to strike in a dispute over the company's pension scheme.,1374,15,18,0.8333333333333334,0,0.411764705882353,0.18750000000000003,0.35294117647058826,0.9394640922546387,0.9274007081985474,0.9333934783935547
33541704,business,one_sentence,An industrial dispute at Tata Steel has ended after workers voted to accept changes to their pension scheme.,Tata Steel has withdrawn plans to strike in a dispute over the company's pension scheme.,1374,15,18,0.8333333333333334,0,0.411764705882353,0.18750000000000003,0.35294117647058826,0.9394640922546387,0.9274007081985474,0.9333934783935547
33541704,business,fact_constrained,An industrial dispute at Tata Steel has ended after workers voted to accept changes to their pension scheme.,Tata Steel has agreed a settlement with unions in a dispute over the company's pension scheme.,1374,16,18,0.8888888888888888,0,0.34285714285714286,0.1818181818181818,0.28571428571428575,0.9416981935501099,0.9325494170188904,0.9371014833450317
35034099,business,tldr,"Keurig Green Mountain, which makes K-cups single-serve coffee pods, said it has accepted a $13.9bn (£9.2bn) bid.","Keurig Green Mountain, the maker of the K-cup coffee pod, has agreed a deal to buy the company.",2009,18,17,1.0588235294117647,0,0.35,0.10526315789473685,0.35,0.9458936452865601,0.8933380246162415,0.918864905834198
35034099,business,bullet_points,"Keurig Green Mountain, which makes K-cups single-serve coffee pods, said it has accepted a $13.9bn (£9.2bn) bid.","Keurig Green Mountain, the maker of the K-cup coffee pod, has agreed a deal to buy the US coffeemaker.",2009,19,17,1.1176470588235294,0,0.3414634146341463,0.10256410256410256,0.3414634146341463,0.9258219599723816,0.8891944885253906,0.9071386456489563
35034099,business,bullet_points_strict,"Keurig Green Mountain, which makes K-cups single-serve coffee pods, said it has accepted a $13.9bn (£9.2bn) bid.","Coca-Cola has agreed to buy Keurig Green Mountain, the maker of the K-cup coffee machine.",2009,15,17,0.8823529411764706,0,0.31578947368421056,0.11111111111111112,0.2631578947368421,0.9244424700737,0.8835604190826416,0.9035391807556152
35034099,business,one_sentence,"Keurig Green Mountain, which makes K-cups single-serve coffee pods, said it has accepted a $13.9bn (£9.2bn) bid.","Shares in Keurig Green Mountain, the maker of the Keurig Green Mountain coffee pod, have soared more than 7% after a deal was struck.",2009,24,17,1.411764705882353,0,0.22222222222222224,0.09302325581395349,0.22222222222222224,0.9109638333320618,0.8814828395843506,0.8959808945655823
35034099,business,fact_constrained,"Keurig Green Mountain, which makes K-cups single-serve coffee pods, said it has accepted a $13.9bn (£9.2bn) bid.","Coca-Cola has agreed to buy Keurig Green Mountain, the maker of the K-cup coffee machine.",2009,15,17,0.8823529411764706,0,0.31578947368421056,0.11111111111111112,0.2631578947368421,0.9244424700737,0.8835604190826416,0.9035391807556152
30377462,tech,tldr,A university has withdrawn a poster which appeared to ridicule Hollywood star Jennifer Lawrence after her nude pictures were leaked on the internet.,The University of Strathclyde has apologised for a poster claiming Jennifer Lawrence wishes she'd used a password.,1135,17,23,0.7391304347826086,0,0.3902439024390244,0.10256410256410256,0.2926829268292683,0.8768375515937805,0.9019981622695923,0.8892398476600647
30377462,tech,bullet_points,A university has withdrawn a poster which appeared to ridicule Hollywood star Jennifer Lawrence after her nude pictures were leaked on the internet.,A university has apologised after a poster of Jennifer Lawrence claiming she wishes she'd used a StR0nG_Pas5w0Rd% has been removed from campus.,1135,22,23,0.9565217391304348,0,0.3404255319148936,0.17777777777777776,0.2978723404255319,0.8256323337554932,0.9049912691116333,0.8634922504425049
30377462,tech,bullet_points_strict,A university has withdrawn a poster which appeared to ridicule Hollywood star Jennifer Lawrence after her nude pictures were leaked on the internet.,"The University of Strathclyde has apologised after a poster of Jennifer Lawrence's ""wish she'd used a StR0nG_Pas5w0Rd%"".",1135,17,23,0.7391304347826086,0,0.4186046511627907,0.0975609756097561,0.27906976744186046,0.7967064380645752,0.8866135478019714,0.8392589688301086
30377462,tech,one_sentence,A university has withdrawn a poster which appeared to ridicule Hollywood star Jennifer Lawrence after her nude pictures were leaked on the internet.,The University of Strathclyde has apologised for a poster claiming Jennifer Lawrence wishes she'd used a password.,1135,17,23,0.7391304347826086,0,0.3902439024390244,0.10256410256410256,0.2926829268292683,0.8768375515937805,0.9019981622695923,0.8892398476600647
30377462,tech,fact_constrained,A university has withdrawn a poster which appeared to ridicule Hollywood star Jennifer Lawrence after her nude pictures were leaked on the internet.,The University of Strathclyde has apologised for a poster claiming Jennifer Lawrence wishes she'd used a password.,1135,17,23,0.7391304347826086,0,0.3902439024390244,0.10256410256410256,0.2926829268292683,0.8768375515937805,0.9019981622695923,0.8892398476600647
35923205,tech,tldr,A man has been stabbed to death in a street in north London.,A man has died after being stabbed in a street in London.,1209,12,13,0.9230769230769231,0,0.7199999999999999,0.43478260869565216,0.7199999999999999,0.9812459349632263,0.9725297093391418,0.9768683910369873
35923205,tech,bullet_points,A man has been stabbed to death in a street in north London.,A man has died after being stabbed in a street in London.,1209,12,13,0.9230769230769231,0,0.7199999999999999,0.43478260869565216,0.7199999999999999,0.9812459349632263,0.9725297093391418,0.9768683910369873
35923205,tech,bullet_points_strict,A man has been stabbed to death in a street in north London.,A man has died after being stabbed in a street in London.,1209,12,13,0.9230769230769231,0,0.7199999999999999,0.43478260869565216,0.7199999999999999,0.9812459349632263,0.9725297093391418,0.9768683910369873
35923205,tech,one_sentence,A man has been stabbed to death in a street in north London.,A man has died after being stabbed in a street in London.,1209,12,13,0.9230769230769231,0,0.7199999999999999,0.43478260869565216,0.7199999999999999,0.9812459349632263,0.9725297093391418,0.9768683910369873
35923205,tech,fact_constrained,A man has been stabbed to death in a street in north London.,A man has died after being stabbed in a street in London.,1209,12,13,0.9230769230769231,0,0.7199999999999999,0.43478260869565216,0.7199999999999999,0.9812459349632263,0.9725297093391418,0.9768683910369873
38984254,sport,tldr,"Exeter head coach Rob Baxter says his side need to perform consistently at a ""high intensity"" if they are to earn more international recognition.","Exeter Chiefs head coach Mark Baxter says he was ""not particularly surprised"" by the number of players in his team's squads.",1009,21,24,0.875,0,0.2608695652173913,0.0909090909090909,0.2608695652173913,0.9151319265365601,0.9077007174491882,0.9114012122154236
38984254,sport,bullet_points,"Exeter head coach Rob Baxter says his side need to perform consistently at a ""high intensity"" if they are to earn more international recognition.","Exeter Chiefs head coach Mark Baxter says he is ""not surprised"" by the lack of international selections for the Six Nations.",1009,21,24,0.875,0,0.26666666666666666,0.09302325581395349,0.26666666666666666,0.9231891632080078,0.911892831325531,0.9175061583518982
38984254,sport,bullet_points_strict,"Exeter head coach Rob Baxter says his side need to perform consistently at a ""high intensity"" if they are to earn more international recognition.","Exeter Chiefs head coach Mark Baxter says he was ""not particularly surprised"" by the lack of international selection.",1009,18,24,0.75,0,0.28571428571428575,0.09999999999999999,0.28571428571428575,0.9284263849258423,0.9116860032081604,0.919979989528656
38984254,sport,one_sentence,"Exeter head coach Rob Baxter says his side need to perform consistently at a ""high intensity"" if they are to earn more international recognition.","Exeter Chiefs head coach Mark Baxter says he was ""not surprised"" by the number of players in his team's Six Nations squads.",1009,22,24,0.9166666666666666,0,0.2553191489361702,0.08888888888888888,0.2553191489361702,0.9136536121368408,0.9072946906089783,0.9104630351066589
38984254,sport,fact_constrained,"Exeter head coach Rob Baxter says his side need to perform consistently at a ""high intensity"" if they are to earn more international recognition.","Chiefs head coach Mark Baxter says he was ""not particularly surprised"" by the lack of international selection for the Six Nations.",1009,21,24,0.875,0,0.22222222222222224,0.09302325581395349,0.22222222222222224,0.9121072888374329,0.9021713733673096,0.907112181186676
39966693,sport,tldr,"Brendan Rodgers says it would be a ""remarkable achievement"" for Celtic to complete an unbeaten league season.","Celtic manager Brendan Rodgers says he is ""one behind"" in the Scottish Premiership's record for most wins in a season.",2963,20,17,1.1764705882352942,0,0.36842105263157887,0.11111111111111112,0.2631578947368421,0.9030593633651733,0.9089294075965881,0.9059848785400391
39966693,sport,bullet_points,"Brendan Rodgers says it would be a ""remarkable achievement"" for Celtic to complete an unbeaten league season.","Celtic manager Brendan Rodgers says he is ""one behind"" in the Scottish Premiership record for goals scored in a season.",2963,20,17,1.1764705882352942,0,0.37837837837837834,0.11428571428571428,0.27027027027027023,0.9012864828109741,0.9046831727027893,0.9029816389083862
39966693,sport,bullet_points_strict,"Brendan Rodgers says it would be a ""remarkable achievement"" for Celtic to complete an unbeaten league season.","Celtic manager Brendan Rodgers says he is ""one behind"" in the Scottish Premiership's record for most wins in a season.",2963,20,17,1.1764705882352942,0,0.36842105263157887,0.11111111111111112,0.2631578947368421,0.9030593633651733,0.9089294075965881,0.9059848785400391
39966693,sport,one_sentence,"Brendan Rodgers says it would be a ""remarkable achievement"" for Celtic to complete an unbeaten league season.","Celtic manager Brendan Rodgers says he is ""one behind"" in the Scottish Premiership record for goals scored in a season.",2963,20,17,1.1764705882352942,0,0.37837837837837834,0.11428571428571428,0.27027027027027023,0.9012864828109741,0.9046831727027893,0.9029816389083862
39966693,sport,fact_constrained,"Brendan Rodgers says it would be a ""remarkable achievement"" for Celtic to complete an unbeaten league season.","Celtic manager Brendan Rodgers says he is ""one behind"" in the Scottish Premiership's record for most wins in a season.",2963,20,17,1.1764705882352942,0,0.36842105263157887,0.11111111111111112,0.2631578947368421,0.9030593633651733,0.9089294075965881,0.9059848785400391
34231916,entertainment,tldr,Hundreds of rooms at a £45m student halls development at Aberystwyth University will not be ready for the new term.,Developers have confirmed the remaining 300 unfinished rooms will be let to students during the 2015-16 academic year.,327,18,20,0.9,0,0.20512820512820512,0.0,0.20512820512820512,0.8839186429977417,0.8684451580047607,0.8761135935783386
34231916,entertainment,bullet_points,Hundreds of rooms at a £45m student halls development at Aberystwyth University will not be ready for the new term.,Students at the University of Oxford have been told they will not be allowed to stay at a new home until the end of the academic year.,327,27,20,1.35,0,0.425531914893617,0.13333333333333333,0.25531914893617025,0.8986532092094421,0.8684839606285095,0.8833110332489014
34231916,entertainment,bullet_points_strict,Hundreds of rooms at a £45m student halls development at Aberystwyth University will not be ready for the new term.,Students at the University of Oxford have been told they will not be allowed to stay at a new home until the end of the academic year.,327,27,20,1.35,0,0.425531914893617,0.13333333333333333,0.25531914893617025,0.8986532092094421,0.8684839606285095,0.8833110332489014
34231916,entertainment,one_sentence,Hundreds of rooms at a £45m student halls development at Aberystwyth University will not be ready for the new term.,"The University of Oxford has announced plans to build a new 1,500-student house at its Penglais Farm campus.",327,18,20,0.9,0,0.35,0.0,0.20000000000000004,0.8712889552116394,0.8745170831680298,0.8729000091552734
34231916,entertainment,fact_constrained,Hundreds of rooms at a £45m student halls development at Aberystwyth University will not be ready for the new term.,The University of Oxford has announced plans to build a new dormitory at the site of a Grade I listed building.,327,21,20,1.05,0,0.2926829268292683,0.0,0.1951219512195122,0.8936389684677124,0.867326021194458,0.880285918712616
38025198,entertainment,tldr,Characters based on a Nickelodeon cartoon were dropped from a Northern Ireland council's Christmas celebrations - after it emerged they were unauthorised.,PAW Patrol's Skye and Marshall will not appear at a Christmas lights switch-on in Londonderry.,1246,15,22,0.6818181818181818,0,0.20512820512820512,0.0,0.10256410256410256,0.8588560819625854,0.8615483045578003,0.8602001070976257
38025198,entertainment,bullet_points,Characters based on a Nickelodeon cartoon were dropped from a Northern Ireland council's Christmas celebrations - after it emerged they were unauthorised.,PAW Patrol's Paw Patrol characters have not been authorised to appear at a Christmas lights switch-on in Londonderry.,1246,18,22,0.8181818181818182,0,0.23809523809523808,0.0,0.14285714285714282,0.8718448877334595,0.8787980079650879,0.8753076791763306
38025198,entertainment,bullet_points_strict,Characters based on a Nickelodeon cartoon were dropped from a Northern Ireland council's Christmas celebrations - after it emerged they were unauthorised.,The PAW Patrol's Paw Patrol characters have not been used at a Christmas lights switch-on in the UK or Ireland.,1246,20,22,0.9090909090909091,0,0.2727272727272727,0.0,0.13636363636363635,0.8676350116729736,0.8681002855300903,0.8678675889968872
38025198,entertainment,one_sentence,Characters based on a Nickelodeon cartoon were dropped from a Northern Ireland council's Christmas celebrations - after it emerged they were unauthorised.,PAW Patrol's Skye and Marshall will not appear at a Christmas lights switch-on in Londonderry.,1246,15,22,0.6818181818181818,0,0.20512820512820512,0.0,0.10256410256410256,0.8588560819625854,0.8615483045578003,0.8602001070976257
38025198,entertainment,fact_constrained,Characters based on a Nickelodeon cartoon were dropped from a Northern Ireland council's Christmas celebrations - after it emerged they were unauthorised.,A council has apologised after a Paw Patrol character did not appear at a Christmas lights switch-on.,1246,17,22,0.7727272727272727,0,0.3,0.0,0.15,0.9015828967094421,0.8880882859230042,0.8947847485542297
38021312,business,tldr,Aston Villa have appointed former Brighton coach Colin Calderwood as their assistant manager to Steve Bruce.,Brighton manager Colin Calderwood has joined Aston Villa on a one-year contract.,1589,12,16,0.75,0,0.41379310344827586,0.14814814814814814,0.20689655172413793,0.9217584133148193,0.9091364741325378,0.9154039025306702
38021312,business,bullet_points,Aston Villa have appointed former Brighton coach Colin Calderwood as their assistant manager to Steve Bruce.,Aston Villa manager Colin Calderwood has joined Brighton and Hove Albion on a one-year contract.,1589,15,16,0.9375,0,0.375,0.13333333333333333,0.25,0.9096176624298096,0.9198209643363953,0.9146908521652222
38021312,business,bullet_points_strict,Aston Villa have appointed former Brighton coach Colin Calderwood as their assistant manager to Steve Bruce.,Brighton manager Colin Calderwood has joined Aston Villa on a one-year contract.,1589,12,16,0.75,0,0.41379310344827586,0.14814814814814814,0.20689655172413793,0.9217584133148193,0.9091364741325378,0.9154039025306702
38021312,business,one_sentence,Aston Villa have appointed former Brighton coach Colin Calderwood as their assistant manager to Steve Bruce.,Aston Villa manager Colin Calderwood has joined Brighton and Hove Albion on a one-year contract.,1589,15,16,0.9375,0,0.375,0.13333333333333333,0.25,0.9096176624298096,0.9198209643363953,0.9146908521652222
38021312,business,fact_constrained,Aston Villa have appointed former Brighton coach Colin Calderwood as their assistant manager to Steve Bruce.,Aston Villa manager Colin Calderwood has joined Brighton and Hove Albion on a one-year contract.,1589,15,16,0.9375,0,0.375,0.13333333333333333,0.25,0.9096176624298096,0.9198209643363953,0.9146908521652222
39884746,sport,tldr,Jamie Roberts intends to use his disappointment at being overlooked by the British and Irish Lions as motivation when he captains Wales.,"Wales captain Mark Roberts says he was ""gutted"" to be dropped from Wales' squad for the 2016 Six Nations tour.",2517,20,22,0.9090909090909091,0,0.23809523809523808,0.0,0.14285714285714282,0.8919051885604858,0.8975690007209778,0.8947281241416931
39884746,sport,bullet_points,Jamie Roberts intends to use his disappointment at being overlooked by the British and Irish Lions as motivation when he captains Wales.,"Wales captain Mark Roberts says he was ""gutted"" to be dropped from Wales' squad for the 2016 Six Nations tour.",2517,20,22,0.9090909090909091,0,0.23809523809523808,0.0,0.14285714285714282,0.8919051885604858,0.8975690007209778,0.8947281241416931
39884746,sport,bullet_points_strict,Jamie Roberts intends to use his disappointment at being overlooked by the British and Irish Lions as motivation when he captains Wales.,"Wales captain Mark Roberts says he was ""gutted"" to be dropped from Wales' squad for the first Test against Tonga.",2517,20,22,0.9090909090909091,0,0.23809523809523808,0.0,0.14285714285714282,0.8879842758178711,0.8938758969306946,0.8909203410148621
39884746,sport,one_sentence,Jamie Roberts intends to use his disappointment at being overlooked by the British and Irish Lions as motivation when he captains Wales.,"Wales captain Mark Roberts says he was ""gutted"" to be dropped from Wales' squad for the Six Nations tour of New Zealand.",2517,22,22,1.0,0,0.22727272727272727,0.0,0.13636363636363635,0.8893860578536987,0.8988300561904907,0.8940831422805786
39884746,sport,fact_constrained,Jamie Roberts intends to use his disappointment at being overlooked by the British and Irish Lions as motivation when he captains Wales.,"Wales captain Mark Roberts says he was ""gutted"" by the Six Nations defeat by Australia in the autumn series.",2517,19,22,0.8636363636363636,0,0.24390243902439024,0.05128205128205128,0.14634146341463414,0.8842644095420837,0.8869764804840088,0.8856183290481567
35516834,business,tldr,In terms of what England wanted out of the game with Scotland I think they got everything.,England's last game of the season was a resounding victory over Scotland.,4170,12,17,0.7058823529411765,0,0.33333333333333337,0.07142857142857144,0.26666666666666666,0.9096450805664062,0.8918261528015137,0.9006474614143372
35516834,business,bullet_points,In terms of what England wanted out of the game with Scotland I think they got everything.,England's last game of the season was a resounding victory over Scotland.,4170,12,17,0.7058823529411765,0,0.33333333333333337,0.07142857142857144,0.26666666666666666,0.9096450805664062,0.8918261528015137,0.9006474614143372
35516834,business,bullet_points_strict,In terms of what England wanted out of the game with Scotland I think they got everything.,England's game at Murrayfield was one of the best in the history of the game.,4170,15,17,0.8823529411764706,0,0.3636363636363636,0.12903225806451615,0.24242424242424243,0.8953261375427246,0.8902749419212341,0.8927933573722839
35516834,business,one_sentence,In terms of what England wanted out of the game with Scotland I think they got everything.,England's last game of the season was a resounding victory over Scotland.,4170,12,17,0.7058823529411765,0,0.33333333333333337,0.07142857142857144,0.26666666666666666,0.9096450805664062,0.8918261528015137,0.9006474614143372
35516834,business,fact_constrained,In terms of what England wanted out of the game with Scotland I think they got everything.,England's game against Scotland at Murrayfield was a good one.,4170,10,17,0.5882352941176471,0,0.21428571428571427,0.0,0.21428571428571427,0.9095110297203064,0.8939968347549438,0.9016872048377991
18916143,sport,tldr,Great Britain will miss the men's Olympic 4x100m relay final after being disqualified in their semi-final.,Great Britain lost to Jamaica in the final of the Women's World Cup qualifying final at the Rio Olympics.,1262,19,16,1.1875,0,0.36842105263157887,0.05555555555555555,0.2631578947368421,0.8952245712280273,0.8818449974060059,0.8884844183921814
18916143,sport,bullet_points,Great Britain will miss the men's Olympic 4x100m relay final after being disqualified in their semi-final.,Great Britain's hopes of qualifying for the Rio Olympics have been dashed after a tense first leg.,1262,17,16,1.0625,0,0.2777777777777778,0.058823529411764705,0.2222222222222222,0.9028597474098206,0.8745530247688293,0.8884809613227844
18916143,sport,bullet_points_strict,Great Britain will miss the men's Olympic 4x100m relay final after being disqualified in their semi-final.,Great Britain's men's olympic final was halted by a boton error in the final of the men's olympics.,1262,18,16,1.125,0,0.4615384615384615,0.2162162162162162,0.41025641025641024,0.901820719242096,0.8837040066719055,0.8926704525947571
18916143,sport,one_sentence,Great Britain will miss the men's Olympic 4x100m relay final after being disqualified in their semi-final.,Great Britain have been disqualified from the men's final of the Women's World Rowing Championships after a tense first leg.,1262,20,16,1.25,0,0.39999999999999997,0.15789473684210528,0.35000000000000003,0.9116848111152649,0.9053643941879272,0.908513605594635
18916143,sport,fact_constrained,Great Britain will miss the men's Olympic 4x100m relay final after being disqualified in their semi-final.,Great Britain's men's olympic final was halted by a botched handover in the first leg of the men's olympic final at the Rio Olympics.,1262,24,16,1.5,0,0.4,0.186046511627907,0.3555555555555555,0.8962655067443848,0.8916025757789612,0.8939279913902283
28783748,business,tldr,Police are appealing for witnesses following a head-on crash between a car and a bus in West Lothian.,A man has been seriously injured in a crash between a car and a bus in Falkirk.,1239,17,18,0.9444444444444444,0,0.5,0.411764705882353,0.5,0.940965473651886,0.9201527833938599,0.9304426908493042
28783748,business,bullet_points,Police are appealing for witnesses following a head-on crash between a car and a bus in West Lothian.,A passenger has been seriously injured in a crash between a car and a bus in Falkirk.,1239,17,18,0.9444444444444444,0,0.5,0.411764705882353,0.5,0.937771201133728,0.9209232926368713,0.92927086353302
28783748,business,bullet_points_strict,Police are appealing for witnesses following a head-on crash between a car and a bus in West Lothian.,A passenger has been seriously injured in a crash between a car and a bus in Falkirk.,1239,17,18,0.9444444444444444,0,0.5,0.411764705882353,0.5,0.937771201133728,0.9209232926368713,0.92927086353302
28783748,business,one_sentence,Police are appealing for witnesses following a head-on crash between a car and a bus in West Lothian.,A passenger has been taken to hospital after a Vauxhall Zafira crashed into a bus in Falkirk.,1239,17,18,0.9444444444444444,0,0.27777777777777773,0.11764705882352941,0.27777777777777773,0.882247805595398,0.9075016379356384,0.8946965932846069
28783748,business,fact_constrained,Police are appealing for witnesses following a head-on crash between a car and a bus in West Lothian.,A car and a bus have been involved in a collision in Falkirk.,1239,13,18,0.7222222222222222,0,0.4375,0.26666666666666666,0.37499999999999994,0.9425966739654541,0.9089504480361938,0.925467848777771
36754530,tech,tldr,Police have named a 52-year-old man who died after the forklift truck he was driving toppled over.,A man has died after being trapped underneath a forklift in East Kilbride.,491,13,17,0.7647058823529411,0,0.3125,0.06666666666666667,0.3125,0.9066861867904663,0.8998023867607117,0.9032312035560608
36754530,tech,bullet_points,Police have named a 52-year-old man who died after the forklift truck he was driving toppled over.,A man has died after being trapped underneath a forklift in East Kilbride.,491,13,17,0.7647058823529411,0,0.3125,0.06666666666666667,0.3125,0.9066861867904663,0.8998023867607117,0.9032312035560608
36754530,tech,bullet_points_strict,Police have named a 52-year-old man who died after the forklift truck he was driving toppled over.,A man has died after being trapped underneath a forklift in East Kilbride.,491,13,17,0.7647058823529411,0,0.3125,0.06666666666666667,0.3125,0.9066861867904663,0.8998023867607117,0.9032312035560608
36754530,tech,one_sentence,Police have named a 52-year-old man who died after the forklift truck he was driving toppled over.,A man has died after being trapped underneath a forklift in East Kilbride.,491,13,17,0.7647058823529411,0,0.3125,0.06666666666666667,0.3125,0.9066861867904663,0.8998023867607117,0.9032312035560608
36754530,tech,fact_constrained,Police have named a 52-year-old man who died after the forklift truck he was driving toppled over.,A man has died after being trapped underneath a forklift in East Kilbride.,491,13,17,0.7647058823529411,0,0.3125,0.06666666666666667,0.3125,0.9066861867904663,0.8998023867607117,0.9032312035560608
39537604,sport,tldr,Great Britain's double gold medallist Nicola Adams believes new trainer Virgil Hunter will play a key part in success as a professional.,"Olympic champion Victoria Adams says she is ""in awe"" by the world's best boxer, Andre Ward.",1017,16,22,0.7272727272727273,0,0.15,0.0,0.09999999999999999,0.8837316036224365,0.8698586225509644,0.8767402768135071
39537604,sport,bullet_points,Great Britain's double gold medallist Nicola Adams believes new trainer Virgil Hunter will play a key part in success as a professional.,"Britain's Sarah Adams says she is ""in awe"" by the world's best boxer, Andre Ward, as she prepares for her first professional fight.",1017,23,22,1.0454545454545454,0,0.24999999999999994,0.043478260869565216,0.24999999999999994,0.8750687837600708,0.8672251105308533,0.8711293339729309
39537604,sport,bullet_points_strict,Great Britain's double gold medallist Nicola Adams believes new trainer Virgil Hunter will play a key part in success as a professional.,"Britain's Sarah Adams says she is ""in awe"" by the world's best boxer, Andre Ward, as she prepares for her first professional fight.",1017,23,22,1.0454545454545454,0,0.24999999999999994,0.043478260869565216,0.24999999999999994,0.8750687837600708,0.8672251105308533,0.8711293339729309
39537604,sport,one_sentence,Great Britain's double gold medallist Nicola Adams believes new trainer Virgil Hunter will play a key part in success as a professional.,"Britain's Sarah Adams says she is ""in awe"" of the world's best boxer, Andre Ward, as she prepares for her first professional fight.",1017,23,22,1.0454545454545454,0,0.24999999999999994,0.043478260869565216,0.24999999999999994,0.8759758472442627,0.8679370880126953,0.8719379305839539
39537604,sport,fact_constrained,Great Britain's double gold medallist Nicola Adams believes new trainer Virgil Hunter will play a key part in success as a professional.,"Britain's Sarah Adams says she is ""in awe"" by the world's best boxer, Andre Ward.",1017,15,22,0.6818181818181818,0,0.19999999999999998,0.052631578947368425,0.19999999999999998,0.8835875988006592,0.8635423183441162,0.8734499216079712
33365674,politics,tldr,"We're fast approaching the 70th anniversary next month of the dropping of the first nuclear bomb, on Hiroshima.",Ayatollah Khomeini's triumphant return to Tehran - on 1 February 1979 - symbolises the moment when the US and its allies lost control of Iran.,6386,25,18,1.3888888888888888,0,0.186046511627907,0.0,0.13953488372093023,0.8485445976257324,0.859377384185791,0.8539266586303711
33365674,politics,bullet_points,"We're fast approaching the 70th anniversary next month of the dropping of the first nuclear bomb, on Hiroshima.",Ayatollah Khomeini - a Shia scholar - took power on 1 February 1979.,6386,13,18,0.7222222222222222,0,0.06666666666666667,0.0,0.06666666666666667,0.8328872919082642,0.8406776189804077,0.8367643356323242
33365674,politics,bullet_points_strict,"We're fast approaching the 70th anniversary next month of the dropping of the first nuclear bomb, on Hiroshima.",Ayatollah Khomeini's triumphant return to Tehran in 1979 marks the moment when the US and its allies lost control of Iran.,6386,21,18,1.1666666666666667,0,0.14634146341463414,0.0,0.14634146341463414,0.8484647870063782,0.8533153533935547,0.8508831858634949
33365674,politics,one_sentence,"We're fast approaching the 70th anniversary next month of the dropping of the first nuclear bomb, on Hiroshima.",Ayatollah Khomeini's triumphant return to Tehran on 1 February 1979 marked the end of the Cold War.,6386,17,18,0.9444444444444444,0,0.21621621621621623,0.05714285714285714,0.16216216216216214,0.8488017320632935,0.8612931966781616,0.8550018668174744
33365674,politics,fact_constrained,"We're fast approaching the 70th anniversary next month of the dropping of the first nuclear bomb, on Hiroshima.",Ayatollah Khomeini's triumphant return to Tehran - on 1 February 1979 - symbolises the moment when the US and its allies lost control of Iran.,6386,25,18,1.3888888888888888,0,0.186046511627907,0.0,0.13953488372093023,0.8485445976257324,0.859377384185791,0.8539266586303711
35800561,business,tldr,"David Drumm, former boss of the Anglo Irish Bank, has been granted bail by an Irish court after he was extradited from the US to face fraud charges.",Irish police have charged former Anglo Irish Bank chief executive Michael Drumm with fraud and tax evasion.,2773,17,28,0.6071428571428571,0,0.3111111111111111,0.09302325581395349,0.22222222222222224,0.9396993517875671,0.9076157212257385,0.9233789443969727
35800561,business,bullet_points,"David Drumm, former boss of the Anglo Irish Bank, has been granted bail by an Irish court after he was extradited from the US to face fraud charges.",Irish police have arrested former Anglo Irish Bank chief executive Michael Drumm on suspicion of fraud and tax evasion.,2773,19,28,0.6785714285714286,0,0.3404255319148936,0.08888888888888888,0.2127659574468085,0.9350351095199585,0.9124937653541565,0.9236268997192383
35800561,business,bullet_points_strict,"David Drumm, former boss of the Anglo Irish Bank, has been granted bail by an Irish court after he was extradited from the US to face fraud charges.",Irish police have charged former Anglo Irish Bank chief executive Michael Drumm with fraud and tax evasion.,2773,17,28,0.6071428571428571,0,0.3111111111111111,0.09302325581395349,0.22222222222222224,0.9396993517875671,0.9076157212257385,0.9233789443969727
35800561,business,one_sentence,"David Drumm, former boss of the Anglo Irish Bank, has been granted bail by an Irish court after he was extradited from the US to face fraud charges.",Irish police have arrested former Anglo Irish Bank chief executive Michael Drumm on suspicion of fraud and tax evasion.,2773,19,28,0.6785714285714286,0,0.3404255319148936,0.08888888888888888,0.2127659574468085,0.9350351095199585,0.9124937653541565,0.9236268997192383
35800561,business,fact_constrained,"David Drumm, former boss of the Anglo Irish Bank, has been granted bail by an Irish court after he was extradited from the US to face fraud charges.",Irish police have arrested former Anglo Irish Bank chief executive Michael Drumm on suspicion of fraud and tax evasion.,2773,19,28,0.6785714285714286,0,0.3404255319148936,0.08888888888888888,0.2127659574468085,0.9350351095199585,0.9124937653541565,0.9236268997192383
29748134,entertainment,tldr,"Lala Njava's music is grounded in Madagascan tradition but is enriched with jazz, trance and afrobeat.","Lala Njava, a Malagasy blues singer, has performed at a music festival in Belgium.",666,14,16,0.875,0,0.2580645161290323,0.06896551724137931,0.2580645161290323,0.9110850691795349,0.8831346035003662,0.8968920707702637
29748134,entertainment,bullet_points,"Lala Njava's music is grounded in Madagascan tradition but is enriched with jazz, trance and afrobeat.","Lala Njava, a Malagasy blues singer, has performed at a concert in Belgium.",666,13,16,0.8125,0,0.20000000000000004,0.07142857142857144,0.20000000000000004,0.912119448184967,0.8823661804199219,0.8969961404800415
29748134,entertainment,bullet_points_strict,"Lala Njava's music is grounded in Madagascan tradition but is enriched with jazz, trance and afrobeat.","Lala Njava, a Malagasy blues singer, performs in a performance for Africa Beats.",666,13,16,0.8125,0,0.20000000000000004,0.07142857142857144,0.20000000000000004,0.9031273126602173,0.8812158107757568,0.8920369744300842
29748134,entertainment,one_sentence,"Lala Njava's music is grounded in Madagascan tradition but is enriched with jazz, trance and afrobeat.","Lala Njava, a Malagasy blues singer, has performed at a concert in Belgium.",666,13,16,0.8125,0,0.20000000000000004,0.07142857142857144,0.20000000000000004,0.912119448184967,0.8823661804199219,0.8969961404800415
29748134,entertainment,fact_constrained,"Lala Njava's music is grounded in Madagascan tradition but is enriched with jazz, trance and afrobeat.","Lala Njava, a Malagasy blues singer, has performed at a concert in Belgium.",666,13,16,0.8125,0,0.20000000000000004,0.07142857142857144,0.20000000000000004,0.912119448184967,0.8823661804199219,0.8969961404800415
37172014,politics,tldr,There haven't been many good moments for Myanmar's Rohingya Muslims in the last four years.,Aung San Suu Kyi's new Advisory Commission on Rakhine State could be a game-changer.,3593,14,15,0.9333333333333333,0,0.06060606060606061,0.0,0.06060606060606061,0.8477119207382202,0.8692834377288818,0.8583621978759766
37172014,politics,bullet_points,There haven't been many good moments for Myanmar's Rohingya Muslims in the last four years.,Aung San Suu Kyi's new Advisory Commission on Rakhine State is a rare glimmer of hope.,3593,16,15,1.0666666666666667,0,0.058823529411764705,0.0,0.058823529411764705,0.8445142507553101,0.8702450394630432,0.8571865558624268
37172014,politics,bullet_points_strict,There haven't been many good moments for Myanmar's Rohingya Muslims in the last four years.,Aung San Suu Kyi's new Advisory Commission on Rakhine State could be a game-changer.,3593,14,15,0.9333333333333333,0,0.06060606060606061,0.0,0.06060606060606061,0.8477119207382202,0.8692834377288818,0.8583621978759766
37172014,politics,one_sentence,There haven't been many good moments for Myanmar's Rohingya Muslims in the last four years.,Aung San Suu Kyi has set up an advisory commission to help the Rohingya in Myanmar.,3593,16,15,1.0666666666666667,0,0.24242424242424243,0.0,0.12121212121212122,0.8552656173706055,0.8864356875419617,0.8705716729164124
37172014,politics,fact_constrained,There haven't been many good moments for Myanmar's Rohingya Muslims in the last four years.,Aung San Suu Kyi has set up an advisory commission on Rakhine State.,3593,13,15,0.8666666666666667,0,0.0,0.0,0.0,0.8299625515937805,0.8647142648696899,0.8469820618629456
36523133,sport,tldr,Ivan Lendl is definitely more of a handshake than a hug kind of guy.,Ivan Radwanska and Ivan Delgado will spend time together over the next few days on the grass.,3326,17,14,1.2142857142857142,0,0.06451612903225808,0.0,0.06451612903225808,0.8553834557533264,0.8606835603713989,0.8580252528190613
36523133,sport,bullet_points,Ivan Lendl is definitely more of a handshake than a hug kind of guy.,Ivan Rodrguez and Ivan Delgado met at the Queen's Club on Tuesday morning - the first time they'd met since the US Open.,3326,23,14,1.6428571428571428,0,0.052631578947368425,0.0,0.052631578947368425,0.8430670499801636,0.8587186336517334,0.8508208394050598
36523133,sport,bullet_points_strict,Ivan Lendl is definitely more of a handshake than a hug kind of guy.,"Ivan Rodrguez has greeted his new coach, Ivan Delgado, with a straight handshake.",3326,13,14,0.9285714285714286,0,0.22222222222222224,0.0,0.22222222222222224,0.873184084892273,0.8758603930473328,0.8745202422142029
36523133,sport,one_sentence,Ivan Lendl is definitely more of a handshake than a hug kind of guy.,"Ivan Rodrguez, the world number one in the world by a decent distance in terms of ranking points, won his fifth title at Queen's Club this week.",3326,27,14,1.9285714285714286,0,0.14285714285714285,0.0,0.14285714285714285,0.8211926221847534,0.8503991365432739,0.8355407118797302
36523133,sport,fact_constrained,Ivan Lendl is definitely more of a handshake than a hug kind of guy.,Ivan Rodrguez and Ivan Delgado met at Queen's Club on Tuesday morning - the first time they'd met since the US Open.,3326,22,14,1.5714285714285714,0,0.05405405405405405,0.0,0.05405405405405405,0.840796947479248,0.8563997149467468,0.8485265970230103
29279384,politics,tldr,How did it go for the 16 and 17-year-olds who were allowed to vote for the first time ever in the UK?,"16 to 17-year-olds voted for independence in the Scottish referendum, a survey has shown.",3122,14,22,0.6363636363636364,0,0.4,0.15789473684210528,0.35000000000000003,0.8994539976119995,0.885820209980011,0.892585039138794
29279384,politics,bullet_points,How did it go for the 16 and 17-year-olds who were allowed to vote for the first time ever in the UK?,Almost half of 16 to 17-year-olds voted in the Scottish independence referendum.,3122,12,22,0.5454545454545454,0,0.3684210526315789,0.16666666666666669,0.3157894736842105,0.9119316339492798,0.8923738598823547,0.9020466804504395
29279384,politics,bullet_points_strict,How did it go for the 16 and 17-year-olds who were allowed to vote for the first time ever in the UK?,"16 to 17-year-olds voted for independence in the Scottish referendum, according to a survey.",3122,14,22,0.6363636363636364,0,0.4,0.15789473684210528,0.35000000000000003,0.9011128544807434,0.8854799270629883,0.8932280540466309
29279384,politics,one_sentence,How did it go for the 16 and 17-year-olds who were allowed to vote for the first time ever in the UK?,Young people in Scotland have voted to leave the UK after a referendum on independence.,3122,15,22,0.6818181818181818,0,0.2051282051282051,0.05405405405405405,0.15384615384615385,0.8887854814529419,0.8719127774238586,0.8802682757377625
29279384,politics,fact_constrained,How did it go for the 16 and 17-year-olds who were allowed to vote for the first time ever in the UK?,"The Scottish independence referendum has been a success for young people, with a record number of young people voting for independence.",3122,21,22,0.9545454545454546,0,0.13333333333333333,0.0,0.08888888888888889,0.8906362056732178,0.8788301944732666,0.8846938014030457
38185491,sport,tldr,Mercedes Formula 1 boss Toto Wolff admits that Nico Rosberg's decision to retire took him completely by surprise - but it is only the start of his problems.,Wolff is looking for a replacement for Sebastian Vettel after a disappointing 2016 season.,5857,14,28,0.5,0,0.09523809523809523,0.0,0.09523809523809523,0.891759991645813,0.8635866641998291,0.877447247505188
38185491,sport,bullet_points,Mercedes Formula 1 boss Toto Wolff admits that Nico Rosberg's decision to retire took him completely by surprise - but it is only the start of his problems.,Wolff has a long list of potential replacements for Mercedes driver Sebastian Vettel.,5857,13,28,0.4642857142857143,0,0.14634146341463414,0.0,0.0975609756097561,0.9035710096359253,0.8747177124023438,0.8889102935791016
38185491,sport,bullet_points_strict,Mercedes Formula 1 boss Toto Wolff admits that Nico Rosberg's decision to retire took him completely by surprise - but it is only the start of his problems.,Wolff has a long list of potential replacements for Mercedes driver Sebastian Vettel.,5857,13,28,0.4642857142857143,0,0.14634146341463414,0.0,0.0975609756097561,0.9035710096359253,0.8747177124023438,0.8889102935791016
38185491,sport,one_sentence,Mercedes Formula 1 boss Toto Wolff admits that Nico Rosberg's decision to retire took him completely by surprise - but it is only the start of his problems.,"Lewis Hamilton is preparing for his first Formula 1 race of the year, but he hasn't been able to find a team-mate.",5857,22,28,0.7857142857142857,0,0.30769230769230765,0.039999999999999994,0.11538461538461538,0.8914782404899597,0.8767138123512268,0.8840343356132507
38185491,sport,fact_constrained,Mercedes Formula 1 boss Toto Wolff admits that Nico Rosberg's decision to retire took him completely by surprise - but it is only the start of his problems.,"Wolff is preparing for the 2016 Formula 1 season, and he's looking for a new team-mate.",5857,16,28,0.5714285714285714,0,0.2608695652173913,0.04545454545454545,0.13043478260869565,0.8905709385871887,0.8672601580619812,0.8787609934806824
33464480,tech,tldr,"Smoking could play a direct role in the development of schizophrenia and needs to be investigated, researchers say.","Smoking may increase the risk of developing schizophrenia, a study suggests.",2309,11,18,0.6111111111111112,0,0.3448275862068966,0.0,0.27586206896551724,0.952125072479248,0.9241007566452026,0.937903642654419
33464480,tech,bullet_points,"Smoking could play a direct role in the development of schizophrenia and needs to be investigated, researchers say.","Smoking may increase the risk of developing schizophrenia, a study suggests.",2309,11,18,0.6111111111111112,0,0.3448275862068966,0.0,0.27586206896551724,0.952125072479248,0.9241007566452026,0.937903642654419
33464480,tech,bullet_points_strict,"Smoking could play a direct role in the development of schizophrenia and needs to be investigated, researchers say.","Smokers are more likely to develop schizophrenia than non-smokers, a study suggests.",2309,12,18,0.6666666666666666,0,0.1935483870967742,0.0,0.06451612903225808,0.9189013838768005,0.909757137298584,0.9143063426017761
33464480,tech,one_sentence,"Smoking could play a direct role in the development of schizophrenia and needs to be investigated, researchers say.","Smokers are more likely to develop schizophrenia than non-smokers, a study suggests.",2309,12,18,0.6666666666666666,0,0.1935483870967742,0.0,0.06451612903225808,0.9189013838768005,0.909757137298584,0.9143063426017761
33464480,tech,fact_constrained,"Smoking could play a direct role in the development of schizophrenia and needs to be investigated, researchers say.","Smoking may increase the risk of developing schizophrenia, a study suggests.",2309,11,18,0.6111111111111112,0,0.3448275862068966,0.0,0.27586206896551724,0.952125072479248,0.9241007566452026,0.937903642654419
34692640,tech,tldr,"A family of five, including three young children, had to be rescued from a Somerset beach after their car got stuck in the mud on Saturday evening.",Two adults and three children have been rescued from a beach in Avon.,324,13,27,0.48148148148148145,0,0.35000000000000003,0.10526315789473684,0.35000000000000003,0.9247778058052063,0.9037001132965088,0.9141174554824829
34692640,tech,bullet_points,"A family of five, including three young children, had to be rescued from a Somerset beach after their car got stuck in the mud on Saturday evening.",Three people have been rescued from a beach in Avon after a tidal wave hit the area.,324,17,27,0.6296296296296297,0,0.409090909090909,0.09523809523809525,0.3181818181818182,0.918626070022583,0.9053627252578735,0.9119461178779602
34692640,tech,bullet_points_strict,"A family of five, including three young children, had to be rescued from a Somerset beach after their car got stuck in the mud on Saturday evening.",Three people have been rescued from a beach in Avon after a high tide.,324,14,27,0.5185185185185185,0,0.3902439024390244,0.10256410256410257,0.29268292682926833,0.9241299629211426,0.9060337543487549,0.9149924516677856
34692640,tech,one_sentence,"A family of five, including three young children, had to be rescued from a Somerset beach after their car got stuck in the mud on Saturday evening.",Three people have been rescued from a beach in Avon after a storm swept through the area.,324,17,27,0.6296296296296297,0,0.409090909090909,0.09523809523809525,0.3181818181818182,0.9131597280502319,0.9048890471458435,0.9090056419372559
34692640,tech,fact_constrained,"A family of five, including three young children, had to be rescued from a Somerset beach after their car got stuck in the mud on Saturday evening.",Three people have been rescued from a beach in Avon after a tidal surge.,324,14,27,0.5185185185185185,0,0.3902439024390244,0.10256410256410257,0.29268292682926833,0.925378680229187,0.9055246710777283,0.9153440594673157
28274531,politics,tldr,Former Archbishop of Canterbury Lord Carey says he will support legislation that would make it legal for terminally ill people in England and Wales to receive help to end their lives.,Lord Carey has said he has changed his mind on a bill to allow people to end their own lives at the end of their lives.,7250,26,31,0.8387096774193549,0,0.3508771929824561,0.14545454545454545,0.2807017543859649,0.9276652932167053,0.9041274189949036,0.9157451391220093
28274531,politics,bullet_points,Former Archbishop of Canterbury Lord Carey says he will support legislation that would make it legal for terminally ill people in England and Wales to receive help to end their lives.,The Archbishop of Canterbury has said he has changed his mind about a bill to allow people to end their own lives.,7250,22,31,0.7096774193548387,0,0.3773584905660377,0.1568627450980392,0.339622641509434,0.9314935803413391,0.9030026197433472,0.9170268774032593
28274531,politics,bullet_points_strict,Former Archbishop of Canterbury Lord Carey says he will support legislation that would make it legal for terminally ill people in England and Wales to receive help to end their lives.,The Archbishop of Canterbury has said he has changed his mind about a bill to allow people to end their own lives.,7250,22,31,0.7096774193548387,0,0.3773584905660377,0.1568627450980392,0.339622641509434,0.9314935803413391,0.9030026197433472,0.9170268774032593
28274531,politics,one_sentence,Former Archbishop of Canterbury Lord Carey says he will support legislation that would make it legal for terminally ill people in England and Wales to receive help to end their lives.,The Archbishop of Canterbury has said he has changed his mind about a bill to allow people to end their own lives at the end of their lives.,7250,28,31,0.9032258064516129,0,0.3389830508474576,0.17543859649122806,0.3050847457627119,0.9272466897964478,0.9055635929107666,0.9162768721580505
28274531,politics,fact_constrained,Former Archbishop of Canterbury Lord Carey says he will support legislation that would make it legal for terminally ill people in England and Wales to receive help to end their lives.,Lord Carey has said he has changed his mind about allowing people to die at the end of their lives.,7250,20,31,0.6451612903225806,0,0.3529411764705882,0.0816326530612245,0.3137254901960784,0.930534303188324,0.8927333950996399,0.9112420082092285
39072867,sport,tldr,"Leicester's decision to sack Claudio Ranieri nine months after winning the Premier League made former Foxes striker Gary Lineker ""shed a tear"".",Leicester City manager Claudio Ranieri has been sacked by Leicester City owner Vichai Srivaddhanaprabha.,8970,14,22,0.6363636363636364,0,0.16216216216216214,0.05714285714285715,0.16216216216216214,0.8365087509155273,0.8720055222511292,0.8538884520530701
39072867,sport,bullet_points,"Leicester's decision to sack Claudio Ranieri nine months after winning the Premier League made former Foxes striker Gary Lineker ""shed a tear"".","Leicester City manager Claudio Ranieri's sacking is ""inexplicable"" and ""inexplicable"" to a lot of football fans, says Match of the Day presenter Mark Lineker.",8970,24,22,1.0909090909090908,0,0.3333333333333333,0.043478260869565216,0.20833333333333331,0.8664913177490234,0.8977760076522827,0.8818562626838684
39072867,sport,bullet_points_strict,"Leicester's decision to sack Claudio Ranieri nine months after winning the Premier League made former Foxes striker Gary Lineker ""shed a tear"".","Leicester City manager Claudio Ranieri's sacking is ""inexplicable"" and ""inexplicable"" to football fans, says Match of the Day presenter Mark Lineker.",8970,21,22,0.9545454545454546,0,0.31111111111111117,0.046511627906976744,0.22222222222222224,0.8675575256347656,0.898956835269928,0.8829782009124756
39072867,sport,one_sentence,"Leicester's decision to sack Claudio Ranieri nine months after winning the Premier League made former Foxes striker Gary Lineker ""shed a tear"".","Leicester City manager Claudio Ranieri's sacking is ""inexplicable"" and ""inexplicable to a lot of football fans"", says Match of the Day presenter Mark Lineker.",8970,24,22,1.0909090909090908,0,0.3333333333333333,0.043478260869565216,0.20833333333333331,0.8664295077323914,0.8986085653305054,0.8822256922721863
39072867,sport,fact_constrained,"Leicester's decision to sack Claudio Ranieri nine months after winning the Premier League made former Foxes striker Gary Lineker ""shed a tear"".","Leicester City manager Claudio Ranieri's sacking is ""inexplicable"" and ""inexplicable to a lot football fans"", says Match of the Day presenter Mark Lineker.",8970,23,22,1.0454545454545454,0,0.3404255319148936,0.04444444444444444,0.2127659574468085,0.8642485737800598,0.8982632160186768,0.8809277415275574
22325779,tech,tldr,Rescuers are frantically trying to save about nine people located in the wreckage of a collapsed factory complex in the Bangladeshi capital Dhaka.,"At least nine people have been rescued from the rubble of a collapsed garment factory in Pakistan, officials say.",4181,19,23,0.8260869565217391,0,0.380952380952381,0.15,0.380952380952381,0.9373404383659363,0.9141663908958435,0.9256083965301514
22325779,tech,bullet_points,Rescuers are frantically trying to save about nine people located in the wreckage of a collapsed factory complex in the Bangladeshi capital Dhaka.,"At least nine people have been rescued from the rubble of a collapsed garment factory in the Indian city of Mumbai, officials say.",4181,23,23,1.0,0,0.391304347826087,0.18181818181818182,0.391304347826087,0.935184121131897,0.9160439372062683,0.9255151152610779
22325779,tech,bullet_points_strict,Rescuers are frantically trying to save about nine people located in the wreckage of a collapsed factory complex in the Bangladeshi capital Dhaka.,"At least nine people have been rescued from the rubble of a collapsed garment factory in the Indian city of Savar, officials say.",4181,23,23,1.0,0,0.391304347826087,0.18181818181818182,0.391304347826087,0.9190141558647156,0.9138476252555847,0.9164236187934875
22325779,tech,one_sentence,Rescuers are frantically trying to save about nine people located in the wreckage of a collapsed factory complex in the Bangladeshi capital Dhaka.,"At least nine people have been rescued from the rubble of a collapsed garment factory in the Indian state of Maharashtra, officials say.",4181,23,23,1.0,0,0.391304347826087,0.18181818181818182,0.391304347826087,0.9317776560783386,0.9126074910163879,0.9220929741859436
22325779,tech,fact_constrained,Rescuers are frantically trying to save about nine people located in the wreckage of a collapsed factory complex in the Bangladeshi capital Dhaka.,"At least nine people have been rescued from the rubble of the collapsed Rana Plaza building in the Indian city of Mumbai, officials say.",4181,24,23,1.0434782608695652,0,0.2978723404255319,0.08888888888888888,0.2978723404255319,0.9203307032585144,0.9127996563911438,0.9165497422218323
40617914,sport,tldr,Dundee United have signed their second goalkeeper in a week by bringing in Harry Lewis on loan from Southampton.,Tannadice United have signed Southampton goalkeeper Harry Lewis on a one-year deal.,1697,12,19,0.631578947368421,0,0.5625,0.26666666666666666,0.4375,0.9210096597671509,0.9156597256660461,0.9183268547058105
40617914,sport,bullet_points,Dundee United have signed their second goalkeeper in a week by bringing in Harry Lewis on loan from Southampton.,Tannadice United have signed Southampton goalkeeper Harry Lewis on a one-year deal.,1697,12,19,0.631578947368421,0,0.5625,0.26666666666666666,0.4375,0.9210096597671509,0.9156597256660461,0.9183268547058105
40617914,sport,bullet_points_strict,Dundee United have signed their second goalkeeper in a week by bringing in Harry Lewis on loan from Southampton.,Tannadice United have signed Southampton goalkeeper Harry Lewis on a one-year deal.,1697,12,19,0.631578947368421,0,0.5625,0.26666666666666666,0.4375,0.9210096597671509,0.9156597256660461,0.9183268547058105
40617914,sport,one_sentence,Dundee United have signed their second goalkeeper in a week by bringing in Harry Lewis on loan from Southampton.,Tannadice United have signed Southampton goalkeeper Harry Lewis on a one-year deal.,1697,12,19,0.631578947368421,0,0.5625,0.26666666666666666,0.4375,0.9210096597671509,0.9156597256660461,0.9183268547058105
40617914,sport,fact_constrained,Dundee United have signed their second goalkeeper in a week by bringing in Harry Lewis on loan from Southampton.,Tannadice United have signed Southampton goalkeeper Harry Lewis on a one-year deal.,1697,12,19,0.631578947368421,0,0.5625,0.26666666666666666,0.4375,0.9210096597671509,0.9156597256660461,0.9183268547058105
38125603,sport,tldr,Celtic cruised to a 3-0 win over Aberdeen at Hampden Park as Brendan Rodgers secured his first trophy as the Scottish Premiership leaders' manager.,Celtic goalkeeper Pat Bonner looks at the victors' performance in the Scottish League Cup final.,4564,15,24,0.625,0,0.2,0.052631578947368425,0.2,0.8897799253463745,0.8714996576309204,0.880544900894165
38125603,sport,bullet_points,Celtic cruised to a 3-0 win over Aberdeen at Hampden Park as Brendan Rodgers secured his first trophy as the Scottish Premiership leaders' manager.,Celtic goalkeeper's mark out of 10 for the victors in the Scottish League Cup final,4564,15,24,0.625,0,0.14634146341463414,0.05128205128205127,0.14634146341463414,0.876461923122406,0.8636395335197449,0.8700034618377686
38125603,sport,bullet_points_strict,Celtic cruised to a 3-0 win over Aberdeen at Hampden Park as Brendan Rodgers secured his first trophy as the Scottish Premiership leaders' manager.,Celtic goalkeeper Pat Bonner looks at the victors' performance in the Scottish League Cup final.,4564,15,24,0.625,0,0.2,0.052631578947368425,0.2,0.8897799253463745,0.8714996576309204,0.880544900894165
38125603,sport,one_sentence,Celtic cruised to a 3-0 win over Aberdeen at Hampden Park as Brendan Rodgers secured his first trophy as the Scottish Premiership leaders' manager.,Celtic goalkeeper's hat-trick in the final of the Scottish League Cup final.,4564,12,24,0.5,0,0.15384615384615383,0.05405405405405406,0.15384615384615383,0.8855071067810059,0.8577920198440552,0.8714292049407959
38125603,sport,fact_constrained,Celtic cruised to a 3-0 win over Aberdeen at Hampden Park as Brendan Rodgers secured his first trophy as the Scottish Premiership leaders' manager.,Brendan O'Connor header into the bottom corner of the net to give Celtic a 3-0 lead at the top of the table.,4564,22,24,0.9166666666666666,0,0.32653061224489793,0.0851063829787234,0.24489795918367346,0.8616205453872681,0.8718866109848022,0.8667231798171997
30992607,politics,tldr,For three weeks Alexander Litvinenko desperately tried to fight off the radiation that was destroying his body from within.,Alexander Litvinenko was poisoned by radioactive Polonium 210.,5154,8,19,0.42105263157894735,0,0.22222222222222218,0.08,0.22222222222222218,0.8854252099990845,0.8813209533691406,0.8833683133125305
30992607,politics,bullet_points,For three weeks Alexander Litvinenko desperately tried to fight off the radiation that was destroying his body from within.,"Alexander Litvinenko, a former FSB officer who had become a fierce critic of Vladimir Putin, was killed by radioactive Polonium 210.",5154,21,19,1.105263157894737,0,0.15,0.052631578947368425,0.15,0.8707534074783325,0.8853095769882202,0.8779711127281189
30992607,politics,bullet_points_strict,For three weeks Alexander Litvinenko desperately tried to fight off the radiation that was destroying his body from within.,Alexander Litvinenko's death was not a'state sponsored nuclear terrorism' - it was an act of state sponsored nuclear terrorism on the streets of London.,5154,24,19,1.263157894736842,0,0.1818181818181818,0.04761904761904762,0.13636363636363635,0.8594458103179932,0.8819190263748169,0.8705374002456665
30992607,politics,one_sentence,For three weeks Alexander Litvinenko desperately tried to fight off the radiation that was destroying his body from within.,"Alexander Litvinenko, a former FSB officer, was poisoned by radioactive Polonium 210.",5154,12,19,0.631578947368421,0,0.1935483870967742,0.06896551724137931,0.1935483870967742,0.8841358423233032,0.8860194683074951,0.885076642036438
30992607,politics,fact_constrained,For three weeks Alexander Litvinenko desperately tried to fight off the radiation that was destroying his body from within.,Alexander Litvinenko was poisoned by radioactive Polonium 210.,5154,8,19,0.42105263157894735,0,0.22222222222222218,0.08,0.22222222222222218,0.8854252099990845,0.8813209533691406,0.8833683133125305
38252691,business,tldr,Auditors have questioned the way a health board handled funding awarded to a celebrity-led charity event.,A health board has been criticised for failing to properly manage its funding for an event to raise awareness of organ donation laws.,2388,23,16,1.4375,0,0.3,0.10526315789473685,0.25,0.9126867651939392,0.9208052754402161,0.9167280197143555
38252691,business,bullet_points,Auditors have questioned the way a health board handled funding awarded to a celebrity-led charity event.,A Welsh health board has been criticised by auditors over its handling of a fundraising event to raise awareness of organ donation laws.,2388,23,16,1.4375,0,0.35,0.052631578947368425,0.25,0.9118354320526123,0.9283088445663452,0.9199983477592468
38252691,business,bullet_points_strict,Auditors have questioned the way a health board handled funding awarded to a celebrity-led charity event.,"Auditors have questioned a Welsh health board's handling of a charity event which raised more than £150,000.",2388,17,16,1.0625,0,0.5,0.23529411764705882,0.5,0.9171236157417297,0.9433419108390808,0.9300479888916016
38252691,business,one_sentence,Auditors have questioned the way a health board handled funding awarded to a celebrity-led charity event.,A Welsh health board has been criticised by auditors over its handling of a fundraising event to raise awareness of organ donation laws.,2388,23,16,1.4375,0,0.35,0.052631578947368425,0.25,0.9118354320526123,0.9283088445663452,0.9199983477592468
38252691,business,fact_constrained,Auditors have questioned the way a health board handled funding awarded to a celebrity-led charity event.,A health board has been criticised for failing to properly manage its funding for a charity raising awareness of organ donation.,2388,21,16,1.3125,0,0.36842105263157887,0.11111111111111112,0.31578947368421056,0.9163859486579895,0.921359658241272,0.9188660979270935
36066329,entertainment,tldr,An 85-year-old woman has died after being struck by a bin lorry in Edinburgh.,A woman has been injured in a bin lorry accident in Glasgow.,536,12,14,0.8571428571428571,0,0.42857142857142855,0.23076923076923075,0.42857142857142855,0.9601467847824097,0.9311574101448059,0.9454299211502075
36066329,entertainment,bullet_points,An 85-year-old woman has died after being struck by a bin lorry in Edinburgh.,A woman has died after a bin lorry smashed into a woman's car.,536,13,14,0.9285714285714286,0,0.4666666666666667,0.3571428571428571,0.4666666666666667,0.9529483914375305,0.9295153617858887,0.9410860538482666
36066329,entertainment,bullet_points_strict,An 85-year-old woman has died after being struck by a bin lorry in Edinburgh.,A bin lorry driver has been arrested after a woman was spotted walking with a wheeled walking aid.,536,18,14,1.2857142857142858,0,0.35294117647058826,0.125,0.17647058823529413,0.8946186900138855,0.9103699922561646,0.9024256467819214
36066329,entertainment,one_sentence,An 85-year-old woman has died after being struck by a bin lorry in Edinburgh.,A woman has been taken to hospital after a bin lorry smashed into her car.,536,15,14,1.0714285714285714,0,0.38709677419354843,0.20689655172413796,0.38709677419354843,0.9311244487762451,0.9273551106452942,0.9292359948158264
36066329,entertainment,fact_constrained,An 85-year-old woman has died after being struck by a bin lorry in Edinburgh.,A bin lorry driver has been arrested after a woman was spotted walking with a wheeled walking aid.,536,18,14,1.2857142857142858,0,0.35294117647058826,0.125,0.17647058823529413,0.8946186900138855,0.9103699922561646,0.9024256467819214
38872959,tech,tldr,"A tractor being driven by a 15-year-old boy ""as a taxi for his drunk mates"" has been stopped by police in North Yorkshire.",A 15-year-old boy has been arrested on suspicion of driving a tractor as a taxi.,523,15,23,0.6521739130434783,0,0.5714285714285713,0.4,0.38095238095238104,0.9498655796051025,0.9212462306022644,0.9353370070457458
38872959,tech,bullet_points,"A tractor being driven by a 15-year-old boy ""as a taxi for his drunk mates"" has been stopped by police in North Yorkshire.",A 15-year-old boy has been arrested on suspicion of driving a tractor as a taxi for his drunk mates.,523,19,23,0.8260869565217391,0,0.6956521739130435,0.5454545454545454,0.5217391304347826,0.9592479467391968,0.9437987804412842,0.9514606595039368
38872959,tech,bullet_points_strict,"A tractor being driven by a 15-year-old boy ""as a taxi for his drunk mates"" has been stopped by police in North Yorkshire.",A 15-year-old boy has been arrested on suspicion of driving a tractor as a taxi.,523,15,23,0.6521739130434783,0,0.5714285714285713,0.4,0.38095238095238104,0.9498655796051025,0.9212462306022644,0.9353370070457458
38872959,tech,one_sentence,"A tractor being driven by a 15-year-old boy ""as a taxi for his drunk mates"" has been stopped by police in North Yorkshire.",A 15-year-old boy has been arrested on suspicion of driving a tractor as a taxi for his drunk mates.,523,19,23,0.8260869565217391,0,0.6956521739130435,0.5454545454545454,0.5217391304347826,0.9592479467391968,0.9437987804412842,0.9514606595039368
38872959,tech,fact_constrained,"A tractor being driven by a 15-year-old boy ""as a taxi for his drunk mates"" has been stopped by police in North Yorkshire.",A 15-year-old boy has been arrested on suspicion of driving a tractor as a taxi for his drunk mates.,523,19,23,0.8260869565217391,0,0.6956521739130435,0.5454545454545454,0.5217391304347826,0.9592479467391968,0.9437987804412842,0.9514606595039368
40754122,tech,tldr,"A man accused of claiming almost Â£10,000 after allegedly pretending his family died in the Grenfell Tower fire has denied two counts of fraud.",A man accused of defrauding charities and Kensington and Chelsea Council has appeared in court.,850,15,24,0.625,0,0.3,0.15789473684210525,0.25,0.8835462331771851,0.8534981608390808,0.8682623505592346
40754122,tech,bullet_points,"A man accused of claiming almost Â£10,000 after allegedly pretending his family died in the Grenfell Tower fire has denied two counts of fraud.",A man has appeared in court charged with fraud after claiming to be a victim of the London Tower block fire.,850,21,24,0.875,0,0.4782608695652174,0.04545454545454545,0.2608695652173913,0.9208968877792358,0.8823399543762207,0.9012061953544617
40754122,tech,bullet_points_strict,"A man accused of claiming almost Â£10,000 after allegedly pretending his family died in the Grenfell Tower fire has denied two counts of fraud.",A man has appeared in court charged with fraud after claiming to be a victim of a London tower block fire.,850,21,24,0.875,0,0.43478260869565216,0.04545454545454545,0.21739130434782608,0.9218879342079163,0.8802475333213806,0.9005866646766663
40754122,tech,one_sentence,"A man accused of claiming almost Â£10,000 after allegedly pretending his family died in the Grenfell Tower fire has denied two counts of fraud.",A man has appeared in court charged with fraud after claiming to be a victim of the London Tower block fire.,850,21,24,0.875,0,0.4782608695652174,0.04545454545454545,0.2608695652173913,0.9208968877792358,0.8823399543762207,0.9012061953544617
40754122,tech,fact_constrained,"A man accused of claiming almost Â£10,000 after allegedly pretending his family died in the Grenfell Tower fire has denied two counts of fraud.",A man has appeared in court charged with fraud after he claimed to have lived in a block of flats after a tower block fire.,850,25,24,1.0416666666666667,0,0.36,0.041666666666666664,0.24,0.9157867431640625,0.881013035774231,0.8980633616447449
38458406,politics,tldr,"In our series of letters from African journalists, media and communications trainer Joseph Warungu gives a personal guide to some of the key people, places and events to watch out for in Africa in 2017.","Africa will go through six human actions this year - stand, kneel, squat, bow, fall and then rise again.",7770,19,35,0.5428571428571428,0,0.07547169811320754,0.0,0.03773584905660377,0.8301492929458618,0.8291749954223633,0.8296619057655334
38458406,politics,bullet_points,"In our series of letters from African journalists, media and communications trainer Joseph Warungu gives a personal guide to some of the key people, places and events to watch out for in Africa in 2017.",Africa is going into a squat position.,7770,7,35,0.2,0,0.09523809523809522,0.0,0.04761904761904761,0.8865562677383423,0.8241112232208252,0.8541940450668335
38458406,politics,bullet_points_strict,"In our series of letters from African journalists, media and communications trainer Joseph Warungu gives a personal guide to some of the key people, places and events to watch out for in Africa in 2017.","Africa will go through six human actions this year - stand, kneel, squat, bow, fall and then rise again.",7770,19,35,0.5428571428571428,0,0.07547169811320754,0.0,0.03773584905660377,0.8301492929458618,0.8291749954223633,0.8296619057655334
38458406,politics,one_sentence,"In our series of letters from African journalists, media and communications trainer Joseph Warungu gives a personal guide to some of the key people, places and events to watch out for in Africa in 2017.",Nigerians are going into depression and d,7770,7,35,0.2,0,0.04761904761904761,0.0,0.04761904761904761,0.8355648517608643,0.8203445076942444,0.8278847336769104
38458406,politics,fact_constrained,"In our series of letters from African journalists, media and communications trainer Joseph Warungu gives a personal guide to some of the key people, places and events to watch out for in Africa in 2017.",Africa is going through six human actions this year.,7770,9,35,0.2571428571428571,0,0.04545454545454545,0.0,0.04545454545454545,0.8767092227935791,0.825589120388031,0.85038161277771
36462386,business,tldr,"A farmer told to demolish a mock Tudor castle that was built without planning permission has vowed to rebuild ""the work of art"" elsewhere.","A man who built a ""work of art"" has told a judge he will ""fully comply"" with council enforcement notices.",1611,20,24,0.8333333333333334,0,0.3636363636363636,0.09523809523809525,0.22727272727272727,0.9101841449737549,0.8858795166015625,0.8978673815727234
36462386,business,bullet_points,"A farmer told to demolish a mock Tudor castle that was built without planning permission has vowed to rebuild ""the work of art"" elsewhere.","A man who built a ""work of art"" has told a judge he will not be jailed.",1611,17,24,0.7083333333333334,0,0.39024390243902435,0.10256410256410256,0.24390243902439027,0.9163563251495361,0.8835236430168152,0.8996405005455017
36462386,business,bullet_points_strict,"A farmer told to demolish a mock Tudor castle that was built without planning permission has vowed to rebuild ""the work of art"" elsewhere.","A man who built a ""work of art"" has told a judge he will ""fully comply"" with council enforcement notices.",1611,20,24,0.8333333333333334,0,0.3636363636363636,0.09523809523809525,0.22727272727272727,0.9101841449737549,0.8858795166015625,0.8978673815727234
36462386,business,one_sentence,"A farmer told to demolish a mock Tudor castle that was built without planning permission has vowed to rebuild ""the work of art"" elsewhere.","A man who built a ""work of art"" has told a judge he will not be jailed.",1611,17,24,0.7083333333333334,0,0.39024390243902435,0.10256410256410256,0.24390243902439027,0.9163563251495361,0.8835236430168152,0.8996405005455017
36462386,business,fact_constrained,"A farmer told to demolish a mock Tudor castle that was built without planning permission has vowed to rebuild ""the work of art"" elsewhere.","A man who built a ""work of art"" has told a judge he will ""fully comply"" with council enforcement notices.",1611,20,24,0.8333333333333334,0,0.3636363636363636,0.09523809523809525,0.22727272727272727,0.9101841449737549,0.8858795166015625,0.8978673815727234
34043497,business,tldr,"Full services on Nottingham's new tram lines have started, eight months behind schedule.",The first public trams to open in Nottingham have started running.,2237,11,13,0.8461538461538461,0,0.23999999999999996,0.08695652173913043,0.23999999999999996,0.9365091323852539,0.9087287187576294,0.9224097728729248
34043497,business,bullet_points,"Full services on Nottingham's new tram lines have started, eight months behind schedule.",The first public trams to open in Nottingham have opened at 06:00 BST.,2237,13,13,1.0,0,0.14285714285714285,0.0,0.14285714285714285,0.8923662900924683,0.8986217379570007,0.8954830765724182
34043497,business,bullet_points_strict,"Full services on Nottingham's new tram lines have started, eight months behind schedule.",The first public trams to open in Nottingham have started running.,2237,11,13,0.8461538461538461,0,0.23999999999999996,0.08695652173913043,0.23999999999999996,0.9365091323852539,0.9087287187576294,0.9224097728729248
34043497,business,one_sentence,"Full services on Nottingham's new tram lines have started, eight months behind schedule.",The first public trams to open in Nottingham have opened at 06:00 BST.,2237,13,13,1.0,0,0.14285714285714285,0.0,0.14285714285714285,0.8923662900924683,0.8986217379570007,0.8954830765724182
34043497,business,fact_constrained,"Full services on Nottingham's new tram lines have started, eight months behind schedule.",The first public trams to open in Nottingham have started running.,2237,11,13,0.8461538461538461,0,0.23999999999999996,0.08695652173913043,0.23999999999999996,0.9365091323852539,0.9087287187576294,0.9224097728729248
40729647,tech,tldr,Thieves broke into vans and stole tools being used by a team working on a life-changing project for TV show DIY SOS.,Two vans have been stolen from a project to extend the home of a mother who died from cancer.,1169,19,22,0.8636363636363636,0,0.1904761904761905,0.0,0.14285714285714288,0.8975327014923096,0.8924038410186768,0.894960880279541
40729647,tech,bullet_points,Thieves broke into vans and stole tools being used by a team working on a life-changing project for TV show DIY SOS.,"Two vans have been stolen from a DIY SOS project in Birmingham, the BBC has said.",1169,16,22,0.7272727272727273,0,0.2564102564102564,0.05405405405405406,0.20512820512820512,0.9158205986022949,0.9090557098388672,0.9124255776405334
40729647,tech,bullet_points_strict,Thieves broke into vans and stole tools being used by a team working on a life-changing project for TV show DIY SOS.,Two vans and a Mercedes Sprinter have been stolen from a DIY SOS project in Birmingham.,1169,16,22,0.7272727272727273,0,0.358974358974359,0.10810810810810811,0.30769230769230765,0.8972377777099609,0.9024626016616821,0.8998426198959351
40729647,tech,one_sentence,Thieves broke into vans and stole tools being used by a team working on a life-changing project for TV show DIY SOS.,Two vans and tools have been stolen from a project to extend the home of a mother who died from cancer.,1169,21,22,0.9545454545454546,0,0.2727272727272727,0.04761904761904762,0.22727272727272724,0.8957506418228149,0.8976987600326538,0.8967236280441284
40729647,tech,fact_constrained,Thieves broke into vans and stole tools being used by a team working on a life-changing project for TV show DIY SOS.,Two vans have been stolen from a project to extend the home of a mother-of-two in Birmingham.,1169,17,22,0.7727272727272727,0,0.1904761904761905,0.0,0.14285714285714288,0.9006699919700623,0.8903900980949402,0.8955005407333374
35538968,business,tldr,Oil and gas exploration firm Tullow Oil has reported a pre-tax loss of £1.3bn for the year to 31 December as low oil prices bit into revenues.,Tullow Oil has reported a loss of £1.6bn in the first half of the year.,1410,15,27,0.5555555555555556,0,0.4444444444444445,0.32558139534883723,0.4444444444444445,0.9611020088195801,0.9029873609542847,0.9311387538909912
35538968,business,bullet_points,Oil and gas exploration firm Tullow Oil has reported a pre-tax loss of £1.3bn for the year to 31 December as low oil prices bit into revenues.,Tullow Oil has reported a loss of £1.5bn in the first half of the year.,1410,15,27,0.5555555555555556,0,0.4444444444444445,0.32558139534883723,0.4444444444444445,0.9608488082885742,0.9030063152313232,0.9310300350189209
35538968,business,bullet_points_strict,Oil and gas exploration firm Tullow Oil has reported a pre-tax loss of £1.3bn for the year to 31 December as low oil prices bit into revenues.,Tullow Oil has reported a loss of £1.5bn in the first half of the year.,1410,15,27,0.5555555555555556,0,0.4444444444444445,0.32558139534883723,0.4444444444444445,0.9608488082885742,0.9030063152313232,0.9310300350189209
35538968,business,one_sentence,Oil and gas exploration firm Tullow Oil has reported a pre-tax loss of £1.3bn for the year to 31 December as low oil prices bit into revenues.,Tullow Oil has reported a loss of £1.2bn in the first half of the year.,1410,15,27,0.5555555555555556,0,0.4444444444444445,0.32558139534883723,0.4444444444444445,0.9620199203491211,0.9035886526107788,0.9318892359733582
35538968,business,fact_constrained,Oil and gas exploration firm Tullow Oil has reported a pre-tax loss of £1.3bn for the year to 31 December as low oil prices bit into revenues.,Tullow Oil has reported a loss of £1.5bn in the first half of the year.,1410,15,27,0.5555555555555556,0,0.4444444444444445,0.32558139534883723,0.4444444444444445,0.9608488082885742,0.9030063152313232,0.9310300350189209
26546100,tech,tldr,EE has come out on top and Vodafone last in one of the UK's most comprehensive tests of mobile networks.,"EE and Three have been rated ""very well"" in a new survey of mobile operators in the UK.",3559,18,20,0.9,0,0.358974358974359,0.1081081081081081,0.30769230769230765,0.9093786478042603,0.8894249200820923,0.8992910981178284
26546100,tech,bullet_points,EE has come out on top and Vodafone last in one of the UK's most comprehensive tests of mobile networks.,"EE and Three have been rated ""very well"" in a new survey of mobile operators in the UK.",3559,18,20,0.9,0,0.358974358974359,0.1081081081081081,0.30769230769230765,0.9093786478042603,0.8894249200820923,0.8992910981178284
26546100,tech,bullet_points_strict,EE has come out on top and Vodafone last in one of the UK's most comprehensive tests of mobile networks.,"EE and Three have been rated ""very well"" in a new survey of mobile operators in the UK.",3559,18,20,0.9,0,0.358974358974359,0.1081081081081081,0.30769230769230765,0.9093786478042603,0.8894249200820923,0.8992910981178284
26546100,tech,one_sentence,EE has come out on top and Vodafone last in one of the UK's most comprehensive tests of mobile networks.,"EE has been rated the best mobile operator in the UK in a series of tests, the BBC has learned.",3559,20,20,1.0,0,0.3902439024390244,0.10256410256410256,0.2926829268292683,0.9108853340148926,0.890445351600647,0.9005494117736816
26546100,tech,fact_constrained,EE has come out on top and Vodafone last in one of the UK's most comprehensive tests of mobile networks.,"EE and Three have been rated as the best mobile operators in the UK, according to a new study.",3559,19,20,0.95,0,0.3,0.052631578947368425,0.25,0.9109563231468201,0.8864001631736755,0.8985104560852051
37949101,tech,tldr,A man who tried to get home on a 2.5 tonne road roller after a night out drinking in Dumfries has received a 15-month driving ban.,A man has been given a driving ban after taking a roller from Brooms Road to Dumfries.,684,17,26,0.6538461538461539,0,0.5333333333333333,0.09302325581395349,0.26666666666666666,0.9237995147705078,0.8866410255432129,0.9048389792442322
37949101,tech,bullet_points,A man who tried to get home on a 2.5 tonne road roller after a night out drinking in Dumfries has received a 15-month driving ban.,A Dumfries man has been given a driving ban after admitting stealing a rollercoaster from a homeless accommodation.,684,18,26,0.6923076923076923,0,0.43478260869565216,0.04545454545454545,0.2608695652173913,0.9065765142440796,0.8830348253250122,0.8946508765220642
37949101,tech,bullet_points_strict,A man who tried to get home on a 2.5 tonne road roller after a night out drinking in Dumfries has received a 15-month driving ban.,A Dumfries man has been given a driving ban after admitting taking a roller from Brooms Road to Dumfries.,684,19,26,0.7307692307692307,0,0.5106382978723404,0.04444444444444444,0.2553191489361702,0.9163609743118286,0.8812605142593384,0.8984680771827698
37949101,tech,one_sentence,A man who tried to get home on a 2.5 tonne road roller after a night out drinking in Dumfries has received a 15-month driving ban.,A Dumfries man has been given a driving ban after admitting taking a roller from Brooms Road to Dumfries.,684,19,26,0.7307692307692307,0,0.5106382978723404,0.04444444444444444,0.2553191489361702,0.9163609743118286,0.8812605142593384,0.8984680771827698
37949101,tech,fact_constrained,A man who tried to get home on a 2.5 tonne road roller after a night out drinking in Dumfries has received a 15-month driving ban.,A Dumfries man has been given a driving ban after he took a roller from Brooms Road to Dumfries.,684,19,26,0.7307692307692307,0,0.5106382978723404,0.04444444444444444,0.2553191489361702,0.918691098690033,0.8837050199508667,0.9008585214614868
31090761,politics,tldr,"Nearly all of the chaotically built homes in the small community of Vila Uniao in the west of Rio have ""SMH"" painted onto their walls.",Rio de Janeiro's Vila Uniao neighbourhood has been saved from demolition.,4504,11,25,0.44,0,0.16216216216216217,0.05714285714285715,0.10810810810810811,0.9153710007667542,0.8768471479415894,0.8956949710845947
31090761,politics,bullet_points,"Nearly all of the chaotically built homes in the small community of Vila Uniao in the west of Rio have ""SMH"" painted onto their walls.","Vila Uniao, a neighbourhood in Rio de Janeiro, has been renamed Vila Uniao.",4504,13,25,0.52,0,0.2105263157894737,0.05555555555555555,0.2105263157894737,0.9130907654762268,0.8732064366340637,0.8927033543586731
31090761,politics,bullet_points_strict,"Nearly all of the chaotically built homes in the small community of Vila Uniao in the west of Rio have ""SMH"" painted onto their walls.","Vila Uniao, a neighbourhood in Rio de Janeiro, has been saved from demolition by the government.",4504,16,25,0.64,0,0.24390243902439027,0.05128205128205127,0.19512195121951217,0.9149118661880493,0.8832945227622986,0.8988252878189087
31090761,politics,one_sentence,"Nearly all of the chaotically built homes in the small community of Vila Uniao in the west of Rio have ""SMH"" painted onto their walls.","Vila Uniao, a neighbourhood in Rio de Janeiro, has been saved from demolition by the government.",4504,16,25,0.64,0,0.24390243902439027,0.05128205128205127,0.19512195121951217,0.9149118661880493,0.8832945227622986,0.8988252878189087
31090761,politics,fact_constrained,"Nearly all of the chaotically built homes in the small community of Vila Uniao in the west of Rio have ""SMH"" painted onto their walls.","Vila Uniao, a neighbourhood in Rio de Janeiro, has been saved from demolition.",4504,13,25,0.52,0,0.2105263157894737,0.05555555555555555,0.2105263157894737,0.9207693934440613,0.8814566135406494,0.9006841778755188
27691207,business,tldr,"A key safety limit at one of Britain's nuclear power stations is being raised to allow the life of the reactor to be extended, the BBC has learned.","A nuclear power station could have breached its safety margins if it failed to lose its graphite bricks, the Office for Nuclear Regulation (ONR) says.",3728,25,28,0.8928571428571429,0,0.22222222222222224,0.03846153846153846,0.1851851851851852,0.8762721419334412,0.8933827877044678,0.8847447037696838
27691207,business,bullet_points,"A key safety limit at one of Britain's nuclear power stations is being raised to allow the life of the reactor to be extended, the BBC has learned.",A nuclear power station could have breached its safety margins if it had not heeded the warnings from the Office for Nuclear Regulation.,3728,23,28,0.8214285714285714,0,0.23076923076923075,0.04,0.19230769230769232,0.8883043527603149,0.8886554837226868,0.8884798288345337
27691207,business,bullet_points_strict,"A key safety limit at one of Britain's nuclear power stations is being raised to allow the life of the reactor to be extended, the BBC has learned.","A nuclear power station could have breached its safety margins if it failed to lose its graphite bricks, the Office for Nuclear Regulation (ONR) says.",3728,25,28,0.8928571428571429,0,0.22222222222222224,0.03846153846153846,0.1851851851851852,0.8762721419334412,0.8933827877044678,0.8847447037696838
27691207,business,one_sentence,"A key safety limit at one of Britain's nuclear power stations is being raised to allow the life of the reactor to be extended, the BBC has learned.",UK regulators have agreed to raise the safety margin for a nuclear reactor that is cracking and starting to lose weight.,3728,21,28,0.75,0,0.32,0.0,0.16,0.9063729643821716,0.9030541181564331,0.9047105312347412
27691207,business,fact_constrained,"A key safety limit at one of Britain's nuclear power stations is being raised to allow the life of the reactor to be extended, the BBC has learned.","The Office for Nuclear Regulation (ONR) has said it is ""making good progress"" in a bid to raise the safety margin at a nuclear reactor.",3728,25,28,0.8928571428571429,0,0.3703703703703704,0.0,0.1851851851851852,0.8911276459693909,0.9004921913146973,0.8957854509353638
33719206,sport,tldr,"A US dentist has killed a lion in Zimbabwe, Africa.","Cecil Palmer's death has prompted a huge reaction from many on social media, with tens of thousands of people signing a petition asking for Cecil's killer to be punished for what he did",2675,33,10,3.3,0,0.13333333333333333,0.0,0.08888888888888888,0.8276594281196594,0.8632127046585083,0.845062255859375
33719206,sport,bullet_points,"A US dentist has killed a lion in Zimbabwe, Africa.","Cecil Palmer's death has prompted a huge reaction from many on social media, with tens of thousands of people signing a petition calling for the killer to be punished.",2675,29,10,2.9,0,0.15,0.0,0.1,0.8409790992736816,0.8682433366775513,0.854393720626831
33719206,sport,bullet_points_strict,"A US dentist has killed a lion in Zimbabwe, Africa.",Hundreds of people have signed a petition calling for Cecil Palmer's killer to be punished for what he did.,2675,19,10,1.9,0,0.06666666666666667,0.0,0.06666666666666667,0.8669362664222717,0.8668094873428345,0.8668728470802307
33719206,sport,one_sentence,"A US dentist has killed a lion in Zimbabwe, Africa.","Cecil Palmer, a lion hunter from Minnesota, has been shot dead by a lion.",2675,14,10,1.4,0,0.3333333333333333,0.09090909090909093,0.3333333333333333,0.899996817111969,0.9078941941261292,0.903928279876709
33719206,sport,fact_constrained,"A US dentist has killed a lion in Zimbabwe, Africa.","Cecil Palmer's death has prompted a huge reaction from many on social media, with tens of thousands of people signing a petition asking for Cecil's killer to be punished for what he did.",2675,33,10,3.3,0,0.13333333333333333,0.0,0.08888888888888888,0.8391714096069336,0.8682552576065063,0.8534656167030334
38484254,business,tldr,"A whisky distillery plans to invest £580,000 in community projects to mark its 200 years on the island of Islay.",The Lagavulin 200 Legacy is raising money for Islay's heritage.,2354,10,20,0.5,0,0.18749999999999997,0.0,0.125,0.856766939163208,0.8719611763954163,0.8642973303794861
38484254,business,bullet_points,"A whisky distillery plans to invest £580,000 in community projects to mark its 200 years on the island of Islay.",The Lagavulin distillery is celebrating its 200th anniversary with a whisky tribute to the island.,2354,15,20,0.75,0,0.3888888888888889,0.11764705882352941,0.2777777777777778,0.9044570326805115,0.8963364958763123,0.9003784656524658
38484254,business,bullet_points_strict,"A whisky distillery plans to invest £580,000 in community projects to mark its 200 years on the island of Islay.",The Lagavulin distillery on Islay is celebrating its 200th anniversary.,2354,10,20,0.5,0,0.3225806451612903,0.0,0.19354838709677416,0.9088426828384399,0.8996971845626831,0.9042468070983887
38484254,business,one_sentence,"A whisky distillery plans to invest £580,000 in community projects to mark its 200 years on the island of Islay.",Lagavulin is celebrating 200 years of whisky production on Islay.,2354,10,20,0.5,0,0.3870967741935483,0.06896551724137932,0.25806451612903225,0.9060380458831787,0.8972629308700562,0.9016291499137878
38484254,business,fact_constrained,"A whisky distillery plans to invest £580,000 in community projects to mark its 200 years on the island of Islay.",The Lagavulin distillery on Islay is celebrating its 200th anniversary.,2354,10,20,0.5,0,0.3225806451612903,0.0,0.19354838709677416,0.9088426828384399,0.8996971845626831,0.9042468070983887
23885509,entertainment,tldr,"David Hockney's assistant died after drinking acid at the painter's home, an inquest has heard.","A ""Jekyll and Hyde"" artist died after he drank acid, an inquest has heard.",3901,14,15,0.9333333333333333,0,0.45161290322580644,0.27586206896551724,0.45161290322580644,0.904790461063385,0.914811372756958,0.9097733497619629
23885509,entertainment,bullet_points,"David Hockney's assistant died after drinking acid at the painter's home, an inquest has heard.","A ""Jekyll and Hyde"" artist died after he drank acid, an inquest has heard.",3901,14,15,0.9333333333333333,0,0.45161290322580644,0.27586206896551724,0.45161290322580644,0.904790461063385,0.914811372756958,0.9097733497619629
23885509,entertainment,bullet_points_strict,"David Hockney's assistant died after drinking acid at the painter's home, an inquest has heard.","A ""Jekyll and Hyde"" artist died after he drank acid, an inquest has heard.",3901,14,15,0.9333333333333333,0,0.45161290322580644,0.27586206896551724,0.45161290322580644,0.904790461063385,0.914811372756958,0.9097733497619629
23885509,entertainment,one_sentence,"David Hockney's assistant died after drinking acid at the painter's home, an inquest has heard.","A ""Jekyll and Hyde"" artist died after he drank acid, an inquest has heard.",3901,14,15,0.9333333333333333,0,0.45161290322580644,0.27586206896551724,0.45161290322580644,0.904790461063385,0.914811372756958,0.9097733497619629
23885509,entertainment,fact_constrained,"David Hockney's assistant died after drinking acid at the painter's home, an inquest has heard.",The death of a painter whose body was charred by acid has been described by a coroner at an inquest.,3901,20,15,1.3333333333333333,0,0.37837837837837834,0.05714285714285714,0.2162162162162162,0.9195743203163147,0.8991581201553345,0.9092516303062439
37144514,sport,tldr,"Nigeria's Olympic rower Chierika Ukogu has an inspirational story - but without the mistaken promotion of US rapper Snoop Dogg, she is likely to have sunk without trace.",Nigerian rower Chierika Ukogu has won a silver medal at the Rio Olympics.,2923,13,28,0.4642857142857143,0,0.24390243902439027,0.15384615384615383,0.24390243902439027,0.9329257011413574,0.8752154111862183,0.9031496047973633
37144514,sport,bullet_points,"Nigeria's Olympic rower Chierika Ukogu has an inspirational story - but without the mistaken promotion of US rapper Snoop Dogg, she is likely to have sunk without trace.",Nigerian rower Chierika Ukogu has won a gold medal in the women's single sculls at the Olympics.,2923,17,28,0.6071428571428571,0,0.2608695652173913,0.13636363636363638,0.21739130434782608,0.9057730436325073,0.8740326166152954,0.8896198272705078
37144514,sport,bullet_points_strict,"Nigeria's Olympic rower Chierika Ukogu has an inspirational story - but without the mistaken promotion of US rapper Snoop Dogg, she is likely to have sunk without trace.",Nigerian rower Chierika Ukogu has won a silver medal at the Rio Olympics.,2923,13,28,0.4642857142857143,0,0.24390243902439027,0.15384615384615383,0.24390243902439027,0.9329257011413574,0.8752154111862183,0.9031496047973633
37144514,sport,one_sentence,"Nigeria's Olympic rower Chierika Ukogu has an inspirational story - but without the mistaken promotion of US rapper Snoop Dogg, she is likely to have sunk without trace.",Nigerian rower Chierika Ukogu has won a gold medal in the women's single sculls at the Olympics.,2923,17,28,0.6071428571428571,0,0.2608695652173913,0.13636363636363638,0.21739130434782608,0.9057730436325073,0.8740326166152954,0.8896198272705078
37144514,sport,fact_constrained,"Nigeria's Olympic rower Chierika Ukogu has an inspirational story - but without the mistaken promotion of US rapper Snoop Dogg, she is likely to have sunk without trace.",Nigerian rower Chierika Ukogu has won a gold medal in the women's single sculls at the Olympics.,2923,17,28,0.6071428571428571,0,0.2608695652173913,0.13636363636363638,0.21739130434782608,0.9057730436325073,0.8740326166152954,0.8896198272705078
36785899,business,tldr,A plane bound for Chicago has been forced to make an emergency landing for the second time in two days.,A United Airlines flight from Edinburgh to Chicago has diverted after a fuel leak problem.,691,15,20,0.75,0,0.2285714285714286,0.06060606060606061,0.17142857142857143,0.9068838953971863,0.8960770964622498,0.9014480710029602
36785899,business,bullet_points,A plane bound for Chicago has been forced to make an emergency landing for the second time in two days.,A United Airlines flight from Edinburgh to Chicago has been diverted after a fuel leak problem.,691,16,20,0.8,0,0.2777777777777778,0.11764705882352941,0.22222222222222224,0.9116999506950378,0.9039524793624878,0.9078097343444824
36785899,business,bullet_points_strict,A plane bound for Chicago has been forced to make an emergency landing for the second time in two days.,A United Airlines flight from Edinburgh to Chicago has returned to Edinburgh Airport after a mechanical issue.,691,17,20,0.85,0,0.2162162162162162,0.05714285714285714,0.2162162162162162,0.8956530094146729,0.8973493576049805,0.8965004086494446
36785899,business,one_sentence,A plane bound for Chicago has been forced to make an emergency landing for the second time in two days.,A United Airlines flight from Edinburgh to Chicago has been diverted after a fuel leak.,691,15,20,0.75,0,0.28571428571428575,0.12121212121212122,0.2285714285714286,0.9170655012130737,0.9048246741294861,0.9109039902687073
36785899,business,fact_constrained,A plane bound for Chicago has been forced to make an emergency landing for the second time in two days.,A United Airlines flight from Edinburgh to Chicago has diverted after a fuel leak problem.,691,15,20,0.75,0,0.2285714285714286,0.06060606060606061,0.17142857142857143,0.9068838953971863,0.8960770964622498,0.9014480710029602
40012848,sport,tldr,Sporting events and venues in England are conducting major security reviews after 22 people were killed in an attack at Manchester Arena.,"Manchester United and Ajax will hold a minute's silence at Headingley cricket ground ahead of the Europa League final, a minute's silence and a minute's silence at Headingley cricket ground.",8676,30,22,1.3636363636363635,0,0.10909090909090909,0.0,0.07272727272727272,0.8136414885520935,0.8489035964012146,0.830898642539978
40012848,sport,bullet_points,Sporting events and venues in England are conducting major security reviews after 22 people were killed in an attack at Manchester Arena.,Manchester United and Ajax will hold a minute's silence at Headingley cricket ground ahead of the Euro 2016 final.,8676,19,22,0.8636363636363636,0,0.14285714285714282,0.0,0.09523809523809525,0.8364294767379761,0.8518757820129395,0.8440819382667542
40012848,sport,bullet_points_strict,Sporting events and venues in England are conducting major security reviews after 22 people were killed in an attack at Manchester Arena.,Manchester United and Ajax will hold a minute's silence at Headingley cricket ground ahead of the Europa League final.,8676,19,22,0.8636363636363636,0,0.14285714285714282,0.0,0.09523809523809525,0.8392444849014282,0.8527731895446777,0.8459547162055969
40012848,sport,one_sentence,Sporting events and venues in England are conducting major security reviews after 22 people were killed in an attack at Manchester Arena.,Manchester United and Ajax will hold a minute's silence at Headingley cricket ground ahead of the Euro 2016 final.,8676,19,22,0.8636363636363636,0,0.14285714285714282,0.0,0.09523809523809525,0.8364294767379761,0.8518757820129395,0.8440819382667542
40012848,sport,fact_constrained,Sporting events and venues in England are conducting major security reviews after 22 people were killed in an attack at Manchester Arena.,"Manchester United, Manchester United and Ajax are to hold a minute's silence in honour of the victims of the Manchester Arena bombing.",8676,22,22,1.0,0,0.22222222222222224,0.046511627906976744,0.22222222222222224,0.8739684224128723,0.8848265409469604,0.8793639540672302
20434319,business,tldr,"A tenfold increase in the number of English schools converting to academies has meant £1bn in extra costs, says the government's spending watchdog.","The Department for Education spent £8.3bn on academies in England in the last two years, a report says.",4014,18,23,0.782608695652174,0,0.32558139534883723,0.04878048780487805,0.186046511627907,0.9191654920578003,0.9043756127357483,0.9117105603218079
20434319,business,bullet_points,"A tenfold increase in the number of English schools converting to academies has meant £1bn in extra costs, says the government's spending watchdog.","The Department for Education spent £8.3bn on academies in England in the last two years, a report says.",4014,18,23,0.782608695652174,0,0.32558139534883723,0.04878048780487805,0.186046511627907,0.9191654920578003,0.9043756127357483,0.9117105603218079
20434319,business,bullet_points_strict,"A tenfold increase in the number of English schools converting to academies has meant £1bn in extra costs, says the government's spending watchdog.","The Department for Education spent £8.3bn on academies in England in the last two years, a report says.",4014,18,23,0.782608695652174,0,0.32558139534883723,0.04878048780487805,0.186046511627907,0.9191654920578003,0.9043756127357483,0.9117105603218079
20434319,business,one_sentence,"A tenfold increase in the number of English schools converting to academies has meant £1bn in extra costs, says the government's spending watchdog.","The Department for Education spent £8.3bn on academies in England in the last two years, a report says.",4014,18,23,0.782608695652174,0,0.32558139534883723,0.04878048780487805,0.186046511627907,0.9191654920578003,0.9043756127357483,0.9117105603218079
20434319,business,fact_constrained,"A tenfold increase in the number of English schools converting to academies has meant £1bn in extra costs, says the government's spending watchdog.","The Department for Education spent £8.3bn to set up and run academies in England last year, a report says.",4014,19,23,0.8260869565217391,0,0.2727272727272727,0.0,0.22727272727272727,0.9151800870895386,0.9039303660392761,0.9095204472541809
36719081,sport,tldr,"Russell Knox has every right to beam from ear to ear, as he did for the majority of his 15-minute media gathering, after flying in from his base in the United States to a sodden Castle Stuart.","Russell Knox, Scotland's top-ranked golfer, arrived at the Scottish Open in Inverness.",3589,12,37,0.32432432432432434,0,0.15384615384615385,0.04,0.15384615384615385,0.8763980269432068,0.8354185819625854,0.8554178476333618
36719081,sport,bullet_points,"Russell Knox has every right to beam from ear to ear, as he did for the majority of his 15-minute media gathering, after flying in from his base in the United States to a sodden Castle Stuart.","Russell Knox, the world's top-ranked golfer, said he was delighted to be here.",3589,13,37,0.35135135135135137,0,0.18867924528301885,0.0392156862745098,0.1509433962264151,0.8968679308891296,0.8411106467247009,0.8680948615074158
36719081,sport,bullet_points_strict,"Russell Knox has every right to beam from ear to ear, as he did for the majority of his 15-minute media gathering, after flying in from his base in the United States to a sodden Castle Stuart.",Russell Knox greeted us at the Scottish Open in Inverness.,3589,10,37,0.2702702702702703,0,0.16666666666666666,0.043478260869565216,0.16666666666666666,0.885085940361023,0.8313677310943604,0.8573862910270691
36719081,sport,one_sentence,"Russell Knox has every right to beam from ear to ear, as he did for the majority of his 15-minute media gathering, after flying in from his base in the United States to a sodden Castle Stuart.",Russell Knox greeted us at the Scottish Open in Inverness.,3589,10,37,0.2702702702702703,0,0.16666666666666666,0.043478260869565216,0.16666666666666666,0.885085940361023,0.8313677310943604,0.8573862910270691
36719081,sport,fact_constrained,"Russell Knox has every right to beam from ear to ear, as he did for the majority of his 15-minute media gathering, after flying in from his base in the United States to a sodden Castle Stuart.",Russell Knox greeted us at the Scottish Open in Inverness on Thursday.,3589,12,37,0.32432432432432434,0,0.16,0.04166666666666667,0.16,0.8817055821418762,0.8322048187255859,0.8562403917312622
40674872,business,tldr,The mother of missing teenager Charlene Downes said she is going to sue police over mishandling her murder case.,The mother of a teenager who disappeared 13 years ago has said she wants the police to do their job.,1623,20,19,1.0526315789473684,0,0.41025641025641024,0.16216216216216214,0.358974358974359,0.9274501204490662,0.9081469774246216,0.9176970720291138
40674872,business,bullet_points,The mother of missing teenager Charlene Downes said she is going to sue police over mishandling her murder case.,"The mother of teenage girl Charlene Downes has said she wants the police to ""teach a lesson"" in the case of her disappearance.",1623,23,19,1.2105263157894737,0,0.5238095238095238,0.19999999999999998,0.42857142857142855,0.9351816773414612,0.9409087300300598,0.9380364418029785
40674872,business,bullet_points_strict,The mother of missing teenager Charlene Downes said she is going to sue police over mishandling her murder case.,The mother of missing teenager Charlene Downes has said she wants to get a memorial for her.,1623,17,19,0.8947368421052632,0,0.6111111111111113,0.411764705882353,0.6111111111111113,0.9520118832588196,0.9327491521835327,0.9422820210456848
40674872,business,one_sentence,The mother of missing teenager Charlene Downes said she is going to sue police over mishandling her murder case.,The mother of a teenager who went missing in Lancashire in 2003 has said she wants to get the police to do their job.,1623,24,19,1.263157894736842,0,0.4186046511627907,0.14634146341463414,0.372093023255814,0.9117728471755981,0.9050837755203247,0.9084160327911377
40674872,business,fact_constrained,The mother of missing teenager Charlene Downes said she is going to sue police over mishandling her murder case.,"The mother of missing teenager Charlene Downes has said she wants the police to ""teach a lesson"".",1623,17,19,0.8947368421052632,0,0.6111111111111113,0.411764705882353,0.5555555555555555,0.9400689005851746,0.9321012496948242,0.9360681176185608
37314622,sport,tldr,Brazilian police say they want to speak to International Olympic Committee (IOC) president Thomas Bach about an alleged scheme to resell tickets during last month's Rio Olympics.,The International Olympic Committee (IOC) has accused the president of the Olympic Council of Ireland of being influenced by a former IOC official.,2193,23,27,0.8518518518518519,0,0.19607843137254902,0.12244897959183673,0.19607843137254902,0.9099860191345215,0.8781434297561646,0.8937811851501465
37314622,sport,bullet_points,Brazilian police say they want to speak to International Olympic Committee (IOC) president Thomas Bach about an alleged scheme to resell tickets during last month's Rio Olympics.,"The International Olympic Committee (IOC) president, Martin Bach, has been questioned by police in Rio about his influence over Olympic ticketing policy.",2193,22,27,0.8148148148148148,0,0.36000000000000004,0.16666666666666666,0.28,0.9399060010910034,0.9198201894760132,0.9297546148300171
37314622,sport,bullet_points_strict,Brazilian police say they want to speak to International Olympic Committee (IOC) president Thomas Bach about an alleged scheme to resell tickets during last month's Rio Olympics.,The International Olympic Committee (IOC) president has been questioned by police in Rio about his influence over Olympic ticketing policy.,2193,20,27,0.7407407407407407,0,0.3333333333333333,0.17391304347826086,0.25,0.9350295066833496,0.9105547666549683,0.9226298332214355
37314622,sport,one_sentence,Brazilian police say they want to speak to International Olympic Committee (IOC) president Thomas Bach about an alleged scheme to resell tickets during last month's Rio Olympics.,The International Olympic Committee (IOC) has suspended the president of the International Olympic Committee (IOC) after a series of emails from the president of the organisation.,2193,26,27,0.9629629629629629,0,0.1851851851851852,0.11538461538461538,0.1851851851851852,0.9162417650222778,0.8747649192810059,0.8950230479240417
37314622,sport,fact_constrained,Brazilian police say they want to speak to International Olympic Committee (IOC) president Thomas Bach about an alleged scheme to resell tickets during last month's Rio Olympics.,"The International Olympic Committee (IOC) president, Martin Bach, has been questioned by police in Rio about his influence over Olympic ticketing policy.",2193,22,27,0.8148148148148148,0,0.36000000000000004,0.16666666666666666,0.28,0.9399060010910034,0.9198201894760132,0.9297546148300171
17662916,politics,tldr,"Joyce Banda, who has made history becoming Malawi's first female president and only the second woman to lead a country in Africa, has a track record of fighting for women's rights.",Joyce Banda has become Malawi's first female vice-president.,4423,8,31,0.25806451612903225,0,0.372093023255814,0.1951219512195122,0.372093023255814,0.9564461708068848,0.9066288471221924,0.9308714270591736
17662916,politics,bullet_points,"Joyce Banda, who has made history becoming Malawi's first female president and only the second woman to lead a country in Africa, has a track record of fighting for women's rights.",Joyce Banda has been Malawi's vice-president since 2009.,4423,8,31,0.25806451612903225,0,0.27906976744186046,0.0975609756097561,0.27906976744186046,0.9318076372146606,0.8779410719871521,0.9040727019309998
17662916,politics,bullet_points_strict,"Joyce Banda, who has made history becoming Malawi's first female president and only the second woman to lead a country in Africa, has a track record of fighting for women's rights.",Joyce Banda has become Malawi's first female vice-president.,4423,8,31,0.25806451612903225,0,0.372093023255814,0.1951219512195122,0.372093023255814,0.9564461708068848,0.9066288471221924,0.9308714270591736
17662916,politics,one_sentence,"Joyce Banda, who has made history becoming Malawi's first female president and only the second woman to lead a country in Africa, has a track record of fighting for women's rights.","Malawi's first female vice-president, Joyce Banda, has been sworn in as the country's new vice-president.",4423,15,31,0.4838709677419355,0,0.46153846153846156,0.16,0.3076923076923077,0.9174237847328186,0.8979617953300476,0.9075884819030762
17662916,politics,fact_constrained,"Joyce Banda, who has made history becoming Malawi's first female president and only the second woman to lead a country in Africa, has a track record of fighting for women's rights.",Joyce Banda has become Malawi's first female vice-president.,4423,8,31,0.25806451612903225,0,0.372093023255814,0.1951219512195122,0.372093023255814,0.9564461708068848,0.9066288471221924,0.9308714270591736
40302299,tech,tldr,Relegated Sunderland will travel to Bury in the EFL Cup first round.,Forest Green Rovers will host Wolves in the first round of the EFL Cup first round draw in Bangkok.,3134,19,12,1.5833333333333333,0,0.4516129032258065,0.3448275862068966,0.4516129032258065,0.9079934358596802,0.9103320837020874,0.9091612696647644
40302299,tech,bullet_points,Relegated Sunderland will travel to Bury in the EFL Cup first round.,Forest Green Rovers will play Wolves in the first round of the EFL Cup first round draw in Bangkok.,3134,19,12,1.5833333333333333,0,0.4516129032258065,0.3448275862068966,0.4516129032258065,0.9070194363594055,0.9094080924987793,0.9082121849060059
40302299,tech,bullet_points_strict,Relegated Sunderland will travel to Bury in the EFL Cup first round.,Forest Green Rovers will host Wolves in the first round of the EFL Cup first round draw in Bangkok.,3134,19,12,1.5833333333333333,0,0.4516129032258065,0.3448275862068966,0.4516129032258065,0.9079934358596802,0.9103320837020874,0.9091612696647644
40302299,tech,one_sentence,Relegated Sunderland will travel to Bury in the EFL Cup first round.,Forest Green Rovers will play Wolves in the first round of the EFL Cup first round draw in Bangkok.,3134,19,12,1.5833333333333333,0,0.4516129032258065,0.3448275862068966,0.4516129032258065,0.9070194363594055,0.9094080924987793,0.9082121849060059
40302299,tech,fact_constrained,Relegated Sunderland will travel to Bury in the EFL Cup first round.,Forest Green Rovers will play in the first round of the EFL Cup first round draw at Wembley.,3134,18,12,1.5,0,0.4666666666666666,0.35714285714285715,0.4666666666666666,0.9121829271316528,0.9094685316085815,0.9108237028121948
38135155,business,tldr,"Three rare pygmy marmosets have been rescued and are set to be reunited, after being stolen from a Sydney zoo at the weekend.",A pygmy marmoset has been reunited with its mother after being stolen from a Sydney zoo.,1707,16,23,0.6956521739130435,0,0.5128205128205128,0.3243243243243243,0.5128205128205128,0.9603695273399353,0.9430770874023438,0.9516447186470032
38135155,business,bullet_points,"Three rare pygmy marmosets have been rescued and are set to be reunited, after being stolen from a Sydney zoo at the weekend.",A pygmy marmoset has been found at a Sydney zoo after being stolen from its enclosure.,1707,16,23,0.6956521739130435,0,0.5128205128205128,0.27027027027027023,0.30769230769230765,0.9561257362365723,0.9332446455955505,0.944546639919281
38135155,business,bullet_points_strict,"Three rare pygmy marmosets have been rescued and are set to be reunited, after being stolen from a Sydney zoo at the weekend.",A pygmy marmoset has been reunited with its mother after being stolen from a Sydney zoo.,1707,16,23,0.6956521739130435,0,0.5128205128205128,0.3243243243243243,0.5128205128205128,0.9603695273399353,0.9430770874023438,0.9516447186470032
38135155,business,one_sentence,"Three rare pygmy marmosets have been rescued and are set to be reunited, after being stolen from a Sydney zoo at the weekend.",A pygmy marmoset has been found at a Sydney zoo after being stolen from its enclosure.,1707,16,23,0.6956521739130435,0,0.5128205128205128,0.27027027027027023,0.30769230769230765,0.9561257362365723,0.9332446455955505,0.944546639919281
38135155,business,fact_constrained,"Three rare pygmy marmosets have been rescued and are set to be reunited, after being stolen from a Sydney zoo at the weekend.",A pygmy marmoset has been found at a Sydney zoo after being stolen from its enclosure.,1707,16,23,0.6956521739130435,0,0.5128205128205128,0.27027027027027023,0.30769230769230765,0.9561257362365723,0.9332446455955505,0.944546639919281
31753961,business,tldr,"Forget James Bond, when it comes to recruiting spies needed to protect Britain there aren't enough Jane Bonds.","Women in the intelligence services are being held back by a ""very traditional male mentality and outlook"".",1394,17,18,0.9444444444444444,0,0.0,0.0,0.0,0.8613976240158081,0.8515444993972778,0.8564427495002747
31753961,business,bullet_points,"Forget James Bond, when it comes to recruiting spies needed to protect Britain there aren't enough Jane Bonds.","There are more female spies than males in the intelligence services, according to a new report.",1394,16,18,0.8888888888888888,0,0.17142857142857143,0.0,0.11428571428571428,0.8913453817367554,0.8666607737541199,0.8788297772407532
31753961,business,bullet_points_strict,"Forget James Bond, when it comes to recruiting spies needed to protect Britain there aren't enough Jane Bonds.","Women in the intelligence services are being held back by a ""very traditional male mentality and outlook"", according to a report.",1394,21,18,1.1666666666666667,0,0.05,0.0,0.05,0.8680022954940796,0.8576307892799377,0.8627853393554688
31753961,business,one_sentence,"Forget James Bond, when it comes to recruiting spies needed to protect Britain there aren't enough Jane Bonds.","The number of female spies in the intelligence services has fallen by more than a third in the last decade, according to a report.",1394,24,18,1.3333333333333333,0,0.0930232558139535,0.0,0.0930232558139535,0.869442880153656,0.8601166605949402,0.8647546172142029
31753961,business,fact_constrained,"Forget James Bond, when it comes to recruiting spies needed to protect Britain there aren't enough Jane Bonds.","There are more female spies in the intelligence services than males, according to a report.",1394,15,18,0.8333333333333334,0,0.17647058823529413,0.0,0.11764705882352941,0.8928201794624329,0.8664981126785278,0.8794621825218201
39392583,politics,tldr,"The world leader of millions of Muslims has condemned the Westminster terror attack calling it an ""affront to the teachings of Islam"".","The caliph of the Ahmadiyya Muslim community has said the attack on a mosque in central London was a ""barbaric atrocity"".",1140,21,22,0.9545454545454546,0,0.2790697674418604,0.0,0.23255813953488372,0.8844590187072754,0.9028189182281494,0.8935446739196777
39392583,politics,bullet_points,"The world leader of millions of Muslims has condemned the Westminster terror attack calling it an ""affront to the teachings of Islam"".","The caliph of the Ahmadiyya Muslim community has said he is ""deeply saddened"" by the attack on a mosque in central London.",1140,22,22,1.0,0,0.2727272727272727,0.0,0.22727272727272727,0.8858063220977783,0.8959595561027527,0.890854001045227
39392583,politics,bullet_points_strict,"The world leader of millions of Muslims has condemned the Westminster terror attack calling it an ""affront to the teachings of Islam"".","The caliph of the Ahmadiyya Muslim community has said he is ""deeply saddened"" by the death of five people in the Westminster attack.",1140,23,22,1.0454545454545454,0,0.3555555555555555,0.046511627906976744,0.2666666666666666,0.8928166627883911,0.903461217880249,0.8981074094772339
39392583,politics,one_sentence,"The world leader of millions of Muslims has condemned the Westminster terror attack calling it an ""affront to the teachings of Islam"".","The caliph of the Ahmadiyya Muslim community has said he is ""deeply saddened"" by the attack on a mosque in central London.",1140,22,22,1.0,0,0.2727272727272727,0.0,0.22727272727272727,0.8858063220977783,0.8959595561027527,0.890854001045227
39392583,politics,fact_constrained,"The world leader of millions of Muslims has condemned the Westminster terror attack calling it an ""affront to the teachings of Islam"".","The caliph of the Ahmadiyya Muslim community has said he is ""deeply saddened"" by the attack on a mosque in central London.",1140,22,22,1.0,0,0.2727272727272727,0.0,0.22727272727272727,0.8858063220977783,0.8959595561027527,0.890854001045227
40411756,tech,tldr,"Singer Charlotte Church has lost her unborn baby, she has announced.","Charlotte Gainsbourg has said she is ""very sad"" she has lost her baby.",540,13,11,1.1818181818181819,0,0.5833333333333334,0.2727272727272727,0.41666666666666663,0.9000084400177002,0.9347444772720337,0.9170476198196411
40411756,tech,bullet_points,"Singer Charlotte Church has lost her unborn baby, she has announced.","Charlotte Gainsbourg has said she is ""very sad"" she has lost her baby.",540,13,11,1.1818181818181819,0,0.5833333333333334,0.2727272727272727,0.41666666666666663,0.9000084400177002,0.9347444772720337,0.9170476198196411
40411756,tech,bullet_points_strict,"Singer Charlotte Church has lost her unborn baby, she has announced.","Charlotte Gainsbourg has said she is ""very sad"" to announce she has lost her baby.",540,15,11,1.3636363636363635,0,0.5384615384615385,0.25,0.3846153846153846,0.9060472249984741,0.9418497085571289,0.9236016273498535
40411756,tech,one_sentence,"Singer Charlotte Church has lost her unborn baby, she has announced.","Charlotte Gainsbourg has said she is ""very sad"" she has lost her baby.",540,13,11,1.1818181818181819,0,0.5833333333333334,0.2727272727272727,0.41666666666666663,0.9000084400177002,0.9347444772720337,0.9170476198196411
40411756,tech,fact_constrained,"Singer Charlotte Church has lost her unborn baby, she has announced.","Charlotte Gainsbourg has said she is ""very sad"" she has lost her baby.",540,13,11,1.1818181818181819,0,0.5833333333333334,0.2727272727272727,0.41666666666666663,0.9000084400177002,0.9347444772720337,0.9170476198196411
39291943,tech,tldr,A man who admitted causing a fatal crash while being pursued by an unmarked police car has been jailed for nine years.,A man has been jailed for life for causing the death of two men in a car crash.,1276,18,22,0.8181818181818182,0,0.5,0.21052631578947367,0.3,0.9438702464103699,0.9186133146286011,0.9310705661773682
39291943,tech,bullet_points,A man who admitted causing a fatal crash while being pursued by an unmarked police car has been jailed for nine years.,A man has been jailed for 15 years for causing the death of two men in a car crash.,1276,19,22,0.8636363636363636,0,0.5365853658536586,0.20512820512820512,0.3414634146341463,0.9523583054542542,0.9313953518867493,0.9417601823806763
39291943,tech,bullet_points_strict,A man who admitted causing a fatal crash while being pursued by an unmarked police car has been jailed for nine years.,A man has been jailed for 15 years for causing the death of two men in a car crash.,1276,19,22,0.8636363636363636,0,0.5365853658536586,0.20512820512820512,0.3414634146341463,0.9523583054542542,0.9313953518867493,0.9417601823806763
39291943,tech,one_sentence,A man who admitted causing a fatal crash while being pursued by an unmarked police car has been jailed for nine years.,A man has been jailed for 15 years for causing the death of two men in a car crash.,1276,19,22,0.8636363636363636,0,0.5365853658536586,0.20512820512820512,0.3414634146341463,0.9523583054542542,0.9313953518867493,0.9417601823806763
39291943,tech,fact_constrained,A man who admitted causing a fatal crash while being pursued by an unmarked police car has been jailed for nine years.,A man has been jailed for 15 years for causing the death of two men in a car crash.,1276,19,22,0.8636363636363636,0,0.5365853658536586,0.20512820512820512,0.3414634146341463,0.9523583054542542,0.9313953518867493,0.9417601823806763
38134212,tech,tldr,"A pensioner who underwent gender re-assignment surgery at the age of 69 says she lived ""in the wrong body"" for most of her life because she feared the reaction of her friends and family.",A transgender woman has said she is happy she has had a transgender operation.,2290,14,34,0.4117647058823529,0,0.12244897959183673,0.0,0.12244897959183673,0.9164583086967468,0.8651614189147949,0.8900713324546814
38134212,tech,bullet_points,"A pensioner who underwent gender re-assignment surgery at the age of 69 says she lived ""in the wrong body"" for most of her life because she feared the reaction of her friends and family.",A transgender woman in Northern Ireland has said she is happy she has had a transgender operation.,2290,17,34,0.5,0,0.15384615384615385,0.0,0.11538461538461539,0.9046963453292847,0.8650354146957397,0.8844214677810669
38134212,tech,bullet_points_strict,"A pensioner who underwent gender re-assignment surgery at the age of 69 says she lived ""in the wrong body"" for most of her life because she feared the reaction of her friends and family.",A transgender woman in Northern Ireland has said she is happy she has had a transgender operation.,2290,17,34,0.5,0,0.15384615384615385,0.0,0.11538461538461539,0.9046963453292847,0.8650354146957397,0.8844214677810669
38134212,tech,one_sentence,"A pensioner who underwent gender re-assignment surgery at the age of 69 says she lived ""in the wrong body"" for most of her life because she feared the reaction of her friends and family.",A transgender woman in Northern Ireland has said she is happy she has had a transgender operation.,2290,17,34,0.5,0,0.15384615384615385,0.0,0.11538461538461539,0.9046963453292847,0.8650354146957397,0.8844214677810669
38134212,tech,fact_constrained,"A pensioner who underwent gender re-assignment surgery at the age of 69 says she lived ""in the wrong body"" for most of her life because she feared the reaction of her friends and family.",A transgender woman in Northern Ireland has said she is happy she has had a transgender operation.,2290,17,34,0.5,0,0.15384615384615385,0.0,0.11538461538461539,0.9046963453292847,0.8650354146957397,0.8844214677810669
33945501,tech,tldr,Astronomers have discovered a baby planet which looks like a young version of Jupiter.,"A new world has been discovered beyond our Solar System, 100 light-years away.",1466,13,14,0.9285714285714286,0,0.14285714285714285,0.0,0.07142857142857142,0.8834028244018555,0.8940492868423462,0.888694167137146
33945501,tech,bullet_points,Astronomers have discovered a baby planet which looks like a young version of Jupiter.,Astronomers have discovered a new world far away from our Solar System.,1466,12,14,0.8571428571428571,0,0.30769230769230765,0.24999999999999994,0.30769230769230765,0.9180833101272583,0.9206535816192627,0.9193665981292725
33945501,tech,bullet_points_strict,Astronomers have discovered a baby planet which looks like a young version of Jupiter.,Astronomers have discovered a new world beyond our Solar System.,1466,10,14,0.7142857142857143,0,0.3333333333333333,0.27272727272727276,0.3333333333333333,0.9340832233428955,0.9210753440856934,0.9275336861610413
33945501,tech,one_sentence,Astronomers have discovered a baby planet which looks like a young version of Jupiter.,Astronomers have discovered a new world beyond our Solar System.,1466,10,14,0.7142857142857143,0,0.3333333333333333,0.27272727272727276,0.3333333333333333,0.9340832233428955,0.9210753440856934,0.9275336861610413
33945501,tech,fact_constrained,Astronomers have discovered a baby planet which looks like a young version of Jupiter.,Astronomers have discovered a new world beyond our Solar System.,1466,10,14,0.7142857142857143,0,0.3333333333333333,0.27272727272727276,0.3333333333333333,0.9340832233428955,0.9210753440856934,0.9275336861610413
28972309,politics,tldr,Campaigners have opened a camp with thousands of protesters due in Newport ahead of next week's Nato summit.,Campaigners have set up a camping camp in Newport ahead of the Nato World Summit.,2196,15,18,0.8333333333333334,0,0.5882352941176471,0.25,0.5882352941176471,0.9493246674537659,0.9294237494468689,0.9392687678337097
28972309,politics,bullet_points,Campaigners have opened a camp with thousands of protesters due in Newport ahead of next week's Nato summit.,Campaigners have set up a camping camp in Newport ahead of the Nato World Summit.,2196,15,18,0.8333333333333334,0,0.5882352941176471,0.25,0.5882352941176471,0.9493246674537659,0.9294237494468689,0.9392687678337097
28972309,politics,bullet_points_strict,Campaigners have opened a camp with thousands of protesters due in Newport ahead of next week's Nato summit.,Campaigners have set up a camping camp in Newport ahead of the Nato World Summit.,2196,15,18,0.8333333333333334,0,0.5882352941176471,0.25,0.5882352941176471,0.9493246674537659,0.9294237494468689,0.9392687678337097
28972309,politics,one_sentence,Campaigners have opened a camp with thousands of protesters due in Newport ahead of next week's Nato summit.,Campaigners have set up a camping camp in Newport ahead of the Nato World Summit.,2196,15,18,0.8333333333333334,0,0.5882352941176471,0.25,0.5882352941176471,0.9493246674537659,0.9294237494468689,0.9392687678337097
28972309,politics,fact_constrained,Campaigners have opened a camp with thousands of protesters due in Newport ahead of next week's Nato summit.,Campaigners have set up a camping camp in Newport ahead of the Nato World Summit.,2196,15,18,0.8333333333333334,0,0.5882352941176471,0.25,0.5882352941176471,0.9493246674537659,0.9294237494468689,0.9392687678337097
37496318,tech,tldr,The High Court has banned publication of photographs allegedly stolen from Pippa Middleton's iCloud account.,"A 35-year-old man has been arrested in connection with a ""genuine"" phishing attack on the Sun.",1473,16,15,1.0666666666666667,0,0.11764705882352941,0.0,0.058823529411764705,0.8644121885299683,0.8512788414955139,0.857795238494873
37496318,tech,bullet_points,The High Court has banned publication of photographs allegedly stolen from Pippa Middleton's iCloud account.,A 35-year-old man has been arrested on suspicion of stealing private pictures from Miss Middleton's iCloud account.,1473,17,15,1.1333333333333333,0,0.38888888888888884,0.17647058823529413,0.38888888888888884,0.9131740927696228,0.9121500253677368,0.9126617908477783
37496318,tech,bullet_points_strict,The High Court has banned publication of photographs allegedly stolen from Pippa Middleton's iCloud account.,A 35-year-old man has been arrested on suspicion of stealing private pictures from the Sun's iCloud account.,1473,17,15,1.1333333333333333,0,0.38888888888888884,0.11764705882352941,0.33333333333333326,0.9083144664764404,0.8914296627044678,0.8997928500175476
37496318,tech,one_sentence,The High Court has banned publication of photographs allegedly stolen from Pippa Middleton's iCloud account.,A man has been arrested on suspicion of stealing private pictures from the Sun's iCloud account.,1473,16,15,1.0666666666666667,0,0.42424242424242425,0.12903225806451615,0.3636363636363636,0.9273038506507874,0.8898671269416809,0.9081998467445374
37496318,tech,fact_constrained,The High Court has banned publication of photographs allegedly stolen from Pippa Middleton's iCloud account.,A man has been arrested on suspicion of stealing private pictures of the Duchess of Cambridge's iCloud account.,1473,18,15,1.2,0,0.34285714285714286,0.1212121212121212,0.2857142857142857,0.9224123954772949,0.9005670547485352,0.9113588333129883
36642047,politics,tldr,The Metropolitan Police are on heightened alert for a rise in hate crime following the European referendum result.,"London's mayor has called on police to be ""extra vigilant"" following reports of racist incidents.",3223,15,18,0.8333333333333334,0,0.17647058823529413,0.0,0.11764705882352941,0.9072219133377075,0.9141132235527039,0.910654604434967
36642047,politics,bullet_points,The Metropolitan Police are on heightened alert for a rise in hate crime following the European referendum result.,"Police are investigating reports of racist incidents in London and Cambridgeshire, the Met has said.",3223,15,18,0.8333333333333334,0,0.2424242424242424,0.06451612903225808,0.2424242424242424,0.8923277854919434,0.9071358442306519,0.8996708989143372
36642047,politics,bullet_points_strict,The Metropolitan Police are on heightened alert for a rise in hate crime following the European referendum result.,"Police are investigating reports of xenophobic abuse directed at Polish communities, the Met has said.",3223,15,18,0.8333333333333334,0,0.1818181818181818,0.06451612903225808,0.1818181818181818,0.9056398272514343,0.9078750014305115,0.9067560434341431
36642047,politics,one_sentence,The Metropolitan Police are on heightened alert for a rise in hate crime following the European referendum result.,"London's mayor has called on police to be ""extra vigilant"" following reports of racist incidents.",3223,15,18,0.8333333333333334,0,0.17647058823529413,0.0,0.11764705882352941,0.9072219133377075,0.9141132235527039,0.910654604434967
36642047,politics,fact_constrained,The Metropolitan Police are on heightened alert for a rise in hate crime following the European referendum result.,"Police are investigating reports of racist incidents in London and Cambridgeshire, the Met has said.",3223,15,18,0.8333333333333334,0,0.2424242424242424,0.06451612903225808,0.2424242424242424,0.8923277854919434,0.9071358442306519,0.8996708989143372
37025796,sport,tldr,Ospreys have signed former Scarlets and Wales back-rower Rob McCusker on a short-term contract as injury cover.,Ospreys have signed Scarlets flanker Rob McCusker on a one-year contract.,799,11,17,0.6470588235294118,0,0.5806451612903226,0.3448275862068966,0.5806451612903226,0.9692375063896179,0.9400135278701782,0.9544019103050232
37025796,sport,bullet_points,Ospreys have signed former Scarlets and Wales back-rower Rob McCusker on a short-term contract as injury cover.,Rob McCusker has joined Ospreys from Scarlets on a one-year contract.,799,11,17,0.6470588235294118,0,0.4516129032258065,0.13793103448275862,0.3225806451612903,0.9561352729797363,0.9229463934898376,0.939247727394104
37025796,sport,bullet_points_strict,Ospreys have signed former Scarlets and Wales back-rower Rob McCusker on a short-term contract as injury cover.,Ospreys have signed Scarlets flanker Rob McCusker on a two-year deal.,799,11,17,0.6470588235294118,0,0.5161290322580646,0.3448275862068966,0.5161290322580646,0.9636430740356445,0.9355200529098511,0.9493733644485474
37025796,sport,one_sentence,Ospreys have signed former Scarlets and Wales back-rower Rob McCusker on a short-term contract as injury cover.,Ospreys have signed Scarlets wing Rob McCusker on a one-year contract.,799,11,17,0.6470588235294118,0,0.5806451612903226,0.3448275862068966,0.5806451612903226,0.9727349877357483,0.9395276308059692,0.9558429718017578
37025796,sport,fact_constrained,Ospreys have signed former Scarlets and Wales back-rower Rob McCusker on a short-term contract as injury cover.,Rob McCusker has joined Ospreys from Scarlets on a one-year contract.,799,11,17,0.6470588235294118,0,0.4516129032258065,0.13793103448275862,0.3225806451612903,0.9561352729797363,0.9229463934898376,0.939247727394104
28832868,business,tldr,"Heavily armed men have attacked a convoy of cars belonging to a Saudi prince, stealing 250,000 euros (£200,000; $330,000), police say.",Gunmen armed with Kalashnikov rifles have ambushed a convoy of Saudi Arabians in Paris.,1657,14,21,0.6666666666666666,0,0.3157894736842105,0.1111111111111111,0.3157894736842105,0.8897511959075928,0.8386949896812439,0.8634690046310425
28832868,business,bullet_points,"Heavily armed men have attacked a convoy of cars belonging to a Saudi prince, stealing 250,000 euros (£200,000; $330,000), police say.","Gunmen have ambushed a convoy of Saudi Arabians in Paris, armed with Kalashnikov rifles.",1657,14,21,0.6666666666666666,0,0.3157894736842105,0.1111111111111111,0.2631578947368421,0.888270914554596,0.8382254838943481,0.8625228404998779
28832868,business,bullet_points_strict,"Heavily armed men have attacked a convoy of cars belonging to a Saudi prince, stealing 250,000 euros (£200,000; $330,000), police say.","Gunmen ambushed a convoy carrying cash and documents from the Saudi embassy in Paris, police say.",1657,16,21,0.7619047619047619,0,0.25,0.10526315789473685,0.25,0.9208052754402161,0.8551015853881836,0.8867380619049072
28832868,business,one_sentence,"Heavily armed men have attacked a convoy of cars belonging to a Saudi prince, stealing 250,000 euros (£200,000; $330,000), police say.",Gunmen have ambushed a convoy of Saudi Arabians on a ring road in the French city of Paris.,1657,18,21,0.8571428571428571,0,0.28571428571428575,0.09999999999999999,0.2380952380952381,0.8985236883163452,0.8409662246704102,0.8687926530838013
28832868,business,fact_constrained,"Heavily armed men have attacked a convoy of cars belonging to a Saudi prince, stealing 250,000 euros (£200,000; $330,000), police say.",Gunmen have ambushed a convoy of Saudi Arabians in Paris.,1657,10,21,0.47619047619047616,0,0.29411764705882354,0.125,0.29411764705882354,0.9222719669342041,0.837424099445343,0.8778024911880493
36766971,sport,tldr,"""Dedicated"" and ""hungry for success"" are phrases used a lot in connection with athletes heading to compete in an Olympic Games.","If you're a rugby fan, you'll know that rugby is a game of respect - and it's a game of respect.",2305,21,21,1.0,0,0.0909090909090909,0.0,0.0909090909090909,0.8650330305099487,0.8513370752334595,0.8581303954124451
36766971,sport,bullet_points,"""Dedicated"" and ""hungry for success"" are phrases used a lot in connection with athletes heading to compete in an Olympic Games.","It's a sport of respect, but it's also a game of respect.",2305,12,21,0.5714285714285714,0,0.057142857142857134,0.0,0.057142857142857134,0.8787900805473328,0.8517098426818848,0.8650380969047546
36766971,sport,bullet_points_strict,"""Dedicated"" and ""hungry for success"" are phrases used a lot in connection with athletes heading to compete in an Olympic Games.","When you meet a woman in a man's world, the answer is 'I don't see myself any different to my male counterparts'.",2305,22,21,1.0476190476190477,0,0.13333333333333333,0.0,0.13333333333333333,0.8510730266571045,0.8454440832138062,0.8482491970062256
36766971,sport,one_sentence,"""Dedicated"" and ""hungry for success"" are phrases used a lot in connection with athletes heading to compete in an Olympic Games.","The Olympics are a great sporting event, but it's also a great opportunity for women's rugby.",2305,16,21,0.7619047619047619,0,0.15384615384615383,0.0,0.10256410256410256,0.8838063478469849,0.85888671875,0.8711683750152588
36766971,sport,fact_constrained,"""Dedicated"" and ""hungry for success"" are phrases used a lot in connection with athletes heading to compete in an Olympic Games.","If you're a rugby fan, you'll know that rugby is a game of respect - and it's a game of respect.",2305,21,21,1.0,0,0.0909090909090909,0.0,0.0909090909090909,0.8650330305099487,0.8513370752334595,0.8581303954124451
33665939,tech,tldr,Mobile and landline telephone services have been restored in Shetland after coverage was lost for several hours causing disruption.,"Hundreds of flights have been cancelled in Shetland after a ""blown rectifiers and fuses"" at a radio transmitter on Orkney.",864,20,19,1.0526315789473684,0,0.3076923076923077,0.16216216216216214,0.25641025641025644,0.880526065826416,0.8911798596382141,0.8858209252357483
33665939,tech,bullet_points,Mobile and landline telephone services have been restored in Shetland after coverage was lost for several hours causing disruption.,Hundreds of people have been evacuated from the Isle of Shetland after a power outage at a radio transmitter on Orkney.,864,21,19,1.105263157894737,0,0.2,0.10526315789473685,0.2,0.9095634818077087,0.8928340673446655,0.9011211395263672
33665939,tech,bullet_points_strict,Mobile and landline telephone services have been restored in Shetland after coverage was lost for several hours causing disruption.,Hundreds of people have been stranded on the Isle of Shetland after a power failure at a radio transmitter.,864,19,19,1.0,0,0.21052631578947367,0.1111111111111111,0.21052631578947367,0.9144793748855591,0.895892858505249,0.9050907492637634
33665939,tech,one_sentence,Mobile and landline telephone services have been restored in Shetland after coverage was lost for several hours causing disruption.,Hundreds of people have been stranded on the Isle of Shetland after a power outage at a radio transmitter on Orkney.,864,21,19,1.105263157894737,0,0.2,0.10526315789473685,0.2,0.908476710319519,0.8932374715805054,0.90079265832901
33665939,tech,fact_constrained,Mobile and landline telephone services have been restored in Shetland after coverage was lost for several hours causing disruption.,Hundreds of people have been stranded on the Isle of Shetland after a power failure at a transmitter on Orkney.,864,20,19,1.0526315789473684,0,0.20512820512820512,0.10810810810810811,0.20512820512820512,0.910176157951355,0.8899775147438049,0.8999634981155396
34873930,business,tldr,"A girls' school has scrapped its end of year prom claiming it is too much of a ""distraction"" to pupils.","Proms at a Catholic school have been described as ""unacceptable and sometimes crushing"" by parents.",1729,15,20,0.75,0,0.1142857142857143,0.0,0.1142857142857143,0.888841450214386,0.8957905173301697,0.892302393913269
34873930,business,bullet_points,"A girls' school has scrapped its end of year prom claiming it is too much of a ""distraction"" to pupils.","Proms at a Catholic school have been described as ""unwelcome"" and ""crushing"" by parents.",1729,14,20,0.7,0,0.11764705882352941,0.0,0.11764705882352941,0.8933716416358948,0.8982275128364563,0.8957930207252502
34873930,business,bullet_points_strict,"A girls' school has scrapped its end of year prom claiming it is too much of a ""distraction"" to pupils.","Proms at a Catholic school have been described as ""unwelcome and crushing"" by parents, a school has said.",1729,18,20,0.9,0,0.2105263157894737,0.05555555555555555,0.15789473684210525,0.8961123824119568,0.8968824148178101,0.8964972496032715
34873930,business,one_sentence,"A girls' school has scrapped its end of year prom claiming it is too much of a ""distraction"" to pupils.","Proms at a Catholic school have been criticised by parents for being ""unwelcome"" and ""crushing"", the school has said.",1729,19,20,0.95,0,0.15384615384615385,0.05405405405405406,0.15384615384615385,0.8982937932014465,0.9019908308982849,0.9001385569572449
34873930,business,fact_constrained,"A girls' school has scrapped its end of year prom claiming it is too much of a ""distraction"" to pupils.","Proms at a Catholic school have been described as ""unwelcome and crushing"" by parents, a school has said.",1729,18,20,0.9,0,0.2105263157894737,0.05555555555555555,0.15789473684210525,0.8961123824119568,0.8968824148178101,0.8964972496032715
34337476,tech,tldr,"""If they knew I was talking to you, I'd be killed,"" says Mohamed.","As a Syrian refugee, he says, he wants to live in a ""caliphate"".",2961,13,13,1.0,0,0.14814814814814817,0.0,0.07407407407407408,0.888498067855835,0.8878045678138733,0.888151228427887
34337476,tech,bullet_points,"""If they knew I was talking to you, I'd be killed,"" says Mohamed.","As I write this, I'm surrounded by a group of young Syrians who are trying to cross Turkey's border with Greece.",2961,21,13,1.6153846153846154,0,0.16216216216216214,0.0,0.1081081081081081,0.8754116296768188,0.8836250305175781,0.8794991374015808
34337476,tech,bullet_points_strict,"""If they knew I was talking to you, I'd be killed,"" says Mohamed.","As a Syrian refugee, he says he has a ""crack to my throat"" - a clamp to his throat.",2961,19,13,1.4615384615384615,0,0.125,0.0,0.0625,0.8596946001052856,0.8907210826873779,0.8749328255653381
34337476,tech,one_sentence,"""If they knew I was talking to you, I'd be killed,"" says Mohamed.",The Syrian Observatory for Human Rights (OCHA) has released a video of a Syrian man attempting to cross Turkey's border with Greece. The video shows a Syrian man attempting to cross Turkey's border with Greece. The video shows a Syrian man attempting to cross Turkey's border with Greece.,2961,48,13,3.6923076923076925,0,0.030769230769230767,0.0,0.030769230769230767,0.8264481425285339,0.8680022954940796,0.8467157483100891
34337476,tech,fact_constrained,"""If they knew I was talking to you, I'd be killed,"" says Mohamed.",The Syrian Observatory for Human Rights (OCHA) has compiled a list of the world's most wanted asylum seekers.,2961,18,13,1.3846153846153846,0,0.0,0.0,0.0,0.8340651988983154,0.8661441206932068,0.8498020172119141
40424712,sport,tldr,Leyton Orient have appointed former chief executive Matt Porter to their board of directors following Nigel Travis' takeover on 22 June.,Darts boss Gary Porter has stepped down as the club's chief executive.,418,12,21,0.5714285714285714,0,0.17647058823529413,0.0625,0.11764705882352941,0.9111404418945312,0.8665867447853088,0.8883053660392761
40424712,sport,bullet_points,Leyton Orient have appointed former chief executive Matt Porter to their board of directors following Nigel Travis' takeover on 22 June.,Darts boss Gary Porter has resigned from the O's after a three-year spell at the club.,418,16,21,0.7619047619047619,0,0.05128205128205128,0.0,0.05128205128205128,0.8850105404853821,0.8629623651504517,0.8738473653793335
40424712,sport,bullet_points_strict,Leyton Orient have appointed former chief executive Matt Porter to their board of directors following Nigel Travis' takeover on 22 June.,Darts boss Gary Porter has stepped down as the club's chief executive.,418,12,21,0.5714285714285714,0,0.17647058823529413,0.0625,0.11764705882352941,0.9111404418945312,0.8665867447853088,0.8883053660392761
40424712,sport,one_sentence,Leyton Orient have appointed former chief executive Matt Porter to their board of directors following Nigel Travis' takeover on 22 June.,Darts boss Gary Porter has stepped down as the club's chief executive.,418,12,21,0.5714285714285714,0,0.17647058823529413,0.0625,0.11764705882352941,0.9111404418945312,0.8665867447853088,0.8883053660392761
40424712,sport,fact_constrained,Leyton Orient have appointed former chief executive Matt Porter to their board of directors following Nigel Travis' takeover on 22 June.,Darts boss Gary Porter has stepped down as the club's chief executive.,418,12,21,0.5714285714285714,0,0.17647058823529413,0.0625,0.11764705882352941,0.9111404418945312,0.8665867447853088,0.8883053660392761
31469644,entertainment,tldr,US Supreme Court Justice Ruth Bader Ginsburg has admitted there is a reason she was seen nodding off at the president's State of the Union address.,"Justice Ginsburg said she was ""not 100% sober"" at the State of the Union speech in January.",1389,17,26,0.6538461538461539,0,0.45454545454545453,0.2380952380952381,0.45454545454545453,0.9116435050964355,0.9049383997917175,0.9082785248756409
31469644,entertainment,bullet_points,US Supreme Court Justice Ruth Bader Ginsburg has admitted there is a reason she was seen nodding off at the president's State of the Union address.,"Justice Ginsburg has said she was ""not 100% sober"" at the State of the Union speech.",1389,16,26,0.6153846153846154,0,0.5116279069767441,0.29268292682926833,0.5116279069767441,0.9171788096427917,0.9063275456428528,0.9117209315299988
31469644,entertainment,bullet_points_strict,US Supreme Court Justice Ruth Bader Ginsburg has admitted there is a reason she was seen nodding off at the president's State of the Union address.,"Justice Ginsburg has said she was ""not 100% sober"" at the State of the Union speech.",1389,16,26,0.6153846153846154,0,0.5116279069767441,0.29268292682926833,0.5116279069767441,0.9171788096427917,0.9063275456428528,0.9117209315299988
31469644,entertainment,one_sentence,US Supreme Court Justice Ruth Bader Ginsburg has admitted there is a reason she was seen nodding off at the president's State of the Union address.,"Justice Ginsburg has said she was ""not 100% sober"" at the State of the Union dinner in Washington, DC.",1389,19,26,0.7307692307692307,0,0.47826086956521735,0.27272727272727276,0.47826086956521735,0.9054918885231018,0.9047690629959106,0.9051303267478943
31469644,entertainment,fact_constrained,US Supreme Court Justice Ruth Bader Ginsburg has admitted there is a reason she was seen nodding off at the president's State of the Union address.,"Justice Ginsburg has said she was ""not 100% sober"" at the State of the Union speech.",1389,16,26,0.6153846153846154,0,0.5116279069767441,0.29268292682926833,0.5116279069767441,0.9171788096427917,0.9063275456428528,0.9117209315299988
30579130,tech,tldr,A man is being held in Manchester on suspicion of terrorism offences.,A 26-year-old man has been arrested on suspicion of terrorism offences.,357,11,12,0.9166666666666666,0,0.5599999999999999,0.34782608695652173,0.5599999999999999,0.9455556273460388,0.9575645327568054,0.9515222311019897
30579130,tech,bullet_points,A man is being held in Manchester on suspicion of terrorism offences.,A man has been arrested on suspicion of terrorism offences.,357,10,12,0.8333333333333334,0,0.6363636363636365,0.5,0.6363636363636365,0.9769366383552551,0.9603692889213562,0.9685821533203125
30579130,tech,bullet_points_strict,A man is being held in Manchester on suspicion of terrorism offences.,A man has been arrested on suspicion of terrorism offences.,357,10,12,0.8333333333333334,0,0.6363636363636365,0.5,0.6363636363636365,0.9769366383552551,0.9603692889213562,0.9685821533203125
30579130,tech,one_sentence,A man is being held in Manchester on suspicion of terrorism offences.,A 26-year-old man has been arrested on suspicion of terrorism offences.,357,11,12,0.9166666666666666,0,0.5599999999999999,0.34782608695652173,0.5599999999999999,0.9455556273460388,0.9575645327568054,0.9515222311019897
30579130,tech,fact_constrained,A man is being held in Manchester on suspicion of terrorism offences.,A man has been arrested on suspicion of terrorism offences.,357,10,12,0.8333333333333334,0,0.6363636363636365,0.5,0.6363636363636365,0.9769366383552551,0.9603692889213562,0.9685821533203125
38204424,politics,tldr,"John Key has announced that he will resign as prime minister of New Zealand, after eight years in the job, citing family reasons.",John Key has resigned as New Zealand's new Prime Minister.,2826,10,23,0.43478260869565216,0,0.4705882352941176,0.25000000000000006,0.3529411764705882,0.969855785369873,0.9174597263336182,0.9429304599761963
38204424,politics,bullet_points,"John Key has announced that he will resign as prime minister of New Zealand, after eight years in the job, citing family reasons.",New Zealand's former Prime Minister John Key has resigned from the National Party.,2826,13,23,0.5652173913043478,0,0.4324324324324324,0.2285714285714286,0.2162162162162162,0.9409679174423218,0.9081670045852661,0.9242765307426453
38204424,politics,bullet_points_strict,"John Key has announced that he will resign as prime minister of New Zealand, after eight years in the job, citing family reasons.",John Key has resigned as New Zealand's new Prime Minister.,2826,10,23,0.43478260869565216,0,0.4705882352941176,0.25000000000000006,0.3529411764705882,0.969855785369873,0.9174597263336182,0.9429304599761963
38204424,politics,one_sentence,"John Key has announced that he will resign as prime minister of New Zealand, after eight years in the job, citing family reasons.",John Key has resigned as New Zealand's new Prime Minister.,2826,10,23,0.43478260869565216,0,0.4705882352941176,0.25000000000000006,0.3529411764705882,0.969855785369873,0.9174597263336182,0.9429304599761963
38204424,politics,fact_constrained,"John Key has announced that he will resign as prime minister of New Zealand, after eight years in the job, citing family reasons.",New Zealand's former Prime Minister John Key has resigned from the National Party.,2826,13,23,0.5652173913043478,0,0.4324324324324324,0.2285714285714286,0.2162162162162162,0.9409679174423218,0.9081670045852661,0.9242765307426453
40577325,politics,tldr,"Labour has accused the Conservatives of putting ""vitriolic personal attacks"" at the heart of their election campaign.","Labour has accused the Conservative Party of promoting ""personal attacks"" on candidates on social media.",2998,15,17,0.8823529411764706,0,0.43749999999999994,0.26666666666666666,0.43749999999999994,0.9453365206718445,0.9247345328330994,0.9349220395088196
40577325,politics,bullet_points,"Labour has accused the Conservatives of putting ""vitriolic personal attacks"" at the heart of their election campaign.","The Conservative Party has accused the Tories of promoting ""personal attacks"" on candidates on social media.",2998,16,17,0.9411764705882353,0,0.42424242424242425,0.19354838709677422,0.3636363636363636,0.9320985674858093,0.9124987125396729,0.9221944808959961
40577325,politics,bullet_points_strict,"Labour has accused the Conservatives of putting ""vitriolic personal attacks"" at the heart of their election campaign.","Labour has accused the Conservative Party of promoting ""personal attacks"" on candidates on social media.",2998,15,17,0.8823529411764706,0,0.43749999999999994,0.26666666666666666,0.43749999999999994,0.9453365206718445,0.9247345328330994,0.9349220395088196
40577325,politics,one_sentence,"Labour has accused the Conservatives of putting ""vitriolic personal attacks"" at the heart of their election campaign.","Labour has accused the Conservative Party of ""promoting personal attacks"" on candidates on social media.",2998,15,17,0.8823529411764706,0,0.43749999999999994,0.26666666666666666,0.43749999999999994,0.9396703243255615,0.9243603944778442,0.9319525361061096
40577325,politics,fact_constrained,"Labour has accused the Conservatives of putting ""vitriolic personal attacks"" at the heart of their election campaign.","The Conservative Party has accused the Conservatives of promoting ""personal attacks"" on candidates on social media.",2998,16,17,0.9411764705882353,0,0.48484848484848486,0.3225806451612903,0.42424242424242425,0.9321606755256653,0.9120483994483948,0.9219949245452881
34453610,tech,tldr,Detectives investigating the alleged attempted kidnap of a baby are appealing for a taxi driver to contact them.,A teenage girl has been charged with attempted kidnap of a child in Derbyshire.,682,14,18,0.7777777777777778,0,0.31250000000000006,0.20000000000000004,0.25,0.9085175395011902,0.8954490423202515,0.9019359946250916
34453610,tech,bullet_points,Detectives investigating the alleged attempted kidnap of a baby are appealing for a taxi driver to contact them.,A teenage girl has been charged with attempted kidnap of a child in Derbyshire.,682,14,18,0.7777777777777778,0,0.31250000000000006,0.20000000000000004,0.25,0.9085175395011902,0.8954490423202515,0.9019359946250916
34453610,tech,bullet_points_strict,Detectives investigating the alleged attempted kidnap of a baby are appealing for a taxi driver to contact them.,A teenage girl has been charged with attempted kidnap of a child in Derbyshire.,682,14,18,0.7777777777777778,0,0.31250000000000006,0.20000000000000004,0.25,0.9085175395011902,0.8954490423202515,0.9019359946250916
34453610,tech,one_sentence,Detectives investigating the alleged attempted kidnap of a baby are appealing for a taxi driver to contact them.,A teenage girl has been charged with attempted kidnap of a child in Derbyshire.,682,14,18,0.7777777777777778,0,0.31250000000000006,0.20000000000000004,0.25,0.9085175395011902,0.8954490423202515,0.9019359946250916
34453610,tech,fact_constrained,Detectives investigating the alleged attempted kidnap of a baby are appealing for a taxi driver to contact them.,A taxi driver has been charged with attempting to kidnap a teenage girl.,682,13,18,0.7222222222222222,0,0.3870967741935484,0.13793103448275862,0.2580645161290323,0.9396237134933472,0.9083796739578247,0.9237375259399414
38678509,business,tldr,"Offenders with a violent history are to be offered a new chance to change their lives, following the success of an American-style training project.",A food truck has been set up in Glasgow to help offenders with criminal convictions.,3108,15,24,0.625,0,0.2,0.052631578947368425,0.1,0.9012851715087891,0.8951939344406128,0.8982292413711548
38678509,business,bullet_points,"Offenders with a violent history are to be offered a new chance to change their lives, following the success of an American-style training project.",A social enterprise that provides training and mentoring for offenders with criminal convictions is to be expanded across Scotland.,3108,19,24,0.7916666666666666,0,0.2727272727272727,0.09523809523809525,0.1818181818181818,0.8981088399887085,0.8934341669082642,0.8957654237747192
38678509,business,bullet_points_strict,"Offenders with a violent history are to be offered a new chance to change their lives, following the success of an American-style training project.",A food truck has been set up in Glasgow to help offenders with criminal convictions.,3108,15,24,0.625,0,0.2,0.052631578947368425,0.1,0.9012851715087891,0.8951939344406128,0.8982292413711548
38678509,business,one_sentence,"Offenders with a violent history are to be offered a new chance to change their lives, following the success of an American-style training project.",A social enterprise that provides training and mentoring for offenders with criminal convictions is to open its doors to the public.,3108,21,24,0.875,0,0.30434782608695654,0.04545454545454545,0.21739130434782608,0.8999783396720886,0.8940626382827759,0.8970107436180115
38678509,business,fact_constrained,"Offenders with a violent history are to be offered a new chance to change their lives, following the success of an American-style training project.",A food truck has been set up in Glasgow to help offenders with criminal convictions.,3108,15,24,0.625,0,0.2,0.052631578947368425,0.1,0.9012851715087891,0.8951939344406128,0.8982292413711548
35755536,tech,tldr,One of Scotland's most wanted fugitives is still believed to be hiding in the Netherlands almost 10 years after he raped a woman in Glasgow.,A man accused of raping a woman in the Netherlands has been named in a most-wanted list of UK suspects.,596,20,25,0.8,0,0.3829787234042554,0.22222222222222224,0.21276595744680848,0.918502926826477,0.9039799571037292,0.9111836552619934
35755536,tech,bullet_points,One of Scotland's most wanted fugitives is still believed to be hiding in the Netherlands almost 10 years after he raped a woman in Glasgow.,A man convicted of raping a woman in the Netherlands has been named in a list of UK suspects.,596,19,25,0.76,0,0.3111111111111111,0.18604651162790697,0.2222222222222222,0.9134072065353394,0.8944945931434631,0.9038519859313965
35755536,tech,bullet_points_strict,One of Scotland's most wanted fugitives is still believed to be hiding in the Netherlands almost 10 years after he raped a woman in Glasgow.,A man convicted of raping a woman in the Netherlands has been named in a most-wanted list.,596,17,25,0.68,0,0.40909090909090906,0.2380952380952381,0.2272727272727273,0.9237920641899109,0.9035561680793762,0.9135620594024658
35755536,tech,one_sentence,One of Scotland's most wanted fugitives is still believed to be hiding in the Netherlands almost 10 years after he raped a woman in Glasgow.,A man convicted of raping a woman in the Netherlands has been named in the UK's most wanted list of suspects.,596,21,25,0.84,0,0.41666666666666663,0.2608695652173913,0.20833333333333331,0.926374077796936,0.9090750217437744,0.9176430106163025
35755536,tech,fact_constrained,One of Scotland's most wanted fugitives is still believed to be hiding in the Netherlands almost 10 years after he raped a woman in Glasgow.,A man convicted of raping a woman in the Netherlands has been named in a list of UK suspects who are thought to be in the Netherlands.,596,27,25,1.08,0,0.33962264150943394,0.19607843137254902,0.22641509433962265,0.9160220623016357,0.9047598838806152,0.9103561043739319
36757060,politics,tldr,"Dallas police have given the all clear, hours after security levels were raised at their headquarters in the city.","Dallas police have said they have taken ""precautionary measures"" to increase security at its headquarters in the US city of Dallas.",2766,21,19,1.105263157894737,0,0.45,0.2105263157894737,0.45,0.894077718257904,0.9108931422233582,0.9024071097373962
36757060,politics,bullet_points,"Dallas police have given the all clear, hours after security levels were raised at their headquarters in the city.","Dallas police have said they have taken ""precautionary measures"" to increase security at its headquarters in the US city of Dallas.",2766,21,19,1.105263157894737,0,0.45,0.2105263157894737,0.45,0.894077718257904,0.9108931422233582,0.9024071097373962
36757060,politics,bullet_points_strict,"Dallas police have given the all clear, hours after security levels were raised at their headquarters in the city.","Dallas police have said they have taken ""precautionary measures"" to increase security at its headquarters in the US city of Dallas.",2766,21,19,1.105263157894737,0,0.45,0.2105263157894737,0.45,0.894077718257904,0.9108931422233582,0.9024071097373962
36757060,politics,one_sentence,"Dallas police have given the all clear, hours after security levels were raised at their headquarters in the city.","Dallas police have said they have taken ""precautionary measures"" to increase security at its headquarters in the US city of Dallas.",2766,21,19,1.105263157894737,0,0.45,0.2105263157894737,0.45,0.894077718257904,0.9108931422233582,0.9024071097373962
36757060,politics,fact_constrained,"Dallas police have given the all clear, hours after security levels were raised at their headquarters in the city.","Dallas police have said they have taken ""precautionary measures"" to ""highen security"" after the shooting of five police officers in Dallas.",2766,21,19,1.105263157894737,0,0.35,0.10526315789473685,0.25,0.8768182992935181,0.8998706936836243,0.8881949186325073
39593375,entertainment,tldr,A paedophile who raped a 12-year-old boy after grooming him online has been jailed for 13 years.,A paedophile who sexually assaulted a 13-year-old boy has been jailed for life.,1523,13,17,0.7647058823529411,0,0.7058823529411765,0.43750000000000006,0.6470588235294117,0.9759084582328796,0.9515716433525085,0.9635863900184631
39593375,entertainment,bullet_points,A paedophile who raped a 12-year-old boy after grooming him online has been jailed for 13 years.,A paedophile who sexually assaulted a 13-year-old boy has been jailed for life.,1523,13,17,0.7647058823529411,0,0.7058823529411765,0.43750000000000006,0.6470588235294117,0.9759084582328796,0.9515716433525085,0.9635863900184631
39593375,entertainment,bullet_points_strict,A paedophile who raped a 12-year-old boy after grooming him online has been jailed for 13 years.,A paedophile who sexually assaulted a 13-year-old boy has been jailed for life.,1523,13,17,0.7647058823529411,0,0.7058823529411765,0.43750000000000006,0.6470588235294117,0.9759084582328796,0.9515716433525085,0.9635863900184631
39593375,entertainment,one_sentence,A paedophile who raped a 12-year-old boy after grooming him online has been jailed for 13 years.,A paedophile who sexually assaulted a 13-year-old boy has been jailed for life.,1523,13,17,0.7647058823529411,0,0.7058823529411765,0.43750000000000006,0.6470588235294117,0.9759084582328796,0.9515716433525085,0.9635863900184631
39593375,entertainment,fact_constrained,A paedophile who raped a 12-year-old boy after grooming him online has been jailed for 13 years.,A paedophile who sexually assaulted a 13-year-old boy has been jailed for life.,1523,13,17,0.7647058823529411,0,0.7058823529411765,0.43750000000000006,0.6470588235294117,0.9759084582328796,0.9515716433525085,0.9635863900184631
30194628,tech,tldr,"Italy's first female astronaut, Samantha Cristoforetti, is spending almost six months on the International Space Station.",The European Space Agency astronaut will be doing scientific experiments on the International Space Station.,1823,15,16,0.9375,0,0.37500000000000006,0.26666666666666666,0.37500000000000006,0.9291468262672424,0.867132842540741,0.8970693945884705
30194628,tech,bullet_points,"Italy's first female astronaut, Samantha Cristoforetti, is spending almost six months on the International Space Station.",The European Space Agency astronaut has arrived at the International Space Station.,1823,12,16,0.75,0,0.3448275862068966,0.2222222222222222,0.3448275862068966,0.9392557144165039,0.862760066986084,0.8993842601776123
30194628,tech,bullet_points_strict,"Italy's first female astronaut, Samantha Cristoforetti, is spending almost six months on the International Space Station.",The European Space Agency astronaut will be doing scientific experiments on the International Space Station.,1823,15,16,0.9375,0,0.37500000000000006,0.26666666666666666,0.37500000000000006,0.9291468262672424,0.867132842540741,0.8970693945884705
30194628,tech,one_sentence,"Italy's first female astronaut, Samantha Cristoforetti, is spending almost six months on the International Space Station.","The European Space Agency has announced the launch of a new space station, the International Space Station (ISS). The space station is located on the International Space Station (ISS) in the International Space Station (ISS). The space station is the only space station in the world to have a microgravity environment. The space station is the only space station in the world to have a microgravity environment. The space station is the only space station in the world to have a microgravity environment. The space station is the only space station in the world to have a microgravity environment.",1823,99,16,6.1875,0,0.10344827586206896,0.07017543859649122,0.10344827586206896,0.8343592882156372,0.8409223556518555,0.8376279473304749
30194628,tech,fact_constrained,"Italy's first female astronaut, Samantha Cristoforetti, is spending almost six months on the International Space Station.",The European Space Agency astronaut has arrived at the International Space Station.,1823,12,16,0.75,0,0.3448275862068966,0.2222222222222222,0.3448275862068966,0.9392557144165039,0.862760066986084,0.8993842601776123
40417519,politics,tldr,A council is to seek a civil injunction and damages against one of its own councillors and other members of the public.,A councillor who protested against the removal of street trees in Sheffield has been given a legal notice.,1834,18,22,0.8181818181818182,0,0.25,0.0,0.15,0.8912760615348816,0.8889005780220032,0.8900867700576782
40417519,politics,bullet_points,A council is to seek a civil injunction and damages against one of its own councillors and other members of the public.,A councillor who protested against the removal of street trees in Sheffield has been given a legal notice.,1834,18,22,0.8181818181818182,0,0.25,0.0,0.15,0.8912760615348816,0.8889005780220032,0.8900867700576782
40417519,politics,bullet_points_strict,A council is to seek a civil injunction and damages against one of its own councillors and other members of the public.,A councillor who protested against the removal of street trees in Sheffield has been given a legal notice.,1834,18,22,0.8181818181818182,0,0.25,0.0,0.15,0.8912760615348816,0.8889005780220032,0.8900867700576782
40417519,politics,one_sentence,A council is to seek a civil injunction and damages against one of its own councillors and other members of the public.,A councillor who protested against the removal of street trees in Sheffield has been given a legal notice.,1834,18,22,0.8181818181818182,0,0.25,0.0,0.15,0.8912760615348816,0.8889005780220032,0.8900867700576782
40417519,politics,fact_constrained,A council is to seek a civil injunction and damages against one of its own councillors and other members of the public.,A councillor has been ordered to stop protesting against the removal of street trees in Sheffield.,1834,16,22,0.7272727272727273,0,0.2631578947368421,0.0,0.2105263157894737,0.8964468836784363,0.8863052725791931,0.8913472294807434
39185863,sport,tldr,"Team Sky riders are ""100%"" behind team principal Sir Dave Brailsford, according to Geraint Thomas.","Former Team Sky doctor Dave Brailsford has tweeted his support for Sir Dave Brailsford, saying he ""wouldn't want anyone else leading Team Sky"".",3930,23,15,1.5333333333333334,0,0.3076923076923077,0.16216216216216214,0.25641025641025644,0.8810119032859802,0.9029689431190491,0.8918552994728088
39185863,sport,bullet_points,"Team Sky riders are ""100%"" behind team principal Sir Dave Brailsford, according to Geraint Thomas.","Former Team Sky doctor Dave Brailsford has said he is ""completely behind"" Sir Dave Brailsford.",3930,15,15,1.0,0,0.4000000000000001,0.21428571428571427,0.4000000000000001,0.922493577003479,0.912001371383667,0.9172174334526062
39185863,sport,bullet_points_strict,"Team Sky riders are ""100%"" behind team principal Sir Dave Brailsford, according to Geraint Thomas.","Former Team Sky doctor Dave Brailsford has said he is ""completely behind"" Sir Dave Brailsford.",3930,15,15,1.0,0,0.4000000000000001,0.21428571428571427,0.4000000000000001,0.922493577003479,0.912001371383667,0.9172174334526062
39185863,sport,one_sentence,"Team Sky riders are ""100%"" behind team principal Sir Dave Brailsford, according to Geraint Thomas.","Former Team Sky doctor Dave Brailsford has said he is ""completely behind"" Team Sky boss Dave Brailsford.",3930,17,15,1.1333333333333333,0,0.37500000000000006,0.19999999999999998,0.37500000000000006,0.9215375781059265,0.9072448015213013,0.9143353700637817
39185863,sport,fact_constrained,"Team Sky riders are ""100%"" behind team principal Sir Dave Brailsford, according to Geraint Thomas.","Former Team Sky doctor Dave Brailsford has said he is ""completely behind"" Sir Dave Brailsford.",3930,15,15,1.0,0,0.4000000000000001,0.21428571428571427,0.4000000000000001,0.922493577003479,0.912001371383667,0.9172174334526062
37460682,tech,tldr,Messaging app firm Snapchat has announced its first gadget - sunglasses with a built-in camera.,Snapchat has unveiled a new device that will allow users to record their own videos.,3308,15,15,1.0,0,0.20000000000000004,0.07142857142857142,0.20000000000000004,0.9144707322120667,0.900661289691925,0.907513439655304
37460682,tech,bullet_points,Messaging app firm Snapchat has announced its first gadget - sunglasses with a built-in camera.,Snapchat has unveiled a new device that will allow users to record their own videos.,3308,15,15,1.0,0,0.20000000000000004,0.07142857142857142,0.20000000000000004,0.9144707322120667,0.900661289691925,0.907513439655304
37460682,tech,bullet_points_strict,Messaging app firm Snapchat has announced its first gadget - sunglasses with a built-in camera.,Snapchat has unveiled a new product - broken Glass Spectacles.,3308,10,15,0.6666666666666666,0,0.25,0.09090909090909091,0.25,0.915144681930542,0.8913417458534241,0.9030864238739014
37460682,tech,one_sentence,Messaging app firm Snapchat has announced its first gadget - sunglasses with a built-in camera.,Snapchat has unveiled a new device that will allow users to record their own videos.,3308,15,15,1.0,0,0.20000000000000004,0.07142857142857142,0.20000000000000004,0.9144707322120667,0.900661289691925,0.907513439655304
37460682,tech,fact_constrained,Messaging app firm Snapchat has announced its first gadget - sunglasses with a built-in camera.,Snapchat has unveiled a new device that will allow users to record their own videos.,3308,15,15,1.0,0,0.20000000000000004,0.07142857142857142,0.20000000000000004,0.9144707322120667,0.900661289691925,0.907513439655304
38574544,sport,tldr,"Guinea-Bissau's players have ended their strike after being paid outstanding wages, four days before the start of the Africa Cup of Nations.",Guinea-Bissau's national football team has been relegated to the Africa Cup of Nations.,1431,13,22,0.5909090909090909,0,0.4102564102564102,0.3243243243243243,0.4102564102564102,0.9381638765335083,0.9016615748405457,0.9195506572723389
38574544,sport,bullet_points,"Guinea-Bissau's players have ended their strike after being paid outstanding wages, four days before the start of the Africa Cup of Nations.",Guinea-Bissau's national football team has been relegated from the Africa Cup of Nations after the country's president stepped down on Sunday.,1431,21,22,0.9545454545454546,0,0.4166666666666667,0.2608695652173913,0.3333333333333333,0.9217570424079895,0.9110690951347351,0.9163819551467896
38574544,sport,bullet_points_strict,"Guinea-Bissau's players have ended their strike after being paid outstanding wages, four days before the start of the Africa Cup of Nations.",Guinea-Bissau's national football team has won their first Nations Cup qualifier since a series of coups broke out last year.,1431,20,22,0.9090909090909091,0,0.30434782608695654,0.0909090909090909,0.2608695652173913,0.8925044536590576,0.8950321674346924,0.8937665224075317
38574544,sport,one_sentence,"Guinea-Bissau's players have ended their strike after being paid outstanding wages, four days before the start of the Africa Cup of Nations.",Guinea-Bissau's national football team has been relegated from the Africa Cup of Nations after a dispute over their fees.,1431,19,22,0.8636363636363636,0,0.4444444444444445,0.27906976744186046,0.35555555555555557,0.9357818365097046,0.9219163060188293,0.9287973046302795
38574544,sport,fact_constrained,"Guinea-Bissau's players have ended their strike after being paid outstanding wages, four days before the start of the Africa Cup of Nations.",Guinea-Bissau's national football team has been relegated from the Africa Cup of Nations after the country's president re-elected them.,1431,19,22,0.8636363636363636,0,0.425531914893617,0.2666666666666666,0.3404255319148936,0.9221867918968201,0.9141423106193542,0.9181469082832336
31508030,politics,tldr,"David Cameron has voiced his ""strong support"" for the expansion of grammar schools during a visit to the South East.",Prime Minister David Cameron has said he strongly supports the right of grammar schools to expand.,1650,16,20,0.8,0,0.4444444444444445,0.23529411764705882,0.4444444444444445,0.9465673565864563,0.9199390411376953,0.9330633282661438
31508030,politics,bullet_points,"David Cameron has voiced his ""strong support"" for the expansion of grammar schools during a visit to the South East.",Prime Minister David Cameron has said he strongly supports the right of grammar schools to expand.,1650,16,20,0.8,0,0.4444444444444445,0.23529411764705882,0.4444444444444445,0.9465673565864563,0.9199390411376953,0.9330633282661438
31508030,politics,bullet_points_strict,"David Cameron has voiced his ""strong support"" for the expansion of grammar schools during a visit to the South East.",David Cameron has said he strongly supports the right of grammar schools to expand.,1650,14,20,0.7,0,0.47058823529411764,0.25,0.47058823529411764,0.9530859589576721,0.91968834400177,0.9360893368721008
31508030,politics,one_sentence,"David Cameron has voiced his ""strong support"" for the expansion of grammar schools during a visit to the South East.",Prime Minister David Cameron has said he strongly supports the right of grammar schools to expand.,1650,16,20,0.8,0,0.4444444444444445,0.23529411764705882,0.4444444444444445,0.9465673565864563,0.9199390411376953,0.9330633282661438
31508030,politics,fact_constrained,"David Cameron has voiced his ""strong support"" for the expansion of grammar schools during a visit to the South East.",Prime Minister David Cameron has said he strongly supports the right of grammar schools to expand.,1650,16,20,0.8,0,0.4444444444444445,0.23529411764705882,0.4444444444444445,0.9465673565864563,0.9199390411376953,0.9330633282661438
40932205,sport,tldr,Championship side Bristol City came from behind to beat Premier League Watford in the EFL Cup second round.,Watford drew 1-1 with Bristol City in the National League on Sunday as they lost 2-0 to Watford.,3716,18,18,1.0,0,0.36842105263157887,0.1111111111111111,0.2105263157894737,0.8843569755554199,0.8801615834236145,0.8822543621063232
40932205,sport,bullet_points,Championship side Bristol City came from behind to beat Premier League Watford in the EFL Cup second round.,Watford were held to a goalless draw by Bristol City as they lost 2-0 to Watford.,3716,16,18,0.8888888888888888,0,0.22857142857142856,0.06060606060606061,0.22857142857142856,0.8772899508476257,0.8642816543579102,0.8707371950149536
40932205,sport,bullet_points_strict,Championship side Bristol City came from behind to beat Premier League Watford in the EFL Cup second round.,Watford drew 1-1 with Bristol City in the National League on Sunday as they lost 2-0 to Watford.,3716,18,18,1.0,0,0.36842105263157887,0.1111111111111111,0.2105263157894737,0.8843569755554199,0.8801615834236145,0.8822543621063232
40932205,sport,one_sentence,Championship side Bristol City came from behind to beat Premier League Watford in the EFL Cup second round.,Watford drew 1-1 with Bristol City in the National League on Sunday as they lost 2-0 to Watford.,3716,18,18,1.0,0,0.36842105263157887,0.1111111111111111,0.2105263157894737,0.8843569755554199,0.8801615834236145,0.8822543621063232
40932205,sport,fact_constrained,Championship side Bristol City came from behind to beat Premier League Watford in the EFL Cup second round.,Watford drew 1-1 with Bristol City in the Premier League on Sunday.,3716,12,18,0.6666666666666666,0,0.45161290322580644,0.20689655172413793,0.2580645161290323,0.9100485444068909,0.886528491973877,0.8981345891952515
36517711,tech,tldr,"A disturbance at a prison saw 130 inmates transferred to nearby jails after two wings were put ""out of commission"", a union has said.","Prisoners at a Hampshire prison have been locked in their cells for three days without hot food, hot water and no prison officers on some wings.",1551,26,24,1.0833333333333333,0,0.16,0.041666666666666664,0.16,0.8712065815925598,0.8842884302139282,0.8776987195014954
36517711,tech,bullet_points,"A disturbance at a prison saw 130 inmates transferred to nearby jails after two wings were put ""out of commission"", a union has said.","Prisoners at a Hampshire prison have been locked in their cells for three days without hot food and hot water, the BBC has learned.",1551,24,24,1.0,0,0.16666666666666666,0.043478260869565216,0.16666666666666666,0.8790952563285828,0.885002613067627,0.8820390105247498
36517711,tech,bullet_points_strict,"A disturbance at a prison saw 130 inmates transferred to nearby jails after two wings were put ""out of commission"", a union has said.","Three prisoners at a Hampshire prison have been locked in their cells for three days without hot food and hot water, the BBC has learned.",1551,25,24,1.0416666666666667,0,0.16326530612244897,0.0425531914893617,0.16326530612244897,0.8804071545600891,0.8888916373252869,0.8846290707588196
36517711,tech,one_sentence,"A disturbance at a prison saw 130 inmates transferred to nearby jails after two wings were put ""out of commission"", a union has said.","Prisoners at a Hampshire prison have been locked in their cells for three days without hot food, hot water and no prison officers on some wings.",1551,26,24,1.0833333333333333,0,0.16,0.041666666666666664,0.16,0.8712065815925598,0.8842884302139282,0.8776987195014954
36517711,tech,fact_constrained,"A disturbance at a prison saw 130 inmates transferred to nearby jails after two wings were put ""out of commission"", a union has said.","Prisoners at a Derbyshire prison have been locked in their cells for three days without hot food and hot water, the BBC has learned.",1551,24,24,1.0,0,0.16666666666666666,0.043478260869565216,0.16666666666666666,0.8737894296646118,0.8853098154067993,0.8795118927955627
32788950,sport,tldr,Batsman Joe Root has credited sacked coach Peter Moores with the form that resulted in him being named England's player of the year.,"England all-rounder Joe Root says he has ""got the best out of"" coach Peter Moores over the past year.",1632,19,23,0.8260869565217391,0,0.5,0.14285714285714288,0.3636363636363636,0.9157857894897461,0.9050821661949158,0.9104025363922119
32788950,sport,bullet_points,Batsman Joe Root has credited sacked coach Peter Moores with the form that resulted in him being named England's player of the year.,"England's Peter Moores has given Root the best of his coaching staff, he says.",1632,14,23,0.6086956521739131,0,0.4102564102564102,0.1081081081081081,0.2051282051282051,0.911135733127594,0.8797100782394409,0.8951471447944641
32788950,sport,bullet_points_strict,Batsman Joe Root has credited sacked coach Peter Moores with the form that resulted in him being named England's player of the year.,"England's Peter Root says he has ""got the best out of me"" under England's new vice-captain Peter Moores.",1632,18,23,0.782608695652174,0,0.35555555555555557,0.09302325581395349,0.22222222222222224,0.9057794809341431,0.8958855271339417,0.9008052945137024
32788950,sport,one_sentence,Batsman Joe Root has credited sacked coach Peter Moores with the form that resulted in him being named England's player of the year.,"England all-rounder Joe Root says he has ""got the best out of"" coach Peter Moores.",1632,15,23,0.6521739130434783,0,0.45,0.15789473684210528,0.3,0.922602653503418,0.8995704650878906,0.9109410047531128
32788950,sport,fact_constrained,Batsman Joe Root has credited sacked coach Peter Moores with the form that resulted in him being named England's player of the year.,England's Peter Moores has given Root a lot of credit for his coaching staff's success.,1632,15,23,0.6521739130434783,0,0.34146341463414637,0.10256410256410256,0.14634146341463414,0.9264204502105713,0.8978989720344543,0.9119368195533752
39050812,sport,tldr,Manager Grant McCann has apologised to the fans for Peterborough United's 4-1 home defeat by fellow League One play-off hopefuls Southend United.,Peter McCann says he believes he is five points off the play-offs after his side's 1-0 win over Cambridgeshire.,1264,19,22,0.8636363636363636,0,0.2553191489361702,0.0,0.1702127659574468,0.88786780834198,0.8691683411598206,0.878418505191803
39050812,sport,bullet_points,Manager Grant McCann has apologised to the fans for Peterborough United's 4-1 home defeat by fellow League One play-off hopefuls Southend United.,Peter McCann says he believes he is five points off the play-offs after his side's 1-0 win over Posh at the ABAX Stadium.,1264,23,22,1.0454545454545454,0,0.23529411764705882,0.0,0.1568627450980392,0.8779247403144836,0.8676539659500122,0.8727591037750244
39050812,sport,bullet_points_strict,Manager Grant McCann has apologised to the fans for Peterborough United's 4-1 home defeat by fellow League One play-off hopefuls Southend United.,Peter McCann says he believes he is five points off the play-offs after his side's 4-0 win over Cambridgeshire.,1264,19,22,0.8636363636363636,0,0.2553191489361702,0.044444444444444446,0.1702127659574468,0.8895191550254822,0.8725720643997192,0.8809641003608704
39050812,sport,one_sentence,Manager Grant McCann has apologised to the fans for Peterborough United's 4-1 home defeat by fellow League One play-off hopefuls Southend United.,Peter McCann says he believes he is five points off the play-offs after his side's 1-0 win over Cambridgeshire at the ABAX Stadium.,1264,23,22,1.0454545454545454,0,0.23529411764705882,0.0,0.1568627450980392,0.871478259563446,0.8688083291053772,0.8701412081718445
39050812,sport,fact_constrained,Manager Grant McCann has apologised to the fans for Peterborough United's 4-1 home defeat by fellow League One play-off hopefuls Southend United.,Peter McCann says he believes he is five points off the play-offs after his side's 1-0 win over Posh at the ABAX Stadium.,1264,23,22,1.0454545454545454,0,0.23529411764705882,0.0,0.1568627450980392,0.8779247403144836,0.8676539659500122,0.8727591037750244
32974091,politics,tldr,An public inquiry is under way into plans for up to 500 new homes in an area of open land in Kent.,A public inquiry into plans to build a new road on a Grade II listed site in Maidstone has been launched.,1035,21,22,0.9545454545454546,0,0.3255813953488372,0.0975609756097561,0.3255813953488372,0.9202972054481506,0.9233059287071228,0.9217991232872009
32974091,politics,bullet_points,An public inquiry is under way into plans for up to 500 new homes in an area of open land in Kent.,A public inquiry into plans to build a new road on a Grade II listed site in Maidstone has been launched.,1035,21,22,0.9545454545454546,0,0.3255813953488372,0.0975609756097561,0.3255813953488372,0.9202972054481506,0.9233059287071228,0.9217991232872009
32974091,politics,bullet_points_strict,An public inquiry is under way into plans for up to 500 new homes in an area of open land in Kent.,A public inquiry into plans to build a new road on a Grade II listed site in Maidstone has been launched.,1035,21,22,0.9545454545454546,0,0.3255813953488372,0.0975609756097561,0.3255813953488372,0.9202972054481506,0.9233059287071228,0.9217991232872009
32974091,politics,one_sentence,An public inquiry is under way into plans for up to 500 new homes in an area of open land in Kent.,A public inquiry into plans to build a new road on a Grade II listed site in Maidstone has been launched.,1035,21,22,0.9545454545454546,0,0.3255813953488372,0.0975609756097561,0.3255813953488372,0.9202972054481506,0.9233059287071228,0.9217991232872009
32974091,politics,fact_constrained,An public inquiry is under way into plans for up to 500 new homes in an area of open land in Kent.,A public inquiry into plans to build a new road on a Grade II listed site in Maidstone has been launched.,1035,21,22,0.9545454545454546,0,0.3255813953488372,0.0975609756097561,0.3255813953488372,0.9202972054481506,0.9233059287071228,0.9217991232872009
36171772,tech,tldr,"A railway line which was closed due to a landslip is to reopen next week, Network Rail has announced.",The Farnham to Alton line has reopened after the track collapsed.,427,11,19,0.5789473684210527,0,0.19999999999999998,0.0,0.13333333333333333,0.900770902633667,0.9039363265037537,0.9023508429527283
36171772,tech,bullet_points,"A railway line which was closed due to a landslip is to reopen next week, Network Rail has announced.",Network Rail has warned of possible future closures after a railway line collapsed.,427,13,19,0.6842105263157895,0,0.37499999999999994,0.26666666666666666,0.18749999999999997,0.9356162548065186,0.9227737188339233,0.9291505813598633
36171772,tech,bullet_points_strict,"A railway line which was closed due to a landslip is to reopen next week, Network Rail has announced.",Network Rail has warned of possible closures after a collapsed track on the Farnham to Alton line.,427,17,19,0.8947368421052632,0,0.33333333333333337,0.11764705882352941,0.16666666666666669,0.9019885063171387,0.9151537418365479,0.908523440361023
36171772,tech,one_sentence,"A railway line which was closed due to a landslip is to reopen next week, Network Rail has announced.",Rail services on the Farnham to Alton line are due to reopen on 4 May.,427,15,19,0.7894736842105263,0,0.35294117647058826,0.125,0.23529411764705882,0.8865150213241577,0.9001162648200989,0.8932638764381409
36171772,tech,fact_constrained,"A railway line which was closed due to a landslip is to reopen next week, Network Rail has announced.",Network Rail has said it will reopen the Farnham to Alton railway line after a three-month delay.,427,17,19,0.8947368421052632,0,0.43243243243243246,0.17142857142857143,0.16216216216216214,0.9058791399002075,0.9220153093338013,0.9138760566711426
39885289,business,tldr,"An Asian police officer who raised concerns about a ""racist"" toy monkey at work was accused of gross misconduct, BBC News has learned.",A Metropolitan Police detective who claimed he saw a monkey toy on a colleague's desk has been cleared of misconduct.,4746,20,23,0.8695652173913043,0,0.3636363636363636,0.0,0.2727272727272727,0.9240343570709229,0.8996678590774536,0.9116883873939514
39885289,business,bullet_points,"An Asian police officer who raised concerns about a ""racist"" toy monkey at work was accused of gross misconduct, BBC News has learned.",A Metropolitan Police detective who claimed he saw a monkey toy on a colleague's desk has been cleared of misconduct.,4746,20,23,0.8695652173913043,0,0.3636363636363636,0.0,0.2727272727272727,0.9240343570709229,0.8996678590774536,0.9116883873939514
39885289,business,bullet_points_strict,"An Asian police officer who raised concerns about a ""racist"" toy monkey at work was accused of gross misconduct, BBC News has learned.",A Metropolitan Police detective who claimed he saw a monkey toy in a police station has been cleared of misconduct.,4746,20,23,0.8695652173913043,0,0.37209302325581395,0.0,0.27906976744186046,0.9297982454299927,0.9003303647041321,0.9148270487785339
39885289,business,one_sentence,"An Asian police officer who raised concerns about a ""racist"" toy monkey at work was accused of gross misconduct, BBC News has learned.",A Metropolitan Police detective has been cleared of misconduct after claiming a monkey toy was a racist toy.,4746,18,23,0.782608695652174,0,0.4390243902439025,0.10256410256410256,0.1951219512195122,0.9383389949798584,0.9038381576538086,0.9207654595375061
39885289,business,fact_constrained,"An Asian police officer who raised concerns about a ""racist"" toy monkey at work was accused of gross misconduct, BBC News has learned.",A Metropolitan Police detective who claimed he saw a monkey toy in a police station has been cleared of misconduct.,4746,20,23,0.8695652173913043,0,0.37209302325581395,0.0,0.27906976744186046,0.9297982454299927,0.9003303647041321,0.9148270487785339
36423329,politics,tldr,Philippine President-elect Rodrigo Duterte has been condemned by media groups for saying some of the many journalists killed in the country had deserved to die.,"Philippine President Rodrigo Duterte has said he will ""kill"" journalists if they ""don't do something wrong"".",3678,16,25,0.64,0,0.2790697674418605,0.14634146341463414,0.2790697674418605,0.8780324459075928,0.8967444896697998,0.887289822101593
36423329,politics,bullet_points,Philippine President-elect Rodrigo Duterte has been condemned by media groups for saying some of the many journalists killed in the country had deserved to die.,"Philippine President Rodrigo Duterte has said he will ""kill"" journalists if they do something wrong.",3678,15,25,0.6,0,0.29268292682926833,0.15384615384615383,0.29268292682926833,0.9086946249008179,0.9005316495895386,0.9045947194099426
36423329,politics,bullet_points_strict,Philippine President-elect Rodrigo Duterte has been condemned by media groups for saying some of the many journalists killed in the country had deserved to die.,"Philippine President Rodrigo Duterte has said he will ""kill"" journalists if they do something wrong.",3678,15,25,0.6,0,0.29268292682926833,0.15384615384615383,0.29268292682926833,0.9086946249008179,0.9005316495895386,0.9045947194099426
36423329,politics,one_sentence,Philippine President-elect Rodrigo Duterte has been condemned by media groups for saying some of the many journalists killed in the country had deserved to die.,"Philippine President Rodrigo Duterte has said he will ""kill"" journalists if they do something wrong.",3678,15,25,0.6,0,0.29268292682926833,0.15384615384615383,0.29268292682926833,0.9086946249008179,0.9005316495895386,0.9045947194099426
36423329,politics,fact_constrained,Philippine President-elect Rodrigo Duterte has been condemned by media groups for saying some of the many journalists killed in the country had deserved to die.,"Philippine President Rodrigo Duterte has said he will ""kill"" journalists if they do something wrong.",3678,15,25,0.6,0,0.29268292682926833,0.15384615384615383,0.29268292682926833,0.9086946249008179,0.9005316495895386,0.9045947194099426
40912459,tech,tldr,A jet skier has been airlifted to hospital after a crash involving a speedboat during an event off Anglesey.,A lifeboat crew has been rescued after a lifeboat sank in Gwynedd Bay.,781,13,19,0.6842105263157895,0,0.3125,0.13333333333333333,0.3125,0.9095184803009033,0.8914353847503662,0.9003861546516418
40912459,tech,bullet_points,A jet skier has been airlifted to hospital after a crash involving a speedboat during an event off Anglesey.,A lifeboat crew has been rescued after a lifeboat sank in the Gwynedd Bay.,781,14,19,0.7368421052631579,0,0.30303030303030304,0.12903225806451615,0.30303030303030304,0.9085184335708618,0.8922594785690308,0.9003155827522278
40912459,tech,bullet_points_strict,A jet skier has been airlifted to hospital after a crash involving a speedboat during an event off Anglesey.,A lifeboat crew has been rescued after a lifeboat sank in Gwynedd Bay.,781,13,19,0.6842105263157895,0,0.3125,0.13333333333333333,0.3125,0.9095184803009033,0.8914353847503662,0.9003861546516418
40912459,tech,one_sentence,A jet skier has been airlifted to hospital after a crash involving a speedboat during an event off Anglesey.,A lifeboat crew has been rescued after a lifeboat sank in Gwynedd Bay.,781,13,19,0.6842105263157895,0,0.3125,0.13333333333333333,0.3125,0.9095184803009033,0.8914353847503662,0.9003861546516418
40912459,tech,fact_constrained,A jet skier has been airlifted to hospital after a crash involving a speedboat during an event off Anglesey.,A lifeboat crew has been rescued after a lifeboat sank in Gwynedd Bay.,781,13,19,0.6842105263157895,0,0.3125,0.13333333333333333,0.3125,0.9095184803009033,0.8914353847503662,0.9003861546516418
30546498,business,tldr,"In Africa, Botswana is often seen as a diamond in the rough.",Botswana is one of Africa's richest countries.,6755,7,12,0.5833333333333334,0,0.3,0.1111111111111111,0.2,0.918900728225708,0.9061501622200012,0.9124809503555298
30546498,business,bullet_points,"In Africa, Botswana is often seen as a diamond in the rough.",Botswana is one of Africa's richest countries.,6755,7,12,0.5833333333333334,0,0.3,0.1111111111111111,0.2,0.918900728225708,0.9061501622200012,0.9124809503555298
30546498,business,bullet_points_strict,"In Africa, Botswana is often seen as a diamond in the rough.",Botswana is one of Africa's richest countries.,6755,7,12,0.5833333333333334,0,0.3,0.1111111111111111,0.2,0.918900728225708,0.9061501622200012,0.9124809503555298
30546498,business,one_sentence,"In Africa, Botswana is often seen as a diamond in the rough.",Botswana is one of Africa's richest countries.,6755,7,12,0.5833333333333334,0,0.3,0.1111111111111111,0.2,0.918900728225708,0.9061501622200012,0.9124809503555298
30546498,business,fact_constrained,"In Africa, Botswana is often seen as a diamond in the rough.",Botswana is one of Africa's richest countries.,6755,7,12,0.5833333333333334,0,0.3,0.1111111111111111,0.2,0.918900728225708,0.9061501622200012,0.9124809503555298
35987432,tech,tldr,"A mother-of-four battered a toddler to death months after she was made the child's legal guardian, a court has heard.","A toddler who died from septicaemia, infection and head injuries has been found dead, a court has heard.",1656,18,20,0.9,0,0.2926829268292683,0.20512820512820512,0.2926829268292683,0.8819165229797363,0.8944165706634521,0.8881226181983948
35987432,tech,bullet_points,"A mother-of-four battered a toddler to death months after she was made the child's legal guardian, a court has heard.","A toddler who died from septicaemia and a ""terrible"" head injury has been found dead, a court has heard.",1656,19,20,0.95,0,0.3333333333333333,0.19999999999999998,0.28571428571428575,0.8834245204925537,0.8955945372581482,0.8894678354263306
35987432,tech,bullet_points_strict,"A mother-of-four battered a toddler to death months after she was made the child's legal guardian, a court has heard.","A toddler who died from septicaemia, infection and head injuries has been found dead, a court has heard.",1656,18,20,0.9,0,0.2926829268292683,0.20512820512820512,0.2926829268292683,0.8819165229797363,0.8944165706634521,0.8881226181983948
35987432,tech,one_sentence,"A mother-of-four battered a toddler to death months after she was made the child's legal guardian, a court has heard.","The body of a toddler who died from septicaemia, infection and head injuries has been found.",1656,16,20,0.8,0,0.2564102564102564,0.05405405405405406,0.20512820512820512,0.8607770204544067,0.87492835521698,0.8677949905395508
35987432,tech,fact_constrained,"A mother-of-four battered a toddler to death months after she was made the child's legal guardian, a court has heard.","A toddler who died from septicaemia, infection and head injuries has been found dead, a court has heard.",1656,18,20,0.9,0,0.2926829268292683,0.20512820512820512,0.2926829268292683,0.8819165229797363,0.8944165706634521,0.8881226181983948
40291028,tech,tldr,"A man has been found guilty of murdering his ""on-off partner"" by bludgeoning her to death.",A man has been found guilty of murdering a woman in a row over an ex-girlfriend.,1613,16,16,1.0,0,0.47058823529411764,0.4375,0.47058823529411764,0.9464635848999023,0.9162923693656921,0.9311336278915405
40291028,tech,bullet_points,"A man has been found guilty of murdering his ""on-off partner"" by bludgeoning her to death.",A man has been jailed for life for the murder of a woman in a flat.,1613,16,16,1.0,0,0.30303030303030304,0.19354838709677422,0.30303030303030304,0.9267298579216003,0.8949249982833862,0.9105497598648071
40291028,tech,bullet_points_strict,"A man has been found guilty of murdering his ""on-off partner"" by bludgeoning her to death.",A man has been found guilty of murdering a woman in a row over an ex-girlfriend.,1613,16,16,1.0,0,0.47058823529411764,0.4375,0.47058823529411764,0.9464635848999023,0.9162923693656921,0.9311336278915405
40291028,tech,one_sentence,"A man has been found guilty of murdering his ""on-off partner"" by bludgeoning her to death.",A man has been jailed for life for the murder of a woman in a flat.,1613,16,16,1.0,0,0.30303030303030304,0.19354838709677422,0.30303030303030304,0.9267298579216003,0.8949249982833862,0.9105497598648071
40291028,tech,fact_constrained,"A man has been found guilty of murdering his ""on-off partner"" by bludgeoning her to death.",A man has been jailed for life for the murder of a woman in a flat.,1613,16,16,1.0,0,0.30303030303030304,0.19354838709677422,0.30303030303030304,0.9267298579216003,0.8949249982833862,0.9105497598648071
32918499,tech,tldr,Three nightclub doormen have told how they helped rescue a man trapped in an upturned car in a water-filled ditch.,Three men have rescued a man trapped in a car in a dyke.,1541,13,20,0.65,0,0.5294117647058824,0.3125,0.5294117647058824,0.960219144821167,0.9122673869132996,0.9356292486190796
32918499,tech,bullet_points,Three nightclub doormen have told how they helped rescue a man trapped in an upturned car in a water-filled ditch.,Three men have helped rescue a man trapped in a car in a dyke.,1541,14,20,0.7,0,0.6285714285714286,0.4242424242424242,0.6285714285714286,0.9632971882820129,0.9151749610900879,0.9386197328567505
32918499,tech,bullet_points_strict,Three nightclub doormen have told how they helped rescue a man trapped in an upturned car in a water-filled ditch.,Three men have helped rescue a man trapped in a car in a dyke.,1541,14,20,0.7,0,0.6285714285714286,0.4242424242424242,0.6285714285714286,0.9632971882820129,0.9151749610900879,0.9386197328567505
32918499,tech,one_sentence,Three nightclub doormen have told how they helped rescue a man trapped in an upturned car in a water-filled ditch.,Three men have helped rescue a man trapped in a car in a dyke.,1541,14,20,0.7,0,0.6285714285714286,0.4242424242424242,0.6285714285714286,0.9632971882820129,0.9151749610900879,0.9386197328567505
32918499,tech,fact_constrained,Three nightclub doormen have told how they helped rescue a man trapped in an upturned car in a water-filled ditch.,Three men have rescued a man trapped in a car in a dyke.,1541,13,20,0.65,0,0.5294117647058824,0.3125,0.5294117647058824,0.960219144821167,0.9122673869132996,0.9356292486190796
36961338,tech,tldr,"More armed police are to be seen on patrol in London, Metropolitan Police commissioner Sir Bernard Hogan-Howe and Mayor of London Sadiq Khan have said.","More armed police officers will be in place across England and Wales, the Metropolitan Police commissioner has said.",5141,18,25,0.72,0,0.4545454545454546,0.19047619047619052,0.40909090909090906,0.9463753700256348,0.8884755373001099,0.9165118932723999
36961338,tech,bullet_points,"More armed police are to be seen on patrol in London, Metropolitan Police commissioner Sir Bernard Hogan-Howe and Mayor of London Sadiq Khan have said.","Londoners are reassured that the police service, the security service, is doing their bit to keep London safe.",5141,18,25,0.72,0,0.18181818181818185,0.0,0.13636363636363638,0.8887708783149719,0.8510345220565796,0.8694934248924255
36961338,tech,bullet_points_strict,"More armed police are to be seen on patrol in London, Metropolitan Police commissioner Sir Bernard Hogan-Howe and Mayor of London Sadiq Khan have said.","More armed police officers are to be deployed across England and Wales, the Metropolitan Police commissioner has said.",5141,18,25,0.72,0,0.5,0.28571428571428564,0.4545454545454546,0.953544020652771,0.8926637768745422,0.9221000671386719
36961338,tech,one_sentence,"More armed police are to be seen on patrol in London, Metropolitan Police commissioner Sir Bernard Hogan-Howe and Mayor of London Sadiq Khan have said.","Londoners are reassured that the police service, the security service, is doing their bit to keep London safe.",5141,18,25,0.72,0,0.18181818181818185,0.0,0.13636363636363638,0.8887708783149719,0.8510345220565796,0.8694934248924255
36961338,tech,fact_constrained,"More armed police are to be seen on patrol in London, Metropolitan Police commissioner Sir Bernard Hogan-Howe and Mayor of London Sadiq Khan have said.","Londoners are reassured that the police service, the security service, is doing their bit to keep London safe.",5141,18,25,0.72,0,0.18181818181818185,0.0,0.13636363636363638,0.8887708783149719,0.8510345220565796,0.8694934248924255
32584708,politics,tldr,The Italian parliament has approved a long-debated and extensive electoral reform that aims to give the country more political stability.,Italy's lower house of parliament has approved a law that grants a majority of seats to parties that win more than 40% of the national vote.,1586,26,20,1.3,0,0.3333333333333333,0.13043478260869565,0.2916666666666667,0.8902392983436584,0.9070184230804443,0.8985505700111389
32584708,politics,bullet_points,The Italian parliament has approved a long-debated and extensive electoral reform that aims to give the country more political stability.,Italy's lower house of parliament has approved a law that grants a majority of seats to parties that win more than 40% of the national vote.,1586,26,20,1.3,0,0.3333333333333333,0.13043478260869565,0.2916666666666667,0.8902392983436584,0.9070184230804443,0.8985505700111389
32584708,politics,bullet_points_strict,The Italian parliament has approved a long-debated and extensive electoral reform that aims to give the country more political stability.,Italy's lower house of parliament has approved a law that grants a majority of seats to parties that win more than 40% of the national vote.,1586,26,20,1.3,0,0.3333333333333333,0.13043478260869565,0.2916666666666667,0.8902392983436584,0.9070184230804443,0.8985505700111389
32584708,politics,one_sentence,The Italian parliament has approved a long-debated and extensive electoral reform that aims to give the country more political stability.,Italy's lower house of parliament has approved a law that grants seats to parties that win more than 40% of the national vote.,1586,23,20,1.15,0,0.35555555555555557,0.13953488372093023,0.3111111111111111,0.896342396736145,0.9055162668228149,0.900905966758728
32584708,politics,fact_constrained,The Italian parliament has approved a long-debated and extensive electoral reform that aims to give the country more political stability.,Italy's lower house of parliament has approved a law that grants seats to parties that win more than 40% of the national vote.,1586,23,20,1.15,0,0.35555555555555557,0.13953488372093023,0.3111111111111111,0.896342396736145,0.9055162668228149,0.900905966758728
38221487,business,tldr,(Close) The Dow Jones Industrial Average closed at a fresh high for a second consecutive day after a rally in financial shares boosted the index.,(Close): Stocks on Wall Street soared after the US presidential election.,1576,11,25,0.44,0,0.16666666666666666,0.0,0.16666666666666666,0.8936628103256226,0.8663317561149597,0.8797851204872131
38221487,business,bullet_points,(Close) The Dow Jones Industrial Average closed at a fresh high for a second consecutive day after a rally in financial shares boosted the index.,(Close): Stocks on Wall Street soared after the US presidential election.,1576,11,25,0.44,0,0.16666666666666666,0.0,0.16666666666666666,0.8936628103256226,0.8663317561149597,0.8797851204872131
38221487,business,bullet_points_strict,(Close) The Dow Jones Industrial Average closed at a fresh high for a second consecutive day after a rally in financial shares boosted the index.,(Close): Stocks on Wall Street soared after the US presidential election.,1576,11,25,0.44,0,0.16666666666666666,0.0,0.16666666666666666,0.8936628103256226,0.8663317561149597,0.8797851204872131
38221487,business,one_sentence,(Close) The Dow Jones Industrial Average closed at a fresh high for a second consecutive day after a rally in financial shares boosted the index.,(Close): Stocks on Wall Street soared after the US presidential election.,1576,11,25,0.44,0,0.16666666666666666,0.0,0.16666666666666666,0.8936628103256226,0.8663317561149597,0.8797851204872131
38221487,business,fact_constrained,(Close) The Dow Jones Industrial Average closed at a fresh high for a second consecutive day after a rally in financial shares boosted the index.,(Close): Stocks on Wall Street soared after the US presidential election.,1576,11,25,0.44,0,0.16666666666666666,0.0,0.16666666666666666,0.8936628103256226,0.8663317561149597,0.8797851204872131
39575575,tech,tldr,"A driver whose car hit another in a head-on crash, killing his five-year-old stepson, has been jailed for six years.",A man has been jailed for eight years for causing the death of a three-year-old boy in a car crash.,3413,20,20,1.0,0,0.5333333333333332,0.23255813953488372,0.2666666666666666,0.9552427530288696,0.9348840713500977,0.9449537992477417
39575575,tech,bullet_points,"A driver whose car hit another in a head-on crash, killing his five-year-old stepson, has been jailed for six years.",A man has been jailed for life for causing the death of a three-year-old boy in a car crash.,3413,19,20,0.95,0,0.5,0.23809523809523808,0.22727272727272724,0.9474111795425415,0.9241293668746948,0.935625433921814
39575575,tech,bullet_points_strict,"A driver whose car hit another in a head-on crash, killing his five-year-old stepson, has been jailed for six years.",A man has been jailed for eight years for causing the death of a three-year-old boy in a car crash.,3413,20,20,1.0,0,0.5333333333333332,0.23255813953488372,0.2666666666666666,0.9552427530288696,0.9348840713500977,0.9449537992477417
39575575,tech,one_sentence,"A driver whose car hit another in a head-on crash, killing his five-year-old stepson, has been jailed for six years.",A man has been jailed for eight years for causing the death of a three-year-old boy in a car crash.,3413,20,20,1.0,0,0.5333333333333332,0.23255813953488372,0.2666666666666666,0.9552427530288696,0.9348840713500977,0.9449537992477417
39575575,tech,fact_constrained,"A driver whose car hit another in a head-on crash, killing his five-year-old stepson, has been jailed for six years.",A man has been jailed for life for causing the death of a three-year-old boy in a car crash.,3413,19,20,0.95,0,0.5,0.23809523809523808,0.22727272727272724,0.9474111795425415,0.9241293668746948,0.935625433921814
29905025,politics,tldr,The president of Afghanistan has told an emotional husband that a group of men accused of gang raping his wife would be brought to justice.,The father of a woman raped in Afghanistan says he has been unable to get the alleged perpetrators arrested because they are politically powerful.,2437,24,25,0.96,0,0.24489795918367346,0.0,0.20408163265306126,0.9034147262573242,0.9084708094596863,0.9059357047080994
29905025,politics,bullet_points,The president of Afghanistan has told an emotional husband that a group of men accused of gang raping his wife would be brought to justice.,The father of a woman allegedly raped in Afghanistan has told the BBC that he has been unable to get the alleged perpetrators arrested.,2437,24,25,0.96,0,0.32653061224489793,0.0851063829787234,0.2857142857142857,0.9146016836166382,0.912291407585144,0.9134450554847717
29905025,politics,bullet_points_strict,The president of Afghanistan has told an emotional husband that a group of men accused of gang raping his wife would be brought to justice.,The father of a woman raped by a gang in Afghanistan has told the BBC that he wants justice to save other women from such a fate.,2437,27,25,1.08,0,0.3846153846153846,0.08,0.2692307692307692,0.9058113694190979,0.914198100566864,0.9099854230880737
29905025,politics,one_sentence,The president of Afghanistan has told an emotional husband that a group of men accused of gang raping his wife would be brought to justice.,The father of a woman allegedly raped in Afghanistan has told the BBC that he has been unable to get the alleged perpetrators arrested.,2437,24,25,0.96,0,0.32653061224489793,0.0851063829787234,0.2857142857142857,0.9146016836166382,0.912291407585144,0.9134450554847717
29905025,politics,fact_constrained,The president of Afghanistan has told an emotional husband that a group of men accused of gang raping his wife would be brought to justice.,The father of a man accused of raping his wife has told the BBC that he has been unable to get the alleged rapists arrested.,2437,25,25,1.0,0,0.48,0.16666666666666666,0.36,0.9198850393295288,0.9162826538085938,0.9180803298950195
35346992,entertainment,tldr,A man who sparked a drug-fuelled roof-top siege after breaking up with his partner has been given a suspended prison sentence.,A man has been charged with burglary after he broke into his girlfriend's flat.,349,14,21,0.6666666666666666,0,0.3684210526315789,0.1111111111111111,0.2105263157894737,0.9116110801696777,0.8767231702804565,0.8938268423080444
35346992,entertainment,bullet_points,A man who sparked a drug-fuelled roof-top siege after breaking up with his partner has been given a suspended prison sentence.,A man has been charged with burglary after he broke into his girlfriend's flat.,349,14,21,0.6666666666666666,0,0.3684210526315789,0.1111111111111111,0.2105263157894737,0.9116110801696777,0.8767231702804565,0.8938268423080444
35346992,entertainment,bullet_points_strict,A man who sparked a drug-fuelled roof-top siege after breaking up with his partner has been given a suspended prison sentence.,A man has been charged with burglary after he broke into his girlfriend's flat.,349,14,21,0.6666666666666666,0,0.3684210526315789,0.1111111111111111,0.2105263157894737,0.9116110801696777,0.8767231702804565,0.8938268423080444
35346992,entertainment,one_sentence,A man who sparked a drug-fuelled roof-top siege after breaking up with his partner has been given a suspended prison sentence.,A man has been charged with burglary after he broke into his girlfriend's flat.,349,14,21,0.6666666666666666,0,0.3684210526315789,0.1111111111111111,0.2105263157894737,0.9116110801696777,0.8767231702804565,0.8938268423080444
35346992,entertainment,fact_constrained,A man who sparked a drug-fuelled roof-top siege after breaking up with his partner has been given a suspended prison sentence.,A man has been charged with burglary after he broke into his girlfriend's flat.,349,14,21,0.6666666666666666,0,0.3684210526315789,0.1111111111111111,0.2105263157894737,0.9116110801696777,0.8767231702804565,0.8938268423080444
30139832,politics,tldr,"Emily Thornberry has resigned from Labour's front bench after sending a tweet during the Rochester and Strood by-election which was branded ""snobby"".",Labour MP Jo Thornberry has apologised after posting a tweet about Labour's defeat in the Rochester by-election.,4526,17,22,0.7727272727272727,0,0.5116279069767442,0.24390243902439024,0.4186046511627907,0.9442051649093628,0.8963150978088379,0.9196370840072632
30139832,politics,bullet_points,"Emily Thornberry has resigned from Labour's front bench after sending a tweet during the Rochester and Strood by-election which was branded ""snobby"".","Labour's Ed Miliband has apologised after posting a tweet describing her as a ""snob"" and describing her as a ""snob"".",4526,20,22,0.9090909090909091,0,0.3111111111111111,0.09302325581395349,0.26666666666666666,0.8878984451293945,0.858761191368103,0.8730867505073547
30139832,politics,bullet_points_strict,"Emily Thornberry has resigned from Labour's front bench after sending a tweet during the Rochester and Strood by-election which was branded ""snobby"".",Labour MP Jo Thornberry has apologised after posting a picture of herself and a white van outside her home in Rochester.,4526,21,22,0.9545454545454546,0,0.3111111111111111,0.046511627906976744,0.22222222222222224,0.9058663845062256,0.8755719065666199,0.8904615044593811
30139832,politics,one_sentence,"Emily Thornberry has resigned from Labour's front bench after sending a tweet during the Rochester and Strood by-election which was branded ""snobby"".",Labour MP Jo Thornberry has apologised after posting a picture of herself and a white van outside her home in Rochester.,4526,21,22,0.9545454545454546,0,0.3111111111111111,0.046511627906976744,0.22222222222222224,0.9058663845062256,0.8755719065666199,0.8904615044593811
30139832,politics,fact_constrained,"Emily Thornberry has resigned from Labour's front bench after sending a tweet during the Rochester and Strood by-election which was branded ""snobby"".",Labour MP Jo Thornberry has apologised after posting a picture of herself and a white van outside her home in Rochester.,4526,21,22,0.9545454545454546,0,0.3111111111111111,0.046511627906976744,0.22222222222222224,0.9058663845062256,0.8755719065666199,0.8904615044593811
38584606,business,tldr,"Richard Carpenter has said he is owed at least $2m (Â£1.6m) in royalties for the hits he recorded in The Carpenters, including Yesterday Once More.",The Carpenters singer Richard Carpenter has filed a lawsuit against Universal Music.,2411,12,25,0.48,0,0.2631578947368421,0.16666666666666666,0.15789473684210525,0.9292349219322205,0.8534572720527649,0.8897355794906616
38584606,business,bullet_points,"Richard Carpenter has said he is owed at least $2m (Â£1.6m) in royalties for the hits he recorded in The Carpenters, including Yesterday Once More.","The Carpenters singer Richard Carpenter has filed a legal claim against Universal Music, alleging that the record labels misclassified the revenue from digital downloads.",2411,24,25,0.96,0,0.24000000000000002,0.12499999999999997,0.2,0.8940683603286743,0.8552278876304626,0.8742169141769409
38584606,business,bullet_points_strict,"Richard Carpenter has said he is owed at least $2m (Â£1.6m) in royalties for the hits he recorded in The Carpenters, including Yesterday Once More.",The Carpenters singer Richard Carpenter has filed a lawsuit against Universal Music.,2411,12,25,0.48,0,0.2631578947368421,0.16666666666666666,0.15789473684210525,0.9292349219322205,0.8534572720527649,0.8897355794906616
38584606,business,one_sentence,"Richard Carpenter has said he is owed at least $2m (Â£1.6m) in royalties for the hits he recorded in The Carpenters, including Yesterday Once More.","The Carpenters singer Richard Carpenter has filed a lawsuit against Universal Music, alleging that the record labels misclassified the revenue from digital downloads.",2411,23,25,0.92,0,0.24489795918367346,0.1276595744680851,0.20408163265306123,0.8948268294334412,0.8549931645393372,0.8744565844535828
38584606,business,fact_constrained,"Richard Carpenter has said he is owed at least $2m (Â£1.6m) in royalties for the hits he recorded in The Carpenters, including Yesterday Once More.","The Carpenters singer Richard Carpenter has filed a legal claim against Universal Music, alleging that the record labels misclassified the revenue from digital downloads.",2411,24,25,0.96,0,0.24000000000000002,0.12499999999999997,0.2,0.8940683603286743,0.8552278876304626,0.8742169141769409
36426365,business,tldr,A delegation of Scottish companies is heading to Myanmar this week in an effort to tap into opportunities in the country's oil and gas sector.,Myanmar has invited a delegation of oil and gas companies to visit the country.,3751,14,25,0.56,0,0.55,0.2631578947368421,0.35000000000000003,0.9439311027526855,0.9158562421798706,0.9296817183494568
36426365,business,bullet_points,A delegation of Scottish companies is heading to Myanmar this week in an effort to tap into opportunities in the country's oil and gas sector.,Myanmar has invited a delegation of oil and gas companies to visit the country.,3751,14,25,0.56,0,0.55,0.2631578947368421,0.35000000000000003,0.9439311027526855,0.9158562421798706,0.9296817183494568
36426365,business,bullet_points_strict,A delegation of Scottish companies is heading to Myanmar this week in an effort to tap into opportunities in the country's oil and gas sector.,Myanmar has invited a delegation of oil and gas companies to visit the country.,3751,14,25,0.56,0,0.55,0.2631578947368421,0.35000000000000003,0.9439311027526855,0.9158562421798706,0.9296817183494568
36426365,business,one_sentence,A delegation of Scottish companies is heading to Myanmar this week in an effort to tap into opportunities in the country's oil and gas sector.,Myanmar has invited a delegation of oil and gas companies to visit the country.,3751,14,25,0.56,0,0.55,0.2631578947368421,0.35000000000000003,0.9439311027526855,0.9158562421798706,0.9296817183494568
36426365,business,fact_constrained,A delegation of Scottish companies is heading to Myanmar this week in an effort to tap into opportunities in the country's oil and gas sector.,Myanmar has invited a delegation of oil and gas companies to visit the country.,3751,14,25,0.56,0,0.55,0.2631578947368421,0.35000000000000003,0.9439311027526855,0.9158562421798706,0.9296817183494568
36896016,politics,tldr,"Immigration has long been a divisive issue on Hispaniola, the Caribbean island shared by Haiti and the Dominican Republic.",The Catholic Church has played a key role in the migration crisis.,5670,12,19,0.631578947368421,0,0.2580645161290323,0.0,0.1935483870967742,0.9119590520858765,0.8662671446800232,0.8885260820388794
36896016,politics,bullet_points,"Immigration has long been a divisive issue on Hispaniola, the Caribbean island shared by Haiti and the Dominican Republic.","Haitian Catholic Church has played a key role in the migration crisis, with some priests defending the rights of the returnees while others have been criticised for promoting a policy of division.",5670,32,19,1.6842105263157894,0,0.19607843137254902,0.0,0.1568627450980392,0.8750841021537781,0.8707289695739746,0.8729010820388794
36896016,politics,bullet_points_strict,"Immigration has long been a divisive issue on Hispaniola, the Caribbean island shared by Haiti and the Dominican Republic.","Haitian Catholic Church has played a key role in the migration crisis, with some priests defending the rights of the returnees while others have been criticised for promoting a policy of division.",5670,32,19,1.6842105263157894,0,0.19607843137254902,0.0,0.1568627450980392,0.8750841021537781,0.8707289695739746,0.8729010820388794
36896016,politics,one_sentence,"Immigration has long been a divisive issue on Hispaniola, the Caribbean island shared by Haiti and the Dominican Republic.","Catholic Church has played a key role in the migration crisis, with some priests defending the rights of the returnees.",5670,20,19,1.0526315789473684,0,0.20512820512820512,0.0,0.20512820512820512,0.8884132504463196,0.8671393394470215,0.8776473999023438
36896016,politics,fact_constrained,"Immigration has long been a divisive issue on Hispaniola, the Caribbean island shared by Haiti and the Dominican Republic.","Catholic Church has played a key role in the migration crisis, with some priests defending the rights of the returnees.",5670,20,19,1.0526315789473684,0,0.20512820512820512,0.0,0.20512820512820512,0.8884132504463196,0.8671393394470215,0.8776473999023438
30157987,business,tldr,An artist's impression of how an expanded primary school in Addlestone will look has been unveiled.,"Surrey County Council says it needs to ""bridge a £215m funding gap"" for 13,000 schools.",320,15,16,0.9375,0,0.0,0.0,0.0,0.8592562675476074,0.8612788319587708,0.860266387462616
30157987,business,bullet_points,An artist's impression of how an expanded primary school in Addlestone will look has been unveiled.,Surrey County Council has announced plans to increase the number of children's services at Sayes Court.,320,16,16,1.0,0,0.17647058823529413,0.0,0.058823529411764705,0.8869053721427917,0.8792449235916138,0.8830585479736328
30157987,business,bullet_points_strict,An artist's impression of how an expanded primary school in Addlestone will look has been unveiled.,"Surrey County Council has said it needs to ""bridge a £215m funding gap"" for 13,000 children's services.",320,17,16,1.0625,0,0.1111111111111111,0.0,0.05555555555555555,0.8578672409057617,0.8625127673149109,0.8601837158203125
30157987,business,one_sentence,An artist's impression of how an expanded primary school in Addlestone will look has been unveiled.,Surrey County Council has announced plans to increase the number of children's services at Sayes Court.,320,16,16,1.0,0,0.17647058823529413,0.0,0.058823529411764705,0.8869053721427917,0.8792449235916138,0.8830585479736328
30157987,business,fact_constrained,An artist's impression of how an expanded primary school in Addlestone will look has been unveiled.,Surrey County Council has announced plans to increase the number of children's services at Sayes Court.,320,16,16,1.0,0,0.17647058823529413,0.0,0.058823529411764705,0.8869053721427917,0.8792449235916138,0.8830585479736328
37034774,business,tldr,New Portsmouth recruit Amine Linganzi is determined to secure a long-term contract with the club.,Portsmouth have signed Congolese striker Luis Linganzi on a one-month contract.,530,11,15,0.7333333333333333,0,0.28571428571428575,0.0,0.28571428571428575,0.897357165813446,0.9137097001075745,0.9054595828056335
37034774,business,bullet_points,New Portsmouth recruit Amine Linganzi is determined to secure a long-term contract with the club.,Portsmouth have signed Congolese striker Luis Linganzi on a one-year contract.,530,11,15,0.7333333333333333,0,0.28571428571428575,0.0,0.28571428571428575,0.9005980491638184,0.9161065220832825,0.9082860946655273
37034774,business,bullet_points_strict,New Portsmouth recruit Amine Linganzi is determined to secure a long-term contract with the club.,Portsmouth have signed Congolese striker Luis Linganzi on a one-year contract.,530,11,15,0.7333333333333333,0,0.28571428571428575,0.0,0.28571428571428575,0.9005980491638184,0.9161065220832825,0.9082860946655273
37034774,business,one_sentence,New Portsmouth recruit Amine Linganzi is determined to secure a long-term contract with the club.,Portsmouth have signed Congolese striker Luis Linganzi on a one-year contract.,530,11,15,0.7333333333333333,0,0.28571428571428575,0.0,0.28571428571428575,0.9005980491638184,0.9161065220832825,0.9082860946655273
37034774,business,fact_constrained,New Portsmouth recruit Amine Linganzi is determined to secure a long-term contract with the club.,Portsmouth have signed Congolese striker Luis Linganzi on a one-year contract.,530,11,15,0.7333333333333333,0,0.28571428571428575,0.0,0.28571428571428575,0.9005980491638184,0.9161065220832825,0.9082860946655273
32162170,business,tldr,More than 400 people have attended a meeting to oppose plans for a supermarket.,Residents in Brecon Beacons have voted in favour of a plan to turn a pub into a convenience store.,483,19,14,1.3571428571428572,0,0.24242424242424243,0.0,0.24242424242424243,0.8959248065948486,0.9114989042282104,0.9036447405815125
32162170,business,bullet_points,More than 400 people have attended a meeting to oppose plans for a supermarket.,A council meeting has been held in Brecon Beacons to discuss plans to turn a pub into a convenience store.,483,20,14,1.4285714285714286,0,0.2941176470588235,0.0,0.2941176470588235,0.898464560508728,0.9184944033622742,0.9083690643310547
32162170,business,bullet_points_strict,More than 400 people have attended a meeting to oppose plans for a supermarket.,Brecon Beacons councillors have voted to scrap plans to turn a pub into a convenience store.,483,16,14,1.1428571428571428,0,0.3333333333333333,0.0,0.26666666666666666,0.9014913439750671,0.9130611419677734,0.9072393178939819
32162170,business,one_sentence,More than 400 people have attended a meeting to oppose plans for a supermarket.,The Brecon Beacons National Park Authority has voted in favour of a plan to turn a pub into a convenience store.,483,21,14,1.5,0,0.17142857142857143,0.0,0.17142857142857143,0.8818461298942566,0.9086036086082458,0.8950248956680298
32162170,business,fact_constrained,More than 400 people have attended a meeting to oppose plans for a supermarket.,A council meeting has been held in Brecon Beacons to discuss plans to turn a pub into a convenience store.,483,20,14,1.4285714285714286,0,0.2941176470588235,0.0,0.2941176470588235,0.898464560508728,0.9184944033622742,0.9083690643310547
34171019,politics,tldr,Australia's Prime Minister Tony Abbott is under pressure to increase the country's total refugee intake.,Australia's Prime Minister Tony Abbott has called on the government to do more to help refugees from the Middle East.,2724,20,15,1.3333333333333333,0,0.42105263157894735,0.2777777777777778,0.42105263157894735,0.9321581721305847,0.9457597732543945,0.9389097094535828
34171019,politics,bullet_points,Australia's Prime Minister Tony Abbott is under pressure to increase the country's total refugee intake.,Australia's Prime Minister Tony Abbott has called on the government to do more to help refugees from the Middle East.,2724,20,15,1.3333333333333333,0,0.42105263157894735,0.2777777777777778,0.42105263157894735,0.9321581721305847,0.9457597732543945,0.9389097094535828
34171019,politics,bullet_points_strict,Australia's Prime Minister Tony Abbott is under pressure to increase the country's total refugee intake.,Australia's Prime Minister Tony Abbott has urged the government to do more to help refugees from the Middle East.,2724,19,15,1.2666666666666666,0,0.4324324324324324,0.2857142857142857,0.4324324324324324,0.9347555637359619,0.945620596408844,0.9401567578315735
34171019,politics,one_sentence,Australia's Prime Minister Tony Abbott is under pressure to increase the country's total refugee intake.,Australia's Prime Minister Tony Abbott has said he will accept an extra 500 Syrian and Iraqi refugees from the Middle East.,2724,21,15,1.4,0,0.358974358974359,0.27027027027027023,0.358974358974359,0.9226984977722168,0.9473143815994263,0.934844434261322
34171019,politics,fact_constrained,Australia's Prime Minister Tony Abbott is under pressure to increase the country's total refugee intake.,Australia's Prime Minister Tony Abbott has called on the government to do more to help refugees from the Middle East.,2724,20,15,1.3333333333333333,0,0.42105263157894735,0.2777777777777778,0.42105263157894735,0.9321581721305847,0.9457597732543945,0.9389097094535828
33959450,politics,tldr,"A ban on growing genetically-modified crops in Scotland could threaten the country's contribution to scientific research, according to scientists, universities and farming leaders.","Genetically modified crops (GM) can be cultivated in Scotland, the Scottish government has said.",3262,14,23,0.6086956521739131,0,0.30769230769230765,0.16216216216216217,0.30769230769230765,0.9177043437957764,0.8875979781150818,0.9024001359939575
33959450,politics,bullet_points,"A ban on growing genetically-modified crops in Scotland could threaten the country's contribution to scientific research, according to scientists, universities and farming leaders.","Genetically modified crops (GM) can be cultivated in Scotland, the Scottish government has said.",3262,14,23,0.6086956521739131,0,0.30769230769230765,0.16216216216216217,0.30769230769230765,0.9177043437957764,0.8875979781150818,0.9024001359939575
33959450,politics,bullet_points_strict,"A ban on growing genetically-modified crops in Scotland could threaten the country's contribution to scientific research, according to scientists, universities and farming leaders.","Genetically modified crops (GM) can be cultivated in Scotland, the Scottish government has said.",3262,14,23,0.6086956521739131,0,0.30769230769230765,0.16216216216216217,0.30769230769230765,0.9177043437957764,0.8875979781150818,0.9024001359939575
33959450,politics,one_sentence,"A ban on growing genetically-modified crops in Scotland could threaten the country's contribution to scientific research, according to scientists, universities and farming leaders.","Genetically modified crops (GM) can be cultivated in Scotland, the Scottish government has said.",3262,14,23,0.6086956521739131,0,0.30769230769230765,0.16216216216216217,0.30769230769230765,0.9177043437957764,0.8875979781150818,0.9024001359939575
33959450,politics,fact_constrained,"A ban on growing genetically-modified crops in Scotland could threaten the country's contribution to scientific research, according to scientists, universities and farming leaders.","Genetically modified crops (GM) can be cultivated in Scotland, the Scottish government has said.",3262,14,23,0.6086956521739131,0,0.30769230769230765,0.16216216216216217,0.30769230769230765,0.9177043437957764,0.8875979781150818,0.9024001359939575
38734043,politics,tldr,A school has been accused of breaching anti-discrimination laws after claims a four-year-old Muslim pupil was told she could not wear a headscarf.,A school has been accused of violating the Equality Act after a four-year-old girl in a headscarf wore a headscarf.,1970,20,23,0.8695652173913043,0,0.5416666666666667,0.391304347826087,0.5416666666666667,0.9556058049201965,0.9337643980979919,0.94455885887146
38734043,politics,bullet_points,A school has been accused of breaching anti-discrimination laws after claims a four-year-old Muslim pupil was told she could not wear a headscarf.,The head teacher of a school in the Black Country has apologised for wearing a headscarf in a school uniform.,1970,20,23,0.8695652173913043,0,0.3043478260869565,0.0909090909090909,0.2173913043478261,0.9190919995307922,0.8933910727500916,0.9060593247413635
38734043,politics,bullet_points_strict,A school has been accused of breaching anti-discrimination laws after claims a four-year-old Muslim pupil was told she could not wear a headscarf.,A school has been accused of violating the Equality Act by refusing to wear a headscarf in school.,1970,18,23,0.782608695652174,0,0.40909090909090906,0.3333333333333333,0.40909090909090906,0.9488860964775085,0.9131935834884644,0.9306977987289429
38734043,politics,one_sentence,A school has been accused of breaching anti-discrimination laws after claims a four-year-old Muslim pupil was told she could not wear a headscarf.,The head teacher of a four-year-old school has apologised for wearing a headscarf in a school uniform.,1970,17,23,0.7391304347826086,0,0.4444444444444444,0.27906976744186046,0.3111111111111111,0.9321656823158264,0.9044583439826965,0.9181029796600342
38734043,politics,fact_constrained,A school has been accused of breaching anti-discrimination laws after claims a four-year-old Muslim pupil was told she could not wear a headscarf.,A school has been accused of violating the Equality Act by refusing to wear a headscarf in its uniform.,1970,19,23,0.8260869565217391,0,0.39999999999999997,0.32558139534883723,0.39999999999999997,0.9445372223854065,0.9174826145172119,0.9308133721351624
37949489,business,tldr,"A man who fraudulently claimed nearly £40,000 in benefits over the course of almost 11 years has been jailed for 18 months.",A Dundee man has been jailed for 10 years for fraud.,727,11,22,0.5,0,0.411764705882353,0.18749999999999997,0.3529411764705882,0.93369460105896,0.8844767212867737,0.9084194898605347
37949489,business,bullet_points,"A man who fraudulently claimed nearly £40,000 in benefits over the course of almost 11 years has been jailed for 18 months.",A Dundee man has been jailed for 10 years for fraud.,727,11,22,0.5,0,0.411764705882353,0.18749999999999997,0.3529411764705882,0.93369460105896,0.8844767212867737,0.9084194898605347
37949489,business,bullet_points_strict,"A man who fraudulently claimed nearly £40,000 in benefits over the course of almost 11 years has been jailed for 18 months.",A Dundee man has been jailed for 12 months for fraud.,727,11,22,0.5,0,0.411764705882353,0.18749999999999997,0.411764705882353,0.9385032653808594,0.8860486745834351,0.9115219712257385
37949489,business,one_sentence,"A man who fraudulently claimed nearly £40,000 in benefits over the course of almost 11 years has been jailed for 18 months.","A Dundee man has been jailed for a year for claiming £39,808.",727,12,22,0.5454545454545454,0,0.33333333333333337,0.1764705882352941,0.33333333333333337,0.9229050874710083,0.8961513042449951,0.9093314409255981
37949489,business,fact_constrained,"A man who fraudulently claimed nearly £40,000 in benefits over the course of almost 11 years has been jailed for 18 months.",A Dundee man has been jailed for 10 years for fraud.,727,11,22,0.5,0,0.411764705882353,0.18749999999999997,0.3529411764705882,0.93369460105896,0.8844767212867737,0.9084194898605347
36305405,tech,tldr,A man who stabbed a retired solicitor 39 times after a crash between their cars has been cleared of murder but convicted of his manslaughter.,A man who fatally stabbed a great-grandfather to death has been jailed for life.,2767,14,25,0.56,0,0.35000000000000003,0.2105263157894737,0.35000000000000003,0.9107766151428223,0.8815518021583557,0.8959259390830994
36305405,tech,bullet_points,A man who stabbed a retired solicitor 39 times after a crash between their cars has been cleared of murder but convicted of his manslaughter.,A man who fatally stabbed a great-grandfather to death has been jailed for life.,2767,14,25,0.56,0,0.35000000000000003,0.2105263157894737,0.35000000000000003,0.9107766151428223,0.8815518021583557,0.8959259390830994
36305405,tech,bullet_points_strict,A man who stabbed a retired solicitor 39 times after a crash between their cars has been cleared of murder but convicted of his manslaughter.,A man who fatally stabbed a great-grandfather to death has been jailed for life.,2767,14,25,0.56,0,0.35000000000000003,0.2105263157894737,0.35000000000000003,0.9107766151428223,0.8815518021583557,0.8959259390830994
36305405,tech,one_sentence,A man who stabbed a retired solicitor 39 times after a crash between their cars has been cleared of murder but convicted of his manslaughter.,A man who fatally stabbed his great-grandfather to death has been jailed for life.,2767,14,25,0.56,0,0.35000000000000003,0.15789473684210525,0.3,0.9089892506599426,0.8824449777603149,0.8955204486846924
36305405,tech,fact_constrained,A man who stabbed a retired solicitor 39 times after a crash between their cars has been cleared of murder but convicted of his manslaughter.,A man who fatally stabbed a great-grandfather to death has been sentenced to life in prison.,2767,16,25,0.64,0,0.3333333333333333,0.2,0.3333333333333333,0.9103768467903137,0.8840941786766052,0.8970430493354797
40726833,business,tldr,"The UK economy grew by 0.3% in the three months to June, driven in part by a booming film industry, said the Office for National Statistics (ONS).","UK GDP growth in the second quarter of this year was below expectations, according to the Office for National Statistics (ONS).",2382,21,27,0.7777777777777778,0,0.40816326530612246,0.25531914893617025,0.40816326530612246,0.9321870803833008,0.9090273976325989,0.9204616546630859
40726833,business,bullet_points,"The UK economy grew by 0.3% in the three months to June, driven in part by a booming film industry, said the Office for National Statistics (ONS).","UK GDP growth in the second quarter of this year has slowed, the Office for National Statistics (ONS) has said.",2382,20,27,0.7407407407407407,0,0.41666666666666663,0.2608695652173913,0.375,0.9281162619590759,0.9047667384147644,0.9162927865982056
40726833,business,bullet_points_strict,"The UK economy grew by 0.3% in the three months to June, driven in part by a booming film industry, said the Office for National Statistics (ONS).","UK GDP growth in the second quarter of this year has slowed, according to the Office for National Statistics (ONS).",2382,20,27,0.7407407407407407,0,0.41666666666666663,0.2608695652173913,0.41666666666666663,0.9340457916259766,0.9056015014648438,0.9196037650108337
40726833,business,one_sentence,"The UK economy grew by 0.3% in the three months to June, driven in part by a booming film industry, said the Office for National Statistics (ONS).","UK GDP growth in the second quarter of this year has risen by 0.2%, the Office for National Statistics (ONS) has said.",2382,22,27,0.8148148148148148,0,0.47058823529411764,0.2857142857142857,0.39215686274509803,0.9385014176368713,0.9234066605567932,0.930892825126648
40726833,business,fact_constrained,"The UK economy grew by 0.3% in the three months to June, driven in part by a booming film industry, said the Office for National Statistics (ONS).","UK GDP growth in the first half of the year has slowed to a record low, the Office for National Statistics (ONS) has said.",2382,24,27,0.8888888888888888,0,0.5,0.24,0.4230769230769231,0.922429621219635,0.9021000266075134,0.9121515154838562
36285503,politics,tldr,Neil Hamilton has rejected suggestions by UKIP leader Nigel Farage that he is too old for frontline politics.,"Nigel Farage says Nigel Hamilton is ""utterly committed to this EU cause"" and has been since the 1960s.",2454,18,18,1.0,0,0.2777777777777778,0.058823529411764705,0.16666666666666666,0.867662787437439,0.8779748678207397,0.8727883696556091
36285503,politics,bullet_points,Neil Hamilton has rejected suggestions by UKIP leader Nigel Farage that he is too old for frontline politics.,"Nigel Farage has said Nigel Hamilton will ""surprise"" Nigel Hamilton by saying he is ""utterly committed to this EU cause"".",2454,20,18,1.1111111111111112,0,0.36842105263157887,0.1111111111111111,0.2105263157894737,0.8647726774215698,0.8882973194122314,0.8763771653175354
36285503,politics,bullet_points_strict,Neil Hamilton has rejected suggestions by UKIP leader Nigel Farage that he is too old for frontline politics.,"Nigel Farage says Nigel Hamilton is ""utterly committed to this EU cause"" and has been since the 1960s.",2454,18,18,1.0,0,0.2777777777777778,0.058823529411764705,0.16666666666666666,0.867662787437439,0.8779748678207397,0.8727883696556091
36285503,politics,one_sentence,Neil Hamilton has rejected suggestions by UKIP leader Nigel Farage that he is too old for frontline politics.,"Nigel Farage says Nigel Hamilton is ""utterly committed to this EU cause"" and has been since the 1960s.",2454,18,18,1.0,0,0.2777777777777778,0.058823529411764705,0.16666666666666666,0.867662787437439,0.8779748678207397,0.8727883696556091
36285503,politics,fact_constrained,Neil Hamilton has rejected suggestions by UKIP leader Nigel Farage that he is too old for frontline politics.,"Nigel Farage has said Nigel Hamilton will ""surprise"" Nigel Hamilton by saying he is ""utterly committed to this EU cause"".",2454,20,18,1.1111111111111112,0,0.36842105263157887,0.1111111111111111,0.2105263157894737,0.8647726774215698,0.8882973194122314,0.8763771653175354
32370432,business,tldr,"Chelsea boss Jose Mourinho said Manchester United's important players were ""in our pockets"" in a match that went ""exactly"" as they wanted.","Chelsea manager Jose Mourinho says his side are ""almost there"" after beating Manchester United.",1896,14,22,0.6363636363636364,0,0.27027027027027023,0.1142857142857143,0.27027027027027023,0.9336560368537903,0.8997875452041626,0.9164089560508728
32370432,business,bullet_points,"Chelsea boss Jose Mourinho said Manchester United's important players were ""in our pockets"" in a match that went ""exactly"" as they wanted.","Chelsea manager Jose Mourinho says his side are ""almost there"" after beating Manchester United in the Premier League.",1896,18,22,0.8181818181818182,0,0.2926829268292683,0.10256410256410256,0.2926829268292683,0.925390362739563,0.8995369076728821,0.9122804999351501
32370432,business,bullet_points_strict,"Chelsea boss Jose Mourinho said Manchester United's important players were ""in our pockets"" in a match that went ""exactly"" as they wanted.","Chelsea manager Jose Mourinho says his side are ""almost there"" after beating Manchester United.",1896,14,22,0.6363636363636364,0,0.27027027027027023,0.1142857142857143,0.27027027027027023,0.9336560368537903,0.8997875452041626,0.9164089560508728
32370432,business,one_sentence,"Chelsea boss Jose Mourinho said Manchester United's important players were ""in our pockets"" in a match that went ""exactly"" as they wanted.","Chelsea manager Jose Mourinho says his side are ""almost there"" after beating Manchester United in the Premier League.",1896,18,22,0.8181818181818182,0,0.2926829268292683,0.10256410256410256,0.2926829268292683,0.925390362739563,0.8995369076728821,0.9122804999351501
32370432,business,fact_constrained,"Chelsea boss Jose Mourinho said Manchester United's important players were ""in our pockets"" in a match that went ""exactly"" as they wanted.","Chelsea manager Jose Mourinho says his side are ""almost there"" after beating Manchester United in the Premier League.",1896,18,22,0.8181818181818182,0,0.2926829268292683,0.10256410256410256,0.2926829268292683,0.925390362739563,0.8995369076728821,0.9122804999351501
24522070,tech,tldr,A review team looking at the quality of life of older people is to swoop unannounced on 100 care homes.,Elderly people living in residential care in Wales will be given a voice in a review into the quality of care they receive.,2400,23,20,1.15,0,0.3255813953488372,0.14634146341463414,0.27906976744186046,0.9088809490203857,0.9002532958984375,0.9045465588569641
24522070,tech,bullet_points,A review team looking at the quality of life of older people is to swoop unannounced on 100 care homes.,Elderly people living in residential care in Wales are to be given a voice in a review into the quality of care they receive.,2400,24,20,1.2,0,0.3636363636363636,0.14285714285714288,0.2727272727272727,0.9089025855064392,0.9000857472419739,0.9044726490974426
24522070,tech,bullet_points_strict,A review team looking at the quality of life of older people is to swoop unannounced on 100 care homes.,Elderly people living in residential care in Wales are to be given a voice in a review into the quality of care they receive.,2400,24,20,1.2,0,0.3636363636363636,0.14285714285714288,0.2727272727272727,0.9089025855064392,0.9000857472419739,0.9044726490974426
24522070,tech,one_sentence,A review team looking at the quality of life of older people is to swoop unannounced on 100 care homes.,Elderly people living in residential care in Wales will be given a voice in a review into the quality of care they receive.,2400,23,20,1.15,0,0.3255813953488372,0.14634146341463414,0.27906976744186046,0.9088809490203857,0.9002532958984375,0.9045465588569641
24522070,tech,fact_constrained,A review team looking at the quality of life of older people is to swoop unannounced on 100 care homes.,Elderly people living in residential care in Wales are to be given a voice in a review into the quality of care they receive.,2400,24,20,1.2,0,0.3636363636363636,0.14285714285714288,0.2727272727272727,0.9089025855064392,0.9000857472419739,0.9044726490974426
39928086,business,tldr,Owen Evans has been appointed as the new chief executive of Welsh language television broadcaster S4C.,"S4C has appointed a new chief executive, Jeremy Evans, as its new chief executive.",471,14,16,0.875,0,0.5333333333333333,0.14285714285714288,0.39999999999999997,0.954376220703125,0.9325142502784729,0.9433186054229736
39928086,business,bullet_points,Owen Evans has been appointed as the new chief executive of Welsh language television broadcaster S4C.,"S4C has appointed a new chief executive, Nicola Evans, as its new chief executive.",471,14,16,0.875,0,0.5333333333333333,0.14285714285714288,0.39999999999999997,0.9522800445556641,0.9306228160858154,0.9413268566131592
39928086,business,bullet_points_strict,Owen Evans has been appointed as the new chief executive of Welsh language television broadcaster S4C.,"The Welsh Government has appointed a new chief executive, Simon Evans, as its new chief executive.",471,16,16,1.0,0,0.5625,0.13333333333333333,0.375,0.9439805746078491,0.9196858406066895,0.9316748380661011
39928086,business,one_sentence,Owen Evans has been appointed as the new chief executive of Welsh language television broadcaster S4C.,"S4C has appointed a new chief executive, Nicola Evans, as its new chief executive.",471,14,16,0.875,0,0.5333333333333333,0.14285714285714288,0.39999999999999997,0.9522800445556641,0.9306228160858154,0.9413268566131592
39928086,business,fact_constrained,Owen Evans has been appointed as the new chief executive of Welsh language television broadcaster S4C.,S4C has appointed Jeremy Evans as its new chief executive.,471,10,16,0.625,0,0.6153846153846154,0.16666666666666669,0.4615384615384615,0.9701018929481506,0.9395709037780762,0.9545924067497253
39628590,politics,tldr,Mae'r Prif Weinidog Theresa May wedi cyhoeddi y bydd yn gofyn i Dŷ'r Cyffredin bleidleisio o blaid cynnal etholiad cyffredinol ar fyr rybudd ar 8 Mehefin.,Etholiad cyffredinol ym mehefin yn sicrhau arweinyddiaeth gref a chadarn wrth i'r llywodraeth gynnal trafodaethau gyda'r Undeb Ewropeaidd.,4305,18,26,0.6923076923076923,0,0.2916666666666667,0.043478260869565216,0.125,0.8397018909454346,0.8484118580818176,0.8440343737602234
39628590,politics,bullet_points,Mae'r Prif Weinidog Theresa May wedi cyhoeddi y bydd yn gofyn i Dŷ'r Cyffredin bleidleisio o blaid cynnal etholiad cyffredinol ar fyr rybudd ar 8 Mehefin.,Bydd i Theresa May dderbyn cefnogaeth y senedd i gwleidyddion y gwrthbleidiau yn San Steffan wedi gwneud hynny.,4305,18,26,0.6923076923076923,0,0.30434782608695654,0.04545454545454545,0.17391304347826086,0.8521134853363037,0.8149480819702148,0.8331165313720703
39628590,politics,bullet_points_strict,Mae'r Prif Weinidog Theresa May wedi cyhoeddi y bydd yn gofyn i Dŷ'r Cyffredin bleidleisio o blaid cynnal etholiad cyffredinol ar fyr rybudd ar 8 Mehefin.,Bydd i Theresa May dderbyn cefnogaeth y senedd i gwleidyddion y gwrthbleidiau yn San Steffan wedi gwneud hynny.,4305,18,26,0.6923076923076923,0,0.30434782608695654,0.04545454545454545,0.17391304347826086,0.8521134853363037,0.8149480819702148,0.8331165313720703
39628590,politics,one_sentence,Mae'r Prif Weinidog Theresa May wedi cyhoeddi y bydd yn gofyn i Dŷ'r Cyffredin bleidleisio o blaid cynnal etholiad cyffredinol ar fyr rybudd ar 8 Mehefin.,"Etholiad cyffredinol wedi gwneud hynny, meddai Theresa May dderbyn cefnogaeth i gwleidyddion y gwrthbleidiau yn San Steffan.",4305,17,26,0.6538461538461539,0,0.35555555555555557,0.09302325581395349,0.17777777777777778,0.8570770621299744,0.8363856077194214,0.8466050028800964
39628590,politics,fact_constrained,Mae'r Prif Weinidog Theresa May wedi cyhoeddi y bydd yn gofyn i Dŷ'r Cyffredin bleidleisio o blaid cynnal etholiad cyffredinol ar fyr rybudd ar 8 Mehefin.,Etholiad cyffredinol yn dyw San Steffan wedi gwneud hynny.,4305,9,26,0.34615384615384615,0,0.21621621621621623,0.05714285714285714,0.10810810810810811,0.8624950647354126,0.8063229322433472,0.8334636092185974
18160673,tech,tldr,A UK-Swiss team will use DNA testing to investigate the origins of remains claimed to be from yeti and bigfoot.,Scientists in Switzerland have launched a project to examine alleged yeti remains in the wilds.,3196,15,20,0.75,0,0.2777777777777778,0.0,0.16666666666666666,0.9233335852622986,0.9033423066139221,0.9132285714149475
18160673,tech,bullet_points,A UK-Swiss team will use DNA testing to investigate the origins of remains claimed to be from yeti and bigfoot.,Scientists in Switzerland have launched a project to examine alleged yeti remains in the wilds.,3196,15,20,0.75,0,0.2777777777777778,0.0,0.16666666666666666,0.9233335852622986,0.9033423066139221,0.9132285714149475
18160673,tech,bullet_points_strict,A UK-Swiss team will use DNA testing to investigate the origins of remains claimed to be from yeti and bigfoot.,Scientists in Switzerland are to conduct a systematic review of alleged yeti and orang pendek remains in the Swiss Alps.,3196,20,20,1.0,0,0.3902439024390244,0.05128205128205128,0.1951219512195122,0.8907817006111145,0.8997479677200317,0.8952423930168152
18160673,tech,one_sentence,A UK-Swiss team will use DNA testing to investigate the origins of remains claimed to be from yeti and bigfoot.,Scientists in Switzerland have launched a project to examine alleged yeti and orang pendek.,3196,14,20,0.7,0,0.22857142857142854,0.060606060606060615,0.22857142857142854,0.896537184715271,0.8911004066467285,0.893810510635376
18160673,tech,fact_constrained,A UK-Swiss team will use DNA testing to investigate the origins of remains claimed to be from yeti and bigfoot.,Scientists in Switzerland have launched a project to examine alleged yeti remains in the wilds.,3196,15,20,0.75,0,0.2777777777777778,0.0,0.16666666666666666,0.9233335852622986,0.9033423066139221,0.9132285714149475
26554969,politics,tldr,"A new report on genetically modified (GM) crops, commissioned by the prime minister, calls for more UK field trials and fewer EU restrictions.","GM crops are safe - and may be necessary in the future for Britain to grow its own food supply, says a group of leading plant scientists.",6145,27,23,1.173913043478261,0,0.24489795918367346,0.0425531914893617,0.16326530612244897,0.8861470818519592,0.8847919702529907,0.8854689598083496
26554969,politics,bullet_points,"A new report on genetically modified (GM) crops, commissioned by the prime minister, calls for more UK field trials and fewer EU restrictions.","Genetically-modified crops should be grown and tested in the UK, a new report says.",6145,14,23,0.6086956521739131,0,0.47368421052631576,0.16666666666666663,0.26315789473684204,0.9374263286590576,0.9084428548812866,0.9227070808410645
26554969,politics,bullet_points_strict,"A new report on genetically modified (GM) crops, commissioned by the prime minister, calls for more UK field trials and fewer EU restrictions.","Genetically modified crops should be allowed to grow in the UK, a group of leading plant scientists has said.",6145,19,23,0.8260869565217391,0,0.28571428571428575,0.049999999999999996,0.23809523809523808,0.9117476940155029,0.8944138884544373,0.902997612953186
26554969,politics,one_sentence,"A new report on genetically modified (GM) crops, commissioned by the prime minister, calls for more UK field trials and fewer EU restrictions.","Genetically-modified crops should be allowed to grow in the UK, a group of leading plant scientists says.",6145,17,23,0.7391304347826086,0,0.2926829268292683,0.05128205128205128,0.24390243902439024,0.9125939011573792,0.8952099084854126,0.9038182497024536
26554969,politics,fact_constrained,"A new report on genetically modified (GM) crops, commissioned by the prime minister, calls for more UK field trials and fewer EU restrictions.","Genetically-modified crops should be allowed to grow in the UK, a new report says.",6145,14,23,0.6086956521739131,0,0.4210526315789474,0.16666666666666663,0.26315789473684204,0.9336358308792114,0.9036259651184082,0.9183858036994934
35935320,tech,tldr,Each day we feature a photograph sent in from across England - the gallery will grow during the week.,"If you have a picture you'd like to share, email us at england@bbc.co.uk. If you submit a picture, you agree to grant us a royalty-free, non-exclusive licence to publish and otherwise use the material in any way that we want, and in any media worldwide.",1232,45,19,2.3684210526315788,0,0.14492753623188406,0.0,0.08695652173913045,0.7960691452026367,0.8280158638954163,0.811728298664093
35935320,tech,bullet_points,Each day we feature a photograph sent in from across England - the gallery will grow during the week.,"If you have a picture you'd like to share, email us at england@bbc.co.uk. If you submit a picture, you agree to grant us a royalty-free, non-exclusive licence to publish and otherwise use the material in any way that we want, and in any media worldwide.",1232,45,19,2.3684210526315788,0,0.14492753623188406,0.0,0.08695652173913045,0.7960691452026367,0.8280158638954163,0.811728298664093
35935320,tech,bullet_points_strict,Each day we feature a photograph sent in from across England - the gallery will grow during the week.,"If you have a picture you'd like to share, email us at england@bbc.co.uk or post it on Facebook or tweet it to @BBCEngland. If you submit a picture, you do so in accordance with the BBC's Terms and Conditions.",1232,39,19,2.0526315789473686,0,0.1290322580645161,0.0,0.0967741935483871,0.795278012752533,0.8317671418190002,0.8131134510040283
35935320,tech,one_sentence,Each day we feature a photograph sent in from across England - the gallery will grow during the week.,"Share a picture of England's Big Picture on Facebook, Twitter or Instagram.",1232,12,19,0.631578947368421,0,0.12903225806451615,0.0,0.12903225806451615,0.8305405378341675,0.8277990221977234,0.8291675448417664
35935320,tech,fact_constrained,Each day we feature a photograph sent in from across England - the gallery will grow during the week.,"If you have a picture you'd like to share, email us at england@bbc.co.uk. If you submit a picture, you agree to grant us a royalty-free, non-exclusive licence to publish and otherwise use the material in any way that we want, and in any media worldwide.",1232,45,19,2.3684210526315788,0,0.14492753623188406,0.0,0.08695652173913045,0.7960691452026367,0.8280158638954163,0.811728298664093
36241210,politics,tldr,Israeli PM Benjamin Netanyahu has issued a stern public rebuke to the military deputy chief of staff.,Israeli Prime Minister Benjamin Netanyahu has criticised a deputy chief of staff for comparing Nazi Germany to the Holocaust.,2397,19,17,1.1176470588235294,0,0.6111111111111113,0.35294117647058826,0.5,0.9217462539672852,0.9334151148796082,0.9275439381599426
36241210,politics,bullet_points,Israeli PM Benjamin Netanyahu has issued a stern public rebuke to the military deputy chief of staff.,Israeli Prime Minister Benjamin Netanyahu has criticised a deputy chief of staff for comparing Nazi Germany to the Holocaust.,2397,19,17,1.1176470588235294,0,0.6111111111111113,0.35294117647058826,0.5,0.9217462539672852,0.9334151148796082,0.9275439381599426
36241210,politics,bullet_points_strict,Israeli PM Benjamin Netanyahu has issued a stern public rebuke to the military deputy chief of staff.,Israeli Prime Minister Benjamin Netanyahu has criticised a deputy chief of staff for comparing Nazi Germany to the Holocaust.,2397,19,17,1.1176470588235294,0,0.6111111111111113,0.35294117647058826,0.5,0.9217462539672852,0.9334151148796082,0.9275439381599426
36241210,politics,one_sentence,Israeli PM Benjamin Netanyahu has issued a stern public rebuke to the military deputy chief of staff.,Israeli Prime Minister Benjamin Netanyahu has criticised a deputy chief of staff for comparing Nazi Germany to the Holocaust.,2397,19,17,1.1176470588235294,0,0.6111111111111113,0.35294117647058826,0.5,0.9217462539672852,0.9334151148796082,0.9275439381599426
36241210,politics,fact_constrained,Israeli PM Benjamin Netanyahu has issued a stern public rebuke to the military deputy chief of staff.,Israeli Prime Minister Benjamin Netanyahu has criticised a deputy chief of staff for comparing Nazi Germany to the Holocaust.,2397,19,17,1.1176470588235294,0,0.6111111111111113,0.35294117647058826,0.5,0.9217462539672852,0.9334151148796082,0.9275439381599426
35291436,business,tldr,"The main tunnel serving Scotland's third busiest rail station is to close for 20 weeks, causing major disruption.",ScotRail's main Edinburgh-Glasgow train service will be closed after a major engineering project.,2052,13,18,0.7222222222222222,0,0.17647058823529413,0.0,0.11764705882352941,0.9092214703559875,0.905476987361908,0.9073454141616821
35291436,business,bullet_points,"The main tunnel serving Scotland's third busiest rail station is to close for 20 weeks, causing major disruption.",ScotRail's main Edinburgh-Glasgow railway will be closed for the first time since it was built.,2052,15,18,0.8333333333333334,0,0.2222222222222222,0.0,0.1111111111111111,0.8903460502624512,0.904866099357605,0.8975473642349243
35291436,business,bullet_points_strict,"The main tunnel serving Scotland's third busiest rail station is to close for 20 weeks, causing major disruption.",ScotRail's main Edinburgh-Glasgow train line will be closed for the first time in more than a year.,2052,17,18,0.9444444444444444,0,0.21052631578947367,0.0,0.10526315789473684,0.8961170315742493,0.9074561595916748,0.9017509818077087
35291436,business,one_sentence,"The main tunnel serving Scotland's third busiest rail station is to close for 20 weeks, causing major disruption.",ScotRail's main Edinburgh-Glasgow route will be closed for the first time in more than a year.,2052,16,18,0.8888888888888888,0,0.21621621621621623,0.0,0.10810810810810811,0.8920373916625977,0.9049370884895325,0.8984410166740417
35291436,business,fact_constrained,"The main tunnel serving Scotland's third busiest rail station is to close for 20 weeks, causing major disruption.",ScotRail's main Edinburgh-Glasgow train line will be closed after a major engineering project.,2052,13,18,0.7222222222222222,0,0.17647058823529413,0.0,0.11764705882352941,0.910682201385498,0.9091463685035706,0.9099137187004089
34007864,business,tldr,"The results have been published for more than five million GCSE entries - which will be five million different stories of exam dreams, dramas and disasters.",This year's GCSE results aren't exactly the same as last year's.,4838,11,26,0.4230769230769231,0,0.15384615384615383,0.0,0.05128205128205128,0.8895049095153809,0.8627800345420837,0.8759385943412781
34007864,business,bullet_points,"The results have been published for more than five million GCSE entries - which will be five million different stories of exam dreams, dramas and disasters.",The national exam results are a work of design rather than nature.,4838,12,26,0.46153846153846156,0,0.2702702702702703,0.0,0.16216216216216217,0.8834620118141174,0.8596416711807251,0.8713890314102173
34007864,business,bullet_points_strict,"The results have been published for more than five million GCSE entries - which will be five million different stories of exam dreams, dramas and disasters.",The national exam results are a work of design rather than nature.,4838,12,26,0.46153846153846156,0,0.2702702702702703,0.0,0.16216216216216217,0.8834620118141174,0.8596416711807251,0.8713890314102173
34007864,business,one_sentence,"The results have been published for more than five million GCSE entries - which will be five million different stories of exam dreams, dramas and disasters.","This year's GCSE results have been a huge success, with the proportion of GCSEs getting A* to C grades up from 68.8% last year.",4838,24,26,0.9230769230769231,0,0.23529411764705882,0.08163265306122448,0.1568627450980392,0.8643861413002014,0.8620509505271912,0.8632169961929321
34007864,business,fact_constrained,"The results have been published for more than five million GCSE entries - which will be five million different stories of exam dreams, dramas and disasters.",This year's GCSE results show that there is a lot of work to be done.,4838,15,26,0.5769230769230769,0,0.19512195121951217,0.0,0.09756097560975609,0.9016167521476746,0.8605061769485474,0.8805819153785706
36066252,business,tldr,"Key countries in the International Monetary Fund (IMF) have pledged to pursue ""growth-friendly"" policies to kickstart the slowing world economy.",The International Monetary Fund (IMF) has warned that the outlook for the global economy is gloomy.,1448,16,20,0.8,0,0.37837837837837834,0.2285714285714286,0.37837837837837834,0.9450147747993469,0.9196314811706543,0.9321504235267639
36066252,business,bullet_points,"Key countries in the International Monetary Fund (IMF) have pledged to pursue ""growth-friendly"" policies to kickstart the slowing world economy.",The International Monetary Fund (IMF) has warned that the outlook for the global economy is gloomy.,1448,16,20,0.8,0,0.37837837837837834,0.2285714285714286,0.37837837837837834,0.9450147747993469,0.9196314811706543,0.9321504235267639
36066252,business,bullet_points_strict,"Key countries in the International Monetary Fund (IMF) have pledged to pursue ""growth-friendly"" policies to kickstart the slowing world economy.",The International Monetary Fund (IMF) has warned that the outlook for the global economy is gloomy.,1448,16,20,0.8,0,0.37837837837837834,0.2285714285714286,0.37837837837837834,0.9450147747993469,0.9196314811706543,0.9321504235267639
36066252,business,one_sentence,"Key countries in the International Monetary Fund (IMF) have pledged to pursue ""growth-friendly"" policies to kickstart the slowing world economy.",The International Monetary Fund (IMF) has warned that the outlook for the global economy is gloomy.,1448,16,20,0.8,0,0.37837837837837834,0.2285714285714286,0.37837837837837834,0.9450147747993469,0.9196314811706543,0.9321504235267639
36066252,business,fact_constrained,"Key countries in the International Monetary Fund (IMF) have pledged to pursue ""growth-friendly"" policies to kickstart the slowing world economy.",The International Monetary Fund (IMF) has warned that the outlook for the global economy is gloomy.,1448,16,20,0.8,0,0.37837837837837834,0.2285714285714286,0.37837837837837834,0.9450147747993469,0.9196314811706543,0.9321504235267639
33782863,politics,tldr,"Rick Perry, the former governor of Texas, is not among the 10 Republicans running for president who will take part in the first primetime TV debate.","Republican presidential hopefuls Donald Trump, Jeb Bush and Scott Walker will take part in a debate in Cleveland on Thursday night.",1625,21,26,0.8076923076923077,0,0.21276595744680848,0.1333333333333333,0.21276595744680848,0.8993591070175171,0.890969455242157,0.8951446413993835
33782863,politics,bullet_points,"Rick Perry, the former governor of Texas, is not among the 10 Republicans running for president who will take part in the first primetime TV debate.","Republican presidential hopefuls Donald Trump, Mitt Romney and Mitt Romney have been omitted from the main debate in the US presidential election.",1625,22,26,0.8461538461538461,0,0.16666666666666669,0.043478260869565216,0.12499999999999997,0.8931159973144531,0.886062502861023,0.8895753026008606
33782863,politics,bullet_points_strict,"Rick Perry, the former governor of Texas, is not among the 10 Republicans running for president who will take part in the first primetime TV debate.","Republican presidential hopefuls Donald Trump, Mitt Romney and Mitt Romney are to take part in a debate in Cleveland.",1625,19,26,0.7307692307692307,0,0.17777777777777778,0.09302325581395349,0.17777777777777778,0.9017425775527954,0.8871592879295349,0.8943914771080017
33782863,politics,one_sentence,"Rick Perry, the former governor of Texas, is not among the 10 Republicans running for president who will take part in the first primetime TV debate.","Republican presidential hopefuls Donald Trump, Mitt Romney and Mitt Romney are among the contenders for the 2016 presidential nomination.",1625,19,26,0.7307692307692307,0,0.17777777777777778,0.046511627906976744,0.17777777777777778,0.8883804678916931,0.8731386661529541,0.8806936144828796
33782863,politics,fact_constrained,"Rick Perry, the former governor of Texas, is not among the 10 Republicans running for president who will take part in the first primetime TV debate.","Republican presidential hopefuls Donald Trump, Mitt Romney and Mitt Romney are among the contenders for the 2016 presidential nomination.",1625,19,26,0.7307692307692307,0,0.17777777777777778,0.046511627906976744,0.17777777777777778,0.8883804678916931,0.8731386661529541,0.8806936144828796
25567298,business,tldr,"Staff at Swansea's DVLA offices will be redeployed rather than face redundancy after changes to the way motorists pay their car tax, a UK transport minister has confirmed.","The DVLA's chief executive has said there will be a ""natural reduction in the amount of refunds received"" after the new system is scrapped.",1590,24,28,0.8571428571428571,0,0.29629629629629634,0.03846153846153846,0.1851851851851852,0.8887399435043335,0.8770974278450012,0.8828802704811096
25567298,business,bullet_points,"Staff at Swansea's DVLA offices will be redeployed rather than face redundancy after changes to the way motorists pay their car tax, a UK transport minister has confirmed.","The DVLA's chief executive has said there will be a ""natural reduction"" in the number of jobs needed at the centre.",1590,21,28,0.75,0,0.3137254901960784,0.04081632653061224,0.1568627450980392,0.8905508518218994,0.877124547958374,0.883786678314209
25567298,business,bullet_points_strict,"Staff at Swansea's DVLA offices will be redeployed rather than face redundancy after changes to the way motorists pay their car tax, a UK transport minister has confirmed.","The DVLA's chief executive has said there will be a ""natural reduction"" in the number of jobs needed at the centre.",1590,21,28,0.75,0,0.3137254901960784,0.04081632653061224,0.1568627450980392,0.8905508518218994,0.877124547958374,0.883786678314209
25567298,business,one_sentence,"Staff at Swansea's DVLA offices will be redeployed rather than face redundancy after changes to the way motorists pay their car tax, a UK transport minister has confirmed.","The DVLA's chief executive has said there will be a ""natural reduction"" in the number of jobs at the centre.",1590,20,28,0.7142857142857143,0,0.32,0.041666666666666664,0.16,0.894018828868866,0.8785077929496765,0.8861954808235168
25567298,business,fact_constrained,"Staff at Swansea's DVLA offices will be redeployed rather than face redundancy after changes to the way motorists pay their car tax, a UK transport minister has confirmed.","The DVLA's chief executive has said there will be a ""natural reduction"" in the number of jobs needed at the centre.",1590,21,28,0.75,0,0.3137254901960784,0.04081632653061224,0.1568627450980392,0.8905508518218994,0.877124547958374,0.883786678314209
31312884,tech,tldr,Some people say they are addicted to Facebook and can't go for long without checking their status.,Facebook has bought up more than 200 acres of Silicon Valley.,1649,11,17,0.6470588235294118,0,0.06896551724137931,0.0,0.06896551724137931,0.8746395707130432,0.8556638360023499,0.8650476932525635
31312884,tech,bullet_points,Some people say they are addicted to Facebook and can't go for long without checking their status.,Facebook has bought up more than 200 acres of Silicon Valley.,1649,11,17,0.6470588235294118,0,0.06896551724137931,0.0,0.06896551724137931,0.8746395707130432,0.8556638360023499,0.8650476932525635
31312884,tech,bullet_points_strict,Some people say they are addicted to Facebook and can't go for long without checking their status.,Facebook has bought up more than 200 acres of Silicon Valley.,1649,11,17,0.6470588235294118,0,0.06896551724137931,0.0,0.06896551724137931,0.8746395707130432,0.8556638360023499,0.8650476932525635
31312884,tech,one_sentence,Some people say they are addicted to Facebook and can't go for long without checking their status.,"Facebook has bought up more than 200 acres of Silicon Valley land near Menlo Park, California.",1649,16,17,0.9411764705882353,0,0.058823529411764705,0.0,0.058823529411764705,0.8519363403320312,0.8544787764549255,0.853205680847168
31312884,tech,fact_constrained,Some people say they are addicted to Facebook and can't go for long without checking their status.,Facebook has bought up more than 200 acres of Silicon Valley.,1649,11,17,0.6470588235294118,0,0.06896551724137931,0.0,0.06896551724137931,0.8746395707130432,0.8556638360023499,0.8650476932525635
34746286,tech,tldr,"A teenage boy has appeared in court for a second time charged with murdering 16-year-old Bailey Gwynne, who was stabbed at his Aberdeen school.",A 16-year-old boy has appeared in court charged with the murder of a pupil at a school in Aberdeen.,497,19,24,0.7916666666666666,0,0.6382978723404256,0.3111111111111111,0.42553191489361697,0.9595639109611511,0.9260207414627075,0.9424940347671509
34746286,tech,bullet_points,"A teenage boy has appeared in court for a second time charged with murdering 16-year-old Bailey Gwynne, who was stabbed at his Aberdeen school.",A 16-year-old boy has appeared in court charged with murdering a pupil at a school in Aberdeen.,497,17,24,0.7083333333333334,0,0.7111111111111111,0.37209302325581395,0.4888888888888889,0.9633725881576538,0.9287709593772888,0.9457554221153259
34746286,tech,bullet_points_strict,"A teenage boy has appeared in court for a second time charged with murdering 16-year-old Bailey Gwynne, who was stabbed at his Aberdeen school.",A 16-year-old boy has appeared in court charged with the murder of a pupil at a school in Aberdeen.,497,19,24,0.7916666666666666,0,0.6382978723404256,0.3111111111111111,0.42553191489361697,0.9595639109611511,0.9260207414627075,0.9424940347671509
34746286,tech,one_sentence,"A teenage boy has appeared in court for a second time charged with murdering 16-year-old Bailey Gwynne, who was stabbed at his Aberdeen school.",A 16-year-old boy has appeared in court charged with the murder of a pupil at a school in Aberdeen.,497,19,24,0.7916666666666666,0,0.6382978723404256,0.3111111111111111,0.42553191489361697,0.9595639109611511,0.9260207414627075,0.9424940347671509
34746286,tech,fact_constrained,"A teenage boy has appeared in court for a second time charged with murdering 16-year-old Bailey Gwynne, who was stabbed at his Aberdeen school.",A 16-year-old boy has appeared in court charged with the murder of a pupil at a school in Aberdeen.,497,19,24,0.7916666666666666,0,0.6382978723404256,0.3111111111111111,0.42553191489361697,0.9595639109611511,0.9260207414627075,0.9424940347671509
38016521,tech,tldr,Two men from High Wycombe jailed for a fatal stabbing have had their sentences increased by the Court of Appeal.,Three men have been jailed for life for the murder of a teenager who was stabbed while walking home from a carnival.,1704,22,20,1.1,0,0.380952380952381,0.05,0.23809523809523808,0.9022420644760132,0.9003958702087402,0.9013180136680603
38016521,tech,bullet_points,Two men from High Wycombe jailed for a fatal stabbing have had their sentences increased by the Court of Appeal.,Three men have been jailed for life for the murder of a teenager who was stabbed while walking home from a carnival.,1704,22,20,1.1,0,0.380952380952381,0.05,0.23809523809523808,0.9022420644760132,0.9003958702087402,0.9013180136680603
38016521,tech,bullet_points_strict,Two men from High Wycombe jailed for a fatal stabbing have had their sentences increased by the Court of Appeal.,Three men have been jailed for life for the murder of a teenager who was stabbed while walking home from a carnival.,1704,22,20,1.1,0,0.380952380952381,0.05,0.23809523809523808,0.9022420644760132,0.9003958702087402,0.9013180136680603
38016521,tech,one_sentence,Two men from High Wycombe jailed for a fatal stabbing have had their sentences increased by the Court of Appeal.,Three men have been jailed for life for the murder of a teenager who was stabbed in the street.,1704,19,20,0.95,0,0.358974358974359,0.05405405405405406,0.25641025641025644,0.9269726276397705,0.9011304974555969,0.9138689637184143
38016521,tech,fact_constrained,Two men from High Wycombe jailed for a fatal stabbing have had their sentences increased by the Court of Appeal.,Three men have been jailed for life for the murder of a teenager who died after being stabbed at a carnival.,1704,21,20,1.05,0,0.3414634146341463,0.05128205128205128,0.24390243902439024,0.9119659066200256,0.9000834226608276,0.9059856534004211
36300224,politics,tldr,"Reaching its centenary amidst a general chorus of vilification around the region, the legacy of the secret Sykes-Picot agreement of 1916 has never looked more under assault.",Sykes-Picot's legacy - it's over.,6148,5,27,0.18518518518518517,0,0.17142857142857143,0.06060606060606061,0.1142857142857143,0.9162085056304932,0.8701076507568359,0.8925631642341614
36300224,politics,bullet_points,"Reaching its centenary amidst a general chorus of vilification around the region, the legacy of the secret Sykes-Picot agreement of 1916 has never looked more under assault.",Sykes-Picot.,6148,1,27,0.037037037037037035,0,0.13333333333333333,0.07142857142857142,0.13333333333333333,0.9193026423454285,0.8388496041297913,0.8772353529930115
36300224,politics,bullet_points_strict,"Reaching its centenary amidst a general chorus of vilification around the region, the legacy of the secret Sykes-Picot agreement of 1916 has never looked more under assault.","Sykes-Picot - a document drawn by British diplomats Mark Sykes and Francois Georges-Picot in 1916 - has become the label for the whole era in which outside powers imposed their will, drew borders and installed client local leaders.",6148,38,27,1.4074074074074074,0,0.2121212121212121,0.0625,0.15151515151515152,0.8581733107566833,0.8679900169372559,0.8630537390708923
36300224,politics,one_sentence,"Reaching its centenary amidst a general chorus of vilification around the region, the legacy of the secret Sykes-Picot agreement of 1916 has never looked more under assault.",Sykes-Picot.,6148,1,27,0.037037037037037035,0,0.13333333333333333,0.07142857142857142,0.13333333333333333,0.9193026423454285,0.8388496041297913,0.8772353529930115
36300224,politics,fact_constrained,"Reaching its centenary amidst a general chorus of vilification around the region, the legacy of the secret Sykes-Picot agreement of 1916 has never looked more under assault.",Sykes-Picot.,6148,1,27,0.037037037037037035,0,0.13333333333333333,0.07142857142857142,0.13333333333333333,0.9193026423454285,0.8388496041297913,0.8772353529930115
40810771,tech,tldr,"When Roger Dingledine talks about the dark web, he waves his hands in the air - as if not quite convinced of its existence.","Dingledine says: ""It's not like there's a new set of bad people in the world who exist because Tor exists.""",5435,20,24,0.8333333333333334,0,0.22222222222222224,0.046511627906976744,0.1333333333333333,0.8696568608283997,0.8623570799827576,0.8659915924072266
40810771,tech,bullet_points,"When Roger Dingledine talks about the dark web, he waves his hands in the air - as if not quite convinced of its existence.",Dingledine says.,5435,2,24,0.08333333333333333,0,0.08,0.0,0.08,0.913388729095459,0.8411238193511963,0.8757680058479309
40810771,tech,bullet_points_strict,"When Roger Dingledine talks about the dark web, he waves his hands in the air - as if not quite convinced of its existence.",Dingledine says.,5435,2,24,0.08333333333333333,0,0.08,0.0,0.08,0.913388729095459,0.8411238193511963,0.8757680058479309
40810771,tech,one_sentence,"When Roger Dingledine talks about the dark web, he waves his hands in the air - as if not quite convinced of its existence.",Dingledine says.,5435,2,24,0.08333333333333333,0,0.08,0.0,0.08,0.913388729095459,0.8411238193511963,0.8757680058479309
40810771,tech,fact_constrained,"When Roger Dingledine talks about the dark web, he waves his hands in the air - as if not quite convinced of its existence.","Dingledine says: ""It's not like there's a new set of bad people.""",5435,12,24,0.5,0,0.16216216216216214,0.0,0.16216216216216214,0.878747284412384,0.8610437512397766,0.8698053956031799
32220975,tech,tldr,"A man shot his ill wife before killing himself in a suicide pact, an inquest has heard.","A man has been found guilty of unlawfully killing his wife, a coroner has said.",1372,15,17,0.8823529411764706,0,0.43749999999999994,0.06666666666666667,0.37500000000000006,0.9353336095809937,0.9087821245193481,0.9218667149543762
32220975,tech,bullet_points,"A man shot his ill wife before killing himself in a suicide pact, an inquest has heard.","A man has been found guilty of unlawfully killing his wife, a coroner has said.",1372,15,17,0.8823529411764706,0,0.43749999999999994,0.06666666666666667,0.37500000000000006,0.9353336095809937,0.9087821245193481,0.9218667149543762
32220975,tech,bullet_points_strict,"A man shot his ill wife before killing himself in a suicide pact, an inquest has heard.","A man has been found guilty of unlawfully killing his wife, a coroner has said.",1372,15,17,0.8823529411764706,0,0.43749999999999994,0.06666666666666667,0.37500000000000006,0.9353336095809937,0.9087821245193481,0.9218667149543762
32220975,tech,one_sentence,"A man shot his ill wife before killing himself in a suicide pact, an inquest has heard.",An inquest into the death of a couple who were found dead in a garage has been adjourned.,1372,18,17,1.0588235294117647,0,0.34285714285714286,0.12121212121212122,0.22857142857142856,0.9034472703933716,0.8891841173171997,0.8962589502334595
32220975,tech,fact_constrained,"A man shot his ill wife before killing himself in a suicide pact, an inquest has heard.","A man has been found guilty of unlawfully killing his wife, a coroner has found.",1372,15,17,0.8823529411764706,0,0.43749999999999994,0.06666666666666667,0.37500000000000006,0.9377214908599854,0.9136875867843628,0.9255484938621521
33798779,politics,tldr,Australia has confirmed it sent 46 asylum seekers back to Vietnam after intercepting their boat off the coast of Western Australia last month.,The Australian government has scuttled a Vietnamese boat that arrived in Australia from Vietnam.,1360,14,23,0.6086956521739131,0,0.27027027027027023,0.0,0.16216216216216214,0.9094028472900391,0.8931609392166138,0.9012086987495422
33798779,politics,bullet_points,Australia has confirmed it sent 46 asylum seekers back to Vietnam after intercepting their boat off the coast of Western Australia last month.,The Australian government has scuttled a Vietnamese boat that arrived in Australia from Vietnam.,1360,14,23,0.6086956521739131,0,0.27027027027027023,0.0,0.16216216216216214,0.9094028472900391,0.8931609392166138,0.9012086987495422
33798779,politics,bullet_points_strict,Australia has confirmed it sent 46 asylum seekers back to Vietnam after intercepting their boat off the coast of Western Australia last month.,The Australian government has scuttled a Vietnamese boat that arrived in Australia from Vietnam.,1360,14,23,0.6086956521739131,0,0.27027027027027023,0.0,0.16216216216216214,0.9094028472900391,0.8931609392166138,0.9012086987495422
33798779,politics,one_sentence,Australia has confirmed it sent 46 asylum seekers back to Vietnam after intercepting their boat off the coast of Western Australia last month.,The Australian government has scuttled a Vietnamese boat that arrived in Australia from Vietnam.,1360,14,23,0.6086956521739131,0,0.27027027027027023,0.0,0.16216216216216214,0.9094028472900391,0.8931609392166138,0.9012086987495422
33798779,politics,fact_constrained,Australia has confirmed it sent 46 asylum seekers back to Vietnam after intercepting their boat off the coast of Western Australia last month.,The Australian government has scuttled a Vietnamese boat that arrived in Australia from Vietnam.,1360,14,23,0.6086956521739131,0,0.27027027027027023,0.0,0.16216216216216214,0.9094028472900391,0.8931609392166138,0.9012086987495422
32904368,politics,tldr,Nick Clegg has accused the new Tory government of abandoning the values he said had been at the coalition's core.,Nick Clegg has criticised the Conservatives' lack of commitment to civil liberties.,1863,12,20,0.6,0,0.30303030303030304,0.12903225806451613,0.30303030303030304,0.9439351558685303,0.9072481989860535,0.9252280592918396
32904368,politics,bullet_points,Nick Clegg has accused the new Tory government of abandoning the values he said had been at the coalition's core.,"Nick Clegg has said his party's ""mission is clearer than ever"" after the election.",1863,14,20,0.7,0,0.3333333333333333,0.11764705882352941,0.2777777777777778,0.8999171853065491,0.8994246125221252,0.8996708393096924
32904368,politics,bullet_points_strict,Nick Clegg has accused the new Tory government of abandoning the values he said had been at the coalition's core.,Nick Clegg has criticised the Conservatives' lack of commitment to civil liberties.,1863,12,20,0.6,0,0.30303030303030304,0.12903225806451613,0.30303030303030304,0.9439351558685303,0.9072481989860535,0.9252280592918396
32904368,politics,one_sentence,Nick Clegg has accused the new Tory government of abandoning the values he said had been at the coalition's core.,"Lib Dem leader Nick Clegg has said the Conservatives are ""disturbing"" the UK's civil liberties.",1863,15,20,0.75,0,0.37837837837837834,0.1142857142857143,0.3243243243243243,0.9072088599205017,0.9098694920539856,0.9085372090339661
32904368,politics,fact_constrained,Nick Clegg has accused the new Tory government of abandoning the values he said had been at the coalition's core.,Nick Clegg has criticised the Conservatives' lack of commitment to civil liberties.,1863,12,20,0.6,0,0.30303030303030304,0.12903225806451613,0.30303030303030304,0.9439351558685303,0.9072481989860535,0.9252280592918396
22508472,business,tldr,"Industrial production in China recorded a smaller-than-expected rise in April, underlining worries that the economy may be losing steam.","China's economy expanded at an annual rate of 7.7% in the first three months of the year, down from 7.7% in the previous quarter.",1395,24,19,1.263157894736842,0,0.20833333333333334,0.0,0.125,0.8588751554489136,0.8727948665618896,0.8657790422439575
22508472,business,bullet_points,"Industrial production in China recorded a smaller-than-expected rise in April, underlining worries that the economy may be losing steam.","China's economy expanded at an annual rate of 7.7% in the first three months of the year, down from 7.7% in the previous quarter.",1395,24,19,1.263157894736842,0,0.20833333333333334,0.0,0.125,0.8588751554489136,0.8727948665618896,0.8657790422439575
22508472,business,bullet_points_strict,"Industrial production in China recorded a smaller-than-expected rise in April, underlining worries that the economy may be losing steam.","China's economy expanded at an annual rate of 7.7% in the first three months of the year, down from 7.7% in the previous quarter.",1395,24,19,1.263157894736842,0,0.20833333333333334,0.0,0.125,0.8588751554489136,0.8727948665618896,0.8657790422439575
22508472,business,one_sentence,"Industrial production in China recorded a smaller-than-expected rise in April, underlining worries that the economy may be losing steam.","China's economy expanded at an annual rate of 7.7% in the first three months of the year, down from 7.7% in the previous quarter.",1395,24,19,1.263157894736842,0,0.20833333333333334,0.0,0.125,0.8588751554489136,0.8727948665618896,0.8657790422439575
22508472,business,fact_constrained,"Industrial production in China recorded a smaller-than-expected rise in April, underlining worries that the economy may be losing steam.","China's economy expanded at an annual rate of 7.7% in the first three months of the year, down from 7.7% in the previous quarter.",1395,24,19,1.263157894736842,0,0.20833333333333334,0.0,0.125,0.8588751554489136,0.8727948665618896,0.8657790422439575
12570045,business,tldr,"If you spent $9bn a year on research and development and employed 900 of the world's top computer scientists to come up with new ideas, what would you expect in return?",Microsoft's XBox Kinect is a game controller that turns a player's body into a games controller.,5040,16,31,0.5161290322580645,0,0.08,0.0,0.08,0.8433937430381775,0.830403208732605,0.8368480801582336
12570045,business,bullet_points,"If you spent $9bn a year on research and development and employed 900 of the world's top computer scientists to come up with new ideas, what would you expect in return?",Microsoft is a company that spends a lot of money on R&D.,5040,12,31,0.3870967741935484,0,0.13333333333333333,0.0,0.08888888888888889,0.9058715105056763,0.8567437529563904,0.8806229829788208
12570045,business,bullet_points_strict,"If you spent $9bn a year on research and development and employed 900 of the world's top computer scientists to come up with new ideas, what would you expect in return?",Microsoft's XBox Kinect system - which turns a player's body into a games controller - has racked up 8m sales.,5040,20,31,0.6451612903225806,0,0.11538461538461538,0.0,0.11538461538461538,0.8510698676109314,0.84344482421875,0.847240149974823
12570045,business,one_sentence,"If you spent $9bn a year on research and development and employed 900 of the world's top computer scientists to come up with new ideas, what would you expect in return?",Microsoft is a company that spends a lot of money on R&D.,5040,12,31,0.3870967741935484,0,0.13333333333333333,0.0,0.08888888888888889,0.9058715105056763,0.8567437529563904,0.8806229829788208
12570045,business,fact_constrained,"If you spent $9bn a year on research and development and employed 900 of the world's top computer scientists to come up with new ideas, what would you expect in return?",Microsoft's XBox Kinect system is a game changer.,5040,8,31,0.25806451612903225,0,0.0975609756097561,0.0,0.04878048780487805,0.8705490231513977,0.828732967376709,0.8491265177726746
40213181,politics,tldr,It has been a dramatic night that has confounded expectations of political parties and commentators.,Labour have outperformed every Welsh-only poll over the course of the campaign - and the exit poll - achieving their highest share of the vote in Wales since 1997.,2886,29,15,1.9333333333333333,0,0.09302325581395349,0.0,0.09302325581395349,0.8494516611099243,0.8912155628204346,0.8698326349258423
40213181,politics,bullet_points,It has been a dramatic night that has confounded expectations of political parties and commentators.,Labour and the Conservatives have both won their share of the vote in Wales in the general election.,2886,18,15,1.2,0,0.1212121212121212,0.0,0.0606060606060606,0.870385468006134,0.8801149129867554,0.8752231597900391
40213181,politics,bullet_points_strict,It has been a dramatic night that has confounded expectations of political parties and commentators.,"Labour, Conservatives, Plaid Cymru, Plaid Cymru, Plaid Cymru, Plaid Cymru, Plaid Cymru, Plaid Cymru, Plaid Cymru, Plaid Cymru",2886,18,15,1.2,0,0.0,0.0,0.0,0.7440764904022217,0.8528281450271606,0.7947492003440857
40213181,politics,one_sentence,It has been a dramatic night that has confounded expectations of political parties and commentators.,"Labour's win over the Conservatives in the Welsh general election was a surprise, but Labour's win over Plaid Cymru was a surprise.",2886,22,15,1.4666666666666666,0,0.05128205128205127,0.0,0.05128205128205127,0.8611085414886475,0.8846472501754761,0.8727191686630249
40213181,politics,fact_constrained,It has been a dramatic night that has confounded expectations of political parties and commentators.,"Labour's victory in the general election in Wales is a big win for the party, with the Conservatives gaining three seats from the Conservatives.",2886,24,15,1.6,0,0.05,0.0,0.05,0.8668664693832397,0.8840282559394836,0.8753632307052612
32610327,politics,tldr,People are voting across Merseyside in the general and local council elections.,Voters in Merseyside will be able to cast their ballots after midnight on Tuesday.,321,14,12,1.1666666666666667,0,0.15384615384615383,0.0,0.07692307692307691,0.9004988670349121,0.9119923114776611,0.9062091708183289
32610327,politics,bullet_points,People are voting across Merseyside in the general and local council elections.,Voters in Merseyside have been able to cast their ballots for the upcoming general election.,321,15,12,1.25,0,0.2962962962962963,0.0,0.22222222222222224,0.9297001361846924,0.9291090965270996,0.9294044971466064
32610327,politics,bullet_points_strict,People are voting across Merseyside in the general and local council elections.,Voters in Merseyside have been able to cast their ballots for the upcoming general election.,321,15,12,1.25,0,0.2962962962962963,0.0,0.22222222222222224,0.9297001361846924,0.9291090965270996,0.9294044971466064
32610327,politics,one_sentence,People are voting across Merseyside in the general and local council elections.,Voters in Merseyside will be able to cast their ballots in the general election on Sunday.,321,16,12,1.3333333333333333,0,0.28571428571428575,0.15384615384615383,0.28571428571428575,0.9251399636268616,0.9301534295082092,0.927639901638031
32610327,politics,fact_constrained,People are voting across Merseyside in the general and local council elections.,Voters in Merseyside have been able to cast their ballots in the general election.,321,14,12,1.1666666666666667,0,0.30769230769230765,0.16666666666666669,0.30769230769230765,0.935333788394928,0.9321973323822021,0.9337629079818726
31111562,tech,tldr,"A large billboard has been puzzling residents of a County Down town, and commuters on the main route between Bangor and Belfast.",A billboard with the phrase #prayforjosh has gone viral in County Down.,2267,12,22,0.5454545454545454,0,0.3529411764705882,0.0625,0.29411764705882354,0.8771548271179199,0.8820379376411438,0.8795896768569946
31111562,tech,bullet_points,"A large billboard has been puzzling residents of a County Down town, and commuters on the main route between Bangor and Belfast.",A massive billboard has been erected at a County Down church in support of a teenager who was diagnosed with cancer.,2267,21,22,0.9545454545454546,0,0.37209302325581395,0.24390243902439024,0.3255813953488372,0.8925426006317139,0.8890255689620972,0.8907806277275085
31111562,tech,bullet_points_strict,"A large billboard has been puzzling residents of a County Down town, and commuters on the main route between Bangor and Belfast.",A massive billboard has been erected at a church in County Down in support of a teenager who was diagnosed with cancer.,2267,22,22,1.0,0,0.36363636363636365,0.19047619047619047,0.3181818181818182,0.8938930034637451,0.887714147567749,0.8907928466796875
31111562,tech,one_sentence,"A large billboard has been puzzling residents of a County Down town, and commuters on the main route between Bangor and Belfast.",A massive billboard with the phrase #prayforjosh has been erected in County Down.,2267,13,22,0.5909090909090909,0,0.39999999999999997,0.12121212121212123,0.3428571428571428,0.881251335144043,0.886199951171875,0.883718729019165
31111562,tech,fact_constrained,"A large billboard has been puzzling residents of a County Down town, and commuters on the main route between Bangor and Belfast.",A massive billboard has been erected in County Down in support of a teenager who was diagnosed with cancer.,2267,19,22,0.8636363636363636,0,0.3902439024390244,0.20512820512820512,0.2926829268292683,0.8929850459098816,0.8887394666671753,0.8908572793006897
36628793,politics,tldr,Tens of thousands of people have joined the Pride parade through central London.,London's Pride parade has gathered to mark the anniversary of the shootings in Orlando.,3290,14,13,1.0769230769230769,0,0.3571428571428571,0.07692307692307691,0.14285714285714288,0.9136809706687927,0.9032765626907349,0.9084489941596985
36628793,politics,bullet_points,Tens of thousands of people have joined the Pride parade through central London.,London's Pride parade has gathered to mark the centenary of the shootings in Orlando.,3290,14,13,1.0769230769230769,0,0.3571428571428571,0.07692307692307691,0.14285714285714288,0.9017372727394104,0.9045339822769165,0.9031334519386292
36628793,politics,bullet_points_strict,Tens of thousands of people have joined the Pride parade through central London.,London's Pride parade has gathered in Trafalgar Square to mark the centenary of the shootings in Orlando.,3290,17,13,1.3076923076923077,0,0.3225806451612903,0.06896551724137931,0.12903225806451615,0.8888214826583862,0.9123703837394714,0.9004420638084412
36628793,politics,one_sentence,Tens of thousands of people have joined the Pride parade through central London.,London's Pride parade has gathered to mark the anniversary of the shootings in Orlando.,3290,14,13,1.0769230769230769,0,0.3571428571428571,0.07692307692307691,0.14285714285714288,0.9136809706687927,0.9032765626907349,0.9084489941596985
36628793,politics,fact_constrained,Tens of thousands of people have joined the Pride parade through central London.,London's Pride parade has gathered to mark the anniversary of the Orlando shootings.,3290,13,13,1.0,0,0.3703703703703704,0.08,0.14814814814814817,0.9159446358680725,0.9034091234207153,0.9096336960792542
37585804,business,tldr,"Hundreds of aerospace jobs could be lost if a factory is forced to ""significantly downsize"" or close, it has been claimed.","GKN Aerospace, which makes helicopters, has said it is ""no longer a sustainable business"" after Leonardo's decision to close its Yeovil branch.",1267,22,21,1.0476190476190477,0,0.31818181818181823,0.0,0.1818181818181818,0.8726094961166382,0.8876241445541382,0.8800527453422546
37585804,business,bullet_points,"Hundreds of aerospace jobs could be lost if a factory is forced to ""significantly downsize"" or close, it has been claimed.","A helicopter manufacturer has said it is ""no longer a sustainable business"" after Leonardo's decision to close its Yeovil branch.",1267,20,21,0.9523809523809523,0,0.2857142857142857,0.0,0.19047619047619047,0.8791280388832092,0.8834139704704285,0.8812657594680786
37585804,business,bullet_points_strict,"Hundreds of aerospace jobs could be lost if a factory is forced to ""significantly downsize"" or close, it has been claimed.","A helicopter manufacturer has said it is ""no longer a sustainable business"" after Leonardo's decision to close its Yeovil branch.",1267,20,21,0.9523809523809523,0,0.2857142857142857,0.0,0.19047619047619047,0.8791280388832092,0.8834139704704285,0.8812657594680786
37585804,business,one_sentence,"Hundreds of aerospace jobs could be lost if a factory is forced to ""significantly downsize"" or close, it has been claimed.","GKN Aerospace, which makes helicopters, has said it is ""no longer a sustainable business"" after Leonardo's decision to close its Yeovil branch.",1267,22,21,1.0476190476190477,0,0.31818181818181823,0.0,0.1818181818181818,0.8726094961166382,0.8876241445541382,0.8800527453422546
37585804,business,fact_constrained,"Hundreds of aerospace jobs could be lost if a factory is forced to ""significantly downsize"" or close, it has been claimed.","A helicopter manufacturer has said it is ""no longer viable"" to close its Yeovil branch after Leonardo's decision to take production in-house.",1267,22,21,1.0476190476190477,0,0.26666666666666666,0.0,0.17777777777777778,0.8788290619850159,0.8860300183296204,0.8824148774147034
32231034,tech,tldr,"A man accused of kidnapping his partner allegedly drove at a police officer who tried to save her, a court has heard.",A man has denied kidnapping and assaulting a woman in east Belfast.,1701,12,22,0.5454545454545454,0,0.29411764705882354,0.0625,0.23529411764705885,0.924976646900177,0.8925797939300537,0.9084895253181458
32231034,tech,bullet_points,"A man accused of kidnapping his partner allegedly drove at a police officer who tried to save her, a court has heard.",A man has denied kidnapping and assaulting a woman in east Belfast.,1701,12,22,0.5454545454545454,0,0.29411764705882354,0.0625,0.23529411764705885,0.924976646900177,0.8925797939300537,0.9084895253181458
32231034,tech,bullet_points_strict,"A man accused of kidnapping his partner allegedly drove at a police officer who tried to save her, a court has heard.",A man has denied kidnapping and assaulting a woman in east Belfast.,1701,12,22,0.5454545454545454,0,0.29411764705882354,0.0625,0.23529411764705885,0.924976646900177,0.8925797939300537,0.9084895253181458
32231034,tech,one_sentence,"A man accused of kidnapping his partner allegedly drove at a police officer who tried to save her, a court has heard.",A man has denied kidnapping and assaulting a woman in east Belfast.,1701,12,22,0.5454545454545454,0,0.29411764705882354,0.0625,0.23529411764705885,0.924976646900177,0.8925797939300537,0.9084895253181458
32231034,tech,fact_constrained,"A man accused of kidnapping his partner allegedly drove at a police officer who tried to save her, a court has heard.",A man has denied kidnapping and assaulting a woman in east Belfast.,1701,12,22,0.5454545454545454,0,0.29411764705882354,0.0625,0.23529411764705885,0.924976646900177,0.8925797939300537,0.9084895253181458
39920686,politics,tldr,Declassified documents reveal concerns of the UK government 60 years ago that Rockall could become a base for spying on a missile test site.,"Nato documents show that the UK government feared that it could be used by ""hostile agents"" to monitor the South Uist range.",1783,22,24,0.9166666666666666,0,0.2608695652173913,0.0909090909090909,0.2608695652173913,0.8966554999351501,0.9019963145256042,0.8993179798126221
39920686,politics,bullet_points,Declassified documents reveal concerns of the UK government 60 years ago that Rockall could become a base for spying on a missile test site.,"Nato documents reveal the UK government's decision to set up a guided missile range in South Uist, in the Outer Hebrides.",1783,21,24,0.875,0,0.30434782608695654,0.13636363636363635,0.30434782608695654,0.8781654834747314,0.8985888361930847,0.888259768486023
39920686,politics,bullet_points_strict,Declassified documents reveal concerns of the UK government 60 years ago that Rockall could become a base for spying on a missile test site.,Nato documents reveal the UK government's decision to set up a guided missile range in the Outer Hebrides.,1783,18,24,0.75,0,0.32558139534883723,0.14634146341463414,0.32558139534883723,0.9002792835235596,0.8993111252784729,0.8997949957847595
39920686,politics,one_sentence,Declassified documents reveal concerns of the UK government 60 years ago that Rockall could become a base for spying on a missile test site.,Nato documents reveal the UK government's decision to set up a guided missile range in the Outer Hebrides.,1783,18,24,0.75,0,0.32558139534883723,0.14634146341463414,0.32558139534883723,0.9002792835235596,0.8993111252784729,0.8997949957847595
39920686,politics,fact_constrained,Declassified documents reveal concerns of the UK government 60 years ago that Rockall could become a base for spying on a missile test site.,Rockall is a remote North Atlantic rock that has been claimed by the UK government.,1783,15,24,0.625,0,0.3076923076923077,0.1081081081081081,0.15384615384615385,0.8952897191047668,0.8737178444862366,0.8843722939491272
39680509,entertainment,tldr,The artist who created the album cover for The Beatles' Sgt Pepper album has been given a top honour in the band's home city.,Liverpool's most famous artist has been recognised for his contribution to the city's cultural life.,1538,15,24,0.625,0,0.3333333333333333,0.05,0.2380952380952381,0.9028852581977844,0.8785275220870972,0.890539824962616
39680509,entertainment,bullet_points,The artist who created the album cover for The Beatles' Sgt Pepper album has been given a top honour in the band's home city.,Liverpool's most famous artist has been honoured with a lifetime achievement award.,1538,12,24,0.5,0,0.2631578947368421,0.05555555555555555,0.2105263157894737,0.9107810258865356,0.8747859001159668,0.8924206495285034
39680509,entertainment,bullet_points_strict,The artist who created the album cover for The Beatles' Sgt Pepper album has been given a top honour in the band's home city.,Liverpool's most famous artist has been honoured with a Citizen of Honour award.,1538,13,24,0.5416666666666666,0,0.30769230769230765,0.05405405405405406,0.25641025641025644,0.9138188362121582,0.8763740062713623,0.8947047591209412
39680509,entertainment,one_sentence,The artist who created the album cover for The Beatles' Sgt Pepper album has been given a top honour in the band's home city.,Liverpool's most famous artist has been recognised for his contribution to the city's cultural life.,1538,15,24,0.625,0,0.3333333333333333,0.05,0.2380952380952381,0.9028852581977844,0.8785275220870972,0.890539824962616
39680509,entertainment,fact_constrained,The artist who created the album cover for The Beatles' Sgt Pepper album has been given a top honour in the band's home city.,A Liverpool man has been recognised for his contribution to the city's cultural life.,1538,14,24,0.5833333333333334,0,0.35000000000000003,0.052631578947368425,0.2,0.9072129130363464,0.8730149865150452,0.8897855281829834
19962775,politics,tldr,Generation of electricity and heat from plant material is listed in the suite of renewable energy technologies that the UK governments think can help deliver 15% of the nations' energy consumption by 2020.,Bioenergy crops are being rolled out in the UK.,5364,9,33,0.2727272727272727,0,0.14285714285714288,0.1,0.14285714285714288,0.916982889175415,0.853507936000824,0.8841075897216797
19962775,politics,bullet_points,Generation of electricity and heat from plant material is listed in the suite of renewable energy technologies that the UK governments think can help deliver 15% of the nations' energy consumption by 2020.,"Bioenergy is a key part of the UK's energy mix, but it is also a key part of the UK's energy strategy.",5364,22,33,0.6666666666666666,0,0.2807017543859649,0.07272727272727272,0.2456140350877193,0.8961962461471558,0.8646330833435059,0.8801317811012268
19962775,politics,bullet_points_strict,Generation of electricity and heat from plant material is listed in the suite of renewable energy technologies that the UK governments think can help deliver 15% of the nations' energy consumption by 2020.,"Bioenergy is a key part of the UK's strategy for decarbonising the energy mix, says the government.",5364,17,33,0.5151515151515151,0,0.27450980392156865,0.08163265306122448,0.23529411764705885,0.8992953300476074,0.8718639612197876,0.885367214679718
19962775,politics,one_sentence,Generation of electricity and heat from plant material is listed in the suite of renewable energy technologies that the UK governments think can help deliver 15% of the nations' energy consumption by 2020.,Bioenergy is a very important part of the UK's energy mix - it's a very important part of the UK's energy mix.,5364,22,33,0.6666666666666666,0,0.2807017543859649,0.07272727272727272,0.2456140350877193,0.8881247043609619,0.8588182330131531,0.8732256293296814
19962775,politics,fact_constrained,Generation of electricity and heat from plant material is listed in the suite of renewable energy technologies that the UK governments think can help deliver 15% of the nations' energy consumption by 2020.,Bioenergy crops are being introduced into the UK's energy mix.,5364,10,33,0.30303030303030304,0,0.13636363636363635,0.047619047619047616,0.13636363636363635,0.9138672351837158,0.8637440204620361,0.888098955154419
32327177,politics,tldr,The International Monetary Fund has today highlighted the challenge to be faced by the next government in returning the public finances to balance.,The International Monetary Fund (IMF) has said that the gap between spending and taxes will remain a deficit of £7bn in 2020.,1917,22,23,0.9565217391304348,0,0.31111111111111117,0.1395348837209302,0.31111111111111117,0.8880127668380737,0.9056949615478516,0.896766722202301
32327177,politics,bullet_points,The International Monetary Fund has today highlighted the challenge to be faced by the next government in returning the public finances to balance.,The International Monetary Fund (IMF) has warned that the next government may be forced to increase taxes or cut spending a bit more than currently planned.,1917,26,23,1.1304347826086956,0,0.40816326530612246,0.21276595744680854,0.36734693877551017,0.8991929292678833,0.9232103824615479,0.9110433459281921
32327177,politics,bullet_points_strict,The International Monetary Fund has today highlighted the challenge to be faced by the next government in returning the public finances to balance.,The International Monetary Fund (IMF) has warned that the next government may be forced to increase taxes or cut spending a bit more than planned.,1917,25,23,1.0869565217391304,0,0.41666666666666663,0.21739130434782608,0.37499999999999994,0.9022190570831299,0.9233176112174988,0.9126464128494263
32327177,politics,one_sentence,The International Monetary Fund has today highlighted the challenge to be faced by the next government in returning the public finances to balance.,The International Monetary Fund (IMF) has warned that the Tories will be forced to increase taxes or cut spending a bit more than they originally planned.,1917,26,23,1.1304347826086956,0,0.32653061224489793,0.1276595744680851,0.32653061224489793,0.8870683908462524,0.9097949266433716,0.8982879519462585
32327177,politics,fact_constrained,The International Monetary Fund has today highlighted the challenge to be faced by the next government in returning the public finances to balance.,The International Monetary Fund (IMF) has warned that the next government may be forced to increase taxes or cut spending a bit more than currently planned.,1917,26,23,1.1304347826086956,0,0.40816326530612246,0.21276595744680854,0.36734693877551017,0.8991929292678833,0.9232103824615479,0.9110433459281921
34356851,tech,tldr,BBC newsreader Sophie Raworth is to be part of Watchdog's new presenting team.,Two former journalists have joined the BBC's new series of Watchdog.,1077,11,13,0.8461538461538461,0,0.3846153846153846,0.16666666666666669,0.23076923076923075,0.9300779104232788,0.8941177129745483,0.9117433428764343
34356851,tech,bullet_points,BBC newsreader Sophie Raworth is to be part of Watchdog's new presenting team.,Two former BBC presenters have joined the BBC's new series of Watchdog.,1077,12,13,0.9230769230769231,0,0.3703703703703704,0.16,0.22222222222222224,0.931392252445221,0.8997423648834229,0.91529381275177
34356851,tech,bullet_points_strict,BBC newsreader Sophie Raworth is to be part of Watchdog's new presenting team.,Two former BBC presenters have joined the new line-up of Watchdog.,1077,11,13,0.8461538461538461,0,0.30769230769230765,0.08333333333333334,0.23076923076923075,0.9379527568817139,0.9103795289993286,0.9239604473114014
34356851,tech,one_sentence,BBC newsreader Sophie Raworth is to be part of Watchdog's new presenting team.,Two former BBC presenters have joined the new line-up of Watchdog.,1077,11,13,0.8461538461538461,0,0.30769230769230765,0.08333333333333334,0.23076923076923075,0.9379527568817139,0.9103795289993286,0.9239604473114014
34356851,tech,fact_constrained,BBC newsreader Sophie Raworth is to be part of Watchdog's new presenting team.,Two former BBC presenters have joined the new line-up of Watchdog.,1077,11,13,0.8461538461538461,0,0.30769230769230765,0.08333333333333334,0.23076923076923075,0.9379527568817139,0.9103795289993286,0.9239604473114014
36794901,tech,tldr,A man who described himself in court as looking like John Travolta has been found guilty of the rape and murder of a teenager 34 years ago.,A man has been jailed for life for the murder of a schoolgirl.,2980,13,27,0.48148148148148145,0,0.4,0.21052631578947367,0.4,0.9421725273132324,0.8779981732368469,0.9089540839195251
36794901,tech,bullet_points,A man who described himself in court as looking like John Travolta has been found guilty of the rape and murder of a teenager 34 years ago.,"A man has been found guilty of murdering a schoolgirl who was a virgin before the attack, a court has heard.",2980,21,27,0.7777777777777778,0,0.4583333333333333,0.2173913043478261,0.375,0.930724024772644,0.8915700316429138,0.9107264280319214
36794901,tech,bullet_points_strict,A man who described himself in court as looking like John Travolta has been found guilty of the rape and murder of a teenager 34 years ago.,A former tiler has been jailed for life for murdering a schoolgirl.,2980,12,27,0.4444444444444444,0,0.20512820512820512,0.05405405405405406,0.20512820512820512,0.9081133604049683,0.8698499202728271,0.8885699510574341
36794901,tech,one_sentence,A man who described himself in court as looking like John Travolta has been found guilty of the rape and murder of a teenager 34 years ago.,A man has been jailed for life for the murder of a schoolgirl.,2980,13,27,0.48148148148148145,0,0.4,0.21052631578947367,0.4,0.9421725273132324,0.8779981732368469,0.9089540839195251
36794901,tech,fact_constrained,A man who described himself in court as looking like John Travolta has been found guilty of the rape and murder of a teenager 34 years ago.,A man has been jailed for life for the murder of a schoolgirl.,2980,13,27,0.48148148148148145,0,0.4,0.21052631578947367,0.4,0.9421725273132324,0.8779981732368469,0.9089540839195251
21041587,business,tldr,"The BBC generated more than £8bn for the UK economy in 2011-12, almost twice its licence fee spend.","The BBC's spending on licence money has a multiplier effect on the economy, according to a report.",2456,17,18,0.9444444444444444,0,0.27027027027027023,0.05714285714285714,0.21621621621621623,0.9077013731002808,0.8736749887466431,0.8903632164001465
21041587,business,bullet_points,"The BBC generated more than £8bn for the UK economy in 2011-12, almost twice its licence fee spend.","The BBC's spending on licence money is'multiplied' as it creates value elsewhere in the economy, according to a report.",2456,19,18,1.0555555555555556,0,0.3,0.052631578947368425,0.2,0.8709334135055542,0.8705600500106812,0.8707466721534729
21041587,business,bullet_points_strict,"The BBC generated more than £8bn for the UK economy in 2011-12, almost twice its licence fee spend.","The BBC's spending on licence money is'multiplied' as it ripples through the economy from region to region and sector to sector, according to a new report.",2456,26,18,1.4444444444444444,0,0.2127659574468085,0.04444444444444444,0.1702127659574468,0.8468906879425049,0.8654849529266357,0.8560868501663208
21041587,business,one_sentence,"The BBC generated more than £8bn for the UK economy in 2011-12, almost twice its licence fee spend.","The BBC's spending on licence money has been'multiplied', according to a new report.",2456,13,18,0.7222222222222222,0,0.17647058823529413,0.0625,0.17647058823529413,0.870694100856781,0.861809492111206,0.8662289977073669
21041587,business,fact_constrained,"The BBC generated more than £8bn for the UK economy in 2011-12, almost twice its licence fee spend.","The BBC's spending on licence money has been'multiplied', according to a new report.",2456,13,18,0.7222222222222222,0,0.17647058823529413,0.0625,0.17647058823529413,0.870694100856781,0.861809492111206,0.8662289977073669
33322212,politics,tldr,The US has said that it will resume aid to the military in Bahrain.,"Bahrain's government has lifted restrictions on the release of political prisoners, the US has said.",1713,15,14,1.0714285714285714,0,0.39999999999999997,0.21428571428571427,0.26666666666666666,0.9072640538215637,0.9166125059127808,0.9119143486022949
33322212,politics,bullet_points,The US has said that it will resume aid to the military in Bahrain.,"Bahrain's government has lifted restrictions on the release of political prisoners, the US has said.",1713,15,14,1.0714285714285714,0,0.39999999999999997,0.21428571428571427,0.26666666666666666,0.9072640538215637,0.9166125059127808,0.9119143486022949
33322212,politics,bullet_points_strict,The US has said that it will resume aid to the military in Bahrain.,"Bahrain's government has lifted restrictions on the release of political prisoners, the US has said.",1713,15,14,1.0714285714285714,0,0.39999999999999997,0.21428571428571427,0.26666666666666666,0.9072640538215637,0.9166125059127808,0.9119143486022949
33322212,politics,one_sentence,The US has said that it will resume aid to the military in Bahrain.,"The US has lifted restrictions on Bahrain's government on human rights reforms and reconciliation, the US has said.",1713,18,14,1.2857142857142858,0,0.36363636363636365,0.1935483870967742,0.24242424242424243,0.9027411937713623,0.927206814289093,0.9148104786872864
33322212,politics,fact_constrained,The US has said that it will resume aid to the military in Bahrain.,"Bahrain's government has lifted restrictions on the release of political prisoners, the US has said.",1713,15,14,1.0714285714285714,0,0.39999999999999997,0.21428571428571427,0.26666666666666666,0.9072640538215637,0.9166125059127808,0.9119143486022949
18532395,business,tldr,"A signed Beatles ticket from a concert in Norfolk in 1963 is expected to fetch up to £2,000 at auction in London.",The Beatles have sold a ticket to a gig at the Grosvenor in Norwich.,626,14,22,0.6363636363636364,0,0.3783783783783784,0.0,0.27027027027027023,0.8856449723243713,0.8826431035995483,0.8841414451599121
18532395,business,bullet_points,"A signed Beatles ticket from a concert in Norfolk in 1963 is expected to fetch up to £2,000 at auction in London.",The Beatles have sold a ticket to a sold-out gig at the Grosvenor in Norwich.,626,15,22,0.6818181818181818,0,0.358974358974359,0.0,0.2564102564102564,0.8756145238876343,0.8793613314628601,0.8774839639663696
18532395,business,bullet_points_strict,"A signed Beatles ticket from a concert in Norfolk in 1963 is expected to fetch up to £2,000 at auction in London.",The Beatles have sold a ticket to a gig at the Grosvenor Theatre in Norwich.,626,15,22,0.6818181818181818,0,0.3684210526315789,0.0,0.26315789473684204,0.8833974003791809,0.882888674736023,0.8831429481506348
18532395,business,one_sentence,"A signed Beatles ticket from a concert in Norfolk in 1963 is expected to fetch up to £2,000 at auction in London.",The Beatles have sold a ticket to a sold-out gig at the Grosvenor Theatre in Norwich.,626,16,22,0.7272727272727273,0,0.35,0.0,0.25,0.8756406903266907,0.8811308741569519,0.8783771991729736
18532395,business,fact_constrained,"A signed Beatles ticket from a concert in Norfolk in 1963 is expected to fetch up to £2,000 at auction in London.",The Beatles have sold a ticket to a sold-out gig at the Grosvenor in Norwich.,626,15,22,0.6818181818181818,0,0.358974358974359,0.0,0.2564102564102564,0.8756145238876343,0.8793613314628601,0.8774839639663696
34667481,politics,tldr,"Too many of the most vulnerable young people in England are ""cut adrift when they need help the most"", says the head of a powerful committee of MPs.","A lack of support for care leavers is a ""systemic issue"", MPs say.",3089,13,28,0.4642857142857143,0,0.14634146341463414,0.0,0.14634146341463414,0.9092665314674377,0.8941013216972351,0.9016201496124268
34667481,politics,bullet_points,"Too many of the most vulnerable young people in England are ""cut adrift when they need help the most"", says the head of a powerful committee of MPs.","The quality and cost of care leavers' support is ""unacceptable"", MPs say.",3089,12,28,0.42857142857142855,0,0.15,0.0,0.15,0.8998528718948364,0.8867519497871399,0.8932543396949768
34667481,politics,bullet_points_strict,"Too many of the most vulnerable young people in England are ""cut adrift when they need help the most"", says the head of a powerful committee of MPs.","The quality and cost of care leavers' support is ""unacceptable"" in some local authorities, MPs say.",3089,16,28,0.5714285714285714,0,0.18181818181818182,0.0,0.13636363636363635,0.8950744271278381,0.8852757811546326,0.8901481628417969
34667481,politics,one_sentence,"Too many of the most vulnerable young people in England are ""cut adrift when they need help the most"", says the head of a powerful committee of MPs.","The quality and cost of support for care leavers is ""unacceptable"", MPs say.",3089,13,28,0.4642857142857143,0,0.14634146341463414,0.0,0.14634146341463414,0.9011514782905579,0.8919264078140259,0.8965151906013489
34667481,politics,fact_constrained,"Too many of the most vulnerable young people in England are ""cut adrift when they need help the most"", says the head of a powerful committee of MPs.","The quality and cost of care leavers' support is ""unacceptable"", MPs say.",3089,12,28,0.42857142857142855,0,0.15,0.0,0.15,0.8998528718948364,0.8867519497871399,0.8932543396949768
32120583,politics,tldr,"Teachers should ignore rules on promoting ""fundamental British values"", a teachers' union conference has heard.","The government's new requirement for schools to promote ""fundamental British values"" is ""deeply ill-considered"" and ""political posturing"", says a head teacher.",3146,21,15,1.4,0,0.2105263157894737,0.1111111111111111,0.2105263157894737,0.897371768951416,0.9180316925048828,0.9075841307640076
32120583,politics,bullet_points,"Teachers should ignore rules on promoting ""fundamental British values"", a teachers' union conference has heard.","Teachers should disengage from a requirement for schools to promote ""fundamental British values"", a head teacher has warned.",3146,18,15,1.2,0,0.42424242424242425,0.2580645161290323,0.42424242424242425,0.9433337450027466,0.9436107873916626,0.9434722065925598
32120583,politics,bullet_points_strict,"Teachers should ignore rules on promoting ""fundamental British values"", a teachers' union conference has heard.","Teachers should disengage from a requirement for schools to promote ""fundamental British values"", a head teacher has warned.",3146,18,15,1.2,0,0.42424242424242425,0.2580645161290323,0.42424242424242425,0.9433337450027466,0.9436107873916626,0.9434722065925598
32120583,politics,one_sentence,"Teachers should ignore rules on promoting ""fundamental British values"", a teachers' union conference has heard.","Teachers have urged teachers to disengage from a requirement for schools to promote ""fundamental British values"".",3146,16,15,1.0666666666666667,0,0.38709677419354843,0.1379310344827586,0.2580645161290323,0.9291978478431702,0.9203048348426819,0.9247299432754517
32120583,politics,fact_constrained,"Teachers should ignore rules on promoting ""fundamental British values"", a teachers' union conference has heard.","Teachers are being asked to disengage from a law requiring schools to promote ""fundamental British values"".",3146,16,15,1.0666666666666667,0,0.3225806451612903,0.1379310344827586,0.2580645161290323,0.9271323680877686,0.9229263663291931,0.9250245690345764
30996686,politics,tldr,"David Oyelowo has defended fellow British actor and friend, Benedict Cumberbatch, for using the term ""coloured"" during an interview.","Actor David Oyelowo says he thinks Benedict Cumberbatch's use of the word 'coloured' is ""disingenuous"".",2670,15,19,0.7894736842105263,0,0.39999999999999997,0.1212121212121212,0.34285714285714286,0.9168522357940674,0.9261760115623474,0.9214905500411987
30996686,politics,bullet_points,"David Oyelowo has defended fellow British actor and friend, Benedict Cumberbatch, for using the term ""coloured"" during an interview.","Actor David Oyelowo says he thinks Benedict Cumberbatch's use of the word 'coloured' is ""disingenuous"".",2670,15,19,0.7894736842105263,0,0.39999999999999997,0.1212121212121212,0.34285714285714286,0.9168522357940674,0.9261760115623474,0.9214905500411987
30996686,politics,bullet_points_strict,"David Oyelowo has defended fellow British actor and friend, Benedict Cumberbatch, for using the term ""coloured"" during an interview.","Actor David Oyelowo says he thinks Benedict Cumberbatch's use of the word 'coloured' is ""disingenuous"".",2670,15,19,0.7894736842105263,0,0.39999999999999997,0.1212121212121212,0.34285714285714286,0.9168522357940674,0.9261760115623474,0.9214905500411987
30996686,politics,one_sentence,"David Oyelowo has defended fellow British actor and friend, Benedict Cumberbatch, for using the term ""coloured"" during an interview.","Actor David Oyelowo says he is ""disingenuous"" to attack Benedict Cumberbatch for using the word 'coloured'.",2670,16,19,0.8421052631578947,0,0.5142857142857142,0.303030303030303,0.45714285714285713,0.9108771085739136,0.9261773228645325,0.9184634685516357
30996686,politics,fact_constrained,"David Oyelowo has defended fellow British actor and friend, Benedict Cumberbatch, for using the term ""coloured"" during an interview.","Actor David Oyelowo has said he is ""disingenuous"" to attack Benedict Cumberbatch for using the word 'coloured'.",2670,17,19,0.8947368421052632,0,0.5555555555555555,0.35294117647058826,0.5,0.9138709306716919,0.9314596056938171,0.9225814342498779
39248779,business,tldr,"People with dementia and learning difficulties are being detained in care without checks due to a 'failing' law, the Law Commission has said.","The current system of deprivation of liberty safeguards in England and Wales is not working, the Law Commission has said.",4102,20,23,0.8695652173913043,0,0.3255813953488372,0.1951219512195122,0.27906976744186046,0.8827407956123352,0.8695095777511597,0.8760752081871033
39248779,business,bullet_points,"People with dementia and learning difficulties are being detained in care without checks due to a 'failing' law, the Law Commission has said.","The current system of deprivation of liberty in care homes and hospitals in England is failing, the Law Commission has said.",4102,21,23,0.9130434782608695,0,0.4090909090909091,0.23809523809523808,0.3636363636363636,0.9160985946655273,0.9007841944694519,0.9083768129348755
39248779,business,bullet_points_strict,"People with dementia and learning difficulties are being detained in care without checks due to a 'failing' law, the Law Commission has said.","The current system of deprivation of liberty in care homes and hospitals in England is not working, the Law Commission has said.",4102,22,23,0.9565217391304348,0,0.3555555555555555,0.23255813953488372,0.31111111111111117,0.9132267832756042,0.8980658650398254,0.905582845211029
39248779,business,one_sentence,"People with dementia and learning difficulties are being detained in care without checks due to a 'failing' law, the Law Commission has said.","The current system of deprivation of liberty in care homes and hospitals in England has become ""inadequate"", the Law Commission has said.",4102,22,23,0.9565217391304348,0,0.3555555555555555,0.23255813953488372,0.31111111111111117,0.8998553156852722,0.8967776298522949,0.8983138203620911
39248779,business,fact_constrained,"People with dementia and learning difficulties are being detained in care without checks due to a 'failing' law, the Law Commission has said.","The current system of deprivation of liberty in care homes and hospitals in England is failing, the Law Commission has said.",4102,21,23,0.9130434782608695,0,0.4090909090909091,0.23809523809523808,0.3636363636363636,0.9160985946655273,0.9007841944694519,0.9083768129348755
14761190,entertainment,tldr,An actress who appeared in the Oscar-winning film Slumdog Millionaire is to attend a special screening of the movie in Kingussie later.,Film director Janet de Vigne is due to attend a screening of Slumdog Millionaire at the Kingussie Film Festival.,653,19,22,0.8636363636363636,0,0.5238095238095238,0.19999999999999998,0.42857142857142855,0.8897150754928589,0.9071730971336365,0.8983592987060547
14761190,entertainment,bullet_points,An actress who appeared in the Oscar-winning film Slumdog Millionaire is to attend a special screening of the movie in Kingussie later.,"Slumdog Millionaire, directed by Danny Boyle, has been shown at the Kingussie Film Festival.",653,14,22,0.6363636363636364,0,0.27027027027027023,0.05714285714285715,0.2162162162162162,0.8974596261978149,0.886673092842102,0.8920337557792664
14761190,entertainment,bullet_points_strict,An actress who appeared in the Oscar-winning film Slumdog Millionaire is to attend a special screening of the movie in Kingussie later.,Slumdog Millionaire is to be shown at the Kingussie Film Festival on Friday.,653,13,22,0.5909090909090909,0,0.3888888888888889,0.1764705882352941,0.33333333333333337,0.9037478566169739,0.8921898603439331,0.8979316353797913
14761190,entertainment,one_sentence,An actress who appeared in the Oscar-winning film Slumdog Millionaire is to attend a special screening of the movie in Kingussie later.,The film Slumdog Millionaire has been shown at the Kingussie Film Festival.,653,12,22,0.5454545454545454,0,0.3428571428571428,0.12121212121212123,0.3428571428571428,0.9161166548728943,0.8981896638870239,0.9070646166801453
14761190,entertainment,fact_constrained,An actress who appeared in the Oscar-winning film Slumdog Millionaire is to attend a special screening of the movie in Kingussie later.,The film Slumdog Millionaire is to be shown at the Kingussie Film Festival on Friday.,653,15,22,0.6818181818181818,0,0.4210526315789474,0.2222222222222222,0.4210526315789474,0.9122828245162964,0.9028736352920532,0.9075538516044617
28349706,politics,tldr,"A leaked report into the so-called ""Trojan Horse"" plot has found evidence there was an agenda to introduce ""an intolerant and aggressive Islamist ethos"" into some Birmingham schools.","The government's ""Trojan Horse"" letter to Birmingham schools was a hoax, it has emerged.",4868,14,28,0.5,0,0.4090909090909091,0.09523809523809523,0.2727272727272727,0.9301220774650574,0.8881332278251648,0.9086428284645081
28349706,politics,bullet_points,"A leaked report into the so-called ""Trojan Horse"" plot has found evidence there was an agenda to introduce ""an intolerant and aggressive Islamist ethos"" into some Birmingham schools.","The government's ""Trojan Horse"" letter to Birmingham schools was a hoax, he said.",4868,13,28,0.4642857142857143,0,0.37209302325581395,0.0975609756097561,0.2790697674418604,0.9203982949256897,0.8824529647827148,0.9010263085365295
28349706,politics,bullet_points_strict,"A leaked report into the so-called ""Trojan Horse"" plot has found evidence there was an agenda to introduce ""an intolerant and aggressive Islamist ethos"" into some Birmingham schools.","The government's ""Trojan Horse"" letter to Birmingham schools was a hoax, it has emerged.",4868,14,28,0.5,0,0.4090909090909091,0.09523809523809523,0.2727272727272727,0.9301220774650574,0.8881332278251648,0.9086428284645081
28349706,politics,one_sentence,"A leaked report into the so-called ""Trojan Horse"" plot has found evidence there was an agenda to introduce ""an intolerant and aggressive Islamist ethos"" into some Birmingham schools.","The government's ""Trojan Horse"" letter to Birmingham schools was a hoax, he said.",4868,13,28,0.4642857142857143,0,0.37209302325581395,0.0975609756097561,0.2790697674418604,0.9203982949256897,0.8824529647827148,0.9010263085365295
28349706,politics,fact_constrained,"A leaked report into the so-called ""Trojan Horse"" plot has found evidence there was an agenda to introduce ""an intolerant and aggressive Islamist ethos"" into some Birmingham schools.","The government's ""Trojan Horse"" letter to Birmingham schools was a hoax, it has emerged.",4868,14,28,0.5,0,0.4090909090909091,0.09523809523809523,0.2727272727272727,0.9301220774650574,0.8881332278251648,0.9086428284645081
37720369,politics,tldr,A power cut left Venezuela's parliament in the dark as it discussed a law dedicated to the energy sector.,Opposition MPs in Venezuela's National Assembly have suspended a parliament session because of a power outage.,1333,16,19,0.8421052631578947,0,0.37837837837837834,0.11428571428571428,0.2162162162162162,0.9244075417518616,0.9064117670059204,0.9153211712837219
37720369,politics,bullet_points,A power cut left Venezuela's parliament in the dark as it discussed a law dedicated to the energy sector.,Opposition MPs in Venezuela's National Assembly have suspended a parliament session because of a power outage.,1333,16,19,0.8421052631578947,0,0.37837837837837834,0.11428571428571428,0.2162162162162162,0.9244075417518616,0.9064117670059204,0.9153211712837219
37720369,politics,bullet_points_strict,A power cut left Venezuela's parliament in the dark as it discussed a law dedicated to the energy sector.,"Opposition MPs have suspended a parliament session in the capital, Caracas, after the country's energy sector was hit by power cuts.",1333,21,19,1.105263157894737,0,0.4285714285714286,0.1,0.3333333333333333,0.9151511192321777,0.9140799641609192,0.914615273475647
37720369,politics,one_sentence,A power cut left Venezuela's parliament in the dark as it discussed a law dedicated to the energy sector.,Opposition MPs in Venezuela's National Assembly have suspended a parliament session after the country's energy sector was hit by power cuts.,1333,21,19,1.105263157894737,0,0.4186046511627907,0.0975609756097561,0.27906976744186046,0.9189127683639526,0.9147974848747253,0.9168505072593689
37720369,politics,fact_constrained,A power cut left Venezuela's parliament in the dark as it discussed a law dedicated to the energy sector.,"Opposition MPs in Venezuela's National Assembly have suspended a parliament session in the country's capital, Caracas.",1333,16,19,0.8421052631578947,0,0.3157894736842105,0.1111111111111111,0.2631578947368421,0.9016106128692627,0.8883776664733887,0.8949452042579651
32354222,politics,tldr,Argentina has begun legal proceedings against three British and two US companies for drilling oil near the Falkland Islands.,The Argentine government says it intends to prosecute five British oil companies in the Falkland Islands.,3021,16,19,0.8421052631578947,0,0.34285714285714286,0.1212121212121212,0.2857142857142857,0.946012556552887,0.9295893907546997,0.9377290606498718
32354222,politics,bullet_points,Argentina has begun legal proceedings against three British and two US companies for drilling oil near the Falkland Islands.,The Argentine government has said it intends to prosecute five British oil companies in the Falkland Islands.,3021,17,19,0.8947368421052632,0,0.3888888888888889,0.11764705882352941,0.33333333333333337,0.9375960826873779,0.9250056147575378,0.9312582612037659
32354222,politics,bullet_points_strict,Argentina has begun legal proceedings against three British and two US companies for drilling oil near the Falkland Islands.,The Argentine government says it intends to prosecute five British oil companies in the Falkland Islands.,3021,16,19,0.8421052631578947,0,0.34285714285714286,0.1212121212121212,0.2857142857142857,0.946012556552887,0.9295893907546997,0.9377290606498718
32354222,politics,one_sentence,Argentina has begun legal proceedings against three British and two US companies for drilling oil near the Falkland Islands.,The Argentine government has said it intends to use the law to stop oil companies drilling in the Falkland Islands.,3021,20,19,1.0526315789473684,0,0.358974358974359,0.10810810810810811,0.3076923076923077,0.9207993149757385,0.9059105515480042,0.91329425573349
32354222,politics,fact_constrained,Argentina has begun legal proceedings against three British and two US companies for drilling oil near the Falkland Islands.,The Argentine government has said it intends to prosecute five oil companies operating in the Falkland Islands.,3021,17,19,0.8947368421052632,0,0.33333333333333337,0.11764705882352941,0.27777777777777773,0.935885488986969,0.9181598424911499,0.9269378781318665
27579235,politics,tldr,"French President Francois Hollande has said the EU must reform and scale back its power, amid a surge in support for Eurosceptic and far-right parties.","Europe must be simple, clear, to be effective where it is needed and to withdraw from where it is not necessary"", says Jean-Claude Hollande.",5370,24,25,0.96,0,0.11764705882352941,0.0,0.0784313725490196,0.8509645462036133,0.8646660447120667,0.8577606081962585
27579235,politics,bullet_points,"French President Francois Hollande has said the EU must reform and scale back its power, amid a surge in support for Eurosceptic and far-right parties.","France's Socialists have said they will ""return to where it is not necessary"" in the European Union.",5370,17,25,0.68,0,0.13636363636363638,0.0,0.09090909090909093,0.890500009059906,0.875181257724762,0.8827741742134094
27579235,politics,bullet_points_strict,"French President Francois Hollande has said the EU must reform and scale back its power, amid a surge in support for Eurosceptic and far-right parties.","Europe must be simple, clear, to be effective where it is needed and to withdraw from where it is not necessary"", says Francois Hollande.",5370,24,25,0.96,0,0.16,0.041666666666666664,0.08,0.8515008687973022,0.8617458343505859,0.8565927147865295
27579235,politics,one_sentence,"French President Francois Hollande has said the EU must reform and scale back its power, amid a surge in support for Eurosceptic and far-right parties.","Europe must be simple, clear, to be effective where it is needed and to withdraw from where it is not necessary"", says Jean-Claude Hollande.",5370,24,25,0.96,0,0.11764705882352941,0.0,0.0784313725490196,0.8509645462036133,0.8646660447120667,0.8577606081962585
27579235,politics,fact_constrained,"French President Francois Hollande has said the EU must reform and scale back its power, amid a surge in support for Eurosceptic and far-right parties.","France's Francois Hollande has said that the EU has become ""remote and incomprehensible"" and that it needs to be ""simple and clear"".",5370,22,25,0.88,0,0.32653061224489793,0.1702127659574468,0.32653061224489793,0.88718581199646,0.87979656457901,0.8834757804870605
32129312,politics,tldr,"David Cameron was ""wilfully dishonest"" when he pledged to cap immigration to the tens of thousands, UKIP leader Nigel Farage has said.","UKIP leader Nigel Farage has called for a ""return to normality"" after a blustery press conference in Dover.",4981,18,22,0.8181818181818182,0,0.3,0.21052631578947367,0.25,0.890439510345459,0.8849539756774902,0.8876882195472717
32129312,politics,bullet_points,"David Cameron was ""wilfully dishonest"" when he pledged to cap immigration to the tens of thousands, UKIP leader Nigel Farage has said.","UKIP leader Nigel Farage has called for a ""return to normality"" after a press conference in Dover.",4981,17,22,0.7727272727272727,0,0.30769230769230765,0.2162162162162162,0.25641025641025644,0.9014173746109009,0.8824729323387146,0.8918445706367493
32129312,politics,bullet_points_strict,"David Cameron was ""wilfully dishonest"" when he pledged to cap immigration to the tens of thousands, UKIP leader Nigel Farage has said.","UKIP leader Nigel Farage has called for a ""return to normality"" after a blustery press conference in Dover.",4981,18,22,0.8181818181818182,0,0.3,0.21052631578947367,0.25,0.890439510345459,0.8849539756774902,0.8876882195472717
32129312,politics,one_sentence,"David Cameron was ""wilfully dishonest"" when he pledged to cap immigration to the tens of thousands, UKIP leader Nigel Farage has said.","UKIP leader Nigel Farage has called for a ""return to normality"" after a press conference in Dover.",4981,17,22,0.7727272727272727,0,0.30769230769230765,0.2162162162162162,0.25641025641025644,0.9014173746109009,0.8824729323387146,0.8918445706367493
32129312,politics,fact_constrained,"David Cameron was ""wilfully dishonest"" when he pledged to cap immigration to the tens of thousands, UKIP leader Nigel Farage has said.","UKIP leader Nigel Farage has called for a ""return to normality"" after a press conference in Dover.",4981,17,22,0.7727272727272727,0,0.30769230769230765,0.2162162162162162,0.25641025641025644,0.9014173746109009,0.8824729323387146,0.8918445706367493
36710731,politics,tldr,"There should be a vote in the House of Commons on replacing Trident before the summer recess, Theresa May has said.","Theresa May has said it would be ""sheer madness"" to give up Britain's nuclear deterrent if she is elected leader of the Conservatives.",3946,23,21,1.0952380952380953,0,0.3111111111111111,0.13953488372093023,0.17777777777777778,0.8759980201721191,0.8911174535751343,0.8834930658340454
36710731,politics,bullet_points,"There should be a vote in the House of Commons on replacing Trident before the summer recess, Theresa May has said.","Theresa May has said it would be ""sheer madness"" to give up Britain's nuclear deterrent if she is elected leader of the Conservatives.",3946,23,21,1.0952380952380953,0,0.3111111111111111,0.13953488372093023,0.17777777777777778,0.8759980201721191,0.8911174535751343,0.8834930658340454
36710731,politics,bullet_points_strict,"There should be a vote in the House of Commons on replacing Trident before the summer recess, Theresa May has said.","Theresa May has said it would be ""sheer madness"" to give up Britain's nuclear deterrent if she is elected leader of the Conservatives.",3946,23,21,1.0952380952380953,0,0.3111111111111111,0.13953488372093023,0.17777777777777778,0.8759980201721191,0.8911174535751343,0.8834930658340454
36710731,politics,one_sentence,"There should be a vote in the House of Commons on replacing Trident before the summer recess, Theresa May has said.","Theresa May has said it would be ""sheer madness"" to give up the UK's Trident nuclear deterrent.",3946,17,21,0.8095238095238095,0,0.358974358974359,0.16216216216216214,0.20512820512820512,0.8932494521141052,0.8940529823303223,0.893651008605957
36710731,politics,fact_constrained,"There should be a vote in the House of Commons on replacing Trident before the summer recess, Theresa May has said.","Theresa May has said it would be ""sheer madness"" to give up Britain's nuclear deterrent if she is elected leader of the Conservatives.",3946,23,21,1.0952380952380953,0,0.3111111111111111,0.13953488372093023,0.17777777777777778,0.8759980201721191,0.8911174535751343,0.8834930658340454
27591562,entertainment,tldr,Actor Sir Christopher Lee is marking his 92nd birthday by releasing an album of heavy metal cover versions.,"Actor Sir Christopher Lee has released a new album, titled Metal Knight, a collaboration with Italian metal band Rhapsody Of Fire.",1541,21,18,1.1666666666666667,0,0.358974358974359,0.16216216216216214,0.30769230769230765,0.8935601711273193,0.9073933959007263,0.9004236459732056
27591562,entertainment,bullet_points,Actor Sir Christopher Lee is marking his 92nd birthday by releasing an album of heavy metal cover versions.,"Actor Sir Christopher Lee has released a new album, titled Metal Knight.",1541,12,18,0.6666666666666666,0,0.4,0.21428571428571427,0.4,0.9464930295944214,0.9042669534683228,0.9248982667922974
27591562,entertainment,bullet_points_strict,Actor Sir Christopher Lee is marking his 92nd birthday by releasing an album of heavy metal cover versions.,"Actor Sir Christopher Lee has released a new album, titled Metal Knight.",1541,12,18,0.6666666666666666,0,0.4,0.21428571428571427,0.4,0.9464930295944214,0.9042669534683228,0.9248982667922974
27591562,entertainment,one_sentence,Actor Sir Christopher Lee is marking his 92nd birthday by releasing an album of heavy metal cover versions.,"Actor Sir Christopher Lee has released a new album, titled Metal Knight.",1541,12,18,0.6666666666666666,0,0.4,0.21428571428571427,0.4,0.9464930295944214,0.9042669534683228,0.9248982667922974
27591562,entertainment,fact_constrained,Actor Sir Christopher Lee is marking his 92nd birthday by releasing an album of heavy metal cover versions.,"Actor Sir Christopher Lee has released a new album, titled Metal Knight.",1541,12,18,0.6666666666666666,0,0.4,0.21428571428571427,0.4,0.9464930295944214,0.9042669534683228,0.9248982667922974
35998405,politics,tldr,Labour's Barry Coppinger has been re-elected as Cleveland Police and Crime Commissioner.,The Cleveland Constabulary election was held on Sunday.,562,8,12,0.6666666666666666,0,0.09090909090909091,0.0,0.09090909090909091,0.9138520359992981,0.871204674243927,0.8920189142227173
35998405,politics,bullet_points,Labour's Barry Coppinger has been re-elected as Cleveland Police and Crime Commissioner.,The Conservative candidate for the Cleveland Constabulary seat has been re-elected.,562,11,12,0.9166666666666666,0,0.3846153846153846,0.24999999999999994,0.30769230769230765,0.9269534349441528,0.8909595608711243,0.9086001515388489
35998405,politics,bullet_points_strict,Labour's Barry Coppinger has been re-elected as Cleveland Police and Crime Commissioner.,The Conservative candidate for the Cleveland Constabulary seat has been re-elected.,562,11,12,0.9166666666666666,0,0.3846153846153846,0.24999999999999994,0.30769230769230765,0.9269534349441528,0.8909595608711243,0.9086001515388489
35998405,politics,one_sentence,Labour's Barry Coppinger has been re-elected as Cleveland Police and Crime Commissioner.,Elections in the Cleveland Constabulary have been held for the first time since the 2012 general election.,562,17,12,1.4166666666666667,0,0.12903225806451615,0.0,0.06451612903225808,0.883435845375061,0.8669928908348083,0.875137209892273
35998405,politics,fact_constrained,Labour's Barry Coppinger has been re-elected as Cleveland Police and Crime Commissioner.,Elections in the Cleveland Constabulary have been held for the first time since the 2012 general election.,562,17,12,1.4166666666666667,0,0.12903225806451615,0.0,0.06451612903225808,0.883435845375061,0.8669928908348083,0.875137209892273
36783979,entertainment,tldr,The Queen has been spotted having an evening meal at an Edinburgh pub.,The Queen and her companions have sat down at a restaurant in Duddingston.,946,13,13,1.0,0,0.23076923076923078,0.08333333333333333,0.23076923076923078,0.9136762619018555,0.9248970746994019,0.9192523956298828
36783979,entertainment,bullet_points,The Queen has been spotted having an evening meal at an Edinburgh pub.,The Queen and her companions have been spotted eating at a restaurant in Scotland.,946,14,13,1.0769230769230769,0,0.3703703703703704,0.16,0.3703703703703704,0.9513885974884033,0.9583600759506226,0.954861581325531
36783979,entertainment,bullet_points_strict,The Queen has been spotted having an evening meal at an Edinburgh pub.,The Queen and her companions have sat down at a restaurant in Edinburgh.,946,13,13,1.0,0,0.3076923076923077,0.08333333333333333,0.3076923076923077,0.9316347241401672,0.9351175427436829,0.9333729147911072
36783979,entertainment,one_sentence,The Queen has been spotted having an evening meal at an Edinburgh pub.,The Queen and her companions have enjoyed a meal at a restaurant in Edinburgh.,946,14,13,1.0769230769230769,0,0.3703703703703704,0.16,0.3703703703703704,0.9397836327552795,0.9426696300506592,0.9412244558334351
36783979,entertainment,fact_constrained,The Queen has been spotted having an evening meal at an Edinburgh pub.,The Queen and her companions have been dining at a restaurant in Edinburgh.,946,13,13,1.0,0,0.38461538461538464,0.08333333333333333,0.38461538461538464,0.9347416162490845,0.9349604249000549,0.9348509907722473
35858101,politics,tldr,Prime Minister David Cameron will later attempt to halt the civil war in his party caused by Iain Duncan Smith's resignation from the cabinet.,"David Cameron is expected to reaffirm his commitment to ""compassionate Conservatism"" following the resignation of Tory leader Tim Duncan Smith.",5020,20,24,0.8333333333333334,0,0.35555555555555557,0.0930232558139535,0.2666666666666666,0.9026948809623718,0.9063185453414917,0.9045031070709229
35858101,politics,bullet_points,Prime Minister David Cameron will later attempt to halt the civil war in his party caused by Iain Duncan Smith's resignation from the cabinet.,"David Cameron is expected to resign over the resignation of Tory leader Ed Miliband, despite criticisms of his style of government.",5020,21,24,0.875,0,0.2608695652173913,0.04545454545454545,0.21739130434782608,0.9038203358650208,0.8869919776916504,0.8953271508216858
35858101,politics,bullet_points_strict,Prime Minister David Cameron will later attempt to halt the civil war in his party caused by Iain Duncan Smith's resignation from the cabinet.,"David Cameron is expected to reaffirm his commitment to ""compassionate Conservatism"" following the resignation of Tory leader Tim Duncan Smith.",5020,20,24,0.8333333333333334,0,0.35555555555555557,0.0930232558139535,0.2666666666666666,0.9026948809623718,0.9063185453414917,0.9045031070709229
35858101,politics,one_sentence,Prime Minister David Cameron will later attempt to halt the civil war in his party caused by Iain Duncan Smith's resignation from the cabinet.,David Cameron is expected to resign from his post as Tory leader if he refuses to resign.,5020,17,24,0.7083333333333334,0,0.2380952380952381,0.05,0.19047619047619052,0.8965727090835571,0.8875756859779358,0.8920514583587646
35858101,politics,fact_constrained,Prime Minister David Cameron will later attempt to halt the civil war in his party caused by Iain Duncan Smith's resignation from the cabinet.,David Cameron is expected to resign over the resignation of Tory Labour leader Ed Miliband following the resignation of Tory shadow chancellor David Duncan Smith.,5020,25,24,1.0416666666666667,0,0.32,0.08333333333333333,0.24,0.9044994115829468,0.8946496248245239,0.8995475769042969
38469828,entertainment,tldr,Disney has become the first film studio to take $7bn (Â£5.7bn) in global ticket sales for 2016.,Disney has become a household name in the US.,454,9,17,0.5294117647058824,0,0.3703703703703704,0.15999999999999998,0.2962962962962963,0.9136266112327576,0.8370788097381592,0.8736792206764221
38469828,entertainment,bullet_points,Disney has become the first film studio to take $7bn (Â£5.7bn) in global ticket sales for 2016.,Disney has become the world's biggest film company.,454,8,17,0.47058823529411764,0,0.3703703703703704,0.24,0.3703703703703704,0.944911539554596,0.8498904705047607,0.8948857188224792
38469828,entertainment,bullet_points_strict,Disney has become the first film studio to take $7bn (Â£5.7bn) in global ticket sales for 2016.,Disney has become a household name in the US - and it's not just Disney that's making a comeback.,454,19,17,1.1176470588235294,0,0.2631578947368421,0.1111111111111111,0.2105263157894737,0.8799164891242981,0.8346307277679443,0.8566755652427673
38469828,entertainment,one_sentence,Disney has become the first film studio to take $7bn (Â£5.7bn) in global ticket sales for 2016.,Disney has become a household name in the US - and it's not just Disney that's making a comeback.,454,19,17,1.1176470588235294,0,0.2631578947368421,0.1111111111111111,0.2105263157894737,0.8799164891242981,0.8346307277679443,0.8566755652427673
38469828,entertainment,fact_constrained,Disney has become the first film studio to take $7bn (Â£5.7bn) in global ticket sales for 2016.,Disney has become a household name in the US - and it's not just Disney that's making a comeback.,454,19,17,1.1176470588235294,0,0.2631578947368421,0.1111111111111111,0.2105263157894737,0.8799164891242981,0.8346307277679443,0.8566755652427673
33896209,politics,tldr,Canadian Prime Minister Stephen Harper has announced plans to track foreign homeownership and raised the possibility of eventually enacting limits on buying.,Canada's Prime Minister Justin Trudeau has said he wants to make sure foreign non-resident buyers aren't driving up the cost of real estate.,1509,23,22,1.0454545454545454,0,0.2916666666666667,0.043478260869565216,0.2916666666666667,0.9205455780029297,0.916296660900116,0.9184162020683289
33896209,politics,bullet_points,Canadian Prime Minister Stephen Harper has announced plans to track foreign homeownership and raised the possibility of eventually enacting limits on buying.,Canada's Prime Minister Justin Trudeau has called for a ban on foreign non-resident buyers from buying homes in Canada.,1509,19,22,0.8636363636363636,0,0.2790697674418604,0.04878048780487805,0.23255813953488372,0.9333221912384033,0.9227496385574341,0.9280058145523071
33896209,politics,bullet_points_strict,Canadian Prime Minister Stephen Harper has announced plans to track foreign homeownership and raised the possibility of eventually enacting limits on buying.,Canadian Prime Minister Justin Trudeau has said he wants to make sure foreign non-resident buyers aren't driving up the cost of real estate.,1509,23,22,1.0454545454545454,0,0.3404255319148936,0.08888888888888889,0.3404255319148936,0.9225510358810425,0.9176954627037048,0.9201169013977051
33896209,politics,one_sentence,Canadian Prime Minister Stephen Harper has announced plans to track foreign homeownership and raised the possibility of eventually enacting limits on buying.,Canada's Prime Minister Justin Trudeau has called for a ban on foreign non-residents from buying homes in Canada.,1509,18,22,0.8181818181818182,0,0.28571428571428564,0.05,0.23809523809523808,0.9276137351989746,0.9227335453033447,0.9251672029495239
33896209,politics,fact_constrained,Canadian Prime Minister Stephen Harper has announced plans to track foreign homeownership and raised the possibility of eventually enacting limits on buying.,Canada's Prime Minister Justin Trudeau has called for a ban on foreign non-resident buyers from buying homes in Canada.,1509,19,22,0.8636363636363636,0,0.2790697674418604,0.04878048780487805,0.23255813953488372,0.9333221912384033,0.9227496385574341,0.9280058145523071
39220755,entertainment,tldr,"People who have been flocking to Fife to see a whale which has been breaching in the Firth of Forth are being warned from ""making any attempts to approach or actively pursue"" it.",A humpback whale has been spotted up the Forth estuary.,1494,10,33,0.30303030303030304,0,0.27906976744186046,0.04878048780487805,0.27906976744186046,0.9074432849884033,0.8667442202568054,0.8866268992424011
39220755,entertainment,bullet_points,"People who have been flocking to Fife to see a whale which has been breaching in the Firth of Forth are being warned from ""making any attempts to approach or actively pursue"" it.",A humpback whale has been spotted on the Forth estuary.,1494,10,33,0.30303030303030304,0,0.27906976744186046,0.04878048780487805,0.27906976744186046,0.9109001755714417,0.8689169883728027,0.8894134759902954
39220755,entertainment,bullet_points_strict,"People who have been flocking to Fife to see a whale which has been breaching in the Firth of Forth are being warned from ""making any attempts to approach or actively pursue"" it.",A humpback whale has been spotted on the Forth estuary.,1494,10,33,0.30303030303030304,0,0.27906976744186046,0.04878048780487805,0.27906976744186046,0.9109001755714417,0.8689169883728027,0.8894134759902954
39220755,entertainment,one_sentence,"People who have been flocking to Fife to see a whale which has been breaching in the Firth of Forth are being warned from ""making any attempts to approach or actively pursue"" it.",A humpback whale has been spotted on the Forth estuary.,1494,10,33,0.30303030303030304,0,0.27906976744186046,0.04878048780487805,0.27906976744186046,0.9109001755714417,0.8689169883728027,0.8894134759902954
39220755,entertainment,fact_constrained,"People who have been flocking to Fife to see a whale which has been breaching in the Firth of Forth are being warned from ""making any attempts to approach or actively pursue"" it.",A humpback whale has been spotted up the Forth estuary.,1494,10,33,0.30303030303030304,0,0.27906976744186046,0.04878048780487805,0.27906976744186046,0.9074432849884033,0.8667442202568054,0.8866268992424011
34243809,entertainment,tldr,"Organisers of the Miss America pageant have apologised to actress Vanessa Williams, 32 years after she was forced to hand back her title.",Miss America Helen Williams has apologised for resigning from the pageant.,2389,11,23,0.4782608695652174,0,0.3529411764705882,0.06250000000000001,0.1764705882352941,0.9409719109535217,0.8934882283210754,0.9166154861450195
34243809,entertainment,bullet_points,"Organisers of the Miss America pageant have apologised to actress Vanessa Williams, 32 years after she was forced to hand back her title.",Miss America Helen Williams has apologised for resigning from the pageant in 1984.,2389,13,23,0.5652173913043478,0,0.33333333333333337,0.05882352941176471,0.16666666666666669,0.9329493045806885,0.8997882604598999,0.9160687923431396
34243809,entertainment,bullet_points_strict,"Organisers of the Miss America pageant have apologised to actress Vanessa Williams, 32 years after she was forced to hand back her title.",Miss America Helen Williams has apologised for resigning from the pageant.,2389,11,23,0.4782608695652174,0,0.3529411764705882,0.06250000000000001,0.1764705882352941,0.9409719109535217,0.8934882283210754,0.9166154861450195
34243809,entertainment,one_sentence,"Organisers of the Miss America pageant have apologised to actress Vanessa Williams, 32 years after she was forced to hand back her title.",Miss America Helen Williams has apologised for resigning from the pageant.,2389,11,23,0.4782608695652174,0,0.3529411764705882,0.06250000000000001,0.1764705882352941,0.9409719109535217,0.8934882283210754,0.9166154861450195
34243809,entertainment,fact_constrained,"Organisers of the Miss America pageant have apologised to actress Vanessa Williams, 32 years after she was forced to hand back her title.",Miss America Helen Williams has apologised for resigning from the pageant.,2389,11,23,0.4782608695652174,0,0.3529411764705882,0.06250000000000001,0.1764705882352941,0.9409719109535217,0.8934882283210754,0.9166154861450195
30358562,entertainment,tldr,British artists have scooped several nominations for the 2015 Grammys.,Singer Sam Smith has been nominated for a Grammy for his song Stay With Me.,310,15,10,1.5,0,0.08,0.0,0.08,0.893902599811554,0.9105669260025024,0.9021578431129456
30358562,entertainment,bullet_points,British artists have scooped several nominations for the 2015 Grammys.,Singer Sam Smith has been nominated for the Grammy Award for Best Pop Performance at the Grammy Awards.,310,18,10,1.8,0,0.14285714285714285,0.07692307692307691,0.14285714285714285,0.8960386514663696,0.9114816188812256,0.9036941528320312
30358562,entertainment,bullet_points_strict,British artists have scooped several nominations for the 2015 Grammys.,Singer Sam Smith has been nominated for a Grammy for his song Stay With Me.,310,15,10,1.5,0,0.08,0.0,0.08,0.893902599811554,0.9105669260025024,0.9021578431129456
30358562,entertainment,one_sentence,British artists have scooped several nominations for the 2015 Grammys.,Singer Sam Smith has been nominated for a Grammy for his song Stay With Me.,310,15,10,1.5,0,0.08,0.0,0.08,0.893902599811554,0.9105669260025024,0.9021578431129456
30358562,entertainment,fact_constrained,British artists have scooped several nominations for the 2015 Grammys.,Singer Sam Smith has been nominated for a Grammy for his song Stay With Me at the Grammy Awards.,310,19,10,1.9,0,0.13793103448275862,0.0,0.13793103448275862,0.8927547931671143,0.9098892211914062,0.9012405872344971
40396901,entertainment,tldr,Millions of Muslims all around the world will be celebrating Eid al-Fitr this week to mark the end of Ramadan.,Eid al-Fitr is one of the biggest celebrations in the Islamic year.,2049,12,20,0.6,0,0.35294117647058826,0.125,0.23529411764705882,0.9129825234413147,0.8988268375396729,0.9058493971824646
40396901,entertainment,bullet_points,Millions of Muslims all around the world will be celebrating Eid al-Fitr this week to mark the end of Ramadan.,Eid al-Fitr is celebrated on Sunday evening.,2049,7,20,0.35,0,0.20689655172413796,0.14814814814814817,0.20689655172413796,0.9237047433853149,0.884462296962738,0.9036577343940735
40396901,entertainment,bullet_points_strict,Millions of Muslims all around the world will be celebrating Eid al-Fitr this week to mark the end of Ramadan.,Eid al-Fitr is celebrated on Sunday evening.,2049,7,20,0.35,0,0.20689655172413796,0.14814814814814817,0.20689655172413796,0.9237047433853149,0.884462296962738,0.9036577343940735
40396901,entertainment,one_sentence,Millions of Muslims all around the world will be celebrating Eid al-Fitr this week to mark the end of Ramadan.,Eid al-Fitr is a festival of Eid al-Fitr in the Islamic calendar.,2049,12,20,0.6,0,0.2857142857142857,0.12121212121212123,0.2857142857142857,0.9130973815917969,0.8815975785255432,0.8970710635185242
40396901,entertainment,fact_constrained,Millions of Muslims all around the world will be celebrating Eid al-Fitr this week to mark the end of Ramadan.,Eid al-Fitr is a celebration of the breaking of the fast.,2049,11,20,0.55,0,0.4242424242424242,0.12903225806451613,0.30303030303030304,0.9266242980957031,0.894797146320343,0.9104326963424683
30814192,entertainment,tldr,A tweet from One Direction's Louis Tomlinson to Harry Styles has become the second most retweeted post of all time.,"The One Direction tweet from 2011 in which Louis said Harry was ""always in my heart"" has been retweeted more than 780,000 times.",676,23,20,1.15,0,0.39999999999999997,0.09302325581395349,0.26666666666666666,0.8842999935150146,0.8809303045272827,0.8826119303703308
30814192,entertainment,bullet_points,A tweet from One Direction's Louis Tomlinson to Harry Styles has become the second most retweeted post of all time.,Harry Styles has been retweeted more than 3 million times.,676,10,20,0.5,0,0.25806451612903225,0.13793103448275865,0.25806451612903225,0.9036568403244019,0.8688195943832397,0.885895848274231
30814192,entertainment,bullet_points_strict,A tweet from One Direction's Louis Tomlinson to Harry Styles has become the second most retweeted post of all time.,Harry Styles has been retweeted more than a million times.,676,10,20,0.5,0,0.3225806451612903,0.13793103448275865,0.25806451612903225,0.9198641777038574,0.869748592376709,0.8941046595573425
30814192,entertainment,one_sentence,A tweet from One Direction's Louis Tomlinson to Harry Styles has become the second most retweeted post of all time.,Harry Styles has been retweeted more than a million times in less than a week.,676,15,20,0.75,0,0.2777777777777778,0.11764705882352941,0.2222222222222222,0.8932256102561951,0.8750292062759399,0.8840337991714478
30814192,entertainment,fact_constrained,A tweet from One Direction's Louis Tomlinson to Harry Styles has become the second most retweeted post of all time.,Harry Styles has been retweeted more than a million times.,676,10,20,0.5,0,0.3225806451612903,0.13793103448275865,0.25806451612903225,0.9198641777038574,0.869748592376709,0.8941046595573425
39144005,entertainment,tldr,A country pub saved from closure after villagers stepped in to buy it has been named national pub of the year.,A pub in a rural village has been voted the UK's best pub of the year.,1223,16,21,0.7619047619047619,0,0.4736842105263158,0.22222222222222224,0.4736842105263158,0.9462493062019348,0.908654510974884,0.9270709156990051
39144005,entertainment,bullet_points,A country pub saved from closure after villagers stepped in to buy it has been named national pub of the year.,A pub in a rural village has been voted the best pub in the UK.,1223,15,21,0.7142857142857143,0,0.3888888888888889,0.058823529411764705,0.3888888888888889,0.9373484253883362,0.9004511833190918,0.9185294508934021
39144005,entertainment,bullet_points_strict,A country pub saved from closure after villagers stepped in to buy it has been named national pub of the year.,A pub in a rural village has been voted the best pub in the UK.,1223,15,21,0.7142857142857143,0,0.3888888888888889,0.058823529411764705,0.3888888888888889,0.9373484253883362,0.9004511833190918,0.9185294508934021
39144005,entertainment,one_sentence,A country pub saved from closure after villagers stepped in to buy it has been named national pub of the year.,A pub in a rural village has been voted the best pub in the UK.,1223,15,21,0.7142857142857143,0,0.3888888888888889,0.058823529411764705,0.3888888888888889,0.9373484253883362,0.9004511833190918,0.9185294508934021
39144005,entertainment,fact_constrained,A country pub saved from closure after villagers stepped in to buy it has been named national pub of the year.,A pub in a rural village has been voted the best pub in the UK.,1223,15,21,0.7142857142857143,0,0.3888888888888889,0.058823529411764705,0.3888888888888889,0.9373484253883362,0.9004511833190918,0.9185294508934021
32282102,entertainment,tldr,"Vin Diesel sang, Channing Tatum danced and Zac Efron showed off his abs, yes - again, at the 2015 MTV Movie Awards.",Oscar-nominated actor Efron has won the Oscar for Best Actress at this year's Golden Globe Awards.,1956,16,22,0.7272727272727273,0,0.20512820512820512,0.0,0.15384615384615383,0.8638378977775574,0.8462955951690674,0.8549767732620239
32282102,entertainment,bullet_points,"Vin Diesel sang, Channing Tatum danced and Zac Efron showed off his abs, yes - again, at the 2015 MTV Movie Awards.",Star Efron has won the Oscar for Best Actress at this year's Golden Globe Awards.,1956,15,22,0.6818181818181818,0,0.2162162162162162,0.0,0.16216216216216214,0.8687797784805298,0.8412017226219177,0.8547683954238892
32282102,entertainment,bullet_points_strict,"Vin Diesel sang, Channing Tatum danced and Zac Efron showed off his abs, yes - again, at the 2015 MTV Movie Awards.",Star Efron has won the Oscars for his role as the late Chris Kyle in American Sniper.,1956,17,22,0.7727272727272727,0,0.15789473684210528,0.0,0.15789473684210528,0.8679353594779968,0.8466100692749023,0.8571401238441467
32282102,entertainment,one_sentence,"Vin Diesel sang, Channing Tatum danced and Zac Efron showed off his abs, yes - again, at the 2015 MTV Movie Awards.",Oscar-nominated actor Efron has won the Oscar for Best Actress at this year's Golden Globe Awards.,1956,16,22,0.7272727272727273,0,0.20512820512820512,0.0,0.15384615384615383,0.8638378977775574,0.8462955951690674,0.8549767732620239
32282102,entertainment,fact_constrained,"Vin Diesel sang, Channing Tatum danced and Zac Efron showed off his abs, yes - again, at the 2015 MTV Movie Awards.",Oscar-nominated actor Efron has won the Best Actress award at this year's Oscars.,1956,13,22,0.5909090909090909,0,0.16666666666666666,0.0,0.1111111111111111,0.8742027878761292,0.845698356628418,0.8597143888473511
38358729,entertainment,tldr,Two men have been assaulted by an armed gang in south Belfast.,"Two men have been arrested after a gang armed with a knife, hammer and batons attacked a house in Glasgow.",432,20,12,1.6666666666666667,0,0.4375,0.19999999999999998,0.37499999999999994,0.9101940393447876,0.9494516253471375,0.9294084906578064
38358729,entertainment,bullet_points,Two men have been assaulted by an armed gang in south Belfast.,"Two men have been arrested after a gang armed with a knife, hammer and batons attacked a house in Glasgow.",432,20,12,1.6666666666666667,0,0.4375,0.19999999999999998,0.37499999999999994,0.9101940393447876,0.9494516253471375,0.9294084906578064
38358729,entertainment,bullet_points_strict,Two men have been assaulted by an armed gang in south Belfast.,"Two men have been arrested after a gang armed with a knife, hammer and batons attacked a house in Glasgow.",432,20,12,1.6666666666666667,0,0.4375,0.19999999999999998,0.37499999999999994,0.9101940393447876,0.9494516253471375,0.9294084906578064
38358729,entertainment,one_sentence,Two men have been assaulted by an armed gang in south Belfast.,"Two men have been arrested after a gang armed with a knife, hammer and batons attacked a house in Glasgow.",432,20,12,1.6666666666666667,0,0.4375,0.19999999999999998,0.37499999999999994,0.9101940393447876,0.9494516253471375,0.9294084906578064
38358729,entertainment,fact_constrained,Two men have been assaulted by an armed gang in south Belfast.,"Two men have been arrested after a gang armed with a knife, hammer and batons attacked a house in Glasgow.",432,20,12,1.6666666666666667,0,0.4375,0.19999999999999998,0.37499999999999994,0.9101940393447876,0.9494516253471375,0.9294084906578064
35182226,entertainment,tldr,A man has been stabbed to death in Mottingham in the early hours of Boxing Day.,A man has been arrested on suspicion of murder after a man was found dead in a street.,378,18,16,1.125,0,0.35294117647058826,0.18750000000000003,0.29411764705882354,0.9263280034065247,0.8831231594085693,0.9042097926139832
35182226,entertainment,bullet_points,A man has been stabbed to death in Mottingham in the early hours of Boxing Day.,A man has been arrested on suspicion of murder after a man was found dead in a street.,378,18,16,1.125,0,0.35294117647058826,0.18750000000000003,0.29411764705882354,0.9263280034065247,0.8831231594085693,0.9042097926139832
35182226,entertainment,bullet_points_strict,A man has been stabbed to death in Mottingham in the early hours of Boxing Day.,A man has been arrested on suspicion of murder after a man was found dead in a street.,378,18,16,1.125,0,0.35294117647058826,0.18750000000000003,0.29411764705882354,0.9263280034065247,0.8831231594085693,0.9042097926139832
35182226,entertainment,one_sentence,A man has been stabbed to death in Mottingham in the early hours of Boxing Day.,A man has been arrested on suspicion of murder after a man was found dead in a street.,378,18,16,1.125,0,0.35294117647058826,0.18750000000000003,0.29411764705882354,0.9263280034065247,0.8831231594085693,0.9042097926139832
35182226,entertainment,fact_constrained,A man has been stabbed to death in Mottingham in the early hours of Boxing Day.,A man has been arrested on suspicion of murder after a man was found dead in a street.,378,18,16,1.125,0,0.35294117647058826,0.18750000000000003,0.29411764705882354,0.9263280034065247,0.8831231594085693,0.9042097926139832
19032928,entertainment,tldr,"Coronation Street and Keeping up Appearances actor Geoffrey Hughes has died aged 68, his agent has said.","Geoffrey Hughes, who played Eddie Yeats in Coronation Street, has died at the age of 84.",1915,16,17,0.9411764705882353,0,0.3636363636363636,0.19354838709677422,0.24242424242424243,0.9151625633239746,0.8966522812843323,0.9058129191398621
19032928,entertainment,bullet_points,"Coronation Street and Keeping up Appearances actor Geoffrey Hughes has died aged 68, his agent has said.","Geoffrey Hughes, who played Eddie Yeats in Coronation Street, has died at the age of 84.",1915,16,17,0.9411764705882353,0,0.3636363636363636,0.19354838709677422,0.24242424242424243,0.9151625633239746,0.8966522812843323,0.9058129191398621
19032928,entertainment,bullet_points_strict,"Coronation Street and Keeping up Appearances actor Geoffrey Hughes has died aged 68, his agent has said.","Geoffrey Hughes, who played Eddie Yeats in Coronation Street, has died at the age of 84.",1915,16,17,0.9411764705882353,0,0.3636363636363636,0.19354838709677422,0.24242424242424243,0.9151625633239746,0.8966522812843323,0.9058129191398621
19032928,entertainment,one_sentence,"Coronation Street and Keeping up Appearances actor Geoffrey Hughes has died aged 68, his agent has said.","Geoffrey Hughes, who played Eddie Yeats in Coronation Street, has died at the age of 84.",1915,16,17,0.9411764705882353,0,0.3636363636363636,0.19354838709677422,0.24242424242424243,0.9151625633239746,0.8966522812843323,0.9058129191398621
19032928,entertainment,fact_constrained,"Coronation Street and Keeping up Appearances actor Geoffrey Hughes has died aged 68, his agent has said.","Geoffrey Hughes, who played Eddie Yeats in Coronation Street, has died at the age of 84.",1915,16,17,0.9411764705882353,0,0.3636363636363636,0.19354838709677422,0.24242424242424243,0.9151625633239746,0.8966522812843323,0.9058129191398621
36836957,entertainment,tldr,A 1969 Led Zeppelin session for the BBC that was thought to have been lost when archives were wiped has been recovered from a recording made by a fan.,Led Zeppelin have released a live recording of the band's first album.,1128,12,29,0.41379310344827586,0,0.28571428571428575,0.05,0.23809523809523808,0.9140333533287048,0.8705237507820129,0.8917481303215027
36836957,entertainment,bullet_points,A 1969 Led Zeppelin session for the BBC that was thought to have been lost when archives were wiped has been recovered from a recording made by a fan.,Led Zeppelin have released a live recording of the band's first live show in more than a decade.,1128,18,29,0.6206896551724138,0,0.2916666666666667,0.043478260869565216,0.25,0.890088677406311,0.873178243637085,0.8815523386001587
36836957,entertainment,bullet_points_strict,A 1969 Led Zeppelin session for the BBC that was thought to have been lost when archives were wiped has been recovered from a recording made by a fan.,"Led Zeppelin have released a remastered version of their 1971 album, The Complete BBC Sessions.",1128,15,29,0.5172413793103449,0,0.2727272727272727,0.047619047619047616,0.18181818181818182,0.9025980234146118,0.8715733885765076,0.8868144750595093
36836957,entertainment,one_sentence,A 1969 Led Zeppelin session for the BBC that was thought to have been lost when archives were wiped has been recovered from a recording made by a fan.,Led Zeppelin have released a live recording of the band's first live show in more than 40 years.,1128,18,29,0.6206896551724138,0,0.25,0.043478260869565216,0.20833333333333334,0.8874245285987854,0.8741755485534668,0.8807502388954163
36836957,entertainment,fact_constrained,A 1969 Led Zeppelin session for the BBC that was thought to have been lost when archives were wiped has been recovered from a recording made by a fan.,"Led Zeppelin have released a live recording of the band's first studio album, ""Stairway To Heaven"".",1128,16,29,0.5517241379310345,0,0.3043478260869565,0.045454545454545456,0.2173913043478261,0.8716025352478027,0.8660151958465576,0.8687999248504639
39091271,entertainment,tldr,A man has been arrested after a car was stolen with two young children inside.,A man has been arrested on suspicion of stealing a car from a woman and two children.,335,17,15,1.1333333333333333,0,0.5625,0.3333333333333333,0.5625,0.9541651606559753,0.9585822224617004,0.9563685655593872
39091271,entertainment,bullet_points,A man has been arrested after a car was stolen with two young children inside.,A man has been arrested on suspicion of stealing a car from a woman and two children.,335,17,15,1.1333333333333333,0,0.5625,0.3333333333333333,0.5625,0.9541651606559753,0.9585822224617004,0.9563685655593872
39091271,entertainment,bullet_points_strict,A man has been arrested after a car was stolen with two young children inside.,A man has been arrested on suspicion of stealing a car from a woman and two children.,335,17,15,1.1333333333333333,0,0.5625,0.3333333333333333,0.5625,0.9541651606559753,0.9585822224617004,0.9563685655593872
39091271,entertainment,one_sentence,A man has been arrested after a car was stolen with two young children inside.,Two children have been taken to hospital after a man stole a car.,335,13,15,0.8666666666666667,0,0.5714285714285715,0.23076923076923075,0.28571428571428575,0.9590198993682861,0.9458980560302734,0.95241379737854
39091271,entertainment,fact_constrained,A man has been arrested after a car was stolen with two young children inside.,A man has been arrested on suspicion of stealing a car from a woman and two children.,335,17,15,1.1333333333333333,0,0.5625,0.3333333333333333,0.5625,0.9541651606559753,0.9585822224617004,0.9563685655593872
30278082,entertainment,tldr,"The number of empty shops on Scotland's high streets has fallen in the past year, according to a new report.","Scotland's town vacancy rates have fallen by more than a third in the last three years, according to a new study.",1964,21,20,1.05,0,0.4186046511627907,0.24390243902439024,0.4186046511627907,0.9380974769592285,0.9419887661933899,0.9400391578674316
30278082,entertainment,bullet_points,"The number of empty shops on Scotland's high streets has fallen in the past year, according to a new report.","Town vacancy rates in Scotland's most deprived towns have improved, according to a new study.",1964,15,20,0.75,0,0.37837837837837834,0.2285714285714286,0.3243243243243243,0.9384784698486328,0.9315925240516663,0.9350228309631348
30278082,entertainment,bullet_points_strict,"The number of empty shops on Scotland's high streets has fallen in the past year, according to a new report.","Scotland's town vacancy rates have fallen by more than a third in the last three years, according to a new study.",1964,21,20,1.05,0,0.4186046511627907,0.24390243902439024,0.4186046511627907,0.9380974769592285,0.9419887661933899,0.9400391578674316
30278082,entertainment,one_sentence,"The number of empty shops on Scotland's high streets has fallen in the past year, according to a new report.","Town vacancy rates in Scotland's most deprived towns have fallen, according to a new study.",1964,15,20,0.75,0,0.4324324324324324,0.2285714285714286,0.37837837837837834,0.9420027136802673,0.9349880218505859,0.9384822249412537
30278082,entertainment,fact_constrained,"The number of empty shops on Scotland's high streets has fallen in the past year, according to a new report.","Town vacancy rates in Scotland's most deprived towns have fallen in the last three years, according to new research.",1964,19,20,0.95,0,0.3902439024390244,0.20512820512820512,0.3902439024390244,0.9413228631019592,0.9486157298088074,0.9449552297592163
40875640,entertainment,tldr,"Three different 999 services had to be stood down after a ""body in the water"" turned out to be a bronze sculpture.","A ""body"" has been found in a river after a ""body"" was spotted in the water.",1659,16,22,0.7272727272727273,0,0.3684210526315789,0.2222222222222222,0.3157894736842105,0.9298230409622192,0.892026960849762,0.9105329513549805
40875640,entertainment,bullet_points,"Three different 999 services had to be stood down after a ""body in the water"" turned out to be a bronze sculpture.","A ""body"" has been found in a river after a ""body"" was spotted in the water.",1659,16,22,0.7272727272727273,0,0.3684210526315789,0.2222222222222222,0.3157894736842105,0.9298230409622192,0.892026960849762,0.9105329513549805
40875640,entertainment,bullet_points_strict,"Three different 999 services had to be stood down after a ""body in the water"" turned out to be a bronze sculpture.","A ""body"" has been found in a river after a ""body"" was spotted in the water.",1659,16,22,0.7272727272727273,0,0.3684210526315789,0.2222222222222222,0.3157894736842105,0.9298230409622192,0.892026960849762,0.9105329513549805
40875640,entertainment,one_sentence,"Three different 999 services had to be stood down after a ""body in the water"" turned out to be a bronze sculpture.","A ""body"" has been found in a river after a ""body"" was spotted in the water.",1659,16,22,0.7272727272727273,0,0.3684210526315789,0.2222222222222222,0.3157894736842105,0.9298230409622192,0.892026960849762,0.9105329513549805
40875640,entertainment,fact_constrained,"Three different 999 services had to be stood down after a ""body in the water"" turned out to be a bronze sculpture.","A ""body"" has been found in a river after a ""body"" was spotted in the water.",1659,16,22,0.7272727272727273,0,0.3684210526315789,0.2222222222222222,0.3157894736842105,0.9298230409622192,0.892026960849762,0.9105329513549805
29713830,entertainment,tldr,A Royal Navy chef has spent hours melting chocolate buttons to create a small fleet of ships in commemoration of the Battle of Trafalgar.,Hundreds of replica cannon balls have been created for the Trafalgar Day dinner in Portsmouth.,378,15,24,0.625,0,0.2051282051282051,0.0,0.15384615384615385,0.9068571925163269,0.8927569389343262,0.8997517824172974
29713830,entertainment,bullet_points,A Royal Navy chef has spent hours melting chocolate buttons to create a small fleet of ships in commemoration of the Battle of Trafalgar.,The first batch of replica cannonballs to be made at the Trafalgar Day dinner in Portsmouth have been made.,378,19,24,0.7916666666666666,0,0.23255813953488372,0.0,0.13953488372093023,0.8941102027893066,0.8823252320289612,0.8881786465644836
29713830,entertainment,bullet_points_strict,A Royal Navy chef has spent hours melting chocolate buttons to create a small fleet of ships in commemoration of the Battle of Trafalgar.,Hundreds of replica cannonballs have been created to mark the 209th anniversary of the Battle of Trafalgar.,378,17,24,0.7083333333333334,0,0.34146341463414637,0.20512820512820512,0.2926829268292683,0.9197003245353699,0.9066401720046997,0.913123607635498
29713830,entertainment,one_sentence,A Royal Navy chef has spent hours melting chocolate buttons to create a small fleet of ships in commemoration of the Battle of Trafalgar.,The Royal Navy is celebrating the centenary of the Battle of Trafalgar Square in Portsmouth.,378,15,24,0.625,0,0.4102564102564102,0.27027027027027023,0.35897435897435903,0.9254248142242432,0.8937745094299316,0.9093243479728699
29713830,entertainment,fact_constrained,A Royal Navy chef has spent hours melting chocolate buttons to create a small fleet of ships in commemoration of the Battle of Trafalgar.,A series of homemade cannonballs have been created to commemorate the Battle of Trafalgar.,378,14,24,0.5833333333333334,0,0.3684210526315789,0.16666666666666669,0.3157894736842105,0.9392940402030945,0.9106825590133667,0.9247670769691467
35943076,entertainment,tldr,"The owner of a cat which visits a supermarket every day, has had to ask people to stop feeding his pet because he was putting on weight.",A dog who eats a lot of treats at Sainsbury's has been named Garfield.,933,14,27,0.5185185185185185,0,0.19047619047619047,0.0,0.14285714285714285,0.8852518796920776,0.8815321326255798,0.883388102054596
35943076,entertainment,bullet_points,"The owner of a cat which visits a supermarket every day, has had to ask people to stop feeding his pet because he was putting on weight.",A dog who eats a lot of treats at a supermarket has been given a new home.,933,17,27,0.6296296296296297,0,0.22727272727272727,0.04761904761904762,0.1818181818181818,0.9170026779174805,0.8920478224754333,0.904353141784668
35943076,entertainment,bullet_points_strict,"The owner of a cat which visits a supermarket every day, has had to ask people to stop feeding his pet because he was putting on weight.",A dog who eats a lot of treats at a supermarket has been found to be overweight.,933,17,27,0.6296296296296297,0,0.27272727272727276,0.04761904761904762,0.22727272727272727,0.9275434613227844,0.9014975428581238,0.9143350124359131
35943076,entertainment,one_sentence,"The owner of a cat which visits a supermarket every day, has had to ask people to stop feeding his pet because he was putting on weight.",The owner of a dog who eats treats at Sainsbury's has apologised after he was found to be overweight.,933,19,27,0.7037037037037037,0,0.3404255319148936,0.17777777777777778,0.29787234042553196,0.9105374813079834,0.9119811058044434,0.9112586975097656
35943076,entertainment,fact_constrained,"The owner of a cat which visits a supermarket every day, has had to ask people to stop feeding his pet because he was putting on weight.",A dog who eats a lot of treats at a supermarket has been found to be overweight.,933,17,27,0.6296296296296297,0,0.27272727272727276,0.04761904761904762,0.22727272727272727,0.9275434613227844,0.9014975428581238,0.9143350124359131
30392522,entertainment,tldr,YouTube star Connor Franta has revealed to his fans that he is gay.,Connor Franta has revealed that he's gay.,2534,7,13,0.5384615384615384,0,0.6666666666666667,0.4210526315789474,0.6666666666666667,0.9787817597389221,0.9483160376548767,0.9633080959320068
30392522,entertainment,bullet_points,YouTube star Connor Franta has revealed to his fans that he is gay.,Connor Franta has revealed that he's gay.,2534,7,13,0.5384615384615384,0,0.6666666666666667,0.4210526315789474,0.6666666666666667,0.9787817597389221,0.9483160376548767,0.9633080959320068
30392522,entertainment,bullet_points_strict,YouTube star Connor Franta has revealed to his fans that he is gay.,Connor Franta has revealed that he's gay.,2534,7,13,0.5384615384615384,0,0.6666666666666667,0.4210526315789474,0.6666666666666667,0.9787817597389221,0.9483160376548767,0.9633080959320068
30392522,entertainment,one_sentence,YouTube star Connor Franta has revealed to his fans that he is gay.,Connor Franta has revealed that he's gay.,2534,7,13,0.5384615384615384,0,0.6666666666666667,0.4210526315789474,0.6666666666666667,0.9787817597389221,0.9483160376548767,0.9633080959320068
30392522,entertainment,fact_constrained,YouTube star Connor Franta has revealed to his fans that he is gay.,Connor Franta has revealed that he's gay.,2534,7,13,0.5384615384615384,0,0.6666666666666667,0.4210526315789474,0.6666666666666667,0.9787817597389221,0.9483160376548767,0.9633080959320068
36939395,entertainment,tldr,Snakes on planes are old hat - it's zombies on trains you need to worry about this year.,'Train to Busan' stars Yeon Sang-ho and Gong Yoo as hordes of zombies on board a bullet train from Seoul.,3806,20,18,1.1111111111111112,0,0.15384615384615383,0.05405405405405405,0.10256410256410256,0.8300462961196899,0.8467378616333008,0.8383089900016785
36939395,entertainment,bullet_points,Snakes on planes are old hat - it's zombies on trains you need to worry about this year.,'Train to Busan' is a horror film set in a Korean bullet train.,3806,13,18,0.7222222222222222,0,0.06451612903225808,0.0,0.06451612903225808,0.8616094589233398,0.8385889530181885,0.8499433398246765
36939395,entertainment,bullet_points_strict,Snakes on planes are old hat - it's zombies on trains you need to worry about this year.,"'Train to Busan' stars Gong Yoo, Gong Yoo's estranged daughter and actor Gong Yoo.",3806,14,18,0.7777777777777778,0,0.1212121212121212,0.0,0.0606060606060606,0.8150492906570435,0.82882159948349,0.8218777775764465
36939395,entertainment,one_sentence,Snakes on planes are old hat - it's zombies on trains you need to worry about this year.,'Train to Busan' stars Gong Yoo and Som Yong-ho as hordes of zombies on board a bullet train from Seoul.,3806,20,18,1.1111111111111112,0,0.15384615384615383,0.05405405405405405,0.10256410256410256,0.8236523270606995,0.8451774716377258,0.834276020526886
36939395,entertainment,fact_constrained,Snakes on planes are old hat - it's zombies on trains you need to worry about this year.,'Train to Busan' stars Som Yong-ho and Som Yong-ho as hordes of zombies on board a bullet train from Seoul.,3806,20,18,1.1111111111111112,0,0.15,0.05263157894736842,0.09999999999999999,0.8333341479301453,0.8461140394210815,0.8396754860877991
36892967,entertainment,tldr,"Musician Koffi Olomide has been taken into custody in the Democratic Republic of Congo, days after he was deported from Kenya for allegedly kicking one of his dancers at an airport in Nairobi.",Congolese rumba singer Olomide has been deported from Kenya to DR Congo.,1074,12,33,0.36363636363636365,0,0.3111111111111111,0.18604651162790697,0.26666666666666666,0.9115092754364014,0.887828528881073,0.8995130658149719
36892967,entertainment,bullet_points,"Musician Koffi Olomide has been taken into custody in the Democratic Republic of Congo, days after he was deported from Kenya for allegedly kicking one of his dancers at an airport in Nairobi.",Congolese rumba singer Olomide has been deported from Kenya to DR Congo.,1074,12,33,0.36363636363636365,0,0.3111111111111111,0.18604651162790697,0.26666666666666666,0.9115092754364014,0.887828528881073,0.8995130658149719
36892967,entertainment,bullet_points_strict,"Musician Koffi Olomide has been taken into custody in the Democratic Republic of Congo, days after he was deported from Kenya for allegedly kicking one of his dancers at an airport in Nairobi.",Congolese rumba singer Olomide has been deported from Kenya to DR Congo.,1074,12,33,0.36363636363636365,0,0.3111111111111111,0.18604651162790697,0.26666666666666666,0.9115092754364014,0.887828528881073,0.8995130658149719
36892967,entertainment,one_sentence,"Musician Koffi Olomide has been taken into custody in the Democratic Republic of Congo, days after he was deported from Kenya for allegedly kicking one of his dancers at an airport in Nairobi.",Congolese rumba singer Olomide has been deported from Kenya to DR Congo.,1074,12,33,0.36363636363636365,0,0.3111111111111111,0.18604651162790697,0.26666666666666666,0.9115092754364014,0.887828528881073,0.8995130658149719
36892967,entertainment,fact_constrained,"Musician Koffi Olomide has been taken into custody in the Democratic Republic of Congo, days after he was deported from Kenya for allegedly kicking one of his dancers at an airport in Nairobi.",Congolese rumba singer Olomide has been deported from Kenya to DR Congo.,1074,12,33,0.36363636363636365,0,0.3111111111111111,0.18604651162790697,0.26666666666666666,0.9115092754364014,0.887828528881073,0.8995130658149719
36338244,entertainment,tldr,Celtic have appointed Brendan Rodgers as their new manager.,Brendan Rodgers has appointed Brendan Sutton as Celtic's new manager.,3712,10,9,1.1111111111111112,0,0.7000000000000001,0.33333333333333326,0.5,0.9416938424110413,0.9541254043579102,0.9478688836097717
36338244,entertainment,bullet_points,Celtic have appointed Brendan Rodgers as their new manager.,"Brendan Rodgers says he will ""give everything"" to bring Celtic to the top of the Premiership.",3712,16,9,1.7777777777777777,0,0.24000000000000005,0.08695652173913045,0.16,0.8852240443229675,0.9124205112457275,0.8986165523529053
36338244,entertainment,bullet_points_strict,Celtic have appointed Brendan Rodgers as their new manager.,"Brendan Rodgers says he will ""give everything he has"" to bring Celtic to the top of the Scottish Premiership.",3712,19,9,2.111111111111111,0,0.21428571428571427,0.07692307692307691,0.14285714285714285,0.8745461702346802,0.9112276434898376,0.892510175704956
36338244,entertainment,one_sentence,Celtic have appointed Brendan Rodgers as their new manager.,"Brendan Rodgers says he will ""give everything"" to bring Celtic to the top of the Premiership.",3712,16,9,1.7777777777777777,0,0.24000000000000005,0.08695652173913045,0.16,0.8852240443229675,0.9124205112457275,0.8986165523529053
36338244,entertainment,fact_constrained,Celtic have appointed Brendan Rodgers as their new manager.,Brendan Rodgers has appointed Brendan Sutton as Celtic's new manager.,3712,10,9,1.1111111111111112,0,0.7000000000000001,0.33333333333333326,0.5,0.9416938424110413,0.9541254043579102,0.9478688836097717
36939619,entertainment,tldr,Rapper Kanye West has declared he wants to work with Ikea on a new range of furniture.,"Kanye West says he wants to create a ""minimalist apartment"" inside a college dorm.",2320,14,17,0.8235294117647058,0,0.3870967741935484,0.20689655172413793,0.3870967741935484,0.9015923738479614,0.914152204990387,0.9078288078308105
36939619,entertainment,bullet_points,Rapper Kanye West has declared he wants to work with Ikea on a new range of furniture.,"Kanye West says he wants to create a ""minimalist apartment"" in his college dorm.",2320,14,17,0.8235294117647058,0,0.3870967741935484,0.20689655172413793,0.3870967741935484,0.9068307876586914,0.9122150540351868,0.9095149636268616
36939619,entertainment,bullet_points_strict,Rapper Kanye West has declared he wants to work with Ikea on a new range of furniture.,"Kanye West says he wants to create a ""minimalist apartment"" inside a college dorm.",2320,14,17,0.8235294117647058,0,0.3870967741935484,0.20689655172413793,0.3870967741935484,0.9015923738479614,0.914152204990387,0.9078288078308105
36939619,entertainment,one_sentence,Rapper Kanye West has declared he wants to work with Ikea on a new range of furniture.,"Kanye West says he wants to create a ""minimalist apartment"" in his college dorm.",2320,14,17,0.8235294117647058,0,0.3870967741935484,0.20689655172413793,0.3870967741935484,0.9068307876586914,0.9122150540351868,0.9095149636268616
36939619,entertainment,fact_constrained,Rapper Kanye West has declared he wants to work with Ikea on a new range of furniture.,"Kanye West has said he wants to create a ""minimalist apartment"" in his college dorm.",2320,15,17,0.8823529411764706,0,0.43749999999999994,0.26666666666666666,0.43749999999999994,0.9050323367118835,0.9118091464042664,0.9084081053733826
37822094,entertainment,tldr,A female polar bear at a Scottish zoo has been temporarily put off limits to visitors as a precaution in case she is pregnant.,Polar bear cubs were last born in the UK almost 25 years ago.,739,13,24,0.5416666666666666,0,0.16216216216216217,0.057142857142857134,0.16216216216216217,0.880059540271759,0.8716540932655334,0.8758366107940674
37822094,entertainment,bullet_points,A female polar bear at a Scottish zoo has been temporarily put off limits to visitors as a precaution in case she is pregnant.,A polar bear cub has been born at a wildlife park in Scotland.,739,13,24,0.5416666666666666,0,0.43243243243243246,0.1714285714285714,0.3783783783783784,0.9459033012390137,0.8969358801841736,0.9207689762115479
37822094,entertainment,bullet_points_strict,A female polar bear at a Scottish zoo has been temporarily put off limits to visitors as a precaution in case she is pregnant.,"Polar bear cubs are likely to be born in December or January, according to the Royal Zoological Society of Scotland.",739,20,24,0.8333333333333334,0,0.1818181818181818,0.04761904761904762,0.1818181818181818,0.8737622499465942,0.874104380607605,0.8739333152770996
37822094,entertainment,one_sentence,A female polar bear at a Scottish zoo has been temporarily put off limits to visitors as a precaution in case she is pregnant.,A polar bear cub has been born at a wildlife park in Scotland.,739,13,24,0.5416666666666666,0,0.43243243243243246,0.1714285714285714,0.3783783783783784,0.9459033012390137,0.8969358801841736,0.9207689762115479
37822094,entertainment,fact_constrained,A female polar bear at a Scottish zoo has been temporarily put off limits to visitors as a precaution in case she is pregnant.,A polar bear cub has been born at a wildlife park in Scotland.,739,13,24,0.5416666666666666,0,0.43243243243243246,0.1714285714285714,0.3783783783783784,0.9459033012390137,0.8969358801841736,0.9207689762115479
34696691,entertainment,tldr,The death of a man who twice apparently jumped from a building has been referred to the Independent Police Complaints Commission.,A man has died after falling from a building in Nottingham.,369,11,21,0.5238095238095238,0,0.37499999999999994,0.2,0.31249999999999994,0.9423854351043701,0.885077953338623,0.9128331542015076
34696691,entertainment,bullet_points,The death of a man who twice apparently jumped from a building has been referred to the Independent Police Complaints Commission.,A man has died after falling from a building in Nottingham.,369,11,21,0.5238095238095238,0,0.37499999999999994,0.2,0.31249999999999994,0.9423854351043701,0.885077953338623,0.9128331542015076
34696691,entertainment,bullet_points_strict,The death of a man who twice apparently jumped from a building has been referred to the Independent Police Complaints Commission.,A man has died after falling from a building in Nottingham.,369,11,21,0.5238095238095238,0,0.37499999999999994,0.2,0.31249999999999994,0.9423854351043701,0.885077953338623,0.9128331542015076
34696691,entertainment,one_sentence,The death of a man who twice apparently jumped from a building has been referred to the Independent Police Complaints Commission.,Police are investigating the death of a man who fell from a block of flats.,369,15,21,0.7142857142857143,0,0.5,0.3529411764705882,0.4444444444444444,0.9411002397537231,0.8989471793174744,0.9195409417152405
34696691,entertainment,fact_constrained,The death of a man who twice apparently jumped from a building has been referred to the Independent Police Complaints Commission.,A 29-year-old man has died after falling from a building in Nottingham.,369,12,21,0.5714285714285714,0,0.34285714285714286,0.12121212121212123,0.2857142857142857,0.9274903535842896,0.8898388147354126,0.9082745313644409
39913154,entertainment,tldr,A person has been taken to hospital by air ambulance following a serious crash on a major road in Monmouthshire.,A patient has been taken to Bristol Royal Infirmary after a road was closed for four hours.,305,17,20,0.85,0,0.37837837837837834,0.17142857142857143,0.37837837837837834,0.9044348001480103,0.9124417901039124,0.9084206223487854
39913154,entertainment,bullet_points,A person has been taken to hospital by air ambulance following a serious crash on a major road in Monmouthshire.,A patient has been taken to Bristol Royal Infirmary after a road was closed in Monmouthshire.,305,16,20,0.8,0,0.5,0.23529411764705882,0.5,0.9278097152709961,0.9359854459762573,0.9318796396255493
39913154,entertainment,bullet_points_strict,A person has been taken to hospital by air ambulance following a serious crash on a major road in Monmouthshire.,A patient has been taken to Bristol Royal Infirmary after a crash in Monmouthshire.,305,14,20,0.7,0,0.5294117647058824,0.25,0.5294117647058824,0.9369004368782043,0.9388708472251892,0.9378845691680908
39913154,entertainment,one_sentence,A person has been taken to hospital by air ambulance following a serious crash on a major road in Monmouthshire.,A patient has been taken to Bristol Royal Infirmary after a road was closed in Monmouthshire.,305,16,20,0.8,0,0.5,0.23529411764705882,0.5,0.9278097152709961,0.9359854459762573,0.9318796396255493
39913154,entertainment,fact_constrained,A person has been taken to hospital by air ambulance following a serious crash on a major road in Monmouthshire.,A patient has been taken to Bristol Royal Infirmary after a road was closed for four hours.,305,17,20,0.85,0,0.37837837837837834,0.17142857142857143,0.37837837837837834,0.9044348001480103,0.9124417901039124,0.9084206223487854
35709407,entertainment,tldr,"Once upon a time, there was a bedtime story - and it was the start of a long career for TV and film producer Mike Young.",SuperTed creator Mike Young is making a feature film about a former Cardiff City footballer.,3507,15,26,0.5769230769230769,0,0.25,0.052631578947368425,0.1,0.8767483234405518,0.8632264733314514,0.8699348568916321
35709407,entertainment,bullet_points,"Once upon a time, there was a bedtime story - and it was the start of a long career for TV and film producer Mike Young.","SuperTed is a Welsh-language TV series created by Mike Young, a former advertising copywriter.",3507,14,26,0.5384615384615384,0,0.25,0.052631578947368425,0.2,0.8769084215164185,0.8635295629501343,0.87016761302948
35709407,entertainment,bullet_points_strict,"Once upon a time, there was a bedtime story - and it was the start of a long career for TV and film producer Mike Young.","SuperTed is a story about a Cardiff City fan, Mike Young, who has created a feature-length animated feature film.",3507,19,26,0.7307692307692307,0,0.3111111111111111,0.04651162790697675,0.22222222222222224,0.873633623123169,0.8683484792709351,0.8709830045700073
35709407,entertainment,one_sentence,"Once upon a time, there was a bedtime story - and it was the start of a long career for TV and film producer Mike Young.","SuperTed, a Welsh-language TV series created by Mike Young, has been adapted into a film.",3507,15,26,0.5769230769230769,0,0.2926829268292683,0.05128205128205127,0.19512195121951217,0.8785027861595154,0.8661394119262695,0.8722772598266602
35709407,entertainment,fact_constrained,"Once upon a time, there was a bedtime story - and it was the start of a long career for TV and film producer Mike Young.","Mike Young, a former advertising copywriter, has created a new animated feature film about a Cardiff City football club legend.",3507,20,26,0.7692307692307693,0,0.2666666666666666,0.04651162790697675,0.1333333333333333,0.8832852244377136,0.8758235573768616,0.8795385956764221
35851500,entertainment,tldr,"Nineteen people have been killed after a bus carrying Egyptian pilgrims crashed in Saudi Arabia, Egypt's state-run Mena news agency says.","A bus carrying a group of Egyptian pilgrims has crashed into a road in Mecca, officials said.",398,17,21,0.8095238095238095,0,0.35,0.15789473684210525,0.35,0.9299615621566772,0.886824369430542,0.9078808426856995
35851500,entertainment,bullet_points,"Nineteen people have been killed after a bus carrying Egyptian pilgrims crashed in Saudi Arabia, Egypt's state-run Mena news agency says.","A bus carrying a group of Egyptian pilgrims has crashed into a road in the Egyptian city of Mecca, officials say.",398,21,21,1.0,0,0.31818181818181823,0.14285714285714282,0.31818181818181823,0.9317395687103271,0.8934908509254456,0.912214457988739
35851500,entertainment,bullet_points_strict,"Nineteen people have been killed after a bus carrying Egyptian pilgrims crashed in Saudi Arabia, Egypt's state-run Mena news agency says.","A bus carrying a group of Egyptian pilgrims has crashed on the road between Mecca and Medina, an official says.",398,20,21,0.9523809523809523,0,0.3255813953488372,0.14634146341463414,0.3255813953488372,0.9259161353111267,0.8917485475540161,0.908511221408844
35851500,entertainment,one_sentence,"Nineteen people have been killed after a bus carrying Egyptian pilgrims crashed in Saudi Arabia, Egypt's state-run Mena news agency says.","A bus carrying a group of Egyptian pilgrims has crashed into a road in the Egyptian city of Mecca, a police spokesman said.",398,23,21,1.0952380952380953,0,0.30434782608695654,0.13636363636363635,0.30434782608695654,0.9253795742988586,0.8925443291664124,0.9086654186248779
35851500,entertainment,fact_constrained,"Nineteen people have been killed after a bus carrying Egyptian pilgrims crashed in Saudi Arabia, Egypt's state-run Mena news agency says.","A bus carrying a group of Egyptian pilgrims has crashed into a road in the Egyptian city of Mecca, officials say.",398,21,21,1.0,0,0.31818181818181823,0.14285714285714282,0.31818181818181823,0.9317395687103271,0.8934908509254456,0.912214457988739
31613782,entertainment,tldr,"Disabled pensioner Alan Barnes has said he is ""ready to move on with his life"" after a man appeared in court to admit assaulting him.",A man who was knocked to the ground by a drug lord in Gateshead has said he is not yet ready to meet his attacker.,480,25,25,1.0,0,0.44,0.20833333333333334,0.28,0.8976874351501465,0.8872661590576172,0.8924463987350464
31613782,entertainment,bullet_points,"Disabled pensioner Alan Barnes has said he is ""ready to move on with his life"" after a man appeared in court to admit assaulting him.",A man who was stabbed to death by a drug lord in Gateshead has said he is not yet ready to return to his home.,480,25,25,1.0,0,0.44,0.20833333333333334,0.28,0.9002944231033325,0.8871415257453918,0.893669605255127
31613782,entertainment,bullet_points_strict,"Disabled pensioner Alan Barnes has said he is ""ready to move on with his life"" after a man appeared in court to admit assaulting him.",A man who was knocked to the ground by a drug lord in Gateshead has said he is not yet ready to meet his attacker.,480,25,25,1.0,0,0.44,0.20833333333333334,0.28,0.8976874351501465,0.8872661590576172,0.8924463987350464
31613782,entertainment,one_sentence,"Disabled pensioner Alan Barnes has said he is ""ready to move on with his life"" after a man appeared in court to admit assaulting him.",A man who was stabbed to death by a drug lord in Gateshead has said he is not ready to return to his home.,480,24,25,0.96,0,0.4489795918367347,0.2127659574468085,0.2857142857142857,0.9032173156738281,0.8870927095413208,0.895082414150238
31613782,entertainment,fact_constrained,"Disabled pensioner Alan Barnes has said he is ""ready to move on with his life"" after a man appeared in court to admit assaulting him.",A man who was knocked to the ground by a drug lord in Gateshead has said he is not yet ready to meet his attacker.,480,25,25,1.0,0,0.44,0.20833333333333334,0.28,0.8976874351501465,0.8872661590576172,0.8924463987350464
16441633,entertainment,tldr,A couple from Bradford who tied the knot in 1925 could be the UK's longest married husband and wife.,"Kartari Chand and Karam Chand are the longest married couple in the UK, how old are they?",3401,17,19,0.8947368421052632,0,0.4324324324324324,0.11428571428571428,0.2162162162162162,0.8696777820587158,0.8969226479530334,0.8830901384353638
16441633,entertainment,bullet_points,A couple from Bradford who tied the knot in 1925 could be the UK's longest married husband and wife.,"Kartari Chand and Karm Chand are the longest married couple in the UK, they are the longest married couple in the UK.",3401,22,19,1.1578947368421053,0,0.380952380952381,0.1,0.28571428571428564,0.8850523233413696,0.8942191004753113,0.8896121382713318
16441633,entertainment,bullet_points_strict,A couple from Bradford who tied the knot in 1925 could be the UK's longest married husband and wife.,"Kartari Chand and Karam Chand are the longest married couple in the UK, they are the longest married couple in the UK.",3401,22,19,1.1578947368421053,0,0.380952380952381,0.1,0.28571428571428564,0.8853040933609009,0.8947039842605591,0.8899792432785034
16441633,entertainment,one_sentence,A couple from Bradford who tied the knot in 1925 could be the UK's longest married husband and wife.,"Kartari Chand and Karm Chand are the longest married couple in the UK, they are the longest married couple in the UK.",3401,22,19,1.1578947368421053,0,0.380952380952381,0.1,0.28571428571428564,0.8850523233413696,0.8942191004753113,0.8896121382713318
16441633,entertainment,fact_constrained,A couple from Bradford who tied the knot in 1925 could be the UK's longest married husband and wife.,"Karam Chand and Kartari Chand are the longest married couple in the UK, they will be ready to go when it's time",3401,22,19,1.1578947368421053,0,0.46511627906976744,0.0975609756097561,0.23255813953488372,0.8577977418899536,0.8896467089653015,0.8734319806098938
38586981,entertainment,tldr,Four hillwalkers who got into difficulties during severe weather on Ben Lomond have been rescued.,Two people have been rescued after a snowfall on the Munro mountain range in western Scotland.,299,16,15,1.0666666666666667,0,0.2580645161290323,0.1379310344827586,0.19354838709677422,0.9106335639953613,0.8963495492935181,0.9034351110458374
38586981,entertainment,bullet_points,Four hillwalkers who got into difficulties during severe weather on Ben Lomond have been rescued.,Two mountain rescuers have been rescued from a snowstorm at the summit of Munro in the Scottish Highlands.,299,18,15,1.2,0,0.1818181818181818,0.12903225806451615,0.1818181818181818,0.9122444987297058,0.9031142592430115,0.9076564311981201
38586981,entertainment,bullet_points_strict,Four hillwalkers who got into difficulties during severe weather on Ben Lomond have been rescued.,Two mountain rescuers have been rescued from a mountain in the Scottish Highlands.,299,13,15,0.8666666666666667,0,0.21428571428571427,0.15384615384615383,0.21428571428571427,0.9287581443786621,0.8897306323051453,0.9088255167007446
38586981,entertainment,one_sentence,Four hillwalkers who got into difficulties during severe weather on Ben Lomond have been rescued.,Two people have been rescued from a mountain in the Scottish Highlands.,299,12,15,0.8,0,0.22222222222222224,0.16,0.22222222222222224,0.9341381788253784,0.8899006247520447,0.9114829897880554
38586981,entertainment,fact_constrained,Four hillwalkers who got into difficulties during severe weather on Ben Lomond have been rescued.,Two people have been rescued from a mountain in the Scottish Highlands.,299,12,15,0.8,0,0.22222222222222224,0.16,0.22222222222222224,0.9341381788253784,0.8899006247520447,0.9114829897880554
30144985,entertainment,tldr,A lorry driver has smashed through the front wall of a pub in Wiltshire.,A man has been taken to hospital after a car crashed into a pub in Bath.,477,16,14,1.1428571428571428,0,0.3333333333333333,0.14285714285714288,0.3333333333333333,0.9258114099502563,0.9129060506820679,0.9193134307861328
30144985,entertainment,bullet_points,A lorry driver has smashed through the front wall of a pub in Wiltshire.,A man has been taken to hospital after a car crashed into a pub in Bath.,477,16,14,1.1428571428571428,0,0.3333333333333333,0.14285714285714288,0.3333333333333333,0.9258114099502563,0.9129060506820679,0.9193134307861328
30144985,entertainment,bullet_points_strict,A lorry driver has smashed through the front wall of a pub in Wiltshire.,A man has been taken to hospital after a car crashed into a pub in Bath.,477,16,14,1.1428571428571428,0,0.3333333333333333,0.14285714285714288,0.3333333333333333,0.9258114099502563,0.9129060506820679,0.9193134307861328
30144985,entertainment,one_sentence,A lorry driver has smashed through the front wall of a pub in Wiltshire.,A man has been taken to hospital after a car crashed into a pub in Bath.,477,16,14,1.1428571428571428,0,0.3333333333333333,0.14285714285714288,0.3333333333333333,0.9258114099502563,0.9129060506820679,0.9193134307861328
30144985,entertainment,fact_constrained,A lorry driver has smashed through the front wall of a pub in Wiltshire.,A man has been taken to hospital after a car crashed into a pub in Bath.,477,16,14,1.1428571428571428,0,0.3333333333333333,0.14285714285714288,0.3333333333333333,0.9258114099502563,0.9129060506820679,0.9193134307861328
38223694,entertainment,tldr,"Beyonce has scooped nine nominations for the 2017 Grammy Awards, extending her lead as the most-nominated woman in Grammys history.",Beyonce has been nominated for the best album of the year at this year's Grammy Awards.,2390,16,20,0.8,0,0.42105263157894735,0.16666666666666663,0.31578947368421056,0.9145913124084473,0.8992944359779358,0.9068784117698669
38223694,entertainment,bullet_points,"Beyonce has scooped nine nominations for the 2017 Grammy Awards, extending her lead as the most-nominated woman in Grammys history.","Beyonce has been nominated for the 2017 Grammy Awards, which will be held in Los Angeles on Sunday.",2390,18,20,0.9,0,0.4615384615384615,0.27027027027027023,0.41025641025641024,0.9147105813026428,0.9052766561508179,0.9099690914154053
38223694,entertainment,bullet_points_strict,"Beyonce has scooped nine nominations for the 2017 Grammy Awards, extending her lead as the most-nominated woman in Grammys history.",Beyonce has been shortlisted for the 2017 Grammy Awards.,2390,9,20,0.45,0,0.4666666666666666,0.35714285714285715,0.4666666666666666,0.9542363882064819,0.8932867050170898,0.9227561950683594
38223694,entertainment,one_sentence,"Beyonce has scooped nine nominations for the 2017 Grammy Awards, extending her lead as the most-nominated woman in Grammys history.",Beyonce has been shortlisted for the 2017 Grammy Awards.,2390,9,20,0.45,0,0.4666666666666666,0.35714285714285715,0.4666666666666666,0.9542363882064819,0.8932867050170898,0.9227561950683594
38223694,entertainment,fact_constrained,"Beyonce has scooped nine nominations for the 2017 Grammy Awards, extending her lead as the most-nominated woman in Grammys history.","Beyonce has been nominated for the 2017 Grammy Awards, which will be held on Sunday, 12 February.",2390,17,20,0.85,0,0.42105263157894735,0.2777777777777778,0.36842105263157887,0.9105094075202942,0.9053422212600708,0.907918393611908
32531686,entertainment,tldr,A castle has welcomed 20 chicks to its grounds after hens nested next to a lifelike replica boar.,A hen has hatched two chicks at a castle in Hampshire.,630,11,18,0.6111111111111112,0,0.3448275862068966,0.07407407407407408,0.27586206896551724,0.9366949796676636,0.8782438039779663,0.9065281748771667
32531686,entertainment,bullet_points,A castle has welcomed 20 chicks to its grounds after hens nested next to a lifelike replica boar.,A hens have hatched a pair of chicks at a castle in Hampshire.,630,13,18,0.7222222222222222,0,0.3225806451612903,0.06896551724137931,0.1935483870967742,0.9171192646026611,0.8753937482833862,0.8957708477973938
32531686,entertainment,bullet_points_strict,A castle has welcomed 20 chicks to its grounds after hens nested next to a lifelike replica boar.,A boar has been hatched at a castle in Hampshire.,630,10,18,0.5555555555555556,0,0.35714285714285715,0.07692307692307691,0.21428571428571427,0.9298609495162964,0.8780360817909241,0.9032056927680969
32531686,entertainment,one_sentence,A castle has welcomed 20 chicks to its grounds after hens nested next to a lifelike replica boar.,A boar has been hatched at a castle in Lincolnshire.,630,10,18,0.5555555555555556,0,0.35714285714285715,0.07692307692307691,0.21428571428571427,0.9204285144805908,0.8784117698669434,0.8989294171333313
32531686,entertainment,fact_constrained,A castle has welcomed 20 chicks to its grounds after hens nested next to a lifelike replica boar.,A boar has been hatched at a castle in Lincolnshire.,630,10,18,0.5555555555555556,0,0.35714285714285715,0.07692307692307691,0.21428571428571427,0.9204285144805908,0.8784117698669434,0.8989294171333313
18177049,entertainment,tldr,Planned cuts to library services in a West Yorkshire town have been scrapped following campaigns by residents.,Protesters have gathered outside a council meeting in Huddersfield against plans to replace libraries with volunteers.,765,16,17,0.9411764705882353,0,0.24242424242424243,0.0,0.06060606060606061,0.8879019021987915,0.9002748727798462,0.8940455317497253
18177049,entertainment,bullet_points,Planned cuts to library services in a West Yorkshire town have been scrapped following campaigns by residents.,Protesters have gathered outside a council meeting to oppose plans to replace libraries with volunteers.,765,15,17,0.8823529411764706,0,0.18750000000000003,0.0,0.0625,0.8923494219779968,0.8905406594276428,0.8914441466331482
18177049,entertainment,bullet_points_strict,Planned cuts to library services in a West Yorkshire town have been scrapped following campaigns by residents.,Protesters have gathered outside a council meeting to oppose plans to replace libraries with volunteers.,765,15,17,0.8823529411764706,0,0.18750000000000003,0.0,0.0625,0.8923494219779968,0.8905406594276428,0.8914441466331482
18177049,entertainment,one_sentence,Planned cuts to library services in a West Yorkshire town have been scrapped following campaigns by residents.,Protesters have gathered outside a council meeting in Kirklees to oppose plans to replace libraries with volunteers.,765,17,17,1.0,0,0.23529411764705882,0.0,0.058823529411764705,0.8975347280502319,0.901511549949646,0.8995187878608704
18177049,entertainment,fact_constrained,Planned cuts to library services in a West Yorkshire town have been scrapped following campaigns by residents.,Protesters have gathered outside a council meeting to oppose plans to replace libraries with volunteers.,765,15,17,0.8823529411764706,0,0.18750000000000003,0.0,0.0625,0.8923494219779968,0.8905406594276428,0.8914441466331482
36527119,entertainment,tldr,"Six centuries ago Henry V walked from Shrewsbury to Holywell in Flintshire, to give thanks for his famous victory over the French at Agincourt.","Holywell has been a place of pilgrimage for more than 1,300 years.",6062,12,24,0.5,0,0.10810810810810811,0.0,0.10810810810810811,0.860975980758667,0.8329434990882874,0.8467278480529785
36527119,entertainment,bullet_points,"Six centuries ago Henry V walked from Shrewsbury to Holywell in Flintshire, to give thanks for his famous victory over the French at Agincourt.","Holywell has been a place of pilgrimage for more than 1,300 years.",6062,12,24,0.5,0,0.10810810810810811,0.0,0.10810810810810811,0.860975980758667,0.8329434990882874,0.8467278480529785
36527119,entertainment,bullet_points_strict,"Six centuries ago Henry V walked from Shrewsbury to Holywell in Flintshire, to give thanks for his famous victory over the French at Agincourt.","Holywell has been a place of pilgrimage for more than 1,300 years.",6062,12,24,0.5,0,0.10810810810810811,0.0,0.10810810810810811,0.860975980758667,0.8329434990882874,0.8467278480529785
36527119,entertainment,one_sentence,"Six centuries ago Henry V walked from Shrewsbury to Holywell in Flintshire, to give thanks for his famous victory over the French at Agincourt.","Holywell has been a pilgrimage site for more than 1,300 years.",6062,11,24,0.4583333333333333,0,0.1111111111111111,0.0,0.1111111111111111,0.8614117503166199,0.8320209980010986,0.846461296081543
36527119,entertainment,fact_constrained,"Six centuries ago Henry V walked from Shrewsbury to Holywell in Flintshire, to give thanks for his famous victory over the French at Agincourt.","Holywell has been a pilgrimage site for more than 1,300 years.",6062,11,24,0.4583333333333333,0,0.1111111111111111,0.0,0.1111111111111111,0.8614117503166199,0.8320209980010986,0.846461296081543
36466630,entertainment,tldr,"Five people have been injured following a crash between a bin lorry, a bus and two cars.","A woman has been taken to hospital with a ""serious leg injury"" after a bus hit a tree.",451,18,17,1.0588235294117647,0,0.28571428571428575,0.06060606060606061,0.22857142857142856,0.9212607145309448,0.9092265367507935,0.9152040481567383
36466630,entertainment,bullet_points,"Five people have been injured following a crash between a bin lorry, a bus and two cars.",A woman has been taken to hospital after being hit by a bus on a dual carriageway in Edinburgh.,451,19,17,1.1176470588235294,0,0.27777777777777773,0.058823529411764705,0.16666666666666669,0.894086480140686,0.9019259214401245,0.8979890942573547
36466630,entertainment,bullet_points_strict,"Five people have been injured following a crash between a bin lorry, a bus and two cars.",A woman has been taken to hospital with a serious leg injury after a bus was hit by a car.,451,20,17,1.1764705882352942,0,0.27027027027027023,0.05714285714285714,0.2162162162162162,0.9290460348129272,0.9131523370742798,0.921030580997467
36466630,entertainment,one_sentence,"Five people have been injured following a crash between a bin lorry, a bus and two cars.",A woman has been taken to hospital with a serious leg injury after a bus was struck by a car.,451,20,17,1.1764705882352942,0,0.27027027027027023,0.05714285714285714,0.2162162162162162,0.9291914105415344,0.9144130349159241,0.9217429757118225
36466630,entertainment,fact_constrained,"Five people have been injured following a crash between a bin lorry, a bus and two cars.",A woman has been taken to hospital after being hit by a bus on a dual carriageway in Edinburgh.,451,19,17,1.1176470588235294,0,0.27777777777777773,0.058823529411764705,0.16666666666666669,0.894086480140686,0.9019259214401245,0.8979890942573547
40697552,entertainment,tldr,Two men were rescued after becoming stranded on a crag on Snowdon's narrow Crib Goch ridge.,A pair of mountain rescuers have been rescued from a ridge in north Wales.,375,14,16,0.875,0,0.1935483870967742,0.0,0.1935483870967742,0.9218085408210754,0.8633915185928345,0.8916442394256592
40697552,entertainment,bullet_points,Two men were rescued after becoming stranded on a crag on Snowdon's narrow Crib Goch ridge.,"A pair of mountain rescuers have been rescued from a ridge in Llanberis, north Wales.",375,15,16,0.9375,0,0.18750000000000003,0.0,0.18750000000000003,0.8948068618774414,0.871044397354126,0.8827657699584961
40697552,entertainment,bullet_points_strict,Two men were rescued after becoming stranded on a crag on Snowdon's narrow Crib Goch ridge.,A pair of mountain rescuers have been rescued from a ridge in Glamorgan.,375,13,16,0.8125,0,0.20000000000000004,0.0,0.20000000000000004,0.9180328249931335,0.8693423271179199,0.8930243253707886
40697552,entertainment,one_sentence,Two men were rescued after becoming stranded on a crag on Snowdon's narrow Crib Goch ridge.,A pair of mountain rescuers have been rescued from a ridge in Llanberis.,375,13,16,0.8125,0,0.20000000000000004,0.0,0.20000000000000004,0.9057755470275879,0.8708988428115845,0.8879948854446411
40697552,entertainment,fact_constrained,Two men were rescued after becoming stranded on a crag on Snowdon's narrow Crib Goch ridge.,A pair of mountain rescuers have been rescued from a ridge in Glamorgan.,375,13,16,0.8125,0,0.20000000000000004,0.0,0.20000000000000004,0.9180328249931335,0.8693423271179199,0.8930243253707886
36536773,entertainment,tldr,Two men arrested in connection with the suspected murder of a missing man have been released on bail.,A man has been arrested on suspicion of murdering a man who was last seen at his home in Kelvedon.,412,20,18,1.1111111111111112,0,0.36842105263157887,0.0,0.2105263157894737,0.9045170545578003,0.9267557859420776,0.9155014157295227
36536773,entertainment,bullet_points,Two men arrested in connection with the suspected murder of a missing man have been released on bail.,Two men have been arrested on suspicion of murdering a man who was last seen at his home in Kelvedon.,412,20,18,1.1111111111111112,0,0.5263157894736842,0.1111111111111111,0.3157894736842105,0.9107783436775208,0.934686541557312,0.9225775599479675
36536773,entertainment,bullet_points_strict,Two men arrested in connection with the suspected murder of a missing man have been released on bail.,Two men have been released pending further inquiries into the murder of a man who was last seen at his home in Kelvedon.,412,23,18,1.2777777777777777,0,0.5365853658536586,0.25641025641025644,0.34146341463414637,0.9056223630905151,0.9369503259658813,0.921019971370697
36536773,entertainment,one_sentence,Two men arrested in connection with the suspected murder of a missing man have been released on bail.,Two men have been arrested on suspicion of murdering a man who was last seen at his home in Kelvedon.,412,20,18,1.1111111111111112,0,0.5263157894736842,0.1111111111111111,0.3157894736842105,0.9107783436775208,0.934686541557312,0.9225775599479675
36536773,entertainment,fact_constrained,Two men arrested in connection with the suspected murder of a missing man have been released on bail.,Two men have been arrested on suspicion of murdering a man who was last seen at his home in Kelvedon.,412,20,18,1.1111111111111112,0,0.5263157894736842,0.1111111111111111,0.3157894736842105,0.9107783436775208,0.934686541557312,0.9225775599479675
35718290,entertainment,tldr,"A second dog seized by police was kept locked in kennels for two years without exercise, the BBC has been told.",Devon and Cornwall Police's kennel has been destroyed after a dog was kept in a cage for two years without human contact.,3255,22,21,1.0476190476190477,0,0.5454545454545454,0.23809523809523808,0.4090909090909091,0.9134538173675537,0.9221680760383606,0.9177902936935425
35718290,entertainment,bullet_points,"A second dog seized by police was kept locked in kennels for two years without exercise, the BBC has been told.",Devon and Cornwall kennel.,3255,4,21,0.19047619047619047,0,0.0,0.0,0.0,0.8664871454238892,0.8427755832672119,0.8544669151306152
35718290,entertainment,bullet_points_strict,"A second dog seized by police was kept locked in kennels for two years without exercise, the BBC has been told.",Devon and Cornwall Police's kennel has been seized after a dog was deemed too dangerous to be exercised.,3255,18,21,0.8571428571428571,0,0.35,0.052631578947368425,0.15,0.8904470205307007,0.8942645788192749,0.8923516869544983
35718290,entertainment,one_sentence,"A second dog seized by police was kept locked in kennels for two years without exercise, the BBC has been told.",Devon and Cornwall kennel.,3255,4,21,0.19047619047619047,0,0.0,0.0,0.0,0.8664871454238892,0.8427755832672119,0.8544669151306152
35718290,entertainment,fact_constrained,"A second dog seized by police was kept locked in kennels for two years without exercise, the BBC has been told.",Devon and Cornwall Police's kennel has been destroyed after a dog was deemed too dangerous to be exercised.,3255,18,21,0.8571428571428571,0,0.3,0.052631578947368425,0.15,0.8859145641326904,0.8897017240524292,0.8878040909767151
39039170,entertainment,tldr,A member of Texas' House of Representatives has filed a resolution to urge Texans to stop using an emoji representing the Chilean flag when they really mean to use the Texan flag.,US lawmakers have passed a bill urging Texans not to use the Chilean flag emoji when referring to the Texas flag.,2151,21,32,0.65625,0,0.49056603773584906,0.1568627450980392,0.37735849056603776,0.9386189579963684,0.9214869141578674,0.9299740195274353
39039170,entertainment,bullet_points,A member of Texas' House of Representatives has filed a resolution to urge Texans to stop using an emoji representing the Chilean flag when they really mean to use the Texan flag.,A bill to ban the use of the Chilean flag emoji has been passed by the US House of Representatives.,2151,20,32,0.625,0,0.5000000000000001,0.15999999999999998,0.23076923076923075,0.9393272995948792,0.9042902588844299,0.921475887298584
39039170,entertainment,bullet_points_strict,A member of Texas' House of Representatives has filed a resolution to urge Texans to stop using an emoji representing the Chilean flag when they really mean to use the Texan flag.,US lawmakers have passed a bill urging Texans not to use the Chilean flag emoji.,2151,15,32,0.46875,0,0.3404255319148936,0.17777777777777778,0.25531914893617025,0.941631555557251,0.9119714498519897,0.9265642166137695
39039170,entertainment,one_sentence,A member of Texas' House of Representatives has filed a resolution to urge Texans to stop using an emoji representing the Chilean flag when they really mean to use the Texan flag.,The US House of Representatives has passed a bill to ban the use of the Chilean flag emoji.,2151,18,32,0.5625,0,0.52,0.20833333333333331,0.39999999999999997,0.9444372057914734,0.9055829048156738,0.9246020317077637
39039170,entertainment,fact_constrained,A member of Texas' House of Representatives has filed a resolution to urge Texans to stop using an emoji representing the Chilean flag when they really mean to use the Texan flag.,US lawmakers have passed a bill urging Texans not to use the Chilean flag emoji when referring to the Texas flag.,2151,21,32,0.65625,0,0.49056603773584906,0.1568627450980392,0.37735849056603776,0.9386189579963684,0.9214869141578674,0.9299740195274353
30664993,entertainment,tldr,A multi-million pound refurbishment of a Denbighshire leisure centre which was closed because of council cutbacks is due to start.,Work to revamp a Denbighshire centre has started.,374,8,20,0.4,0,0.27586206896551724,0.07407407407407408,0.20689655172413796,0.9638937711715698,0.9145548343658447,0.938576340675354
30664993,entertainment,bullet_points,A multi-million pound refurbishment of a Denbighshire leisure centre which was closed because of council cutbacks is due to start.,Work on a Denbighshire leisure centre is to start on Monday.,374,11,20,0.55,0,0.43749999999999994,0.26666666666666666,0.43749999999999994,0.9563400745391846,0.9123623371124268,0.9338337182998657
30664993,entertainment,bullet_points_strict,A multi-million pound refurbishment of a Denbighshire leisure centre which was closed because of council cutbacks is due to start.,Work to revamp a Denbighshire centre has begun.,374,8,20,0.4,0,0.27586206896551724,0.07407407407407408,0.20689655172413796,0.9632729291915894,0.9148974418640137,0.9384621977806091
30664993,entertainment,one_sentence,A multi-million pound refurbishment of a Denbighshire leisure centre which was closed because of council cutbacks is due to start.,Denbighshire council has announced plans to reopen a Denbighshire leisure centre.,374,11,20,0.55,0,0.37499999999999994,0.2,0.25,0.9470478296279907,0.9064694046974182,0.9263144135475159
30664993,entertainment,fact_constrained,A multi-million pound refurbishment of a Denbighshire leisure centre which was closed because of council cutbacks is due to start.,Work on a Denbighshire leisure centre is to start on Monday.,374,11,20,0.55,0,0.43749999999999994,0.26666666666666666,0.43749999999999994,0.9563400745391846,0.9123623371124268,0.9338337182998657
34021188,entertainment,tldr,A unique perspective on a landmark social event is to be unveiled as part of Nottingham's Caribbean Carnival.,An exhibition of African-Caribbean belongings has opened in Nottingham.,1349,9,18,0.5,0,0.20689655172413793,0.0,0.13793103448275862,0.8941358327865601,0.8791133761405945,0.8865609765052795
34021188,entertainment,bullet_points,A unique perspective on a landmark social event is to be unveiled as part of Nottingham's Caribbean Carnival.,A display of African-Caribbean belongings has been unveiled in Nottingham.,1349,10,18,0.5555555555555556,0,0.3333333333333333,0.0,0.19999999999999998,0.9026690721511841,0.8886911273002625,0.8956255912780762
34021188,entertainment,bullet_points_strict,A unique perspective on a landmark social event is to be unveiled as part of Nottingham's Caribbean Carnival.,An exhibition of African-Caribbean belongings has opened in Nottingham.,1349,9,18,0.5,0,0.20689655172413793,0.0,0.13793103448275862,0.8941358327865601,0.8791133761405945,0.8865609765052795
34021188,entertainment,one_sentence,A unique perspective on a landmark social event is to be unveiled as part of Nottingham's Caribbean Carnival.,An exhibition of African-Caribbean belongings has opened in Nottingham.,1349,9,18,0.5,0,0.20689655172413793,0.0,0.13793103448275862,0.8941358327865601,0.8791133761405945,0.8865609765052795
34021188,entertainment,fact_constrained,A unique perspective on a landmark social event is to be unveiled as part of Nottingham's Caribbean Carnival.,An exhibition of African-Caribbean belongings has opened in Nottingham.,1349,9,18,0.5,0,0.20689655172413793,0.0,0.13793103448275862,0.8941358327865601,0.8791133761405945,0.8865609765052795
36434692,entertainment,tldr,A police sergeant called out to deal with a brawl in a Glasgow pub ended up giving an arresting performance of Gloria Gaynor's I Will Survive.,A Glasgow police officer has performed a karaoke performance at a Glasgow pub.,1986,13,26,0.5,0,0.35000000000000003,0.10526315789473684,0.3,0.9406454563140869,0.8881186246871948,0.9136276841163635
36434692,entertainment,bullet_points,A police sergeant called out to deal with a brawl in a Glasgow pub ended up giving an arresting performance of Gloria Gaynor's I Will Survive.,A police sergeant has performed a karaoke performance in a Glasgow city centre pub.,1986,14,26,0.5384615384615384,0,0.43902439024390244,0.20512820512820515,0.3902439024390244,0.933607816696167,0.8903778791427612,0.9114805459976196
36434692,entertainment,bullet_points_strict,A police sergeant called out to deal with a brawl in a Glasgow pub ended up giving an arresting performance of Gloria Gaynor's I Will Survive.,A police sergeant who performed karaoke in a Glasgow city centre pub has been arrested.,1986,15,26,0.5769230769230769,0,0.33333333333333337,0.2,0.33333333333333337,0.9219661951065063,0.8858842849731445,0.9035651683807373
36434692,entertainment,one_sentence,A police sergeant called out to deal with a brawl in a Glasgow pub ended up giving an arresting performance of Gloria Gaynor's I Will Survive.,A police sergeant has performed a karaoke performance in a Glasgow city centre pub.,1986,14,26,0.5384615384615384,0,0.43902439024390244,0.20512820512820515,0.3902439024390244,0.933607816696167,0.8903778791427612,0.9114805459976196
36434692,entertainment,fact_constrained,A police sergeant called out to deal with a brawl in a Glasgow pub ended up giving an arresting performance of Gloria Gaynor's I Will Survive.,A police officer has been arrested after he performed karaoke in a Glasgow pub.,1986,14,26,0.5384615384615384,0,0.29268292682926833,0.20512820512820515,0.29268292682926833,0.9264301061630249,0.886383593082428,0.9059644937515259
35272307,entertainment,tldr,French mosques have invited non-Muslims in to try to create greater understanding of Islam in France.,"French mosques are taking part in a ""brotherly cup of tea"" to mark the anniversary of the Charlie Hebdo attacks.",1350,20,16,1.25,0,0.27027027027027023,0.05714285714285714,0.27027027027027023,0.8743955492973328,0.8945574164390564,0.8843615651130676
35272307,entertainment,bullet_points,French mosques have invited non-Muslims in to try to create greater understanding of Islam in France.,"French Muslims are taking part in a ""brotherly cup of tea"" to mark the anniversary of the Charlie Hebdo attacks.",1350,20,16,1.25,0,0.27027027027027023,0.0,0.27027027027027023,0.8741068840026855,0.8977824449539185,0.8857864737510681
35272307,entertainment,bullet_points_strict,French mosques have invited non-Muslims in to try to create greater understanding of Islam in France.,"French mosques are taking part in a ""brotherly cup of tea"" to mark the anniversary of the Charlie Hebdo attacks.",1350,20,16,1.25,0,0.27027027027027023,0.05714285714285714,0.27027027027027023,0.8743955492973328,0.8945574164390564,0.8843615651130676
35272307,entertainment,one_sentence,French mosques have invited non-Muslims in to try to create greater understanding of Islam in France.,"French Muslims are taking part in a ""brotherly cup of tea"" to mark the anniversary of the Charlie Hebdo attacks.",1350,20,16,1.25,0,0.27027027027027023,0.0,0.27027027027027023,0.8741068840026855,0.8977824449539185,0.8857864737510681
35272307,entertainment,fact_constrained,French mosques have invited non-Muslims in to try to create greater understanding of Islam in France.,"French Muslims are taking part in a ""brotherly cup of tea"" to mark the anniversary of the Charlie Hebdo attacks.",1350,20,16,1.25,0,0.27027027027027023,0.0,0.27027027027027023,0.8741068840026855,0.8977824449539185,0.8857864737510681
33551138,entertainment,tldr,A London council has withdrawn an order forcing a mother to send her home educated child to school.,"Home schooled children should be allowed to attend school, and should not be subject to a school attendance order.",3318,19,18,1.0555555555555556,0,0.3243243243243243,0.0,0.16216216216216214,0.9049549698829651,0.8984649181365967,0.9016982913017273
33551138,entertainment,bullet_points,A London council has withdrawn an order forcing a mother to send her home educated child to school.,"Home schooled children should not be subjected to a school attendance order, and should not be subjected to a school attendance order.",3318,22,18,1.2222222222222223,0,0.35000000000000003,0.0,0.19999999999999998,0.8852844834327698,0.8883623480796814,0.8868207931518555
33551138,entertainment,bullet_points_strict,A London council has withdrawn an order forcing a mother to send her home educated child to school.,"Home schooled children should be allowed to attend school at home, rather than at a public school"".",3318,17,18,0.9444444444444444,0,0.22857142857142856,0.0,0.17142857142857143,0.8865953683853149,0.8857965469360352,0.8861957788467407
33551138,entertainment,one_sentence,A London council has withdrawn an order forcing a mother to send her home educated child to school.,"Home schooled children should not be subjected to a school attendance order unless there is evidence that they are receiving a good education"".",3318,23,18,1.2777777777777777,0,0.2926829268292683,0.0,0.14634146341463414,0.8750061988830566,0.897250235080719,0.8859886527061462
33551138,entertainment,fact_constrained,A London council has withdrawn an order forcing a mother to send her home educated child to school.,"Home schooled children should not be subjected to a school attendance order, and should not be subjected to truancy.",3318,19,18,1.0555555555555556,0,0.3243243243243243,0.0,0.16216216216216214,0.884427547454834,0.8927301168441772,0.8885594606399536
32433447,entertainment,tldr,Four silver coins dating from the 14th Century that were found on County Down farmland have been declared to be treasure at an inquest in Belfast.,A treasure trove in County Antrim has been uncovered by a metal detector.,1760,13,26,0.5,0,0.20512820512820515,0.0,0.10256410256410257,0.9073686003684998,0.8787503242492676,0.8928301930427551
32433447,entertainment,bullet_points,Four silver coins dating from the 14th Century that were found on County Down farmland have been declared to be treasure at an inquest in Belfast.,A treasure trove in County Antrim has been uncovered by a metal detector enthusiast.,1760,14,26,0.5384615384615384,0,0.2,0.0,0.1,0.9001494646072388,0.8776103854179382,0.8887370824813843
32433447,entertainment,bullet_points_strict,Four silver coins dating from the 14th Century that were found on County Down farmland have been declared to be treasure at an inquest in Belfast.,"The first person to touch a hoard of coins in 700 years has said he was ""the first person to touch something in 700 years"".",1760,25,26,0.9615384615384616,0,0.1568627450980392,0.0,0.1568627450980392,0.8567420244216919,0.8554064035415649,0.8560736775398254
32433447,entertainment,one_sentence,Four silver coins dating from the 14th Century that were found on County Down farmland have been declared to be treasure at an inquest in Belfast.,A treasure trove in County Antrim has been uncovered by a metal detector enthusiast.,1760,14,26,0.5384615384615384,0,0.2,0.0,0.1,0.9001494646072388,0.8776103854179382,0.8887370824813843
32433447,entertainment,fact_constrained,Four silver coins dating from the 14th Century that were found on County Down farmland have been declared to be treasure at an inquest in Belfast.,"A hoard of 3,000-year-old bronze axes has been unearthed in County Antrim.",1760,12,26,0.46153846153846156,0,0.14634146341463417,0.0,0.0975609756097561,0.9039990901947021,0.893133282661438,0.8985333442687988
40324675,entertainment,tldr,"Fetch, sit and roll over - all the kinds of normal things that you would say to your dog.","If your dog doesn't understand what you're saying, it's not a good idea.",251,13,19,0.6842105263157895,0,0.17647058823529413,0.0625,0.11764705882352941,0.8864457607269287,0.8662024736404419,0.8762072324752808
40324675,entertainment,bullet_points,"Fetch, sit and roll over - all the kinds of normal things that you would say to your dog.","If your dog isn't able to understand what you're saying, it's a good idea to ask him or her for help.",251,21,19,1.105263157894737,0,0.1904761904761905,0.049999999999999996,0.09523809523809525,0.8645933270454407,0.8626928925514221,0.8636420369148254
40324675,entertainment,bullet_points_strict,"Fetch, sit and roll over - all the kinds of normal things that you would say to your dog.","If your dog doesn't understand what you're saying, it's a sign that you're having trouble.",251,15,19,0.7894736842105263,0,0.21621621621621623,0.11428571428571428,0.10810810810810811,0.8761383295059204,0.8599270582199097,0.8679569959640503
40324675,entertainment,one_sentence,"Fetch, sit and roll over - all the kinds of normal things that you would say to your dog.",It's been a long time since we've seen a dog with a different language.,251,14,19,0.7368421052631579,0,0.058823529411764705,0.0,0.058823529411764705,0.8648474812507629,0.8503994345664978,0.8575626015663147
40324675,entertainment,fact_constrained,"Fetch, sit and roll over - all the kinds of normal things that you would say to your dog.",It's been a long time since we've seen a dog with a language problem.,251,14,19,0.7368421052631579,0,0.058823529411764705,0.0,0.058823529411764705,0.8677443265914917,0.8496959805488586,0.8586252927780151
35182485,entertainment,tldr,A man is to appear in court over the suspicious death of a 34-year-old in Dundee.,A 24-year-old man has been charged with the murder of a man in Dundee.,379,14,16,0.875,0,0.5294117647058824,0.25,0.411764705882353,0.9578975439071655,0.9462521076202393,0.9520391821861267
35182485,entertainment,bullet_points,A man is to appear in court over the suspicious death of a 34-year-old in Dundee.,A man has been charged with murder following the death of a man in Dundee.,379,15,16,0.9375,0,0.4848484848484848,0.2580645161290323,0.4848484848484848,0.9556750059127808,0.9384160041809082,0.9469668865203857
35182485,entertainment,bullet_points_strict,A man is to appear in court over the suspicious death of a 34-year-old in Dundee.,A 24-year-old man has been charged with the murder of a man in Dundee.,379,14,16,0.875,0,0.5294117647058824,0.25,0.411764705882353,0.9578975439071655,0.9462521076202393,0.9520391821861267
35182485,entertainment,one_sentence,A man is to appear in court over the suspicious death of a 34-year-old in Dundee.,A 24-year-old man has been charged with the murder of a man in Dundee.,379,14,16,0.875,0,0.5294117647058824,0.25,0.411764705882353,0.9578975439071655,0.9462521076202393,0.9520391821861267
35182485,entertainment,fact_constrained,A man is to appear in court over the suspicious death of a 34-year-old in Dundee.,A man has been charged with murder following the death of a man in Dundee.,379,15,16,0.9375,0,0.4848484848484848,0.2580645161290323,0.4848484848484848,0.9556750059127808,0.9384160041809082,0.9469668865203857
26865843,entertainment,tldr,It is a day when women from Merseyside are encouraged to dress in their finest clothes and enjoy a day at the races at Ladies' Day.,Ladies' Day is a celebration of women's individuality.,3872,8,26,0.3076923076923077,0,0.28571428571428575,0.12121212121212122,0.17142857142857146,0.9257798790931702,0.8758711814880371,0.900134265422821
26865843,entertainment,bullet_points,It is a day when women from Merseyside are encouraged to dress in their finest clothes and enjoy a day at the races at Ladies' Day.,"Ladies' Day is a celebration of women's individuality, but it is also a celebration of women's fashion.",3872,17,26,0.6538461538461539,0,0.3111111111111111,0.13953488372093023,0.17777777777777778,0.9012303352355957,0.880050003528595,0.8905143141746521
26865843,entertainment,bullet_points_strict,It is a day when women from Merseyside are encouraged to dress in their finest clothes and enjoy a day at the races at Ladies' Day.,"Ladies' Day is a celebration of women's individuality, but it is also a celebration of women's fashion.",3872,17,26,0.6538461538461539,0,0.3111111111111111,0.13953488372093023,0.17777777777777778,0.9012303352355957,0.880050003528595,0.8905143141746521
26865843,entertainment,one_sentence,It is a day when women from Merseyside are encouraged to dress in their finest clothes and enjoy a day at the races at Ladies' Day.,"Ladies' Day is a celebration of women's individuality, but it is also a celebration of women's fashion.",3872,17,26,0.6538461538461539,0,0.3111111111111111,0.13953488372093023,0.17777777777777778,0.9012303352355957,0.880050003528595,0.8905143141746521
26865843,entertainment,fact_constrained,It is a day when women from Merseyside are encouraged to dress in their finest clothes and enjoy a day at the races at Ladies' Day.,Ladies' Day is a celebration of women's individuality.,3872,8,26,0.3076923076923077,0,0.28571428571428575,0.12121212121212122,0.17142857142857146,0.9257798790931702,0.8758711814880371,0.900134265422821
38748861,entertainment,tldr,A CCTV image of two women who may have witnessed a serious assault at a music venue has been released by police.,Police have released images of two men they want to speak to in connection with an attack in Glasgow.,570,19,22,0.8636363636363636,0,0.24390243902439024,0.05128205128205128,0.0975609756097561,0.9146390557289124,0.916355550289154,0.9154965281486511
38748861,entertainment,bullet_points,A CCTV image of two women who may have witnessed a serious assault at a music venue has been released by police.,Police have released images of two women they want to speak to in connection with an attack in Glasgow.,570,19,22,0.8636363636363636,0,0.2926829268292683,0.10256410256410256,0.14634146341463414,0.9181365966796875,0.9195452928543091,0.9188404083251953
38748861,entertainment,bullet_points_strict,A CCTV image of two women who may have witnessed a serious assault at a music venue has been released by police.,Police have released images of two men they want to speak to in connection with an attack in Glasgow.,570,19,22,0.8636363636363636,0,0.24390243902439024,0.05128205128205128,0.0975609756097561,0.9146390557289124,0.916355550289154,0.9154965281486511
38748861,entertainment,one_sentence,A CCTV image of two women who may have witnessed a serious assault at a music venue has been released by police.,Police have released images of two women they want to speak to in connection with an attack in Glasgow.,570,19,22,0.8636363636363636,0,0.2926829268292683,0.10256410256410256,0.14634146341463414,0.9181365966796875,0.9195452928543091,0.9188404083251953
38748861,entertainment,fact_constrained,A CCTV image of two women who may have witnessed a serious assault at a music venue has been released by police.,Police have released images of two women they want to speak to in connection with an attack in Glasgow.,570,19,22,0.8636363636363636,0,0.2926829268292683,0.10256410256410256,0.14634146341463414,0.9181365966796875,0.9195452928543091,0.9188404083251953
27453471,entertainment,tldr,A huge gorilla statue made entirely of spoons for entertainer Uri Geller has been unveiled by Prince Michael of Kent.,A giant gorilla made entirely of spoons has been unveiled at the unveiling of Uri Geller's gorilla statue.,3197,18,20,0.9,0,0.6666666666666667,0.37837837837837834,0.5128205128205129,0.9616954326629639,0.9232973456382751,0.9421052932739258
27453471,entertainment,bullet_points,A huge gorilla statue made entirely of spoons for entertainer Uri Geller has been unveiled by Prince Michael of Kent.,A giant gorilla made entirely of spoons has been unveiled at the unveiling of Uri Geller's gorilla statue.,3197,18,20,0.9,0,0.6666666666666667,0.37837837837837834,0.5128205128205129,0.9616954326629639,0.9232973456382751,0.9421052932739258
27453471,entertainment,bullet_points_strict,A huge gorilla statue made entirely of spoons for entertainer Uri Geller has been unveiled by Prince Michael of Kent.,A giant gorilla made entirely of spoons has been unveiled at the unveiling of Uri Geller's gorilla statue.,3197,18,20,0.9,0,0.6666666666666667,0.37837837837837834,0.5128205128205129,0.9616954326629639,0.9232973456382751,0.9421052932739258
27453471,entertainment,one_sentence,A huge gorilla statue made entirely of spoons for entertainer Uri Geller has been unveiled by Prince Michael of Kent.,Uri Geller's gorilla statue has been unveiled at his home in Berkshire.,3197,12,20,0.6,0,0.4242424242424242,0.2580645161290323,0.30303030303030304,0.9286638498306274,0.889892578125,0.9088649153709412
27453471,entertainment,fact_constrained,A huge gorilla statue made entirely of spoons for entertainer Uri Geller has been unveiled by Prince Michael of Kent.,A giant gorilla made entirely of spoons has been unveiled at the unveiling of Uri Geller's gorilla statue.,3197,18,20,0.9,0,0.6666666666666667,0.37837837837837834,0.5128205128205129,0.9616954326629639,0.9232973456382751,0.9421052932739258
37031227,entertainment,tldr,"Indian cricketer Ravindra Jadeja has been fined 20,000 rupees (Â£229; $300) after posting photos online of him and his wife posing in front of endangered Asiatic lions.",India's cricketer Jadeja has been fined for taking selfies with lions.,1365,11,27,0.4074074074074074,0,0.3,0.15789473684210525,0.3,0.954013466835022,0.8548097610473633,0.9016912579536438
37031227,entertainment,bullet_points,"Indian cricketer Ravindra Jadeja has been fined 20,000 rupees (Â£229; $300) after posting photos online of him and his wife posing in front of endangered Asiatic lions.",India's cricketer Jadeja has been fined for taking selfies with lions in a national park in Gujarat.,1365,17,27,0.6296296296296297,0,0.30434782608695654,0.13636363636363638,0.2608695652173913,0.9394904375076294,0.8562266230583191,0.895928144454956
37031227,entertainment,bullet_points_strict,"Indian cricketer Ravindra Jadeja has been fined 20,000 rupees (Â£229; $300) after posting photos online of him and his wife posing in front of endangered Asiatic lions.","India's cricketer Jadeja has been fined Rs 50,000 (£16,000) for taking selfies with lions in a national park in Gujarat.",1365,20,27,0.7407407407407407,0,0.3137254901960784,0.12244897959183673,0.27450980392156865,0.9325122833251953,0.8912533521652222,0.9114161133766174
37031227,entertainment,one_sentence,"Indian cricketer Ravindra Jadeja has been fined 20,000 rupees (Â£229; $300) after posting photos online of him and his wife posing in front of endangered Asiatic lions.",India's cricketer Jadeja has been fined for taking selfies with lions in a national park in Gujarat.,1365,17,27,0.6296296296296297,0,0.30434782608695654,0.13636363636363638,0.2608695652173913,0.9394904375076294,0.8562266230583191,0.895928144454956
37031227,entertainment,fact_constrained,"Indian cricketer Ravindra Jadeja has been fined 20,000 rupees (Â£229; $300) after posting photos online of him and his wife posing in front of endangered Asiatic lions.",A cricketer in India has been fined for taking selfies with lions in a national park.,1365,16,27,0.5925925925925926,0,0.2727272727272727,0.09523809523809523,0.22727272727272727,0.9380077719688416,0.8446561098098755,0.8888877630233765
37863033,entertainment,tldr,"Shows like Transparent mean there are more LGBT (lesbian, gay, bisexual and transgender) characters on US TV than ever before, a report has found.","More than 25 lesbian and bisexual female characters have died or were killed off on TV shows, according to a new study.",1071,22,24,0.9166666666666666,0,0.43478260869565216,0.0,0.30434782608695654,0.9002767205238342,0.8767009973526001,0.8883324265480042
37863033,entertainment,bullet_points,"Shows like Transparent mean there are more LGBT (lesbian, gay, bisexual and transgender) characters on US TV than ever before, a report has found.","The number of transgender characters on TV has risen by more than a third in the past year, according to a new study.",1071,23,24,0.9583333333333334,0,0.3404255319148936,0.08888888888888888,0.2553191489361702,0.9031859040260315,0.865838885307312,0.8841181397438049
37863033,entertainment,bullet_points_strict,"Shows like Transparent mean there are more LGBT (lesbian, gay, bisexual and transgender) characters on US TV than ever before, a report has found.","The number of transgender characters on TV has risen by more than a third in the past year, according to a new study.",1071,23,24,0.9583333333333334,0,0.3404255319148936,0.08888888888888888,0.2553191489361702,0.9031859040260315,0.865838885307312,0.8841181397438049
37863033,entertainment,one_sentence,"Shows like Transparent mean there are more LGBT (lesbian, gay, bisexual and transgender) characters on US TV than ever before, a report has found.","The number of transgender characters on TV has risen by more than a third in the past year, according to a new study.",1071,23,24,0.9583333333333334,0,0.3404255319148936,0.08888888888888888,0.2553191489361702,0.9031859040260315,0.865838885307312,0.8841181397438049
37863033,entertainment,fact_constrained,"Shows like Transparent mean there are more LGBT (lesbian, gay, bisexual and transgender) characters on US TV than ever before, a report has found.","The number of transgender characters on TV has risen by more than a third in a year, according to a new study.",1071,22,24,0.9166666666666666,0,0.34782608695652173,0.0909090909090909,0.2608695652173913,0.9023493528366089,0.8660725951194763,0.8838388919830322
31811294,entertainment,tldr,"You wait more than 15 years for a new Ghostbusters film, and then two come along at the same time.","Ivan Reitman says he wants to ""expand the Ghostbusters universe"".",1756,10,20,0.5,0,0.13333333333333333,0.0,0.06666666666666667,0.8571053147315979,0.8601547479629517,0.8586273193359375
31811294,entertainment,bullet_points,"You wait more than 15 years for a new Ghostbusters film, and then two come along at the same time.","Ivan Reitman has said he wants to ""expand"" the Ghostbusters franchise.",1756,11,20,0.55,0,0.12903225806451613,0.0,0.06451612903225806,0.8719041347503662,0.8661032319068909,0.8689939975738525
31811294,entertainment,bullet_points_strict,"You wait more than 15 years for a new Ghostbusters film, and then two come along at the same time.","Ghostbusters director Ivan Reitman says he wants to ""expand the Ghostbusters universe"".",1756,12,20,0.6,0,0.125,0.0,0.125,0.8723475337028503,0.862812876701355,0.8675540089607239
31811294,entertainment,one_sentence,"You wait more than 15 years for a new Ghostbusters film, and then two come along at the same time.",Ghostbusters: Ghostbusters: Ghostbusters: Ghostbusters: Ghostbusters: Ghostbusters: Ghostbusters: Ghostbusters: Ghostbusters: Ghostbusters: Ghostbusters: Ghostbusters: Ghostbusters: Ghostbusters: Ghostbusters: Ghostbusters: Ghostbusters: Ghostbusters: Ghostbusters: Ghostbusters: Ghostbusters: Ghostbusters: Ghostbusters: Ghostbusters: Ghostbusters: Ghostbusters: Ghostbusters: Ghostbusters: Ghostbusters: Ghostbusters: Ghostbusters: Ghostbusters:,1756,32,20,1.6,0,0.038461538461538464,0.0,0.038461538461538464,0.7689481377601624,0.8153811097145081,0.7914841771125793
31811294,entertainment,fact_constrained,"You wait more than 15 years for a new Ghostbusters film, and then two come along at the same time.","Ivan Reitman has said he wants to ""expand"" the Ghostbusters franchise.",1756,11,20,0.55,0,0.12903225806451613,0.0,0.06451612903225806,0.8719041347503662,0.8661032319068909,0.8689939975738525
30537078,entertainment,tldr,"Photographs showing a festive Prince Harry have been released, to mark his support of a charity helping children affected by HIV and Aids.",Prince Harry has visited a children's home in Lesotho for the first time.,1748,13,23,0.5652173913043478,0,0.2162162162162162,0.05714285714285715,0.2162162162162162,0.8922576308250427,0.8770747780799866,0.8846010565757751
30537078,entertainment,bullet_points,"Photographs showing a festive Prince Harry have been released, to mark his support of a charity helping children affected by HIV and Aids.",Prince Harry has visited a children's home in Lesotho for the first time.,1748,13,23,0.5652173913043478,0,0.2162162162162162,0.05714285714285715,0.2162162162162162,0.8922576308250427,0.8770747780799866,0.8846010565757751
30537078,entertainment,bullet_points_strict,"Photographs showing a festive Prince Harry have been released, to mark his support of a charity helping children affected by HIV and Aids.",Prince Harry has visited a children's home in Lesotho for the first time.,1748,13,23,0.5652173913043478,0,0.2162162162162162,0.05714285714285715,0.2162162162162162,0.8922576308250427,0.8770747780799866,0.8846010565757751
30537078,entertainment,one_sentence,"Photographs showing a festive Prince Harry have been released, to mark his support of a charity helping children affected by HIV and Aids.",Prince Harry has visited a children's home in Lesotho for the first time.,1748,13,23,0.5652173913043478,0,0.2162162162162162,0.05714285714285715,0.2162162162162162,0.8922576308250427,0.8770747780799866,0.8846010565757751
30537078,entertainment,fact_constrained,"Photographs showing a festive Prince Harry have been released, to mark his support of a charity helping children affected by HIV and Aids.",Prince Harry has visited a children's home in Lesotho for the first time.,1748,13,23,0.5652173913043478,0,0.2162162162162162,0.05714285714285715,0.2162162162162162,0.8922576308250427,0.8770747780799866,0.8846010565757751
38342183,entertainment,tldr,A police dog stabbed on duty returned to the beat earlier this month after life-saving surgery.,A seven-year-old German Shepherd was rescued from a armed robbery by his handler.,450,13,16,0.8125,0,0.0625,0.0,0.0625,0.8876073360443115,0.8758000731468201,0.8816641569137573
38342183,entertainment,bullet_points,A police dog stabbed on duty returned to the beat earlier this month after life-saving surgery.,A dog who was rescued from a robbery has been named by the BBC.,450,14,16,0.875,0,0.1935483870967742,0.0,0.1935483870967742,0.8953070044517517,0.8721883296966553,0.8835964798927307
38342183,entertainment,bullet_points_strict,A police dog stabbed on duty returned to the beat earlier this month after life-saving surgery.,Hundreds of people have signed a petition calling on the government to re-think the laws surrounding injured police support animals.,450,20,16,1.25,0,0.2631578947368421,0.0,0.21052631578947367,0.8725436329841614,0.8636345863342285,0.8680663108825684
38342183,entertainment,one_sentence,A police dog stabbed on duty returned to the beat earlier this month after life-saving surgery.,"Finn, a German Shepherd, was rescued from a robbery at a police station in Birmingham.",450,15,16,0.9375,0,0.125,0.06666666666666667,0.125,0.8866164684295654,0.8740392327308655,0.8802829384803772
38342183,entertainment,fact_constrained,A police dog stabbed on duty returned to the beat earlier this month after life-saving surgery.,A seven-year-old German Shepherd has been rescued from a robbery.,450,10,16,0.625,0,0.06896551724137931,0.0,0.06896551724137931,0.8921489715576172,0.8705587983131409,0.8812217116355896
20191016,entertainment,tldr,"A Victorian university building in Aberystwyth could be transformed into a postgraduate centre under plans for a new ""cultural quarter"".",Plans to transform one of Aberystwyth's most recognisable buildings have been unveiled.,2130,12,20,0.6,0,0.12121212121212123,0.0,0.060606060606060615,0.9184954166412354,0.8980344533920288,0.9081497192382812
20191016,entertainment,bullet_points,"A Victorian university building in Aberystwyth could be transformed into a postgraduate centre under plans for a new ""cultural quarter"".",Plans to transform a historic building in Aberystwyth have been unveiled.,2130,11,20,0.55,0,0.3225806451612903,0.13793103448275862,0.25806451612903225,0.9492533206939697,0.9076532125473022,0.927987277507782
20191016,entertainment,bullet_points_strict,"A Victorian university building in Aberystwyth could be transformed into a postgraduate centre under plans for a new ""cultural quarter"".",Plans to transform a historic building in Aberystwyth have been unveiled.,2130,11,20,0.55,0,0.3225806451612903,0.13793103448275862,0.25806451612903225,0.9492533206939697,0.9076532125473022,0.927987277507782
20191016,entertainment,one_sentence,"A Victorian university building in Aberystwyth could be transformed into a postgraduate centre under plans for a new ""cultural quarter"".",Plans to transform one of Aberystwyth's most recognisable buildings have been unveiled.,2130,12,20,0.6,0,0.12121212121212123,0.0,0.060606060606060615,0.9184954166412354,0.8980344533920288,0.9081497192382812
20191016,entertainment,fact_constrained,"A Victorian university building in Aberystwyth could be transformed into a postgraduate centre under plans for a new ""cultural quarter"".",Plans to transform a historic building in Aberystwyth have been unveiled.,2130,11,20,0.55,0,0.3225806451612903,0.13793103448275862,0.25806451612903225,0.9492533206939697,0.9076532125473022,0.927987277507782
34196691,entertainment,tldr,"Wetwang, Cockermouth and Bell End were just some of the place names deemed too rude to be shown at a Women's Institute (WI) event.",The author of Lesser Spotted Britain has said he was censored by organisers at an event.,1836,16,24,0.6666666666666666,0,0.19512195121951217,0.0,0.14634146341463414,0.8618780970573425,0.8367937803268433,0.8491507768630981
34196691,entertainment,bullet_points,"Wetwang, Cockermouth and Bell End were just some of the place names deemed too rude to be shown at a Women's Institute (WI) event.",A British author has said he was censored at a fair because he was selling 'carry on' humour.,1836,18,24,0.75,0,0.09302325581395349,0.048780487804878044,0.09302325581395349,0.8771485686302185,0.8339939117431641,0.8550270199775696
34196691,entertainment,bullet_points_strict,"Wetwang, Cockermouth and Bell End were just some of the place names deemed too rude to be shown at a Women's Institute (WI) event.",The author of Lesser Spotted Britain has said he was censored by organisers at an event.,1836,16,24,0.6666666666666666,0,0.19512195121951217,0.0,0.14634146341463414,0.8618780970573425,0.8367937803268433,0.8491507768630981
34196691,entertainment,one_sentence,"Wetwang, Cockermouth and Bell End were just some of the place names deemed too rude to be shown at a Women's Institute (WI) event.",The author of 'Lesser Spotted Britain' has said he was censored by organisers at an event.,1836,16,24,0.6666666666666666,0,0.19512195121951217,0.0,0.14634146341463414,0.8619105815887451,0.8373030424118042,0.8494285941123962
34196691,entertainment,fact_constrained,"Wetwang, Cockermouth and Bell End were just some of the place names deemed too rude to be shown at a Women's Institute (WI) event.",A writer has said he was censored by organisers at a 'carry on' event.,1836,14,24,0.5833333333333334,0,0.15384615384615383,0.05405405405405406,0.15384615384615383,0.8895739912986755,0.8409767150878906,0.864592969417572
23629830,entertainment,tldr,"Hugh Grant has been cast in Guy Ritchie's big-screen adaptation of the 1960s TV show, The Man From U.N.C.L.E.",Grant will play a leading role in the spy film The Man From U.N.C.L.E.,1422,14,19,0.7368421052631579,0,0.5116279069767442,0.34146341463414637,0.5116279069767442,0.9506042003631592,0.9146300554275513,0.9322702288627625
23629830,entertainment,bullet_points,"Hugh Grant has been cast in Guy Ritchie's big-screen adaptation of the 1960s TV show, The Man From U.N.C.L.E.","Grant will play a leading role in The Man From U.N.C.L.E., according to the Hollywood Reporter.",1422,16,19,0.8421052631578947,0,0.48888888888888893,0.32558139534883723,0.4444444444444445,0.9357128143310547,0.9131057858467102,0.9242711663246155
23629830,entertainment,bullet_points_strict,"Hugh Grant has been cast in Guy Ritchie's big-screen adaptation of the 1960s TV show, The Man From U.N.C.L.E.","Grant will play a leading role in The Man From U.N.C.L.E., according to the Hollywood Reporter.",1422,16,19,0.8421052631578947,0,0.48888888888888893,0.32558139534883723,0.4444444444444445,0.9357128143310547,0.9131057858467102,0.9242711663246155
23629830,entertainment,one_sentence,"Hugh Grant has been cast in Guy Ritchie's big-screen adaptation of the 1960s TV show, The Man From U.N.C.L.E.",Grant has been confirmed as the lead actor in a new adaptation of the TV series The Man From U.N.C.L.E.,1422,20,19,1.0526315789473684,0,0.6530612244897959,0.4680851063829787,0.6530612244897959,0.9499604105949402,0.9336881637573242,0.9417539238929749
23629830,entertainment,fact_constrained,"Hugh Grant has been cast in Guy Ritchie's big-screen adaptation of the 1960s TV show, The Man From U.N.C.L.E.","Grant will play a leading role in the adaptation of The Man From U.N.C.L.E., according to the Hollywood Reporter.",1422,19,19,1.0,0,0.5416666666666667,0.3913043478260869,0.4999999999999999,0.9414423108100891,0.9242199659347534,0.9327515959739685
32512624,entertainment,tldr,"Singer Lil' Chris's death was caused by hanging, an inquest has heard.",An inquest into the death of singer Lil' Chris Hardman has been adjourned.,2132,13,12,1.0833333333333333,0,0.5384615384615384,0.25,0.3076923076923077,0.9257962107658386,0.9312765002250671,0.9285282492637634
32512624,entertainment,bullet_points,"Singer Lil' Chris's death was caused by hanging, an inquest has heard.",An inquest into the death of singer Lil' Chris Hardman has been adjourned.,2132,13,12,1.0833333333333333,0,0.5384615384615384,0.25,0.3076923076923077,0.9257962107658386,0.9312765002250671,0.9285282492637634
32512624,entertainment,bullet_points_strict,"Singer Lil' Chris's death was caused by hanging, an inquest has heard.",An inquest into the death of singer Lil' Chris Hardman has been adjourned.,2132,13,12,1.0833333333333333,0,0.5384615384615384,0.25,0.3076923076923077,0.9257962107658386,0.9312765002250671,0.9285282492637634
32512624,entertainment,one_sentence,"Singer Lil' Chris's death was caused by hanging, an inquest has heard.",The inquest into the death of singer Lil' Chris Hardman has been adjourned until 28 July.,2132,16,12,1.3333333333333333,0,0.41379310344827586,0.14814814814814814,0.27586206896551724,0.8991914987564087,0.9277025461196899,0.9132245779037476
32512624,entertainment,fact_constrained,"Singer Lil' Chris's death was caused by hanging, an inquest has heard.",An inquest into the death of singer Lil' Chris has been adjourned.,2132,12,12,1.0,0,0.5599999999999999,0.2608695652173913,0.32,0.9491279721260071,0.9385274052619934,0.9437978863716125
