id,genre,prompt_name,reference_summary,generated_summary,source_length_chars,generated_length_words,reference_length_words,compression_ratio,is_bullet_format,rouge1,rouge2,rougeL,bertscore_precision,bertscore_recall,bertscore_f1
38264402,tech,bullet_points_strict,"There is a ""chronic"" need for more housing for prison leavers in Wales, according to a charity.","The number of people who are homeless in Wales is ""disappointing"", a charity has said.",3525,15,17,0.8823529411764706,0,0.3125,0.13333333333333333,0.25,0.9122166633605957,0.9157290458679199,0.9139695167541504
34227252,entertainment,bullet_points_strict,"A man has appeared in court after firearms, ammunition and cash were seized by police in Edinburgh.",A 26-year-old man has appeared in court charged with armed robbery in Edinburgh.,287,13,17,0.7647058823529411,0,0.5,0.3333333333333333,0.5,0.9296108484268188,0.9182326793670654,0.9238867163658142
38537698,tech,bullet_points_strict,"Four people accused of kidnapping and torturing a mentally disabled man in a ""racially motivated"" attack streamed on Facebook have been denied bail.",Four teenagers have been charged with hate crimes after a white man was beaten to death in Chicago.,1488,18,23,0.782608695652174,0,0.2926829268292683,0.05128205128205128,0.1951219512195122,0.9115617871284485,0.8844709396362305,0.8978120684623718
36175342,sport,bullet_points_strict,"West Brom have appointed Nicky Hammond as technical director, ending his 20-year association with Reading.",West Bromwich Albion have appointed former Arsenal youth academy director and youth academy director Darren Clarke as their new director of football.,313,22,15,1.4666666666666666,0,0.2631578947368421,0.05555555555555555,0.2631578947368421,0.9006370306015015,0.907526969909668,0.9040688872337341
39070183,tech,bullet_points_strict,"The pancreas can be triggered to regenerate itself through a type of fasting diet, say US researchers.",A fasting-mimicking diet has been shown to reverse the symptoms of type 1 diabetes.,3585,14,17,0.8235294117647058,0,0.43749999999999994,0.0,0.18750000000000003,0.8770020604133606,0.8894954323768616,0.8832045793533325
38899892,business,bullet_points_strict,"Since their impending merger was announced in January, there has been remarkably little comment about the huge proposed deal to combine Essilor and Luxottica.","If you're looking for a good deal on a merger between two of the world's biggest companies, there's no way you'll be able to find it.",6147,26,24,1.0833333333333333,0,0.1851851851851852,0.0,0.11111111111111112,0.8723170161247253,0.8681740760803223,0.8702405691146851
39339718,sport,bullet_points_strict,"A ""medal at any cost"" approach created a ""culture of fear"" at British Cycling, says former rider Wendy Houvenaghel.","Wendy Houvenaghel has said she feels ""vindicated"" by British Cycling's failures in the World Class Programme.",5432,16,19,0.8421052631578947,0,0.2222222222222222,0.11764705882352941,0.1111111111111111,0.9190068244934082,0.9116318225860596,0.9153044819831848
34571446,business,bullet_points_strict,Have you heard the one about the computer programmer who bought a failing comedy club in Texas and turned it into a million dollar a year business?,"The Hideout is a comedy club in Austin, Texas.",5950,9,27,0.3333333333333333,0,0.3333333333333333,0.11764705882352941,0.3333333333333333,0.9070320725440979,0.8586829304695129,0.8821955323219299
36892983,business,bullet_points_strict,"The reaction from BT's investors told us much about media regulator Ofcom's ruling on the fate of Openreach, the BT subsidiary that provides much of the UK's broadband infrastructure.","BT's share price soared in early trading after the company's chief executive, Ofcom's Sharon White, said the company's pension scheme was ""practical obstacles"" to a break-up.",2398,26,29,0.896551724137931,0,0.2222222222222222,0.06557377049180328,0.19047619047619047,0.8659908771514893,0.8793990612030029,0.8726434707641602
37732028,sport,bullet_points_strict,Manager Brendan Rodgers is sure Celtic can exploit the wide open spaces of Hampden when they meet Rangers in Sunday's League Cup semi-final.,Brendan Rodgers says he is looking forward to his first Old Firm derby with Celtic on Saturday.,2239,17,23,0.7391304347826086,0,0.19047619047619052,0.05,0.19047619047619052,0.9108632206916809,0.8870556354522705,0.898801863193512
32300397,business,bullet_points_strict,Queen's University Belfast is cutting 236 jobs and 290 student places due to a funding reduction.,"The University of Queen's in Belfast is to cut its undergraduate and postgraduate places by 1,010 over the next three years, the BBC understands.",2309,24,16,1.5,0,0.372093023255814,0.09756097560975609,0.2790697674418605,0.8912345767021179,0.9161904454231262,0.9035401940345764
32672009,tech,bullet_points_strict,Hospital bosses in Sussex have apologised after about 850 patients were sent leaflets in error suggesting they might have cancer.,"East Sussex Healthcare NHS Trust has apologised for a ""two-week information leaflet"" being inserted with an appointment letter.",1318,18,20,0.9,0,0.10256410256410256,0.0,0.10256410256410256,0.8850730657577515,0.8914143443107605,0.888232409954071
38872899,politics,bullet_points_strict,The shadow foreign secretary has suggested Labour will continue to support legislation paving the way for Brexit as it passes through Parliament.,"Labour has said it will not ""frustrate Brexit"" if it fails to amend its Brexit bill.",3157,16,22,0.7272727272727273,0,0.3157894736842105,0.0,0.2105263157894737,0.8892247080802917,0.8932316303253174,0.8912236094474792
37248643,sport,bullet_points_strict,Torquay United boss Kevin Nicholson says none of the money from Eunan O'Kane's move to Leeds from Bournemouth will go to the playing squad.,The Gulls have agreed a deal to sell midfielder Sean O'Kane to the Cherries for £8m.,625,16,24,0.6666666666666666,0,0.2790697674418605,0.09756097560975609,0.23255813953488372,0.8957774639129639,0.8726987242698669,0.8840874433517456
38521798,tech,bullet_points_strict,North Wales Police has been criticised at an inquest for sending an officer to speak to a hospital patient with paranoid schizophrenia.,"A psychiatric consultant has said he is ""extremely unhappy"" about a visit by a police officer to a ward at a hospital.",1314,22,22,1.0,0,0.3181818181818182,0.14285714285714285,0.22727272727272727,0.9026289582252502,0.9021520018577576,0.9023904204368591
29771956,sport,bullet_points_strict,Leicester City striker Gary Taylor-Fletcher has joined Sheffield Wednesday on an initial month-long loan.,Leicester City have signed Leicester City winger Chris Taylor-Fletcher on a one-year deal.,343,13,14,0.9285714285714286,0,0.3225806451612903,0.1379310344827586,0.3225806451612903,0.9461217522621155,0.9351902008056641,0.9406242370605469
38322594,politics,bullet_points_strict,"Limiting access to federal research would do an ""enormous disservice"" to the US and the world according to former Nasa chief scientist.","The chief scientist of Nasa has warned that access to climate data will be a ""tremendous disservice to the citizens of this country and to the world in general"".",5964,29,22,1.3181818181818181,0,0.47058823529411764,0.20408163265306123,0.3137254901960784,0.917674720287323,0.9293165802955627,0.9234589338302612
35194738,entertainment,bullet_points_strict,"John ""Brad"" Bradbury, drummer with The Specials, has died at the age of 62.",The Specials drummer John 'Brad' Bradbury has died at the age of 84.,2284,13,14,0.9285714285714286,0,0.888888888888889,0.64,0.6666666666666666,0.9817701578140259,0.9701306819915771,0.9759156703948975
38781058,sport,bullet_points_strict,"Tiger Woods missed the cut at the Farmers Insurance Open, as England's Justin Rose maintained a one-shot lead.",World number one Woods missed the cut at the San Diego Open as he missed the cut by four shots.,1084,20,18,1.1111111111111112,0,0.45,0.3157894736842105,0.4000000000000001,0.9169086813926697,0.8983135223388672,0.907515823841095
40181128,sport,bullet_points_strict,"Former England striker Andy Cole says he faces a ""long road ahead"" as he recovers from his recent kidney transplant.","Manchester United striker Ashley Cole says he has a ""long road ahead"" after a kidney transplant.",1760,16,20,0.8,0,0.5555555555555556,0.35294117647058826,0.5555555555555556,0.9707770347595215,0.95908522605896,0.9648957252502441
35345872,tech,bullet_points_strict,"Pakistan has unblocked the video sharing site, YouTube, more than three years after it was banned for posting a video deemed insulting to Islam.",Pakistan's government has lifted a ban on YouTube in the country.,2050,11,24,0.4583333333333333,0,0.2777777777777778,0.0,0.16666666666666666,0.9254280924797058,0.8704209923744202,0.8970820903778076
32148941,sport,bullet_points_strict,"Leicester Tigers winger Miles Benjamin is likely to be out for the rest of the season because of a knee injury, reports BBC Radio Leicester.",Leicester's Ben Benjamin will miss the rest of the season because of a neck injury.,676,15,25,0.6,0,0.5365853658536586,0.35897435897435903,0.5365853658536586,0.958945095539093,0.9216182827949524,0.9399112462997437
37066439,sport,bullet_points_strict,Owain Doull has won Wales' first gold of the 2016 Olympics as he helped the Great Britain men's team pursuit defend their cycling title in Rio.,Great Britain's Mark Doull won a silver medal in the women's team pursuit at the Rio Olympics.,2573,17,26,0.6538461538461539,0,0.5217391304347826,0.13636363636363638,0.30434782608695654,0.9206988215446472,0.8867021203041077,0.9033807516098022
40787080,tech,bullet_points_strict,"Floods in the western Indian state of Gujarat have killed 218 people, government officials have confirmed.","The death toll from floods in Gujarat state has risen to more than 100 people, officials say.",755,17,16,1.0625,0,0.42424242424242425,0.06451612903225808,0.30303030303030304,0.9285959005355835,0.9357650876045227,0.9321666955947876
39192648,sport,bullet_points_strict,All images copyrighted.,Snowsports lovers got married on skis in Scotland's Nevis Range.,2058,10,3,3.3333333333333335,0,0.0,0.0,0.0,0.8195071816444397,0.8666239976882935,0.8424072861671448
27119429,business,bullet_points_strict,"Royal Bank of Scotland (RBS) has been fined HK$6m (£460,000) by Hong Kong regulators after it failed to detect a series of unauthorised transactions by one of its traders.",Hong Kong's Royal Bank of Scotland (RBS) has been fined a record amount by the Hong Kong Securities and Exchange Commission (HKSEC).,1574,22,29,0.7586206896551724,0,0.4444444444444444,0.30769230769230765,0.40740740740740744,0.9167636036872864,0.8820927143096924,0.8990941047668457
38952672,politics,bullet_points_strict,"The Bafta awards had laughter, passion and plenty of politics.",Baftas - the best of the best - and the best of the best of the best.,4391,17,10,1.7,0,0.24,0.0,0.24,0.8528580665588379,0.8807975649833679,0.8666026592254639
40458642,sport,bullet_points_strict,"Of his last 30 matches in 2016, Andy Murray won 28 and lost just two.",Defending champion Andy Murray's record at Wimbledon has been shattered by a knee injury.,4120,14,15,0.9333333333333333,0,0.13333333333333333,0.07142857142857142,0.13333333333333333,0.8772261142730713,0.8527766466140747,0.8648285865783691
39935147,entertainment,bullet_points_strict,South African police say four people have been arrested in connection with the murder of former actor on popular local TV series Generations.,Police in South Africa are questioning two men who robbed women of their mobile phones in a pub.,601,18,23,0.782608695652174,0,0.1951219512195122,0.0,0.14634146341463414,0.9018239378929138,0.8880009651184082,0.8948590755462646
34911128,tech,bullet_points_strict,"A shot was reportedly fired at a car outside a primary school in Liverpool as parents were taking their children inside, police have said.",A school shooting at a primary school in Merseyside is being investigated by police.,1163,14,24,0.5833333333333334,0,0.3684210526315789,0.2222222222222222,0.3684210526315789,0.9257766604423523,0.8989096879959106,0.9121454358100891
32950992,sport,bullet_points_strict,Jessica Ennis-Hill has fallen from fourth to eighth place after six events at the Hypo-Meeting in Gotzis.,Great Britain's Laura Ennis-Hill has slipped to third place in the women's 800m at the Gotzis Hypo-Meeting.,866,17,17,1.0,0,0.5500000000000002,0.2105263157894737,0.45,0.9277706146240234,0.9389522075653076,0.9333279132843018
38772098,sport,bullet_points_strict,The Manor team have collapsed after administrators failed to find a buyer for the stricken business.,Manor Racing have collapsed following the collapse of the team.,3306,10,16,0.625,0,0.4615384615384615,0.08333333333333334,0.3076923076923077,0.9206019639968872,0.8952202200889587,0.9077337384223938
38914203,politics,bullet_points_strict,A total of 228 candidates will contest the Northern Ireland Assembly election next month - 48 fewer than last time.,There are a total of 228 candidates in the assembly election in Northern Ireland.,893,14,20,0.7,0,0.6060606060606061,0.3870967741935484,0.48484848484848486,0.9633104205131531,0.9131302237510681,0.937549352645874
37624408,business,bullet_points_strict,"With the value of the pound falling dramatically since Brexit, a ""flash crash"" last week when the currency lost 6% of its value against the dollar, and news on Tuesday that the pound had fallen again, when would be a good time to change those pounds to dollars?",The pound has fallen 18% against the dollar on the judgment that growth is likely to be stronger in the US than the UK and that UK interest rates are falling.,2104,31,48,0.6458333333333334,0,0.379746835443038,0.0779220779220779,0.20253164556962025,0.8773792386054993,0.8680180907249451,0.8726735711097717
34631268,entertainment,bullet_points_strict,A philosophy student who wears vintage clothing has won a national contest for alternative models.,The winner of the Alternative Model of the Year contest has said she has always wanted to be a model.,988,20,15,1.3333333333333333,0,0.2285714285714286,0.0,0.1142857142857143,0.8969124555587769,0.8970617055892944,0.8969870805740356
36792661,politics,bullet_points_strict,Plans to move a statue depicting a Royal Marine in the Falklands conflict away from Portsmouth seafront have been criticised.,A statue of a Royal Marine marching across the Falklands during World War Two has been moved to a new museum site in Portsmouth.,1798,24,20,1.2,0,0.5,0.1904761904761905,0.3636363636363636,0.9187873601913452,0.9218887686729431,0.9203354716300964
18298438,tech,bullet_points_strict,A suspected terrorist has been charged with breaching conditions imposed as part of the government's new terror monitoring powers.,A British man has appeared in court charged with breaching a terror prevention order.,1887,14,19,0.7368421052631579,0,0.3529411764705882,0.125,0.3529411764705882,0.9311107397079468,0.9100844860076904,0.920477569103241
39064994,sport,bullet_points_strict,Sussex have appointed former player James Anyon as head coach of their women's side.,Sussex women's cricket coach Seamer Anyon has been appointed as the club's new head coach.,715,15,14,1.0714285714285714,0,0.5,0.13333333333333333,0.3125,0.9402861595153809,0.9418030381202698,0.9410440325737
33826440,sport,bullet_points_strict,League One side Bury have signed former Barnsley defender Reece Brown on a six-month contract.,Bury have signed Sunderland midfielder Ben Brown on a one-year deal.,399,11,15,0.7333333333333333,0,0.5,0.30769230769230765,0.42857142857142855,0.9617983102798462,0.9283135533332825,0.9447593092918396
32032471,entertainment,bullet_points_strict,"In recent years, Hollywood remakes and re-imaginings of classic fairytales have come thick and fast - all darker, more adult versions of tales that originally appeared in cinemas.",Downton Abbey's Downton Abbey star Lily James as Cinderella.,4518,9,28,0.32142857142857145,0,0.0,0.0,0.0,0.8180828094482422,0.8156034350395203,0.816841185092926
39847422,politics,bullet_points_strict,"Performers from 42 countries strode down a long red carpet near Ukraine's parliament this week, as a curtain-raiser to this year's Eurovision Song Contest.",Ukraine's decision to ban Julia Samoilova from the Eurovision Song Contest was a reversal of last year's decision.,4849,18,24,0.75,0,0.425531914893617,0.17777777777777778,0.25531914893617025,0.8828343749046326,0.8697491884231567,0.876242995262146
12396322,entertainment,bullet_points_strict,It was 50 years ago today that The Beatles played their first gig at the Cavern Club in Liverpool - the venue where the band built their reputation and where Beatlemania was born.,The Beatles were the epitome of rebellion in Liverpool - they were a law unto themselves on the stage.,3965,19,33,0.5757575757575758,0,0.24000000000000005,0.08333333333333333,0.24000000000000005,0.8866281509399414,0.8720266222953796,0.8792667984962463
38052755,politics,bullet_points_strict,"South Africa's government has proposed a national minimum wage of 3,500 rand ($242; Â£199) a month.","South Africa has announced a proposed national minimum wage of at least 4,500 rand.",1902,14,16,0.875,0,0.6666666666666666,0.3225806451612903,0.606060606060606,0.9636521339416504,0.8879756927490234,0.9242674708366394
19341954,politics,bullet_points_strict,The death of Ethiopian Prime Minister Meles Zenawi has thrown the populous Horn of Africa giant into a period of deep uncertainty and created a serious leadership vacuum in the region with profound geopolitical implications.,Ethiopia's President Meles Zenawi has died at the age of 84.,7822,11,35,0.3142857142857143,0,0.21276595744680848,0.08888888888888888,0.21276595744680848,0.9202845692634583,0.8710094094276428,0.8949692249298096
38435201,sport,bullet_points_strict,Azhar Ali's unbeaten 66 helped Pakistan to reach 142-4 against Australia on a rain-affected first day of the Boxing Day Test in Melbourne.,Australia batsman Azhar Azhar scored a century as Australia beat Pakistan 1-0 at the Gabba.,871,15,23,0.6521739130434783,0,0.2380952380952381,0.0,0.14285714285714285,0.9054505825042725,0.8777610659599304,0.891390860080719
34218922,politics,bullet_points_strict,Two new councillors have been elected in a by-election in the City of Edinburgh.,A by-election has been held in the Leith Walk by-election.,1345,10,14,0.7142857142857143,0,0.4444444444444445,0.23999999999999996,0.3703703703703704,0.9244000911712646,0.9236612319946289,0.9240305423736572
37508085,business,bullet_points_strict,"Russia has said it will carry on bombing rebel-held eastern Aleppo in Syria, defying US demands to stop.",Russia has said it will continue to support the Syrian rebels after the partial ceasefire collapsed last week.,3220,18,18,1.0,0,0.3243243243243243,0.22857142857142856,0.3243243243243243,0.9112018346786499,0.9068492650985718,0.9090203642845154
36376666,sport,bullet_points_strict,Wales Under-20 Grand Slam winners Shaun Evans and Dafydd Hughes have signed their first professional contracts with Scarlets.,Wales have signed Llandovery and Scarlets hooker Rory Hughes and Scarlets flanker Ben Evans on a two-year deal.,473,18,18,1.0,0,0.3684210526315789,0.05555555555555555,0.21052631578947367,0.8863543272018433,0.8762646913528442,0.8812806606292725
38466964,politics,bullet_points_strict,"The expulsion of 35 Russian diplomats from the US over the email hacking scandal has drawn a barrage of abuse from Moscow, which seems poised to respond in kind.","Trump's side. 'I'm going to introduce sanctions, they will be bipartisan that names Putin as an individual, his inner circle, for not on Trump'",4103,24,29,0.8275862068965517,0,0.03636363636363637,0.0,0.03636363636363637,0.8252741694450378,0.8442184329032898,0.8346388339996338
39883016,politics,bullet_points_strict,Scrapping tuition fees in England is the biggest and most expensive proposal in Labour's £25bn worth of pledges for education.,Labour's new leader is proposing a radical change in the way universities are funded.,5523,14,20,0.7,0,0.2777777777777778,0.058823529411764705,0.1111111111111111,0.9098290205001831,0.8732492923736572,0.8911639451980591
34218673,tech,bullet_points_strict,Fire crews are expected to leave the site of the Shoreham Airshow disaster later after spending nearly three weeks at the scene of the crash.,The West Sussex Fire and Rescue Service has said it has completed its work at the Shoreham Air Show.,2219,19,25,0.76,0,0.22727272727272727,0.09523809523809525,0.13636363636363635,0.9032549262046814,0.8940948247909546,0.8986515402793884
40191593,business,bullet_points_strict,"The US director of national intelligence has said he ""never felt pressured"" to influence the inquiry into Russia's political meddling.",The chief of the NSA has said he is willing to testify about his interactions with President Trump.,3816,18,20,0.9,0,0.358974358974359,0.1081081081081081,0.30769230769230765,0.9118189215660095,0.8824053406715393,0.896871030330658
33144298,entertainment,bullet_points_strict,White House officials will not say whether pop star Prince performed at a weekend party at the executive residence despite guests posting about it on social media.,The Obamas have held a private party at the White House.,601,11,27,0.4074074074074074,0,0.3157894736842105,0.16666666666666669,0.21052631578947367,0.9147530198097229,0.8681491613388062,0.8908419609069824
34833729,business,bullet_points_strict,These roads in Northern Ireland are closed due to poor weather conditions as of Friday 15 January.,The following roads are in County Kerry :,167,8,17,0.47058823529411764,0,0.25,0.0,0.16666666666666666,0.905386745929718,0.856989860534668,0.8805238604545593
39976706,tech,bullet_points_strict,Approximately one in four of us will experience a mental health problem each year in England.,"It's a vicious circle that can lead to mental health problems, but it can also lead to anxiety and depression.",5339,20,16,1.25,0,0.16216216216216214,0.05714285714285715,0.16216216216216214,0.8751097917556763,0.8724039793014526,0.8737547993659973
31864223,tech,bullet_points_strict,US investigators have closed an inquiry into whether To Kill A Mockingbird author Harper Lee was pressured into publishing a sequel.,"The publisher of To Kill a Mockingbird has announced that it will publish a new book, Go Set a Watchman.",1290,20,21,0.9523809523809523,0,0.24390243902439024,0.15384615384615385,0.24390243902439024,0.8985655307769775,0.8938183784484863,0.8961856961250305
37546354,politics,bullet_points_strict,"The US has said it is suspending talks with Russia over Syria, accusing Moscow of having ""failed to live up"" to its commitments under a ceasefire deal.",The US has suspended talks between Russia and the Syrian government over the collapse of a ceasefire.,2761,17,27,0.6296296296296297,0,0.409090909090909,0.14285714285714285,0.409090909090909,0.9452174305915833,0.914260745048523,0.9294813871383667
36233379,politics,bullet_points_strict,"Labour's Sadiq Khan has been elected Mayor of London, becoming the city's first Muslim mayor.",London's first Muslim mayor has been elected to the London City Council.,3029,12,15,0.8,0,0.6666666666666667,0.35714285714285715,0.4000000000000001,0.9463124871253967,0.9243742227554321,0.9352146983146667
39806255,entertainment,bullet_points_strict,A church in West Yorkshire has recruited a new vicar following a video job advertisement sung by a choir of children.,A video of a new vicar at a church has gone viral.,857,12,21,0.5714285714285714,0,0.5454545454545454,0.25806451612903225,0.30303030303030304,0.9398491382598877,0.9015772342681885,0.9203155040740967
35425113,sport,bullet_points_strict,Manchester City midfielder Kevin de Bruyne says he will be out for about 10 weeks after injuring his right knee during Wednesday's League Cup semi-final victory over Everton.,Manchester City midfielder Kevin de Bruyne is set to miss the rest of the season because of a hamstring injury.,1185,20,28,0.7142857142857143,0,0.24,0.20833333333333334,0.24,0.9307540655136108,0.8888159990310669,0.9093016982078552
37077138,tech,bullet_points_strict,"A 34-year-old woman who was injured in an attack by a knifeman on a Swiss train has died in hospital, police say.",A man has been killed in a knife attack on a train in the Swiss canton of St Gallen.,1107,19,22,0.8636363636363636,0,0.46511627906976744,0.04878048780487805,0.32558139534883723,0.9184361696243286,0.9149537682533264,0.9166916012763977
37042796,tech,bullet_points_strict,"A ""reckless drone operator"" is being sought by police after reports of a ""near miss"" between a drone and plane.",A drone has flown close to a passenger aircraft as it flew in from London Stansted.,2086,16,20,0.8,0,0.16666666666666663,0.058823529411764705,0.16666666666666663,0.8846720457077026,0.8886255025863647,0.8866444230079651
36043765,entertainment,bullet_points_strict,A seal found tangled in nets on an Aberdeenshire beach has been returned to the sea.,A grey seal has been freed after netting was tangled around its neck.,813,13,16,0.8125,0,0.3448275862068966,0.07407407407407407,0.27586206896551724,0.916252851486206,0.8907853960990906,0.9033396244049072
30095443,tech,bullet_points_strict,"A lifetime of diaries, letters and photographs of a man described as a cross between Indiana Jones, James Bond and Graham Greene has opened to the public.",An archive of a famous 20th century writer has been catalogued.,2058,11,27,0.4074074074074074,0,0.15789473684210525,0.05555555555555555,0.15789473684210525,0.9009577631950378,0.8585723638534546,0.8792545795440674
34801085,politics,bullet_points_strict,Regional official Tim Roache has been elected to become the new general secretary of the GMB union.,The General Secretary of the GMB has been elected as the new general secretary of the union.,1041,17,17,1.0,0,0.6470588235294118,0.5,0.5882352941176471,0.9604276418685913,0.931449294090271,0.9457165598869324
36101502,entertainment,bullet_points_strict,We go behind the scenes with singer Laura Mvula as she prepares to debut her new material and kick off the 48th series of Later... with Jools Holland.,"Laura McCartney's latest album, Phenomenal Woman, is due in June.",8387,10,28,0.35714285714285715,0,0.05128205128205127,0.0,0.05128205128205127,0.8683106303215027,0.8305842876434326,0.8490285277366638
31991181,sport,bullet_points_strict,"Newcastle midfielder Jonas Gutierrez says he feels ""born again"" following his return to Premier League action after overcoming testicular cancer.","Newcastle United midfielder Jonas Gutierrez says he is ""born again"" after being diagnosed with cancer.",2417,15,20,0.75,0,0.5714285714285715,0.30303030303030304,0.5714285714285715,0.9615588784217834,0.9358572959899902,0.9485340714454651
35714830,business,bullet_points_strict,"League Two Exeter City made a profit of over £1.6m last year, according to the club's latest accounts.",Exeter City have reported a profit of £1.642m after a £1.75m transfer to Swansea City.,1126,15,18,0.8333333333333334,0,0.37837837837837834,0.17142857142857143,0.37837837837837834,0.9206113815307617,0.9084262847900391,0.9144782423973083
40577419,sport,bullet_points_strict,Para-athlete Abdullah Hayayei died after a metal throwing cage fell on him during training.,Paralympic athlete Abdullah Hayayei has died after his throwing cage collapsed on his head.,2372,14,14,1.0,0,0.5517241379310344,0.29629629629629634,0.5517241379310344,0.9411889910697937,0.9502010345458984,0.9456735253334045
38671871,business,bullet_points_strict,"Manufacturers have reported positive business trends, in the latest survey from the Scottish Chambers of Commerce.","Scotland's economy remained positive in the final quarter of the year, according to the Chambers of Commerce.",2671,17,16,1.0625,0,0.411764705882353,0.18750000000000003,0.411764705882353,0.9167270064353943,0.9150502681732178,0.9158878326416016
33682768,tech,bullet_points_strict,"The public inquiry into undercover policing may ""expose both creditable and discreditable conduct"", chairman Lord Justice Pitchford has warned.",A Home Office inquiry into undercover policing has been ordered by the Home Office.,5314,14,19,0.7368421052631579,0,0.36363636363636365,0.1935483870967742,0.30303030303030304,0.9085962772369385,0.8509500026702881,0.8788288235664368
34594462,sport,bullet_points_strict,Reigning champions New Zealand are into their fourth World Cup final after slogging past South Africa in another Twickenham epic.,All Blacks beat South Africa to reach the World Cup quarter-finals with a thrilling victory over New Zealand.,5301,18,20,0.9,0,0.3076923076923077,0.16216216216216214,0.10256410256410256,0.9177873730659485,0.8805813789367676,0.8987995386123657
32719212,tech,bullet_points_strict,A computer model of one of the world's tallest three-sided obelisks is being made to find out why it is falling apart.,The National Trust has completed a detailed survey of a tower which has been struck by lightning twice in its history.,1310,21,22,0.9545454545454546,0,0.13333333333333333,0.0,0.08888888888888889,0.8965054154396057,0.8883411288261414,0.8924046158790588
37427024,tech,bullet_points_strict,Profit jumped at Zara owner Inditex in the first half of the year as the firm opened new stores and invested in online.,"Inditex, the world's biggest clothing retailer, has reported a sharp rise in profits.",2209,13,23,0.5652173913043478,0,0.16216216216216214,0.0,0.16216216216216214,0.9139805436134338,0.8854023218154907,0.89946448802948
38858289,entertainment,bullet_points_strict,"Lady Gaga is leading the pitch invasion at Sunday's Super Bowl, where she'll perform the all-important half-time show.",Gaga's Super Bowl half-time show was one of the most memorable moments of her career - and one of the most memorable moments of her career.,5279,26,18,1.4444444444444444,0,0.36734693877551017,0.1702127659574468,0.2857142857142857,0.8773417472839355,0.8853667974472046,0.8813360333442688
40478071,business,bullet_points_strict,"A victim of the Rochdale grooming gang says the convictions were still ""not fazing"" Asian child sex abusers.","A woman who was abused by the Rochdale sex exploitation gang says she is ""not bothering them"".",2590,17,18,0.9444444444444444,0,0.39999999999999997,0.12121212121212122,0.34285714285714286,0.9257280826568604,0.9060664772987366,0.9157917499542236
36568118,business,bullet_points_strict,"John Lewis's Nottingham store is to remain closed longer than expected after 80,000 litres of hot water leaked from a ruptured heating pipe.","Water has flooded a shopping centre in Londonderry, causing a ceiling to collapse.",573,13,23,0.5652173913043478,0,0.15789473684210525,0.0,0.10526315789473685,0.882997989654541,0.8614628314971924,0.8720974922180176
39950399,tech,bullet_points_strict,"Bots appear to be spamming a US regulator's website over a proposed reversal of net neutrality rules, researchers have said.",Net neutrality advocates say they are seeing a surge in bot activity directed at the FCC's website.,3034,17,20,0.85,0,0.25641025641025644,0.1081081081081081,0.15384615384615383,0.9162666201591492,0.9065115451812744,0.9113629460334778
36269210,sport,bullet_points_strict,New Sale Sharks chairman Fran Cotton has conceded they must work to restore their relationship with some fans.,"Sale have a ""pretty poor"" experience at the club, says former England and British and Irish Lions prop Mark Cotton.",2116,20,18,1.1111111111111112,0,0.10526315789473685,0.0,0.10526315789473685,0.8539465665817261,0.8779486417770386,0.865781307220459
38128851,business,bullet_points_strict,Disney's latest animation Moana dominated the Thanksgiving box office over the five-day US holiday weekend.,"Disney's Moana has topped the US Thanksgiving box office, taking a record $81.1m (£66.6m) on its opening weekend.",1799,18,15,1.2,0,0.4736842105263158,0.16666666666666663,0.42105263157894735,0.8946407437324524,0.9277011156082153,0.9108710289001465
36852433,sport,bullet_points_strict,British number one Johanna Konta reached the quarter-finals of the Bank of the West Classic in Stanford with a straight-set win over Julia Boserup.,Britain's Johanna Konta won her first-round match at the Australian Open with a 6-3 6-1 win over France's Angelique Kerber.,314,20,24,0.8333333333333334,0,0.27450980392156865,0.12244897959183673,0.27450980392156865,0.8961343765258789,0.8941625356674194,0.8951473832130432
32188366,tech,bullet_points_strict,"Two men have been assaulted in Larne, County Antrim, by a gang armed with baseball bats and a hatchet.",Two men have been stabbed to death in a street attack in County Armagh.,227,14,19,0.7368421052631579,0,0.4242424242424242,0.1935483870967742,0.36363636363636365,0.9394399523735046,0.9037600755691528,0.9212547540664673
30632453,tech,bullet_points_strict,"The Ebola victim who is believed to have triggered the current outbreak - a two-year-old boy called Emile Ouamouno from Guinea - may have been infected by playing in a hollow tree housing a colony of bats, say scientists.",Scientists in Guinea say they have found a link between the Ebola virus and a tree stump in a small village.,2637,21,39,0.5384615384615384,0,0.36666666666666664,0.06896551724137931,0.16666666666666666,0.9035967588424683,0.8593711256980896,0.8809292316436768
38597885,sport,bullet_points_strict,Stuart Bingham may pull out of the Masters if his wife goes into labour with their third child.,"World number one Mark Bingham says he has ""no idea"" if his wife will give birth before his first-round game at the World Championship.",1078,24,18,1.3333333333333333,0,0.23255813953488372,0.09756097560975609,0.18604651162790697,0.8877044916152954,0.9069148302078247,0.8972068428993225
38966888,business,bullet_points_strict,"Part of Colwyn Bay pier is to be dismantled after it collapsed into the sea, Conwy council has decided.",Plans to dismantle a Grade ll pier on the Isle of Wight have been approved by the council.,751,18,19,0.9473684210526315,0,0.27027027027027023,0.0,0.16216216216216214,0.8982959985733032,0.900897204875946,0.8995947241783142
23606507,politics,bullet_points_strict,A campaign group has been granted a hearing to examine the case for a judicial review of the decision to build student flats near a beauty spot.,A campaign to protect Oxford's historic skyline has launched a legal challenge to a controversial university housing development.,2120,18,27,0.6666666666666666,0,0.30434782608695654,0.04545454545454546,0.2608695652173913,0.9108726382255554,0.9043833017349243,0.9076164364814758
39055714,business,bullet_points_strict,Pupils at seven schools could have shorter days after a trust head say he may have to cut hours to save money.,"A primary school in South Gloucestershire could be forced to cut its school day from September, according to a letter to parents.",2890,22,22,1.0,0,0.22727272727272727,0.047619047619047616,0.18181818181818182,0.8865529894828796,0.8987164497375488,0.892593264579773
35485785,politics,bullet_points_strict,"The Paris climate agreement could make millions of forest dwellers homeless, according to a new analysis.","Liberia and the Democratic Republic of Congo have been warned to protect their forested lands, according to a new study.",2681,20,16,1.25,0,0.33333333333333326,0.17647058823529413,0.33333333333333326,0.8948215246200562,0.9054797887802124,0.9001191258430481
34001040,tech,bullet_points_strict,"More human remains have been found near a motorway slip road in Shropshire, police have said.",A skull has been found near a roundabout in West Mercia.,861,11,16,0.6875,0,0.3703703703703703,0.24,0.3703703703703703,0.9408352971076965,0.9059092998504639,0.9230420589447021
37066389,sport,bullet_points_strict,Uzbekistan's Hasanboy Dusmatov won Olympic gold in the men's light-flyweight with victory over Colombian Yuberjen Herney Martinez.,Olympic boxing champion Andrei Dusmatov won a unanimous points victory in the men's welterweight final at the Rio Olympics.,515,19,17,1.1176470588235294,0,0.4000000000000001,0.21052631578947367,0.3,0.9037584662437439,0.8635038137435913,0.8831727504730225
36369346,business,bullet_points_strict,"University lecturers are due to start a two-day strike over pay, amid warnings other staff could join the dispute.","University staff at some of the UK's most prestigious universities are to walk out on a pay rise of more than 5%, unions say.",2343,24,19,1.263157894736842,0,0.3111111111111111,0.0,0.22222222222222224,0.8910990357398987,0.9002983570098877,0.8956750631332397
28042625,business,bullet_points_strict,Controversial proposals to shut a Catholic school in East Dunbartonshire are to be examined by the Scottish government.,East Dunbartonshire Council plans to close a primary school in a bid to save £20m over the next three years.,2859,20,18,1.1111111111111112,0,0.4210526315789474,0.1111111111111111,0.3157894736842105,0.8985086679458618,0.9259517788887024,0.9120237827301025
34787804,sport,bullet_points_strict,Japanese footballer Kazuyoshi Miura has signed a one-year contract extension with Yokohama FC at the age of 48.,Japan international striker Kazuyoshi Miura has signed a two-year contract with the club.,1089,13,18,0.7222222222222222,0,0.5454545454545454,0.3225806451612903,0.5454545454545454,0.9575534462928772,0.9266581535339355,0.9418525099754333
40543846,politics,bullet_points_strict,Clashes have broken out in Indian-administered Kashmir on the anniversary of the killing of a militant leader.,"Indian security forces have surrounded a village in the Indian-administered Kashmir valley, killing dozens of people.",1389,16,17,0.9411764705882353,0,0.5142857142857143,0.12121212121212122,0.39999999999999997,0.921807050704956,0.9215250015258789,0.9216659665107727
36607475,business,bullet_points_strict,Economic policymakers must now decide whether and how they should respond to the UK's vote to leave the EU.,The UK's central banks are prepared to intervene in the short term if the UK leaves the EU.,5216,18,19,0.9473684210526315,0,0.3076923076923077,0.16216216216216214,0.3076923076923077,0.9192516803741455,0.9051806330680847,0.9121618866920471
36211762,sport,bullet_points_strict,Sale Sharks forward Mark Easter has announced he will retire at the end of the season to take up a teaching role.,Harlequins winger Nick Easter has left Sale to take up a teaching job at Wrekin College.,909,16,22,0.7272727272727273,0,0.47368421052631576,0.2777777777777778,0.3684210526315789,0.8960229158401489,0.9148143529891968,0.9053211212158203
39782027,tech,bullet_points_strict,"The quality of care on a scandal-hit ward for dementia patients may have contributed to at least seven deaths, BBC Wales can reveal.",A health board investigation into the deaths of patients at a hospital ward has been launched.,2687,16,23,0.6956521739130435,0,0.35000000000000003,0.0,0.2,0.9154093265533447,0.8907729983329773,0.9029231667518616
36103241,tech,bullet_points_strict,A 25-year-old man from Limavady has been jailed for knocking out two men in separate attacks on the same night.,A man has been jailed for a series of assaults in Londonderry.,776,12,20,0.6,0,0.4117647058823529,0.18749999999999997,0.4117647058823529,0.9282374978065491,0.9100326299667358,0.9190448522567749
30931494,sport,bullet_points_strict,The United States women's team goalkeeper Hope Solo has been suspended for 30 days by US Soccer following an incident during a training camp.,US women's national soccer team coach Hope Solo has withdrawn from the Women's World Cup training camp in California because of a domestic violence incident.,1290,25,24,1.0416666666666667,0,0.5,0.16,0.30769230769230765,0.916161835193634,0.9266158938407898,0.9213592410087585
35844158,business,bullet_points_strict,A barrister who was due to move into his own chambers in Huddersfield has pleaded guilty to supplying cocaine.,Four men have admitted conspiracy to supply cocaine to a private firm.,1271,12,19,0.631578947368421,0,0.2580645161290323,0.0,0.12903225806451615,0.9141061305999756,0.8714269995689392,0.8922564387321472
37246224,tech,bullet_points_strict,Officers who police Scotland's railways are to be armed with Tasers in a bid to increase security on the network.,"Tasers are to be introduced in Scotland as part of a ""proportionate response"" to the threat from international terrorism.",2910,19,20,0.95,0,0.45,0.10526315789473685,0.35,0.9005934000015259,0.9128608703613281,0.9066856503486633
37220139,business,bullet_points_strict,Scottish engineering services company ID Systems Ltd has announced plans to create 120 new jobs after securing a six-figure investment from UK Steel Enterprise (UKSE).,"UKSE has loaned £2m to a Glasgow-based steel company, ID Systems.",1212,11,25,0.44,0,0.42105263157894735,0.1111111111111111,0.21052631578947367,0.9051739573478699,0.8830898404121399,0.8939955234527588
38181168,sport,bullet_points_strict,"A Brazilian football player who survived a plane crash in Colombia on Monday is recovering and may be able to resume his career, his father says.","A Brazilian footballer has been rescued from a plane crash in Colombia, despite warnings he might not have enough fuel.",2882,20,26,0.7692307692307693,0,0.3043478260869565,0.22727272727272727,0.3043478260869565,0.9223412871360779,0.9209438562393188,0.9216420650482178
38885462,entertainment,bullet_points_strict,"Actor and broadcaster Sir Tony Robinson has said plans for a tunnel near Stonehenge in Wiltshire are too ""old-fashioned"" in outlook.",An anti-tunnel protest has taken place at Stonehenge in Wiltshire.,1757,10,21,0.47619047619047616,0,0.30303030303030304,0.12903225806451613,0.24242424242424246,0.9355213642120361,0.8837857246398926,0.9089179039001465
29240782,business,bullet_points_strict,Everton marked their Europa League return with a dominant victory over Germans Wolfsburg at Goodison Park.,Everton beat Wolfsburg 2-0 at Goodison Park to reach the Europa League quarter-finals.,4455,13,16,0.8125,0,0.45161290322580644,0.20689655172413796,0.3225806451612903,0.926010012626648,0.9379658699035645,0.9319496154785156
39928191,business,bullet_points_strict,Scunthorpe midfielder Neal Bishop has signed a one-year contract extension.,"Birmingham City have relegated from League One after a disappointing season, according to manager Paul Bishop.",375,16,10,1.6,0,0.2222222222222222,0.0,0.07407407407407407,0.8876681923866272,0.8680457472801208,0.8777472972869873
35952861,tech,bullet_points_strict,A man from Croydon has been charged with murder after the death of his partner last month.,A man has appeared in court charged with the murder of his partner.,363,13,17,0.7647058823529411,0,0.6666666666666667,0.28571428571428575,0.5999999999999999,0.9632658362388611,0.930967390537262,0.946841299533844
21967739,tech,bullet_points_strict,"It's a sobering thought for all us carriers of the Y chromosome, but prostate cancer kills almost as many men every year as breast cancer does women.",Prostate cancer is one of the most common causes of cancer death in men.,4320,14,27,0.5185185185185185,0,0.2857142857142857,0.1,0.19047619047619047,0.9100611805915833,0.8700636029243469,0.8896130323410034
39342460,sport,bullet_points_strict,The Premiership's top try scorer Christian Wade scored two tries as leaders Wasps moved five points clear with a bonus-point win over Worcester.,Wasps' Christian Wade scored a hat-trick as Worcester fought back from a loss at Worcester.,2564,15,23,0.6521739130434783,0,0.34146341463414637,0.10256410256410255,0.2926829268292683,0.9193398356437683,0.8803666830062866,0.8994312882423401
32103205,politics,bullet_points_strict,"A Frenchwoman injured in the attack on Tunisia's national museum has died of her wounds, bringing the total killed in the assault by Islamists to 22.",The death of a Tunisian man in a raid on a Tunisian museum has been confirmed.,1190,16,26,0.6153846153846154,0,0.3255813953488372,0.04878048780487805,0.2325581395348837,0.9188594222068787,0.8857338428497314,0.9019925594329834
37936530,politics,bullet_points_strict,Satellite images of Mosul have revealed how fighters from so-called Islamic State (IS) have destroyed much of the city's airport to render it unusable as Iraqi forces close in.,"The destruction of Mosul airport by Islamic State (IS) militants has rendered the airport worthless, US satellite images show.",2703,19,29,0.6551724137931034,0,0.36,0.16666666666666669,0.28,0.9458350539207458,0.9213578701019287,0.9334359765052795
32112556,tech,bullet_points_strict,"Network Rail has promised to do ""everything in its power"" to stop a repeat of the rail chaos at Christmas when it carries out work over Easter.",Work on the Crossrail line between Reading and Paddington is due to start on Monday.,1147,15,27,0.5555555555555556,0,0.14285714285714285,0.0,0.047619047619047616,0.8740199208259583,0.867317795753479,0.87065589427948
34157697,tech,bullet_points_strict,Permission has been given for exploratory drilling for oil and gas in the Vale of Glamorgan.,Natural Resources Wales has approved a permit for exploratory drilling on a field in Swansea.,1302,15,16,0.9375,0,0.3225806451612903,0.1379310344827586,0.3225806451612903,0.9316612482070923,0.9174808263778687,0.9245166778564453
32880098,business,bullet_points_strict,"Amazon, the global online retailer, is changing the way it records sales in a move that could see it paying more tax.","Amazon has announced that it will register sales in the UK, Germany, Spain and Italy.",1375,15,22,0.6818181818181818,0,0.3243243243243243,0.057142857142857134,0.21621621621621623,0.8755462169647217,0.8923130631446838,0.8838501572608948
35275918,politics,bullet_points_strict,"Junior doctors should suspend Tuesday's strike action over pay and conditions while talks continue, the chief medical officer for England has urged.",The head of junior doctors' union has called on the government to halt a strike by junior doctors.,1697,18,22,0.8181818181818182,0,0.24390243902439024,0.05128205128205128,0.14634146341463414,0.9164336323738098,0.889525294303894,0.9027789831161499
35926534,sport,bullet_points_strict,Oxford United have extended the loan of right-back Jonjoe Kenny from Premier League side Everton until the end of the season.,Oxford United have signed midfielder Ben Kenny on loan until the end of the season.,387,15,21,0.7142857142857143,0,0.5945945945945945,0.4,0.5405405405405405,0.9633652567863464,0.9177339673042297,0.9399961233139038
22006912,tech,bullet_points_strict,A further education college in Dorset has received more than £2.88m in government funding to renovate buildings on campus.,Two colleges in England have been awarded £1.5m in grants to improve their facilities.,1128,14,19,0.7368421052631579,0,0.17142857142857143,0.0,0.17142857142857143,0.9439421892166138,0.9235494136810303,0.9336344599723816
28374193,sport,bullet_points_strict,"The family of the former footballer Jeff Astle is to meet the FA chairman next month to discuss head injuries in the game, as part of their campaign.",The family of former West Brom striker Jeff Astle have been invited to a meeting to discuss head injuries and concussions.,1548,21,28,0.75,0,0.4489795918367347,0.25531914893617025,0.4489795918367347,0.9352285265922546,0.9178704023361206,0.9264681935310364
30689144,business,bullet_points_strict,These days it is not enough just to be a millionaire to count yourself as one of the super-rich - you need to be worth between $50-100m (£33m-£66m).,The wealth gap between rich and poor has grown sharply since the 2008 global financial crisis.,7643,16,28,0.5714285714285714,0,0.13043478260869568,0.0,0.08695652173913045,0.8709977865219116,0.8240556716918945,0.8468767404556274
39127657,sport,bullet_points_strict,Brothers Ben and Tom Curry have signed five-year contracts with Sale Sharks.,Sale Sharks have signed Sale Sharks winger Tom and his twin brother Tom on loan until the end of the season.,672,21,12,1.75,0,0.35294117647058826,0.125,0.23529411764705882,0.8917065858840942,0.8984201550483704,0.8950507640838623
37666633,entertainment,bullet_points_strict,Police in Fife are searching for a man who was seen exposing himself in Dunfermline.,A 21-year-old man has been arrested on suspicion of attempted murder after a man was stabbed to death in London.,282,20,15,1.3333333333333333,0,0.21621621621621623,0.057142857142857134,0.21621621621621623,0.8920624256134033,0.8781450390815735,0.885049045085907
32856926,politics,bullet_points_strict,A UN conference aimed at preventing the proliferation of nuclear weapons has ended in failure after a row over a nuclear-free Middle East proposal.,Egypt has blocked a plan to hold a regional conference on Israel's nuclear weapons stockpile.,1301,15,24,0.625,0,0.2926829268292683,0.05128205128205127,0.19512195121951217,0.9111068248748779,0.9032676219940186,0.907170295715332
33935224,business,bullet_points_strict,"Fracking for shale gas in Wales should still be opposed despite plans to fast-track such schemes in England, the Welsh government has said.",The UK government has urged councils in Wales to make decisions on fracking applications within statutory timescales.,1750,17,23,0.7391304347826086,0,0.34146341463414637,0.10256410256410256,0.14634146341463414,0.886056661605835,0.8999394178390503,0.8929440975189209
37638479,sport,bullet_points_strict,"For a man often described as capricious, Tyson Fury's chaotic reign as world heavyweight champion was strangely predictable.",It's a shame that boxer Tyson Fury has withdrawn from the rematch with Klitschko because of depression.,8981,17,18,0.9444444444444444,0,0.21621621621621623,0.05714285714285714,0.16216216216216214,0.8823785185813904,0.8635351061820984,0.8728550672531128
37512857,sport,bullet_points_strict,England coach Eddie Jones will name his 45-man Elite Player Squad squad ahead of the autumn Tests at 10:00 BST on Friday.,"England will have a number of players in their squad for the autumn Tests, says the head coach of Wasps.",2590,20,22,0.9090909090909091,0,0.3636363636363636,0.09523809523809525,0.2727272727272727,0.9118237495422363,0.8730040788650513,0.8919917941093445
33446602,entertainment,bullet_points_strict,A collection of paintings capturing the landscapes and legacy of life on the North East coast is going on display.,The first major exhibition of his paintings has been held in his hometown of North Shields.,1681,16,20,0.8,0,0.2777777777777778,0.0,0.22222222222222224,0.8965812921524048,0.8933966755867004,0.894986093044281
37799828,sport,bullet_points_strict,Hibernian's Neil Lennon believes Scott Brown retired too soon from Scotland duty and still has plenty to offer now he has decided to return.,"Scotland manager Neil Lennon says Scott Brown's return to the Scotland squad is ""not a surprise"" because he thought he retired too early.",2378,23,24,0.9583333333333334,0,0.4489795918367347,0.1276595744680851,0.24489795918367346,0.9178769588470459,0.9151747822761536,0.9165239334106445
37250267,entertainment,bullet_points_strict,A buzzard has been rescued after becoming trapped between fencing and a wall in Gwynedd.,A buzzard has been released from a fence after a pigeon was chasing it.,301,14,15,0.9333333333333333,0,0.4137931034482759,0.22222222222222224,0.4137931034482759,0.9257436990737915,0.907626748085022,0.9165956974029541
38296460,business,bullet_points_strict,"Post Office workers will stage five days of strikes from Monday in a continuing dispute over jobs, pensions and branch closures, their union says.",Workers from the Post Office are to walk out of their jobs after the company announced plans to privatise the network.,1249,21,24,0.875,0,0.3111111111111111,0.046511627906976744,0.17777777777777778,0.9085176587104797,0.8920912146568298,0.9002294540405273
38973171,politics,bullet_points_strict,The Ulster Unionist leader has denied he made a mistake by saying he intends to give the SDLP his second preference in the Assembly election.,The leader of the Ulster Unionist Party has said he would rather go in with Sinn Féin or the SDLP.,2563,20,25,0.8,0,0.43478260869565216,0.13636363636363635,0.30434782608695654,0.9181351065635681,0.91386878490448,0.9159969687461853
39229366,tech,bullet_points_strict,Steroids and medicines with an estimated street value of some 2m euros (Â£1.7m) have been seized in Donegal.,A man has been arrested in Northern Ireland after a series of drug raids.,543,14,18,0.7777777777777778,0,0.18181818181818182,0.0,0.12121212121212122,0.9182921051979065,0.8412248492240906,0.8780707120895386
36836031,politics,bullet_points_strict,"Sinn FÃ©in leader Gerry Adams has said there is ""a need to be open and imaginative"" on new constitutional arrangements.",Northern Ireland's Stormont executive has called on all parties to support a united Ireland.,1648,14,20,0.7,0,0.2222222222222222,0.0,0.1111111111111111,0.8735684752464294,0.8527634143829346,0.863040566444397
37159611,sport,bullet_points_strict,"Morecambe must not get carried away despite sitting top of League Two, says Shrimps boss Jim Bentley.","Morecambe manager Paul Bentley says he is ""not too high and never too low"" after his side's 1-0 win over Rotherham.",1008,21,17,1.2352941176470589,0,0.19999999999999998,0.0,0.09999999999999999,0.8705843687057495,0.8828374147415161,0.8766680359840393
40399770,politics,bullet_points_strict,"Some demands set by four Arab states on Qatar in return for lifting sanctions will be ""difficult to meet"", US Secretary of State Rex Tillerson says.",US Secretary of State Rex Tillerson has urged Qatar to lower its rhetoric in a bid to ease tensions over terrorism and extremism.,3134,23,26,0.8846153846153846,0,0.36734693877551017,0.21276595744680854,0.24489795918367346,0.899194598197937,0.8904755711555481,0.8948137760162354
36892561,politics,bullet_points_strict,"UKIP ex-deputy chairwoman Suzanne Evans says she has given up hope of becoming the party's next leader - but insists she will not ""give up"" on UKIP.",UKIP's former spokeswoman Sarah Evans has said she has given up hope of becoming the party's next leader.,2611,18,27,0.6666666666666666,0,0.5833333333333334,0.47826086956521735,0.5833333333333334,0.966002345085144,0.9321157932281494,0.9487565755844116
30791800,tech,bullet_points_strict,A court in the Indian capital has formally charged a driver of the Uber web-based taxi firm with the rape and kidnapping of a passenger last month.,"A taxi driver has been charged with raping a woman in Delhi, police say.",1079,14,27,0.5185185185185185,0,0.38095238095238093,0.0,0.2380952380952381,0.9436021447181702,0.9011359214782715,0.9218802452087402
36732018,sport,bullet_points_strict,"Standing hand-in-hand like theatre actors at their curtain call, Wales' players were met with a spine-tingling rendition of the national anthem from their fans following their European Championship semi-final defeat by Portugal.",It was the end of the Euro 2016 campaign for Wales.,6453,11,32,0.34375,0,0.1276595744680851,0.04444444444444444,0.0851063829787234,0.9172064065933228,0.8497858643531799,0.882209837436676
37230405,business,bullet_points_strict,Ferguslie Park in Paisley has been identified as the area of Scotland with the greatest level of deprivation.,Renfrewshire area has been at the bottom of Scotland's most deprived areas for four years.,4899,15,18,0.8333333333333334,0,0.35294117647058826,0.125,0.29411764705882354,0.9004612565040588,0.8890295028686523,0.8947089314460754
37187968,sport,bullet_points_strict,Coleraine rower Joel Cassells and Great Britain team-mate Sam Scrimgeour remain on course to defend their lightweight pairs world title after winning their semi-final in Rotterdam on Thursday.,Britain's Mark Cassells and Gary Scrimgeour won the lightweight pairs final at the Rotterdam World Championships in Rotterdam.,1213,18,28,0.6428571428571429,0,0.4081632653061224,0.1276595744680851,0.326530612244898,0.9421223402023315,0.8994879722595215,0.920311689376831
40557517,sport,bullet_points_strict,Former Kilmarnock winger Chris Johnston has become the third player to sign for Dumbarton this summer after leaving relegated Raith Rovers.,Kilmarnock Rovers have signed Kilmarnock defender James Johnston on a one-year deal.,547,12,21,0.5714285714285714,0,0.17647058823529413,0.0,0.11764705882352941,0.9279756546020508,0.898665726184845,0.9130855798721313
37459852,sport,bullet_points_strict,"James Milner's late penalty gave Liverpool a hard-fought victory over Swansea, increasing the scrutiny on Swans boss Francesco Guidolin.",Liverpool and Swansea City.,7765,4,19,0.21052631578947367,0,0.16,0.0,0.16,0.9212778806686401,0.8267503976821899,0.8714582324028015
24103221,sport,bullet_points_strict,"Scottish rugby suffered two body blows this week and, rather like boxer Ricky Burns who ""drew"" with his opponent after getting one heck of a hiding from opponent Raymundo Beltran, it's a little battered, a little broken and in need of time off the canvas.",Is it possible to get big enough taking food alone?,4040,10,45,0.2222222222222222,0,0.03571428571428571,0.0,0.03571428571428571,0.8367606997489929,0.8008086681365967,0.8183899521827698
40524107,entertainment,bullet_points_strict,The three-day TRNSMT music festival in Glasgow is to start later with a Friday line-up of acts including Radiohead and Belle and Sebastian.,"The T in the Park music festival in Strathallan is to be held on Saturday, with Radiohead, Kasabian and Biffy Clyro among the acts to play.",1595,26,23,1.1304347826086956,0,0.39215686274509803,0.12244897959183673,0.35294117647058826,0.8763183355331421,0.8969042897224426,0.8864917755126953
34263953,politics,bullet_points_strict,"The US has warned North Korea to refrain from ""irresponsible provocation"" after the communist state said its main nuclear facility had resumed normal operations.","North Korea has restarted its nuclear reactor at its Yongbyon complex, the White House says.",2110,15,24,0.625,0,0.3076923076923077,0.05405405405405405,0.2051282051282051,0.9115808010101318,0.8883573412895203,0.8998192548751831
33164904,tech,bullet_points_strict,A man has been arrested on suspicion of conspiracy to murder after pieces of human bones were found by detectives investigating the death of a man 25 years ago.,A man has been arrested in connection with the murder of a man who disappeared in 1990.,1642,17,29,0.5862068965517241,0,0.4347826086956522,0.2727272727272727,0.391304347826087,0.9386742115020752,0.9087092280387878,0.9234486818313599
21879270,sport,bullet_points_strict,"Picture the scene inside the BBC 5 live studio: a millionaire owner of a now managerless Super League club, a highly rated out-of-work coach keen for a return to the sport and an iconic player from a rival club that the owner wants to sign.",The 'Good Doctor's' dream of bringing in big names to the sport has been a prickly one for the RFL.,4764,20,45,0.4444444444444444,0,0.2352941176470588,0.06060606060606061,0.20588235294117646,0.8630419373512268,0.845024049282074,0.8539379835128784
34973380,sport,bullet_points_strict,Ireland eased to seven-wicket win over Zimbabwe to top their Women's World Twenty20 qualifying group and set up a semi-final against Scotland.,Ireland's Isobel Joyce and Cecilia Joyce scored a hat-trick as they beat Zimbabwe by a single wicket to secure a place in the World Twenty20 qualifying group.,860,27,22,1.2272727272727273,0,0.4074074074074074,0.11538461538461538,0.25925925925925924,0.8824543356895447,0.909997820854187,0.8960144519805908
35351364,business,bullet_points_strict,"The daughter of a man who died after a hospital failed it its ""duty of care"" said lessons have not been learned.","A hospital in special measures has been rated ""inadequate"" by inspectors.",1646,11,22,0.5,0,0.1818181818181818,0.06451612903225806,0.1818181818181818,0.879204273223877,0.8644329309463501,0.8717560172080994
37079851,sport,bullet_points_strict,Great Britain's Mark Cavendish is third after day one of the men's omnium as he aims for his first Olympic Games medal.,Britain's Mark Cavendish won his first stage of the Tour de France with a time of four minutes 16.878 seconds.,2631,20,22,0.9090909090909091,0,0.34782608695652173,0.22727272727272724,0.2608695652173913,0.869839072227478,0.8976280689239502,0.8835150599479675
36526055,politics,bullet_points_strict,The Northern Ireland health service is to receive an extra £72m to help deal with pressures in the service.,"Stormont has allocated an additional £200m to health, the health minister has said.",1675,13,19,0.6842105263157895,0,0.25,0.0,0.18749999999999997,0.9182083606719971,0.9028716683387756,0.910475492477417
13906666,business,bullet_points_strict,The Winklevoss brothers have re-started their long-running legal dispute with Facebook and its boss Mark Zuckerberg.,"The Winklevosses and their business partner, Cameron Winklevosses, have filed a new lawsuit against Facebook.",1599,15,16,0.9375,0,0.303030303030303,0.0,0.1818181818181818,0.923251748085022,0.9185101985931396,0.9208748936653137
38628323,entertainment,bullet_points_strict,"A 14-year-old boy has been left with ""life-threatening"" injuries after being knocked down by a car.",A 16-year-old girl has been knocked down by a car in Rotherham.,317,12,16,0.75,0,0.6060606060606061,0.3870967741935484,0.6060606060606061,0.9529377222061157,0.9375114440917969,0.9451616406440735
27209454,tech,bullet_points_strict,"Chapman Pincher was known as ""the lone wolf of Fleet Street"".",Harry Chapman Pincher's career as a journalist spanned more than a century.,6617,12,11,1.0909090909090908,0,0.24999999999999994,0.0909090909090909,0.24999999999999994,0.8970156908035278,0.8796846270561218,0.8882656693458557
37037060,sport,bullet_points_strict,"Birmingham City have signed Dundee forward Greg Stewart on a three-year deal for a fee believed to be around £500,000.",Birmingham City have signed Dundee striker Mark Stewart on a one-year contract.,620,12,20,0.6,0,0.5142857142857142,0.36363636363636365,0.5142857142857142,0.982594907283783,0.9304302334785461,0.9558013677597046
30591670,business,bullet_points_strict,"A former soldier who agreed to obtain information from an army barracks for a newspaper will not face a trial, the Crown Prosecution Service has said.",A former soldier has been arrested in connection with a corruption scandal at the News of the World.,1248,18,26,0.6923076923076923,0,0.27272727272727276,0.09523809523809526,0.2272727272727273,0.894643247127533,0.8719913959503174,0.8831720352172852
26882626,business,bullet_points_strict,Inspectors have called for major improvements at two privately-run elderly care homes after finding problems during recent visits.,A care home has been given a one-star rating by the Care Inspectorate for its care and support.,2426,18,18,1.0,0,0.10526315789473684,0.0,0.10526315789473684,0.9024578332901001,0.893153190612793,0.8977813720703125
32105677,entertainment,bullet_points_strict,"Four men were arrested in north London when police found a gun, a sword and a knife in the car they were travelling in.",Four men have been arrested after a gun was found in a car in London.,294,15,24,0.625,0,0.5641025641025641,0.1081081081081081,0.4102564102564102,0.9707264304161072,0.9349650144577026,0.9525102376937866
40354917,tech,bullet_points_strict,"An estimated 63,000 properties in north Lancashire were hit by a power cut, Electricity North West has said.",A substation at a power station in Lancaster has reopened after a power outage.,1173,14,18,0.7777777777777778,0,0.24242424242424243,0.06451612903225808,0.18181818181818182,0.9050275683403015,0.8724042177200317,0.8884165287017822
39862196,business,bullet_points_strict,Lord Derby has won a key High Court stage of his fight to build 400 homes on his land.,A court has quashed a refusal by the secretary of state to accept a planning application for a new farm.,1698,20,19,1.0526315789473684,0,0.25641025641025644,0.0,0.20512820512820512,0.8937288522720337,0.8908618092536926,0.8922929763793945
40267739,business,bullet_points_strict,"Shopkeepers near the Isle of Wight's troubled new ""floating bridge"" have asked councillors to consider compensating them for loss of business.",Councillors in Cowes have called for a review of the chain ferry project at Cowes.,1317,15,21,0.7142857142857143,0,0.27027027027027023,0.0,0.16216216216216214,0.899902880191803,0.8781681060791016,0.8889027237892151
39831337,sport,bullet_points_strict,French side Lille have exercised their option to sign Naim Sliti on a permanent deal when his loan move from second-tier side Red Star expires this summer.,French club Lille have signed Sedan striker Mohamed Sliti on a one-year contract.,632,13,27,0.48148148148148145,0,0.2857142857142857,0.15,0.2857142857142857,0.9344167709350586,0.8897102475166321,0.9115156531333923
35480672,tech,bullet_points_strict,Children across Britain linked up with Tim Peake on the International Space Station yesterday for a big question and answer session.,Astronaut Leah O'Brien has been in space for six weeks.,253,10,21,0.47619047619047616,0,0.125,0.0,0.125,0.8681812286376953,0.8636606335639954,0.865915060043335
25455864,sport,bullet_points_strict,World champion cyclist Martyn Irvine has been named the 2013 BBC Northern Ireland Sports Personality of the Year.,Martyn Irvine has been named BBC Northern Ireland's Sports Personality of the Year for 2013.,2328,15,18,0.8333333333333334,0,0.823529411764706,0.625,0.7647058823529411,0.9760259389877319,0.9600076079368591,0.9679505825042725
32171407,tech,bullet_points_strict,A civilian cargo aircraft has landed safely after being escorted into Prestwick Airport in Ayrshire after suffering technical problems with its communications equipment.,A civilian aircraft has landed safely at Prestwick Airport.,1147,9,23,0.391304347826087,0,0.5,0.3333333333333333,0.5,0.9742898344993591,0.9011403322219849,0.936288595199585
37205717,tech,bullet_points_strict,Police have been given more time to question five men arrested on suspicion of terrorism offences.,"Five men have been arrested on suspicion of being concerned in the commission, preparation or instigation of acts of terror.",1034,20,16,1.25,0,0.4444444444444445,0.29411764705882354,0.33333333333333326,0.8942636251449585,0.9278719425201416,0.910757839679718
36135425,sport,bullet_points_strict,Euro 2016 will be contested by 24 teams over 30 days at 10 different venues in France.,World Cup quarter-finals with a 2-0 win over Spain.,10192,9,17,0.5294117647058824,0,0.07142857142857142,0.0,0.07142857142857142,0.8525899052619934,0.8408404588699341,0.846674382686615
40965536,sport,bullet_points_strict,BBC Sport is showing live coverage of the EuroBasket warm-up game between Great Britain and Greece at the Copper Box in London on Saturday 19 August.,Great Britain's EuroBasket opener against Greece at the Copper Box in London on Saturday will be a rematch of last year's EuroBasket.,1083,22,26,0.8461538461538461,0,0.5098039215686274,0.36734693877551017,0.4313725490196078,0.9342806339263916,0.9150862097740173,0.9245837926864624
34486992,sport,bullet_points_strict,Australia weathered a Welsh storm to win World Cup Pool A with a 15-6 victory at Twickenham.,Wales were beaten by Australia in their final match of the World Cup.,3858,13,17,0.7647058823529411,0,0.1935483870967742,0.06896551724137931,0.1935483870967742,0.9071630835533142,0.8693979382514954,0.8878791332244873
38859551,sport,bullet_points_strict,Josh Strauss believes Vern Cotter's impending departure will provide added motivation for Scotland to have a successful Six Nations.,"Scotland's squad for the Six Nations opener against Ireland, says Scot Cotter's decision to leave is a ""little bit more of an incentive"".",3314,23,19,1.2105263157894737,0,0.35555555555555557,0.0930232558139535,0.17777777777777778,0.8887123465538025,0.9027714729309082,0.895686686038971
32950900,politics,bullet_points_strict,Ex-CIA Director David Petraeus has told the BBC that Islamic State militants can only be defeated through a dual military and political approach.,US General George Petraeus has said he has no doubt that the Iraqi army will be retaken by Islamic State (IS).,6077,21,23,0.9130434782608695,0,0.3111111111111111,0.09302325581395349,0.22222222222222224,0.8916221857070923,0.8878298401832581,0.8897219896316528
33425853,tech,bullet_points_strict,"More than 13,000 email addresses have been stolen from Edinburgh city council's database following a ""malicious cyber attack"".",A cyber attack on a Scottish council's website has been reported to the Information Commissioner's Office and the UK Government.,1248,20,18,1.1111111111111112,0,0.28571428571428564,0.1,0.14285714285714282,0.8851330876350403,0.9030605554580688,0.8940069675445557
36071608,politics,bullet_points_strict,Rebels say they have begun a new battle in north-western Syria in response to alleged truce violations by the army.,Syrian rebels have declared the start of a battle in response to escalating fighting in the north-eastern Syrian city of Aleppo.,4965,21,20,1.05,0,0.46511627906976744,0.14634146341463414,0.37209302325581395,0.9278944730758667,0.9272679090499878,0.9275810718536377
24393387,business,bullet_points_strict,The photo sharing service Instagram announced it will start placing ads in US users photo streams in a posting on its website.,Instagram has announced that it will introduce advertising in the near future.,1349,12,22,0.5454545454545454,0,0.3529411764705882,0.0625,0.29411764705882354,0.9337713718414307,0.8836549520492554,0.9080221652984619
37338508,entertainment,bullet_points_strict,Actor Michael C Hall is to perform a tribute to David Bowie at this week's Mercury Music Prize ceremony.,David Bowie has been nominated for the 2016 Hyundai Mercury Music Prize.,1403,12,19,0.631578947368421,0,0.3125,0.19999999999999998,0.3125,0.9174866676330566,0.8747178316116333,0.8955919742584229
33733384,business,bullet_points_strict,A former Metropolitan Police officer has been found not guilty of sexually assaulting a teenage boy in the back of a police van nearly 30 years ago.,A former police detective has been cleared of assaulting a prisoner and misconduct in public office.,804,16,27,0.5925925925925926,0,0.4186046511627907,0.14634146341463417,0.4186046511627907,0.92008376121521,0.9016094207763672,0.9107528924942017
40255148,business,bullet_points_strict,"Welsh Secretary Alun Cairns has rejected calls for a ""softer"" Brexit after the general election result led to a hung parliament.","The Welsh Conservatives' leader, Michael Cairns, has said he wants the UK to stay in the single market but still come out of the EU legally.",2129,26,21,1.2380952380952381,0,0.21276595744680848,0.044444444444444446,0.21276595744680848,0.8788813352584839,0.8813000917434692,0.8800890445709229
36438606,sport,bullet_points_strict,"Relatives of the 96 people who died at Hillsborough have told the home secretary they want a ""Hillsborough Law"" to compel public officials to tell the truth at inquiries.",The families of the victims of the Hillsborough disaster have spoken to the home secretary about a proposed 'Hillsborough Law'.,2548,20,29,0.6896551724137931,0,0.4897959183673469,0.1702127659574468,0.40816326530612246,0.9533731937408447,0.9203876256942749,0.9365900754928589
37601431,tech,bullet_points_strict,Internet trolls who create derogatory hashtags or doctored images to humiliate others could face prosecution in England and Wales.,"The CPS has said it will prosecute those who post ""grossly offensive"" material online.",4046,14,19,0.7368421052631579,0,0.06060606060606061,0.0,0.06060606060606061,0.9016404151916504,0.8809130191802979,0.8911561965942383
39586912,politics,bullet_points_strict,"The day 12-year-old Faizan Fayaz Dar died, he woke up in the morning in his hilltop home in Budgam in Indian-administered Kashmir, had a cup of salted tea, recited the Koran and pottered around in the kitchen where his mother prepared breakfast for the family.","Faizan Faizan, a Kashmiri boy who was killed by paramilitary soldiers at a polling centre in Srinagar on Sunday, was a young boy in his early 20s.",7434,27,45,0.6,0,0.13333333333333333,0.0273972602739726,0.13333333333333333,0.8819823265075684,0.8473567366600037,0.86432284116745
33572386,tech,bullet_points_strict,An elderly woman has died after being hit by a tipper truck.,A woman has died after being hit by a truck in Gwynedd.,275,12,12,1.0,0,0.75,0.6363636363636364,0.75,0.9443546533584595,0.9639978408813477,0.9540751576423645
37634693,business,bullet_points_strict,Four foreign-owned firms are competing to run train services in Wales and create the £600m South Wales Metro.,Four companies have submitted bids for a new rail franchise in Wales.,3189,12,18,0.6666666666666666,0,0.1935483870967742,0.06896551724137931,0.1935483870967742,0.9464024305343628,0.9028357267379761,0.9241058826446533
37320915,entertainment,bullet_points_strict,Veteran broadcaster Robbie Shepherd is leaving BBC Radio Scotland's Take the Floor after 35 years this weekend.,BBC Scotland's Robbie Robbie has announced he will step down as host of the Scottish dance music show this weekend.,3369,20,17,1.1764705882352942,0,0.358974358974359,0.1081081081081081,0.30769230769230765,0.918070375919342,0.8815187811851501,0.899423360824585
35162652,sport,bullet_points_strict,Accrington Stanley manager John Coleman has criticised the Football League for allowing Carlisle United to move their home games because of flooding.,"Carlisle United manager Paul Coleman says he is ""shocked"" by the league's handling of the Carlisle floods.",1097,17,22,0.7727272727272727,0,0.35000000000000003,0.05263157894736842,0.25,0.9178798794746399,0.901984691619873,0.9098628759384155
38062339,sport,bullet_points_strict,Two Manchester United fans spent Friday night undetected in an Old Trafford toilet in an attempt to see Saturday's Premier League game against Arsenal.,A pair of Manchester United fans have been arrested after a suspected explosive was found in a toilet in the Emirates Stadium.,742,22,24,0.9166666666666666,0,0.2553191489361702,0.13333333333333333,0.2553191489361702,0.9021738171577454,0.8839389681816101,0.8929632902145386
40785774,sport,bullet_points_strict,Accrington Stanley secured a dramatic late victory over Championship side Preston North End to seal their place in the second round of the EFL Cup.,Accrington Stanley beat Preston North End to reach the EFL Cup third round.,5190,13,25,0.52,0,0.5263157894736842,0.3333333333333333,0.47368421052631576,0.9739812612533569,0.932264506816864,0.9526664614677429
39403454,entertainment,bullet_points_strict,An electrician whose £200 worth of tools were mistakenly sold for £1 in a charity shop has had them returned.,"A man has said he was ""just waiting for the phone to go into the jungle"" after he was offered £100 by a magazine for his story.",993,27,20,1.35,0,0.12765957446808512,0.0,0.0851063829787234,0.8651044368743896,0.8824051022529602,0.8736691474914551
40917946,sport,bullet_points_strict,"Laura Muir says she'll be ""gutted"" to miss April's Commonwealth Games.","Scotland's Heather Muir says she is ""gutted"" she will miss the Commonwealth Games in April.",1773,15,11,1.3636363636363635,0,0.6206896551724138,0.22222222222222224,0.4827586206896552,0.9575673937797546,0.9609545469284058,0.959257960319519
40714975,sport,bullet_points_strict,Southend United will give striker Nile Ranger a chance to relaunch his career when he is released from prison.,"Southend United will try to get Nile Ranger back on the pitch before the start of the season, the club have confirmed.",942,22,19,1.1578947368421053,0,0.2926829268292683,0.15384615384615383,0.24390243902439024,0.9144341945648193,0.9102317690849304,0.9123280644416809
35457886,entertainment,bullet_points_strict,"Books of condolence have opened for Sir Terry Wogan, as his breakfast show successor Chris Evans paid tribute on air to ""radio's Eric Morecambe"".",A book of condolences to Sir Terry Evans has been opened in Limerick.,7408,13,24,0.5416666666666666,0,0.3157894736842105,0.05555555555555555,0.2105263157894737,0.9044941067695618,0.8513447046279907,0.8771149516105652
36119787,business,bullet_points_strict,"First Minister Nicola Sturgeon has called for ""cast iron assurances"" jobs will not be lost at Clyde shipyards because of contract delays.","The Clyde shipyards are set to build eight Type 26 frigates and two new offshore patrol vessels, the Scottish Conservatives have said.",2992,22,22,1.0,0,0.09090909090909091,0.047619047619047616,0.09090909090909091,0.8808447122573853,0.8747233748435974,0.8777734041213989
35665575,politics,bullet_points_strict,Republican presidential hopefuls Ted Cruz and Marco Rubio have unleashed a barrage of attacks on front-runner Donald Trump in the last debate before next Tuesday's pivotal US primaries.,Donald Trump's presidential campaign has been dominated by a series of attacks on the New York real estate mogul.,4486,19,28,0.6785714285714286,0,0.36000000000000004,0.125,0.24,0.8919135332107544,0.8718386292457581,0.8817618489265442
36295366,politics,bullet_points_strict,So Ukraine confounded the bookmakers and Eurovision commentators who had been convinced that Russia - or possibly Australia - would win.,"Ukraine's chances of winning this year's Eurovision Song Contest"".",3473,9,21,0.42857142857142855,0,0.13333333333333333,0.0,0.13333333333333333,0.8755718469619751,0.8559414148330688,0.8656453490257263
39112583,business,bullet_points_strict,Lifeguards will patrol a popular beach on the South Coast this summer after seven men drowned last year.,"Lifeguards at a beach where five men drowned have been given a boost, a council has said.",1648,17,18,0.9444444444444444,0,0.28571428571428575,0.06060606060606061,0.28571428571428575,0.9263840317726135,0.9229434728622437,0.9246605038642883
40369861,sport,bullet_points_strict,Partick Thistle captain Abdul Osman says the players are praying manager Alan Archibald stays at the club for another season.,"Partick Thistle midfielder Shaun Osman says he would be ""personally disappointed"" to see former Swindon manager Paul Archibald leave the club.",1304,21,20,1.05,0,0.3902439024390244,0.15384615384615385,0.3902439024390244,0.9134576320648193,0.9342184662818909,0.923721432685852
32806866,tech,bullet_points_strict,Ten youths have been arrested by Canadian police on suspicion of planning to travel to Iraq and Syria to join Islamic State.,Canadian police have arrested 10 people suspected of being behind the spread of Islamic State (IS) in Iraq and Syria.,1196,20,22,0.9090909090909091,0,0.47619047619047616,0.2,0.28571428571428564,0.9329212307929993,0.9395362138748169,0.9362170100212097
35324257,sport,bullet_points_strict,League Two side York City have signed Hull City midfielder Matt Dixon on an 18-month deal.,League Two side Minstermen have signed defender James Dixon on a one-year contract.,359,13,16,0.8125,0,0.45161290322580644,0.27586206896551724,0.45161290322580644,0.9381119608879089,0.9361852407455444,0.9371476173400879
24616801,politics,bullet_points_strict,"Up to £500m could be recovered from overseas visitors and migrants using the NHS every year, ministers believe.","Foreign visitors to the UK will be able to benefit from a ""fair contribution"" from the NHS, the government has said.",6386,21,18,1.1666666666666667,0,0.30769230769230765,0.05405405405405405,0.25641025641025644,0.912433385848999,0.8987085819244385,0.9055190086364746
38440000,sport,bullet_points_strict,Belfast Giants remain within four points of Elite League leaders Cardiff Devils after earning a 5-1 Boxing Day away win over Braehead Clan.,Belfast Giants beat Coventry Blaze 5-3 in a thrilling game at the SSE Arena.,1115,14,23,0.6086956521739131,0,0.2051282051282051,0.05405405405405405,0.15384615384615385,0.9006199836730957,0.8728001117706299,0.8864918351173401
35654307,tech,bullet_points_strict,BBC Rewind looks at the history of the Flying Scotsman as it prepares to return to the railways.,The first train to be built on a railway line in the UK has arrived in London.,451,17,18,0.9444444444444444,0,0.17142857142857143,0.0,0.17142857142857143,0.8928052186965942,0.875393271446228,0.8840134739875793
38650041,business,bullet_points_strict,A man who claimed he was abused at an East Yorkshire Catholic school has lost a legal action for compensation.,A former head teacher at a school in East Yorkshire has been awarded compensation for sexual abuse at the school.,1345,20,20,1.0,0,0.45,0.05263157894736842,0.3,0.9354828596115112,0.922092854976654,0.928739607334137
38049486,entertainment,bullet_points_strict,Harry Potter spin-off Fantastic Beasts and Where To Find Them has had the biggest UK box office opening weekend of the year so far.,Harry Potter: The Twilight Saga has topped the US and Canada box office at the weekend.,1578,16,24,0.6666666666666666,0,0.43902439024390244,0.10256410256410255,0.34146341463414637,0.9193554520606995,0.887251079082489,0.9030179977416992
35764147,sport,bullet_points_strict,Britain's Victoria Williamson says she is lucky not to be paralysed after her serious crash at Rotterdam's Zesdaagse.,"Britain's Laura Williamson says she is ""still here to live another day"" after being paralysed in a crash in Rotterdam.",1636,20,18,1.1111111111111112,0,0.5365853658536585,0.20512820512820512,0.4878048780487805,0.9307947754859924,0.9097679853439331,0.920161247253418
17811732,business,bullet_points_strict,"The gap between male and female life expectancy is closing and men could catch up by 2030, according to an adviser for the Office for National Statistics.","The gap between life expectancy at 30 and life expectancy at 30 could be narrowing in the next 20 years, according to a new study.",3041,25,27,0.9259259259259259,0,0.3846153846153846,0.16,0.34615384615384615,0.9217700958251953,0.9006114602088928,0.9110679626464844
40101558,politics,bullet_points_strict,The head of the national body for police commissioners resigned in order to appear on the BBC's Question Time following the Manchester attack.,A former chief prosecutor has resigned as chief executive of the country's police and crime commissioners after appearing on Question Time.,1697,21,23,0.9130434782608695,0,0.3913043478260869,0.0909090909090909,0.30434782608695654,0.9151776432991028,0.9103274941444397,0.9127460718154907
40029092,business,bullet_points_strict,"In his new book Grave New World, Stephen King says: ""For better or worse, China is simply too big to be ignored.""","In a jittery world, China's debt mountain can loom larger than the fundamentals suggest.",3614,14,22,0.6363636363636364,0,0.16216216216216214,0.0,0.16216216216216214,0.873154878616333,0.8414442539215088,0.8570063710212708
15479709,business,bullet_points_strict,An expert has claimed controversial plans to build a £3.6bn 'super sewer' in London are motivated by profit.,Thames Water's bid to build a super-sea tunnel in London has been backed by a water industry expert.,2692,18,18,1.0,0,0.46153846153846156,0.16216216216216214,0.358974358974359,0.9141882658004761,0.9029116630554199,0.9085149765014648
38316455,business,bullet_points_strict,"The developers of the proposed Swansea Bay tidal lagoon have accused Natural Resources Wales (NRW) of publishing a ""grossly misleading"" analysis of the project's likely impact on fish.",Swansea's tidal lagoon project has been criticised by a developer who claims it could kill up to 2% of fish.,2130,20,28,0.7142857142857143,0,0.32,0.041666666666666664,0.24000000000000002,0.9183897376060486,0.8907551765441895,0.904361367225647
39106827,sport,bullet_points_strict,Premiership side Sale Sharks will sign Scotland and Glasgow back row forward Josh Strauss on a three-year deal from next season.,Sale Sharks have signed Glasgow Warriors centre Josh Strauss on a one-year contract.,1082,13,21,0.6190476190476191,0,0.4444444444444444,0.23529411764705882,0.4444444444444444,0.9580284953117371,0.921928346157074,0.9396318197250366
40243766,tech,bullet_points_strict,A China Eastern Airlines plane has had to turn back to Sydney airport after a technical failure which left a hole in an engine casing.,Passengers on a flight from Sydney to Shanghai have reported a hole in the left engine of a plane.,2013,19,25,0.76,0,0.45454545454545453,0.09523809523809525,0.2727272727272727,0.9306846261024475,0.9093726873397827,0.9199051856994629
35997066,politics,bullet_points_strict,The government is to reconsider a visa for an American mother facing deportation from the UK.,"The family of a woman who was refused leave to stay in the UK has said they are ""very hopeful"" the government will reconsider their application.",1238,26,16,1.625,0,0.33333333333333337,0.1,0.1904761904761905,0.8981403708457947,0.9229550361633301,0.910378634929657
38880926,entertainment,bullet_points_strict,Each day we feature a photograph sent in from across England.,England's Big Picture is a gallery of pictures and videos from around the world.,1376,14,11,1.2727272727272727,0,0.23076923076923075,0.0,0.15384615384615383,0.8660870790481567,0.8745781183242798,0.8703119158744812
22051542,sport,bullet_points_strict,"Scottish football should consider a bigger league to help young talent, according to Czech Republic director of football Dusan Fitzel.","A 16-team Czech First League would be a ""great opportunity"" for young players, says former Czech national coach and head coach Michael Fitzel.",3020,23,20,1.15,0,0.22727272727272727,0.0,0.22727272727272727,0.9020880460739136,0.8932690620422363,0.8976569175720215
39536132,politics,bullet_points_strict,Democratic Republic of Congo President Joseph Kabila has appointed Bruno Tshibala as the new prime minister of the power-sharing government.,Congolese President Pierre-Marie Tshibala has been appointed as the new leader of the country's opposition party.,1225,16,20,0.8,0,0.4615384615384615,0.16216216216216214,0.41025641025641024,0.9245268106460571,0.915377676486969,0.9199294447898865
37459574,sport,bullet_points_strict,Adebayo Akinfenwa's winner five minutes from time handed Wycombe a hard-fought 1-0 home victory over Exeter in League Two.,Adebayo Akinfenwa scored twice as Wycombe beat Exeter City 1-0 at Adams Park.,3558,13,19,0.6842105263157895,0,0.33333333333333326,0.11764705882352941,0.2777777777777778,0.9454696178436279,0.9049435257911682,0.9247627854347229
39789511,business,bullet_points_strict,"Journalists at Fairfax Media, one of Australia's largest publishers, have gone on strike for a week to protest against massive job cuts.",Australia's biggest news publisher Fairfax has announced a series of fresh staff cuts.,1651,13,22,0.5909090909090909,0,0.3243243243243243,0.05714285714285715,0.2162162162162162,0.9447206258773804,0.9123530387878418,0.9282547831535339
35104859,sport,bullet_points_strict,Teenager Tom Marquand has been tipped to follow in the footsteps of three-times champion jockey Ryan Moore by his trainer Richard Hannon.,Jockey Ryan Moore could become a champion jockey if he wins the BBC Young Sports Personality of the Year award.,1601,20,22,0.9090909090909091,0,0.27906976744186046,0.14634146341463414,0.13953488372093023,0.891606330871582,0.8833496570587158,0.8874588012695312
30322194,politics,bullet_points_strict,"The Colombian government and Farc rebels have agreed to resume peace talks, which were suspended last month over the abduction of an army general, mediators say.",Colombian and Farc negotiators have agreed to hold a second round of talks to end a five-year conflict in the country.,2095,21,26,0.8076923076923077,0,0.37500000000000006,0.13043478260869565,0.33333333333333337,0.9171119928359985,0.8996280431747437,0.9082858562469482
38995337,sport,bullet_points_strict,The Football Association has charged Blackburn midfielder Hope Akpan with violent conduct after he was sent off for pushing a referee.,Blackburn Rovers have been banned for three matches for violent conduct by Blackburn Rovers striker Shahid Akpan.,1021,17,21,0.8095238095238095,0,0.2631578947368421,0.05555555555555556,0.15789473684210528,0.8958253860473633,0.9067356586456299,0.901247501373291
35426361,tech,bullet_points_strict,"Octopuses may have more complex social interactions than previously believed, a new study has found.",A new study has suggested that octopuses are more aggressive than previously thought.,3136,13,15,0.8666666666666667,0,0.5714285714285715,0.30769230769230765,0.28571428571428575,0.964751660823822,0.9572716951370239,0.9609971642494202
36245913,sport,bullet_points_strict,Former British number one Laura Robson will play at next month's grass-court Wimbledon warm-up event in Nottingham.,Andy Robson has signed a two-year contract extension with the Nottingham Open.,712,12,17,0.7058823529411765,0,0.12121212121212123,0.0,0.12121212121212123,0.9033557772636414,0.8677311539649963,0.8851851224899292
32197742,politics,bullet_points_strict,"The Democratic Republic of the Congo has been urged to investigate at least 421 bodies found in an unmarked burial ground in the capital, Kinshasa.","DR Congo's government says all the bodies buried in a cemetery in the capital, Kinshasa, have been found.",1117,18,25,0.72,0,0.45454545454545453,0.14285714285714288,0.3181818181818182,0.9446226954460144,0.922182023525238,0.9332674741744995
36455355,sport,bullet_points_strict,Everton have agreed a deal with Premier League rivals Southampton that paves the way for Ronald Koeman to become their new manager.,Everton have agreed a new deal for former Southampton manager Martin Koeman.,2530,12,22,0.5454545454545454,0,0.5882352941176471,0.18749999999999997,0.4117647058823529,0.9508816003799438,0.9033486247062683,0.9265058636665344
38901296,business,bullet_points_strict,"Over the last three decades, governments of various stripes have promised radical change to solve England's housing crisis and today's White Paper is no exception.",The government's White Paper on housing has been a thorn in the side of the housing market.,2093,17,25,0.68,0,0.26666666666666666,0.0930232558139535,0.17777777777777776,0.9197277426719666,0.8832226395606995,0.9011055827140808
33750803,politics,bullet_points_strict,"Two Turkish soldiers have been killed and 31 wounded in a suicide attack by Kurdish PKK militants, the Turkish military says.","A suicide bomber has detonated explosives at a police station in northern Iraq, Turkish state media say.",2747,17,21,0.8095238095238095,0,0.21052631578947367,0.05555555555555556,0.15789473684210528,0.9031239151954651,0.8850288391113281,0.893984854221344
36558816,entertainment,bullet_points_strict,"A body found near Strathclyde Park in Motherwell is believed to be that of a missing teenager, police have said.",A teenager has been found dead in a wood in Motherwell.,371,11,20,0.55,0,0.3870967741935483,0.06896551724137931,0.25806451612903225,0.9534186720848083,0.897288978099823,0.9245026707649231
38635387,sport,bullet_points_strict,Neymar is the most valuable player in Europe - worth about £216m - according to a new study which values 10 players at more than 100m euros.,"Cristiano Ronaldo is the most valuable player in the Premier League, according to a new study.",1236,16,27,0.5925925925925926,0,0.5365853658536586,0.4615384615384615,0.5365853658536586,0.9409655928611755,0.8892378807067871,0.9143706560134888
32946874,tech,bullet_points_strict,"Swiss pilot Andre Borschberg has begun his bid to cross the Pacific, from China to Hawaii, in the zero-fuel Solar Impulse aeroplane.","Solar Impulse, a single-seat aircraft, has begun its journey to Hawaii.",3559,11,22,0.5,0,0.3428571428571428,0.1818181818181818,0.22857142857142854,0.9365016222000122,0.888661801815033,0.9119547605514526
38743285,business,bullet_points_strict,"A row between a Police and Crime Commissioner and his deputy, who was found guilty of serious misconduct, has been resolved following a payout.",A former police and crime commissioner has been cleared of misconduct after a dispute over a visit to a victim's family.,1763,21,24,0.875,0,0.4782608695652174,0.1818181818181818,0.34782608695652173,0.9172067046165466,0.9106128811836243,0.9138978719711304
30655155,entertainment,bullet_points_strict,"Actor Edward Herrmann, best known for his roles in TV show Gilmore Girls and vampire movie The Lost Boys, has died aged 71.","Actor Ed Herrmann has died at the age of 84, his son has said.",2822,14,23,0.6086956521739131,0,0.3243243243243243,0.05714285714285715,0.2162162162162162,0.9362888932228088,0.8784240484237671,0.9064338803291321
36555197,sport,bullet_points_strict,"Northern Ireland goalscorer Gareth McAuley says Thursday's 2-0 Euro 2016 win over Ukraine - their first at a European Championship - was ""massive"".","Northern Ireland manager Mark McAuley says he was ""delighted"" by his side's win over Poland at the Euro 2016 finals.",2193,20,23,0.8695652173913043,0,0.5,0.1904761904761905,0.3636363636363636,0.9317811131477356,0.9123614430427551,0.9219689965248108
37796836,politics,bullet_points_strict,A landmark legal challenge against Brexit has been rejected at the High Court in Belfast.,The High Court in London has ruled that the UK government cannot trigger the Brexit process without a parliamentary vote.,3924,20,15,1.3333333333333333,0,0.4,0.18181818181818182,0.2285714285714286,0.9026833772659302,0.925707995891571,0.9140507578849792
39632704,tech,bullet_points_strict,A student whose mother and teenage brother were stabbed to death is focusing on caring for her father who was also injured in the attack.,A teenager has said she will never see her father again after he was stabbed to death in Birmingham.,1790,19,25,0.76,0,0.3636363636363636,0.14285714285714288,0.22727272727272727,0.9095909595489502,0.9000892639160156,0.9048151969909668
22379241,politics,bullet_points_strict,"North Korea has detained several US citizens - sometimes holding them for years, the BBC explains.",The son of a US tourist detained in North Korea has said he prepared to violate the law of the Democratic People's Republic of Korea (DPRK).,7273,26,16,1.625,0,0.2857142857142857,0.1,0.19047619047619047,0.8573739528656006,0.8865818977355957,0.8717333674430847
30173084,tech,bullet_points_strict,South Korea's education minister has apologised after two faulty questions in the national college entrance exam left thousands of students confused.,South Korea's education minister has apologised for a mistake in one of the questions in the College Scholastic Ability Test.,1810,20,21,0.9523809523809523,0,0.5581395348837208,0.3902439024390244,0.5116279069767442,0.931477427482605,0.9443556666374207,0.9378724098205566
39009863,sport,bullet_points_strict,National League North side Gloucester City are in talks with rugby league team Gloucestershire All Golds about a potential groundshare.,The owners of Gloucester rugby league club All Golds have agreed to build a new home for the club.,798,19,20,0.95,0,0.3076923076923077,0.10810810810810811,0.3076923076923077,0.9235259294509888,0.8983139395713806,0.9107455015182495
37152397,politics,bullet_points_strict,"A Labour MP who accused Jeremy Corbyn of threatening to use his father - former Sinn Féin mayor Pat McGinn - to ""bully me into submission"" has spoken publicly about the row.","Sinn Féin leader Jeremy Corbyn tried to ostracise a Newry MP from his family, a former councillor has said.",1336,19,32,0.59375,0,0.43137254901960786,0.12244897959183673,0.23529411764705882,0.8896628618240356,0.8685844540596008,0.878997266292572
37262571,sport,bullet_points_strict,"Sir Bradley Wiggins and Mark Cavendish have been confirmed among 126 riders for the 2016 Tour of Britain, which begins in Glasgow on Sunday.",Great Britain's Bradley Wiggins and Mark Cavendish will race in the Tour of Britain in September.,1444,16,24,0.6666666666666666,0,0.48780487804878053,0.30769230769230765,0.48780487804878053,0.946378231048584,0.9156935214996338,0.9307830333709717
40897814,business,bullet_points_strict,"A former financial controller has admitted stealing more than £440,000 from a hospital charity.",A charity worker has been jailed for four years for fraud and money laundering.,657,14,14,1.0,0,0.20689655172413796,0.0,0.1379310344827586,0.9025421142578125,0.8973251581192017,0.8999260663986206
16523849,politics,bullet_points_strict,"Police in India's Maharashtra state have arrested five members of an upper caste for beating, stripping and parading naked a low-caste Dalit woman.",A woman has been beaten to death in a village in the Indian state of Karnataka.,883,16,23,0.6956521739130435,0,0.24390243902439027,0.0,0.14634146341463414,0.9310551881790161,0.8734076619148254,0.9013105630874634
37231760,politics,bullet_points_strict,Turkey has hit out at the United States over criticism of its ongoing role in the conflict in Syria.,Turkey's foreign ministry has called on the US to stop pursuing Kurdish fighters in northern Syria.,2918,16,19,0.8421052631578947,0,0.27777777777777773,0.0,0.27777777777777773,0.909037709236145,0.9221363067626953,0.9155401587486267
40594857,politics,bullet_points_strict,"Yn ei gyfweliad cyntaf â'r BBC ers etholiad Esgob newydd Llandaf mae'r Gwir Barchedig Jeffrey John yn honni bod ""dau esgob wedi cynllunio gyda'i gilydd ymlaen llaw sut i drefnu'r etholiad yn Llandaf"" a hynny er mwyn ei gadw allan.","Mae e-bost yn dweud ei anfon gan Esgob Llanelwy, Y Gwir Barchedig John Davies yn dweud: ""Yn eu barn nhw, byddai esgob yn peri gormod o drafferth.""",5237,27,40,0.675,0,0.28169014084507044,0.028985507246376812,0.25352112676056343,0.86482834815979,0.8301958441734314,0.8471583127975464
35713797,business,bullet_points_strict,Toshiba shares rallied more than 10% on Thursday on reports the firm was about to secure substantial new loans for its restructuring efforts.,"Toshiba, the world's biggest conglomerate, is in talks with lenders over its restructuring plans.",1386,14,23,0.6086956521739131,0,0.2105263157894737,0.05555555555555555,0.2105263157894737,0.9215991497039795,0.8900929689407349,0.9055721163749695
34724271,sport,bullet_points_strict,"England's batsmen must ""pull their fingers out"" if they are to win the third Test against Pakistan and draw the series 1-1, says James Anderson.","England will have to bat the whole day to win or draw against Pakistan in Sharjah, says captain Joe Anderson.",1847,20,25,0.8,0,0.3829787234042553,0.08888888888888889,0.29787234042553196,0.9163846969604492,0.8979421854019165,0.9070696830749512
40116662,sport,bullet_points_strict,British and Irish Lions head coach Warren Gatland says he will not repeat Graham Henry's 2001 mistake by splitting the squad early in the tour.,England coach Warren Gatland says he lost half of his team on day one of the All Blacks tour of New Zealand.,1577,22,25,0.88,0,0.2916666666666667,0.17391304347826086,0.2916666666666667,0.9017661809921265,0.8842720985412598,0.8929334878921509
36666760,sport,bullet_points_strict,Rangers have made right-back Lee Hodson their eighth summer signing on a three-year deal from MK Dons.,Ibrox Rangers have signed midfielder Ryan Hodson on a one-year deal.,494,11,17,0.6470588235294118,0,0.4516129032258065,0.20689655172413793,0.4516129032258065,0.9431027173995972,0.9226293563842773,0.9327536821365356
33880041,tech,bullet_points_strict,A wine decanter taken from a church during the Highland Clearances and used by evicted families to feed milk to babies has been gifted to a museum.,A relic of the Highland Clearances has been donated to Inverness Museum and Art Gallery.,2807,15,27,0.5555555555555556,0,0.42857142857142855,0.15,0.38095238095238093,0.9112915396690369,0.8843119144439697,0.8975989818572998
40925574,tech,bullet_points_strict,"A woman who killed a pensioner while ""high on crystal meth and heroin"" has been given a six-year sentence.",A woman has been jailed for six years for the murder of a man stabbed in the chest and suffocated.,2617,20,19,1.0526315789473684,0,0.35,0.10526315789473684,0.25,0.9222767353057861,0.9080560207366943,0.9151111245155334
40668749,business,bullet_points_strict,"Criminals and terrorists are using the so-called dark net to buy weapons, a new study has suggested.","Guns and ammunition were sold illegally on the dark net, according to a study.",2380,14,17,0.8235294117647058,0,0.43750000000000006,0.06666666666666667,0.43750000000000006,0.9377903938293457,0.911532998085022,0.9244752526283264
30624894,entertainment,bullet_points_strict,Chris Rock has announced that he's separating from his wife.,"Chris Rock has filed for divorce from his wife, Malaak Compton-Rock.",1018,11,10,1.1,0,0.5217391304347826,0.380952380952381,0.5217391304347826,0.8708476424217224,0.9556481838226318,0.9112793207168579
29422484,business,bullet_points_strict,A man once dubbed the world's fattest has been granted an American visa so he can have surgery to remove excess skin.,A British man who has lost more than a stone has been granted a visa to the US.,1175,18,22,0.8181818181818182,0,0.3902439024390244,0.10256410256410256,0.34146341463414637,0.9245759844779968,0.9018070697784424,0.913049578666687
36170137,tech,bullet_points_strict,"A new type of drug could benefit men with aggressive prostate cancer that is no longer responding to treatment, researchers from the Institute of Cancer Research have said.",A new class of drugs targeting androgen receptors in prostate cancer has been developed.,1942,14,28,0.5,0,0.2380952380952381,0.1,0.2380952380952381,0.9171674251556396,0.8970876932144165,0.907016396522522
39458057,sport,bullet_points_strict,European leagues are free to schedule domestic games on the same nights as Champions League and Europa League ties after an agreement with Uefa ended.,The European Football League (EPFL) has agreed to allow domestic matches to be played on the same night as European matches.,1028,21,25,0.84,0,0.34782608695652173,0.0909090909090909,0.30434782608695654,0.9111039042472839,0.9009938836097717,0.9060207009315491
27050394,politics,bullet_points_strict,"Teachers should scrutinise the holiday plans of families from communities that practise female genital mutilation (FGM), a conference has heard.","Teachers and school staff should be vigilant for signs of female genital mutilation (FGM), campaigners say.",3291,16,20,0.8,0,0.38888888888888884,0.17647058823529413,0.38888888888888884,0.936427652835846,0.9201151132583618,0.9281997084617615
38840026,tech,bullet_points_strict,Police are investigating the rape of a woman in Queens Park in Glasgow's Southside.,A 19-year-old woman has been raped at a park in Edinburgh.,270,11,14,0.7857142857142857,0,0.28571428571428575,0.07692307692307691,0.28571428571428575,0.9393185377120972,0.9204446077346802,0.9297858476638794
38466308,business,bullet_points_strict,Swansea's caretaker manager Alan Curtis says there would be no guarantee the club would return to the Premier League if they were relegated this season.,"Swansea City manager Paul Curtis says he is ""not sure"" he will be able to get the club out of trouble if they go down.",2102,25,25,1.0,0,0.39215686274509803,0.12244897959183673,0.35294117647058826,0.9258396625518799,0.9216326475143433,0.9237313866615295
40304111,tech,bullet_points_strict,"The overall student loan debt for Welsh students has reached £3.7bn, new figures show.","The number of Welsh domiciled students in higher education in Wales has risen in the past year, according to new figures.",1182,21,14,1.5,0,0.3333333333333333,0.058823529411764705,0.3333333333333333,0.89990234375,0.9068366885185242,0.9033561944961548
19690725,business,bullet_points_strict,"Police in Italy have arrested a jobless man who posed as an airline pilot, tricking his way into riding in the cockpit of at least one jet.","Police in Italy have arrested a man who sat as a ""third pilot"" in the cockpit of a Lufthansa plane.",2291,20,27,0.7407407407407407,0,0.5957446808510639,0.39999999999999997,0.5957446808510639,0.9195600152015686,0.9177864789962769,0.9186723828315735
12344040,politics,bullet_points_strict,David Cameron has said too many children from immigrant families are not able to speak English when they start at school.,"Prime Minister David Cameron has said he has ""completely agreed"" that the number of people who come to the UK as husbands and wives is ""not happening"".",2164,27,21,1.2857142857142858,0,0.25,0.13043478260869565,0.20833333333333334,0.8804833889007568,0.8889564871788025,0.8846996426582336
34196763,business,bullet_points_strict,"Low pay and scarce hours are pushing working families and young people into poverty in Wales, a new report claims.","The number of children in Wales in poverty has risen by more than a third between 2003 and 2013, according to a charity.",1057,23,20,1.15,0,0.23255813953488372,0.04878048780487805,0.13953488372093023,0.8877654671669006,0.9019227027893066,0.8947881460189819
34217549,business,bullet_points_strict,"Time spent travelling to and from first and last jobs by workers who do not have a fixed office should be regarded as work, European judges have ruled.",The European Court of Justice has ruled that those without a fixed office should consider the time they spend travelling between their homes and the premises of their first and last jobs as part of their hours for the day.,6100,40,28,1.4285714285714286,0,0.4117647058823529,0.18181818181818185,0.23529411764705882,0.9175511002540588,0.9367651343345642,0.9270585179328918
30879937,tech,bullet_points_strict,Schools have been reopening in Guinea after a five-month closure because of the deadly Ebola outbreak.,Guinea's government has reopened schools in the country hit by the Ebola outbreak.,1312,13,16,0.8125,0,0.3870967741935484,0.06896551724137931,0.3225806451612903,0.9438954591751099,0.925224244594574,0.9344666600227356
34015798,business,bullet_points_strict,London's FTSE 100 index has recorded its biggest weekly loss this year after poor manufacturing figures in China exacerbated global economic fears.,"(Close): The FTSE 100 has plunged more than 4% in the past three days, triggering a sell-off in shares.",3747,19,22,0.8636363636363636,0,0.18604651162790697,0.04878048780487805,0.18604651162790697,0.8711055517196655,0.8717332482337952,0.8714193105697632
40490738,tech,bullet_points_strict,"The sister of a teenager who was murdered, cut up and buried by her boyfriend says she is afraid after discovering he has been out of prison.","The family of a woman who was murdered in County Fermanagh have said they are ""angry and fearful"" about a prisoner's release.",2396,22,27,0.8148148148148148,0,0.27999999999999997,0.12499999999999997,0.27999999999999997,0.8993792533874512,0.9036277532577515,0.9014984965324402
35476818,politics,bullet_points_strict,"Russian politician Mikhail Kasyanov has accused President Vladimir Putin of ""silently encouraging"" intimidation as a row over a menacing video continues.",Russian opposition leader Ramzan Kasyanov says he has no reaction to a sniper video he posted on Instagram.,2804,18,21,0.8571428571428571,0,0.25641025641025644,0.0,0.25641025641025644,0.8938812017440796,0.8920530080795288,0.8929661512374878
30165675,entertainment,bullet_points_strict,"Perhaps predictably, Louis van Gaal delivered the best line of the day as he reflected on how his side survived an early storm to beat Arsenal 2-1.",Arsene Wenger said he was astonished by his side's win over Arsenal at the Emirates Stadium.,4755,16,27,0.5925925925925926,0,0.22222222222222224,0.046511627906976744,0.17777777777777778,0.9056602716445923,0.8773233294487,0.8912666440010071
37024028,business,bullet_points_strict,"Craft brewer BrewDog has raised $1m (£770,000) from US investors within the first three days of a new funding round, according to the company.",BrewDog has raised more than £25m in a crowdfunding round in the US.,1348,13,24,0.5416666666666666,0,0.3684210526315789,0.1111111111111111,0.3157894736842105,0.9274829626083374,0.8885830640792847,0.9076164364814758
33541704,business,bullet_points_strict,An industrial dispute at Tata Steel has ended after workers voted to accept changes to their pension scheme.,Tata Steel has withdrawn plans to strike in a dispute over the company's pension scheme.,1374,15,18,0.8333333333333334,0,0.411764705882353,0.18750000000000003,0.35294117647058826,0.9394640922546387,0.9274007081985474,0.9333934783935547
35034099,business,bullet_points_strict,"Keurig Green Mountain, which makes K-cups single-serve coffee pods, said it has accepted a $13.9bn (£9.2bn) bid.","Coca-Cola has agreed to buy Keurig Green Mountain, the maker of the K-cup coffee machine.",2009,15,17,0.8823529411764706,0,0.31578947368421056,0.11111111111111112,0.2631578947368421,0.9244424700737,0.8835604190826416,0.9035391807556152
30377462,tech,bullet_points_strict,A university has withdrawn a poster which appeared to ridicule Hollywood star Jennifer Lawrence after her nude pictures were leaked on the internet.,"The University of Strathclyde has apologised after a poster of Jennifer Lawrence's ""wish she'd used a StR0nG_Pas5w0Rd%"".",1135,17,23,0.7391304347826086,0,0.4186046511627907,0.0975609756097561,0.27906976744186046,0.7967064380645752,0.8866135478019714,0.8392589688301086
35923205,tech,bullet_points_strict,A man has been stabbed to death in a street in north London.,A man has died after being stabbed in a street in London.,1209,12,13,0.9230769230769231,0,0.7199999999999999,0.43478260869565216,0.7199999999999999,0.9812459349632263,0.9725297093391418,0.9768683910369873
38984254,sport,bullet_points_strict,"Exeter head coach Rob Baxter says his side need to perform consistently at a ""high intensity"" if they are to earn more international recognition.","Exeter Chiefs head coach Mark Baxter says he was ""not particularly surprised"" by the lack of international selection.",1009,18,24,0.75,0,0.28571428571428575,0.09999999999999999,0.28571428571428575,0.9284263849258423,0.9116860628128052,0.9199801087379456
39966693,sport,bullet_points_strict,"Brendan Rodgers says it would be a ""remarkable achievement"" for Celtic to complete an unbeaten league season.","Celtic manager Brendan Rodgers says he is ""one behind"" in the Scottish Premiership's record for most wins in a season.",2963,20,17,1.1764705882352942,0,0.36842105263157887,0.11111111111111112,0.2631578947368421,0.9030593633651733,0.9089294075965881,0.9059848785400391
34231916,entertainment,bullet_points_strict,Hundreds of rooms at a £45m student halls development at Aberystwyth University will not be ready for the new term.,Students at the University of Oxford have been told they will not be allowed to stay at a new home until the end of the academic year.,327,27,20,1.35,0,0.425531914893617,0.13333333333333333,0.25531914893617025,0.8986532092094421,0.8684839606285095,0.8833110332489014
38025198,entertainment,bullet_points_strict,Characters based on a Nickelodeon cartoon were dropped from a Northern Ireland council's Christmas celebrations - after it emerged they were unauthorised.,The PAW Patrol's Paw Patrol characters have not been used at a Christmas lights switch-on in the UK or Ireland.,1246,20,22,0.9090909090909091,0,0.2727272727272727,0.0,0.13636363636363635,0.8676350116729736,0.8681002855300903,0.8678675889968872
38021312,business,bullet_points_strict,Aston Villa have appointed former Brighton coach Colin Calderwood as their assistant manager to Steve Bruce.,Brighton manager Colin Calderwood has joined Aston Villa on a one-year contract.,1589,12,16,0.75,0,0.41379310344827586,0.14814814814814814,0.20689655172413793,0.9217584133148193,0.9091364741325378,0.9154039025306702
39884746,sport,bullet_points_strict,Jamie Roberts intends to use his disappointment at being overlooked by the British and Irish Lions as motivation when he captains Wales.,"Wales captain Mark Roberts says he was ""gutted"" to be dropped from Wales' squad for the first Test against Tonga.",2517,20,22,0.9090909090909091,0,0.23809523809523808,0.0,0.14285714285714282,0.8879842758178711,0.8938758969306946,0.8909203410148621
35516834,business,bullet_points_strict,In terms of what England wanted out of the game with Scotland I think they got everything.,England's game at Murrayfield was one of the best in the history of the game.,4170,15,17,0.8823529411764706,0,0.3636363636363636,0.12903225806451615,0.24242424242424243,0.8953261375427246,0.8902749419212341,0.8927933573722839
18916143,sport,bullet_points_strict,Great Britain will miss the men's Olympic 4x100m relay final after being disqualified in their semi-final.,Great Britain's men's olympic final was halted by a boton error in the final of the men's olympics.,1262,18,16,1.125,0,0.4615384615384615,0.2162162162162162,0.41025641025641024,0.901820719242096,0.8837040066719055,0.8926704525947571
28783748,business,bullet_points_strict,Police are appealing for witnesses following a head-on crash between a car and a bus in West Lothian.,A passenger has been seriously injured in a crash between a car and a bus in Falkirk.,1239,17,18,0.9444444444444444,0,0.5,0.411764705882353,0.5,0.937771201133728,0.9209232926368713,0.92927086353302
36754530,tech,bullet_points_strict,Police have named a 52-year-old man who died after the forklift truck he was driving toppled over.,A man has died after being trapped underneath a forklift in East Kilbride.,491,13,17,0.7647058823529411,0,0.3125,0.06666666666666667,0.3125,0.9066861867904663,0.8998023867607117,0.9032312035560608
39537604,sport,bullet_points_strict,Great Britain's double gold medallist Nicola Adams believes new trainer Virgil Hunter will play a key part in success as a professional.,"Britain's Sarah Adams says she is ""in awe"" by the world's best boxer, Andre Ward, as she prepares for her first professional fight.",1017,23,22,1.0454545454545454,0,0.24999999999999994,0.043478260869565216,0.24999999999999994,0.8750687837600708,0.8672251105308533,0.8711293339729309
33365674,politics,bullet_points_strict,"We're fast approaching the 70th anniversary next month of the dropping of the first nuclear bomb, on Hiroshima.",Ayatollah Khomeini's triumphant return to Tehran in 1979 marks the moment when the US and its allies lost control of Iran.,6386,21,18,1.1666666666666667,0,0.14634146341463414,0.0,0.14634146341463414,0.8484647870063782,0.8533153533935547,0.8508831858634949
35800561,business,bullet_points_strict,"David Drumm, former boss of the Anglo Irish Bank, has been granted bail by an Irish court after he was extradited from the US to face fraud charges.",Irish police have charged former Anglo Irish Bank chief executive Michael Drumm with fraud and tax evasion.,2773,17,28,0.6071428571428571,0,0.3111111111111111,0.09302325581395349,0.22222222222222224,0.9396993517875671,0.9076157212257385,0.9233789443969727
29748134,entertainment,bullet_points_strict,"Lala Njava's music is grounded in Madagascan tradition but is enriched with jazz, trance and afrobeat.","Lala Njava, a Malagasy blues singer, performs in a performance for Africa Beats.",666,13,16,0.8125,0,0.20000000000000004,0.07142857142857144,0.20000000000000004,0.9031273126602173,0.8812158107757568,0.8920369744300842
37172014,politics,bullet_points_strict,There haven't been many good moments for Myanmar's Rohingya Muslims in the last four years.,Aung San Suu Kyi's new Advisory Commission on Rakhine State could be a game-changer.,3593,14,15,0.9333333333333333,0,0.06060606060606061,0.0,0.06060606060606061,0.8477119207382202,0.8692834377288818,0.8583621978759766
36523133,sport,bullet_points_strict,Ivan Lendl is definitely more of a handshake than a hug kind of guy.,"Ivan Rodrguez has greeted his new coach, Ivan Delgado, with a straight handshake.",3326,13,14,0.9285714285714286,0,0.22222222222222224,0.0,0.22222222222222224,0.873184084892273,0.8758603930473328,0.8745202422142029
29279384,politics,bullet_points_strict,How did it go for the 16 and 17-year-olds who were allowed to vote for the first time ever in the UK?,"16 to 17-year-olds voted for independence in the Scottish referendum, according to a survey.",3122,14,22,0.6363636363636364,0,0.4,0.15789473684210528,0.35000000000000003,0.9011128544807434,0.8854799270629883,0.8932280540466309
38185491,sport,bullet_points_strict,Mercedes Formula 1 boss Toto Wolff admits that Nico Rosberg's decision to retire took him completely by surprise - but it is only the start of his problems.,Wolff has a long list of potential replacements for Mercedes driver Sebastian Vettel.,5857,13,28,0.4642857142857143,0,0.14634146341463414,0.0,0.0975609756097561,0.9035710096359253,0.8747178316116333,0.8889103531837463
33464480,tech,bullet_points_strict,"Smoking could play a direct role in the development of schizophrenia and needs to be investigated, researchers say.","Smokers are more likely to develop schizophrenia than non-smokers, a study suggests.",2309,12,18,0.6666666666666666,0,0.1935483870967742,0.0,0.06451612903225808,0.9189013838768005,0.909757137298584,0.9143063426017761
34692640,tech,bullet_points_strict,"A family of five, including three young children, had to be rescued from a Somerset beach after their car got stuck in the mud on Saturday evening.",Three people have been rescued from a beach in Avon after a high tide.,324,14,27,0.5185185185185185,0,0.3902439024390244,0.10256410256410257,0.29268292682926833,0.9241299629211426,0.9060337543487549,0.9149924516677856
28274531,politics,bullet_points_strict,Former Archbishop of Canterbury Lord Carey says he will support legislation that would make it legal for terminally ill people in England and Wales to receive help to end their lives.,The Archbishop of Canterbury has said he has changed his mind about a bill to allow people to end their own lives.,7250,22,31,0.7096774193548387,0,0.3773584905660377,0.1568627450980392,0.339622641509434,0.9314935803413391,0.9030026197433472,0.9170268774032593
39072867,sport,bullet_points_strict,"Leicester's decision to sack Claudio Ranieri nine months after winning the Premier League made former Foxes striker Gary Lineker ""shed a tear"".","Leicester City manager Claudio Ranieri's sacking is ""inexplicable"" and ""inexplicable"" to football fans, says Match of the Day presenter Mark Lineker.",8970,21,22,0.9545454545454546,0,0.31111111111111117,0.046511627906976744,0.22222222222222224,0.8675575256347656,0.898956835269928,0.8829782009124756
22325779,tech,bullet_points_strict,Rescuers are frantically trying to save about nine people located in the wreckage of a collapsed factory complex in the Bangladeshi capital Dhaka.,"At least nine people have been rescued from the rubble of a collapsed garment factory in the Indian city of Savar, officials say.",4181,23,23,1.0,0,0.391304347826087,0.18181818181818182,0.391304347826087,0.9190141558647156,0.9138476252555847,0.9164236187934875
40617914,sport,bullet_points_strict,Dundee United have signed their second goalkeeper in a week by bringing in Harry Lewis on loan from Southampton.,Tannadice United have signed Southampton goalkeeper Harry Lewis on a one-year deal.,1697,12,19,0.631578947368421,0,0.5625,0.26666666666666666,0.4375,0.9210096597671509,0.9156597256660461,0.9183268547058105
38125603,sport,bullet_points_strict,Celtic cruised to a 3-0 win over Aberdeen at Hampden Park as Brendan Rodgers secured his first trophy as the Scottish Premiership leaders' manager.,Celtic goalkeeper Pat Bonner looks at the victors' performance in the Scottish League Cup final.,4564,15,24,0.625,0,0.2,0.052631578947368425,0.2,0.8897799253463745,0.8714996576309204,0.880544900894165
30992607,politics,bullet_points_strict,For three weeks Alexander Litvinenko desperately tried to fight off the radiation that was destroying his body from within.,Alexander Litvinenko's death was not a'state sponsored nuclear terrorism' - it was an act of state sponsored nuclear terrorism on the streets of London.,5154,24,19,1.263157894736842,0,0.1818181818181818,0.04761904761904762,0.13636363636363635,0.8594458103179932,0.8819190263748169,0.8705374002456665
38252691,business,bullet_points_strict,Auditors have questioned the way a health board handled funding awarded to a celebrity-led charity event.,"Auditors have questioned a Welsh health board's handling of a charity event which raised more than £150,000.",2388,17,16,1.0625,0,0.5,0.23529411764705882,0.5,0.9171236157417297,0.9433419108390808,0.9300479888916016
36066329,entertainment,bullet_points_strict,An 85-year-old woman has died after being struck by a bin lorry in Edinburgh.,A bin lorry driver has been arrested after a woman was spotted walking with a wheeled walking aid.,536,18,14,1.2857142857142858,0,0.35294117647058826,0.125,0.17647058823529413,0.8946186900138855,0.9103699922561646,0.9024256467819214
38872959,tech,bullet_points_strict,"A tractor being driven by a 15-year-old boy ""as a taxi for his drunk mates"" has been stopped by police in North Yorkshire.",A 15-year-old boy has been arrested on suspicion of driving a tractor as a taxi.,523,15,23,0.6521739130434783,0,0.5714285714285713,0.4,0.38095238095238104,0.9498655796051025,0.9212462306022644,0.9353370070457458
40754122,tech,bullet_points_strict,"A man accused of claiming almost Â£10,000 after allegedly pretending his family died in the Grenfell Tower fire has denied two counts of fraud.",A man has appeared in court charged with fraud after claiming to be a victim of a London tower block fire.,850,21,24,0.875,0,0.43478260869565216,0.04545454545454545,0.21739130434782608,0.9218879342079163,0.8802475333213806,0.9005866646766663
38458406,politics,bullet_points_strict,"In our series of letters from African journalists, media and communications trainer Joseph Warungu gives a personal guide to some of the key people, places and events to watch out for in Africa in 2017.","Africa will go through six human actions this year - stand, kneel, squat, bow, fall and then rise again.",7770,19,35,0.5428571428571428,0,0.07547169811320754,0.0,0.03773584905660377,0.8301492929458618,0.8291749954223633,0.8296619057655334
36462386,business,bullet_points_strict,"A farmer told to demolish a mock Tudor castle that was built without planning permission has vowed to rebuild ""the work of art"" elsewhere.","A man who built a ""work of art"" has told a judge he will ""fully comply"" with council enforcement notices.",1611,20,24,0.8333333333333334,0,0.3636363636363636,0.09523809523809525,0.22727272727272727,0.9101841449737549,0.8858795166015625,0.8978673815727234
34043497,business,bullet_points_strict,"Full services on Nottingham's new tram lines have started, eight months behind schedule.",The first public trams to open in Nottingham have started running.,2237,11,13,0.8461538461538461,0,0.23999999999999996,0.08695652173913043,0.23999999999999996,0.9365091323852539,0.9087287187576294,0.9224097728729248
40729647,tech,bullet_points_strict,Thieves broke into vans and stole tools being used by a team working on a life-changing project for TV show DIY SOS.,Two vans and a Mercedes Sprinter have been stolen from a DIY SOS project in Birmingham.,1169,16,22,0.7272727272727273,0,0.358974358974359,0.10810810810810811,0.30769230769230765,0.8972377777099609,0.9024626016616821,0.8998426198959351
35538968,business,bullet_points_strict,Oil and gas exploration firm Tullow Oil has reported a pre-tax loss of £1.3bn for the year to 31 December as low oil prices bit into revenues.,Tullow Oil has reported a loss of £1.5bn in the first half of the year.,1410,15,27,0.5555555555555556,0,0.4444444444444445,0.32558139534883723,0.4444444444444445,0.9608488082885742,0.9030063152313232,0.9310300350189209
26546100,tech,bullet_points_strict,EE has come out on top and Vodafone last in one of the UK's most comprehensive tests of mobile networks.,"EE and Three have been rated ""very well"" in a new survey of mobile operators in the UK.",3559,18,20,0.9,0,0.358974358974359,0.1081081081081081,0.30769230769230765,0.9093786478042603,0.8894249200820923,0.8992910981178284
37949101,tech,bullet_points_strict,A man who tried to get home on a 2.5 tonne road roller after a night out drinking in Dumfries has received a 15-month driving ban.,A Dumfries man has been given a driving ban after admitting taking a roller from Brooms Road to Dumfries.,684,19,26,0.7307692307692307,0,0.5106382978723404,0.04444444444444444,0.2553191489361702,0.9163609743118286,0.8812605142593384,0.8984680771827698
31090761,politics,bullet_points_strict,"Nearly all of the chaotically built homes in the small community of Vila Uniao in the west of Rio have ""SMH"" painted onto their walls.","Vila Uniao, a neighbourhood in Rio de Janeiro, has been saved from demolition by the government.",4504,16,25,0.64,0,0.24390243902439027,0.05128205128205127,0.19512195121951217,0.9149118661880493,0.8832945227622986,0.8988252878189087
27691207,business,bullet_points_strict,"A key safety limit at one of Britain's nuclear power stations is being raised to allow the life of the reactor to be extended, the BBC has learned.","A nuclear power station could have breached its safety margins if it failed to lose its graphite bricks, the Office for Nuclear Regulation (ONR) says.",3728,25,28,0.8928571428571429,0,0.22222222222222224,0.03846153846153846,0.1851851851851852,0.8762721419334412,0.8933827877044678,0.8847447037696838
33719206,sport,bullet_points_strict,"A US dentist has killed a lion in Zimbabwe, Africa.",Hundreds of people have signed a petition calling for Cecil Palmer's killer to be punished for what he did.,2675,19,10,1.9,0,0.06666666666666667,0.0,0.06666666666666667,0.8669362664222717,0.8668094873428345,0.8668728470802307
38484254,business,bullet_points_strict,"A whisky distillery plans to invest £580,000 in community projects to mark its 200 years on the island of Islay.",The Lagavulin distillery on Islay is celebrating its 200th anniversary.,2354,10,20,0.5,0,0.3225806451612903,0.0,0.19354838709677416,0.9088426828384399,0.8996971845626831,0.9042468070983887
23885509,entertainment,bullet_points_strict,"David Hockney's assistant died after drinking acid at the painter's home, an inquest has heard.","A ""Jekyll and Hyde"" artist died after he drank acid, an inquest has heard.",3901,14,15,0.9333333333333333,0,0.45161290322580644,0.27586206896551724,0.45161290322580644,0.904790461063385,0.914811372756958,0.9097733497619629
37144514,sport,bullet_points_strict,"Nigeria's Olympic rower Chierika Ukogu has an inspirational story - but without the mistaken promotion of US rapper Snoop Dogg, she is likely to have sunk without trace.",Nigerian rower Chierika Ukogu has won a silver medal at the Rio Olympics.,2923,13,28,0.4642857142857143,0,0.24390243902439027,0.15384615384615383,0.24390243902439027,0.9329257011413574,0.8752154111862183,0.9031496047973633
36785899,business,bullet_points_strict,A plane bound for Chicago has been forced to make an emergency landing for the second time in two days.,A United Airlines flight from Edinburgh to Chicago has returned to Edinburgh Airport after a mechanical issue.,691,17,20,0.85,0,0.2162162162162162,0.05714285714285714,0.2162162162162162,0.8956530094146729,0.8973493576049805,0.8965004086494446
40012848,sport,bullet_points_strict,Sporting events and venues in England are conducting major security reviews after 22 people were killed in an attack at Manchester Arena.,Manchester United and Ajax will hold a minute's silence at Headingley cricket ground ahead of the Europa League final.,8676,19,22,0.8636363636363636,0,0.14285714285714282,0.0,0.09523809523809525,0.8392444849014282,0.8527731895446777,0.8459547162055969
20434319,business,bullet_points_strict,"A tenfold increase in the number of English schools converting to academies has meant £1bn in extra costs, says the government's spending watchdog.","The Department for Education spent £8.3bn on academies in England in the last two years, a report says.",4014,18,23,0.782608695652174,0,0.32558139534883723,0.04878048780487805,0.186046511627907,0.9191654920578003,0.9043756127357483,0.9117105603218079
36719081,sport,bullet_points_strict,"Russell Knox has every right to beam from ear to ear, as he did for the majority of his 15-minute media gathering, after flying in from his base in the United States to a sodden Castle Stuart.",Russell Knox greeted us at the Scottish Open in Inverness.,3589,10,37,0.2702702702702703,0,0.16666666666666666,0.043478260869565216,0.16666666666666666,0.885085940361023,0.8313677310943604,0.8573862910270691
40674872,business,bullet_points_strict,The mother of missing teenager Charlene Downes said she is going to sue police over mishandling her murder case.,The mother of missing teenager Charlene Downes has said she wants to get a memorial for her.,1623,17,19,0.8947368421052632,0,0.6111111111111113,0.411764705882353,0.6111111111111113,0.9520118832588196,0.9327491521835327,0.9422820210456848
37314622,sport,bullet_points_strict,Brazilian police say they want to speak to International Olympic Committee (IOC) president Thomas Bach about an alleged scheme to resell tickets during last month's Rio Olympics.,The International Olympic Committee (IOC) president has been questioned by police in Rio about his influence over Olympic ticketing policy.,2193,20,27,0.7407407407407407,0,0.3333333333333333,0.17391304347826086,0.25,0.9350295066833496,0.9105547666549683,0.9226298332214355
17662916,politics,bullet_points_strict,"Joyce Banda, who has made history becoming Malawi's first female president and only the second woman to lead a country in Africa, has a track record of fighting for women's rights.",Joyce Banda has become Malawi's first female vice-president.,4423,8,31,0.25806451612903225,0,0.372093023255814,0.1951219512195122,0.372093023255814,0.9564461708068848,0.9066288471221924,0.9308714270591736
40302299,tech,bullet_points_strict,Relegated Sunderland will travel to Bury in the EFL Cup first round.,Forest Green Rovers will host Wolves in the first round of the EFL Cup first round draw in Bangkok.,3134,19,12,1.5833333333333333,0,0.4516129032258065,0.3448275862068966,0.4516129032258065,0.9079934358596802,0.9103320837020874,0.9091612696647644
38135155,business,bullet_points_strict,"Three rare pygmy marmosets have been rescued and are set to be reunited, after being stolen from a Sydney zoo at the weekend.",A pygmy marmoset has been reunited with its mother after being stolen from a Sydney zoo.,1707,16,23,0.6956521739130435,0,0.5128205128205128,0.3243243243243243,0.5128205128205128,0.9603695273399353,0.9430770874023438,0.9516447186470032
31753961,business,bullet_points_strict,"Forget James Bond, when it comes to recruiting spies needed to protect Britain there aren't enough Jane Bonds.","Women in the intelligence services are being held back by a ""very traditional male mentality and outlook"", according to a report.",1394,21,18,1.1666666666666667,0,0.05,0.0,0.05,0.8680022954940796,0.8576307892799377,0.8627853393554688
39392583,politics,bullet_points_strict,"The world leader of millions of Muslims has condemned the Westminster terror attack calling it an ""affront to the teachings of Islam"".","The caliph of the Ahmadiyya Muslim community has said he is ""deeply saddened"" by the death of five people in the Westminster attack.",1140,23,22,1.0454545454545454,0,0.3555555555555555,0.046511627906976744,0.2666666666666666,0.8928166627883911,0.903461217880249,0.8981074094772339
40411756,tech,bullet_points_strict,"Singer Charlotte Church has lost her unborn baby, she has announced.","Charlotte Gainsbourg has said she is ""very sad"" to announce she has lost her baby.",540,15,11,1.3636363636363635,0,0.5384615384615385,0.25,0.3846153846153846,0.9060472249984741,0.9418497085571289,0.9236016273498535
39291943,tech,bullet_points_strict,A man who admitted causing a fatal crash while being pursued by an unmarked police car has been jailed for nine years.,A man has been jailed for 15 years for causing the death of two men in a car crash.,1276,19,22,0.8636363636363636,0,0.5365853658536586,0.20512820512820512,0.3414634146341463,0.9523583054542542,0.9313953518867493,0.9417601823806763
38134212,tech,bullet_points_strict,"A pensioner who underwent gender re-assignment surgery at the age of 69 says she lived ""in the wrong body"" for most of her life because she feared the reaction of her friends and family.",A transgender woman in Northern Ireland has said she is happy she has had a transgender operation.,2290,17,34,0.5,0,0.15384615384615385,0.0,0.11538461538461539,0.9046963453292847,0.8650354146957397,0.8844214677810669
33945501,tech,bullet_points_strict,Astronomers have discovered a baby planet which looks like a young version of Jupiter.,Astronomers have discovered a new world beyond our Solar System.,1466,10,14,0.7142857142857143,0,0.3333333333333333,0.27272727272727276,0.3333333333333333,0.9340832233428955,0.9210753440856934,0.9275336861610413
28972309,politics,bullet_points_strict,Campaigners have opened a camp with thousands of protesters due in Newport ahead of next week's Nato summit.,Campaigners have set up a camping camp in Newport ahead of the Nato World Summit.,2196,15,18,0.8333333333333334,0,0.5882352941176471,0.25,0.5882352941176471,0.9493246674537659,0.9294237494468689,0.9392687678337097
37496318,tech,bullet_points_strict,The High Court has banned publication of photographs allegedly stolen from Pippa Middleton's iCloud account.,A 35-year-old man has been arrested on suspicion of stealing private pictures from the Sun's iCloud account.,1473,17,15,1.1333333333333333,0,0.38888888888888884,0.11764705882352941,0.33333333333333326,0.9083144664764404,0.8914296627044678,0.8997928500175476
36642047,politics,bullet_points_strict,The Metropolitan Police are on heightened alert for a rise in hate crime following the European referendum result.,"Police are investigating reports of xenophobic abuse directed at Polish communities, the Met has said.",3223,15,18,0.8333333333333334,0,0.1818181818181818,0.06451612903225808,0.1818181818181818,0.9056398272514343,0.9078750014305115,0.9067560434341431
37025796,sport,bullet_points_strict,Ospreys have signed former Scarlets and Wales back-rower Rob McCusker on a short-term contract as injury cover.,Ospreys have signed Scarlets flanker Rob McCusker on a two-year deal.,799,11,17,0.6470588235294118,0,0.5161290322580646,0.3448275862068966,0.5161290322580646,0.9636430740356445,0.9355200529098511,0.9493733644485474
28832868,business,bullet_points_strict,"Heavily armed men have attacked a convoy of cars belonging to a Saudi prince, stealing 250,000 euros (£200,000; $330,000), police say.","Gunmen ambushed a convoy carrying cash and documents from the Saudi embassy in Paris, police say.",1657,16,21,0.7619047619047619,0,0.25,0.10526315789473685,0.25,0.9208052754402161,0.8551015853881836,0.8867380619049072
36766971,sport,bullet_points_strict,"""Dedicated"" and ""hungry for success"" are phrases used a lot in connection with athletes heading to compete in an Olympic Games.","When you meet a woman in a man's world, the answer is 'I don't see myself any different to my male counterparts'.",2305,22,21,1.0476190476190477,0,0.13333333333333333,0.0,0.13333333333333333,0.8510730266571045,0.8454440832138062,0.8482491970062256
33665939,tech,bullet_points_strict,Mobile and landline telephone services have been restored in Shetland after coverage was lost for several hours causing disruption.,Hundreds of people have been stranded on the Isle of Shetland after a power failure at a radio transmitter.,864,19,19,1.0,0,0.21052631578947367,0.1111111111111111,0.21052631578947367,0.9144793748855591,0.895892858505249,0.9050907492637634
34873930,business,bullet_points_strict,"A girls' school has scrapped its end of year prom claiming it is too much of a ""distraction"" to pupils.","Proms at a Catholic school have been described as ""unwelcome and crushing"" by parents, a school has said.",1729,18,20,0.9,0,0.2105263157894737,0.05555555555555555,0.15789473684210525,0.8961123824119568,0.8968824148178101,0.8964972496032715
34337476,tech,bullet_points_strict,"""If they knew I was talking to you, I'd be killed,"" says Mohamed.","As a Syrian refugee, he says he has a ""crack to my throat"" - a clamp to his throat.",2961,19,13,1.4615384615384615,0,0.125,0.0,0.0625,0.8596946001052856,0.8907210826873779,0.8749328255653381
40424712,sport,bullet_points_strict,Leyton Orient have appointed former chief executive Matt Porter to their board of directors following Nigel Travis' takeover on 22 June.,Darts boss Gary Porter has stepped down as the club's chief executive.,418,12,21,0.5714285714285714,0,0.17647058823529413,0.0625,0.11764705882352941,0.9111404418945312,0.8665867447853088,0.8883053660392761
31469644,entertainment,bullet_points_strict,US Supreme Court Justice Ruth Bader Ginsburg has admitted there is a reason she was seen nodding off at the president's State of the Union address.,"Justice Ginsburg has said she was ""not 100% sober"" at the State of the Union speech.",1389,16,26,0.6153846153846154,0,0.5116279069767441,0.29268292682926833,0.5116279069767441,0.9171788096427917,0.9063275456428528,0.9117209315299988
30579130,tech,bullet_points_strict,A man is being held in Manchester on suspicion of terrorism offences.,A man has been arrested on suspicion of terrorism offences.,357,10,12,0.8333333333333334,0,0.6363636363636365,0.5,0.6363636363636365,0.9769366383552551,0.9603692889213562,0.9685821533203125
38204424,politics,bullet_points_strict,"John Key has announced that he will resign as prime minister of New Zealand, after eight years in the job, citing family reasons.",John Key has resigned as New Zealand's new Prime Minister.,2826,10,23,0.43478260869565216,0,0.4705882352941176,0.25000000000000006,0.3529411764705882,0.969855785369873,0.9174597263336182,0.9429304599761963
40577325,politics,bullet_points_strict,"Labour has accused the Conservatives of putting ""vitriolic personal attacks"" at the heart of their election campaign.","Labour has accused the Conservative Party of promoting ""personal attacks"" on candidates on social media.",2998,15,17,0.8823529411764706,0,0.43749999999999994,0.26666666666666666,0.43749999999999994,0.9453365206718445,0.9247345328330994,0.9349220395088196
34453610,tech,bullet_points_strict,Detectives investigating the alleged attempted kidnap of a baby are appealing for a taxi driver to contact them.,A teenage girl has been charged with attempted kidnap of a child in Derbyshire.,682,14,18,0.7777777777777778,0,0.31250000000000006,0.20000000000000004,0.25,0.9085175395011902,0.8954490423202515,0.9019359946250916
38678509,business,bullet_points_strict,"Offenders with a violent history are to be offered a new chance to change their lives, following the success of an American-style training project.",A food truck has been set up in Glasgow to help offenders with criminal convictions.,3108,15,24,0.625,0,0.2,0.052631578947368425,0.1,0.9012851715087891,0.8951939344406128,0.8982292413711548
35755536,tech,bullet_points_strict,One of Scotland's most wanted fugitives is still believed to be hiding in the Netherlands almost 10 years after he raped a woman in Glasgow.,A man convicted of raping a woman in the Netherlands has been named in a most-wanted list.,596,17,25,0.68,0,0.40909090909090906,0.2380952380952381,0.2272727272727273,0.9237920641899109,0.9035561680793762,0.9135620594024658
36757060,politics,bullet_points_strict,"Dallas police have given the all clear, hours after security levels were raised at their headquarters in the city.","Dallas police have said they have taken ""precautionary measures"" to increase security at its headquarters in the US city of Dallas.",2766,21,19,1.105263157894737,0,0.45,0.2105263157894737,0.45,0.894077718257904,0.9108931422233582,0.9024071097373962
39593375,entertainment,bullet_points_strict,A paedophile who raped a 12-year-old boy after grooming him online has been jailed for 13 years.,A paedophile who sexually assaulted a 13-year-old boy has been jailed for life.,1523,13,17,0.7647058823529411,0,0.7058823529411765,0.43750000000000006,0.6470588235294117,0.9759084582328796,0.9515716433525085,0.9635863900184631
30194628,tech,bullet_points_strict,"Italy's first female astronaut, Samantha Cristoforetti, is spending almost six months on the International Space Station.",The European Space Agency astronaut will be doing scientific experiments on the International Space Station.,1823,15,16,0.9375,0,0.37500000000000006,0.26666666666666666,0.37500000000000006,0.9291468262672424,0.867132842540741,0.8970693945884705
40417519,politics,bullet_points_strict,A council is to seek a civil injunction and damages against one of its own councillors and other members of the public.,A councillor who protested against the removal of street trees in Sheffield has been given a legal notice.,1834,18,22,0.8181818181818182,0,0.25,0.0,0.15,0.8912760615348816,0.8889005780220032,0.8900867700576782
39185863,sport,bullet_points_strict,"Team Sky riders are ""100%"" behind team principal Sir Dave Brailsford, according to Geraint Thomas.","Former Team Sky doctor Dave Brailsford has said he is ""completely behind"" Sir Dave Brailsford.",3930,15,15,1.0,0,0.4000000000000001,0.21428571428571427,0.4000000000000001,0.922493577003479,0.912001371383667,0.9172174334526062
37460682,tech,bullet_points_strict,Messaging app firm Snapchat has announced its first gadget - sunglasses with a built-in camera.,Snapchat has unveiled a new product - broken Glass Spectacles.,3308,10,15,0.6666666666666666,0,0.25,0.09090909090909091,0.25,0.915144681930542,0.8913417458534241,0.9030864238739014
38574544,sport,bullet_points_strict,"Guinea-Bissau's players have ended their strike after being paid outstanding wages, four days before the start of the Africa Cup of Nations.",Guinea-Bissau's national football team has won their first Nations Cup qualifier since a series of coups broke out last year.,1431,20,22,0.9090909090909091,0,0.30434782608695654,0.0909090909090909,0.2608695652173913,0.8925044536590576,0.8950321674346924,0.8937665224075317
31508030,politics,bullet_points_strict,"David Cameron has voiced his ""strong support"" for the expansion of grammar schools during a visit to the South East.",David Cameron has said he strongly supports the right of grammar schools to expand.,1650,14,20,0.7,0,0.47058823529411764,0.25,0.47058823529411764,0.9530859589576721,0.91968834400177,0.9360893368721008
40932205,sport,bullet_points_strict,Championship side Bristol City came from behind to beat Premier League Watford in the EFL Cup second round.,Watford drew 1-1 with Bristol City in the National League on Sunday as they lost 2-0 to Watford.,3716,18,18,1.0,0,0.36842105263157887,0.1111111111111111,0.2105263157894737,0.8843569755554199,0.8801615834236145,0.8822543621063232
36517711,tech,bullet_points_strict,"A disturbance at a prison saw 130 inmates transferred to nearby jails after two wings were put ""out of commission"", a union has said.","Three prisoners at a Hampshire prison have been locked in their cells for three days without hot food and hot water, the BBC has learned.",1551,25,24,1.0416666666666667,0,0.16326530612244897,0.0425531914893617,0.16326530612244897,0.8804071545600891,0.8888916373252869,0.8846290707588196
32788950,sport,bullet_points_strict,Batsman Joe Root has credited sacked coach Peter Moores with the form that resulted in him being named England's player of the year.,"England's Peter Root says he has ""got the best out of me"" under England's new vice-captain Peter Moores.",1632,18,23,0.782608695652174,0,0.35555555555555557,0.09302325581395349,0.22222222222222224,0.9057794809341431,0.8958855271339417,0.9008052945137024
39050812,sport,bullet_points_strict,Manager Grant McCann has apologised to the fans for Peterborough United's 4-1 home defeat by fellow League One play-off hopefuls Southend United.,Peter McCann says he believes he is five points off the play-offs after his side's 4-0 win over Cambridgeshire.,1264,19,22,0.8636363636363636,0,0.2553191489361702,0.044444444444444446,0.1702127659574468,0.8895191550254822,0.8725720643997192,0.8809641003608704
32974091,politics,bullet_points_strict,An public inquiry is under way into plans for up to 500 new homes in an area of open land in Kent.,A public inquiry into plans to build a new road on a Grade II listed site in Maidstone has been launched.,1035,21,22,0.9545454545454546,0,0.3255813953488372,0.0975609756097561,0.3255813953488372,0.9202972054481506,0.9233059287071228,0.9217991232872009
36171772,tech,bullet_points_strict,"A railway line which was closed due to a landslip is to reopen next week, Network Rail has announced.",Network Rail has warned of possible closures after a collapsed track on the Farnham to Alton line.,427,17,19,0.8947368421052632,0,0.33333333333333337,0.11764705882352941,0.16666666666666669,0.9019885063171387,0.9151537418365479,0.908523440361023
39885289,business,bullet_points_strict,"An Asian police officer who raised concerns about a ""racist"" toy monkey at work was accused of gross misconduct, BBC News has learned.",A Metropolitan Police detective who claimed he saw a monkey toy in a police station has been cleared of misconduct.,4746,20,23,0.8695652173913043,0,0.37209302325581395,0.0,0.27906976744186046,0.9297982454299927,0.9003303647041321,0.9148270487785339
36423329,politics,bullet_points_strict,Philippine President-elect Rodrigo Duterte has been condemned by media groups for saying some of the many journalists killed in the country had deserved to die.,"Philippine President Rodrigo Duterte has said he will ""kill"" journalists if they do something wrong.",3678,15,25,0.6,0,0.29268292682926833,0.15384615384615383,0.29268292682926833,0.9086946249008179,0.9005316495895386,0.9045947194099426
40912459,tech,bullet_points_strict,A jet skier has been airlifted to hospital after a crash involving a speedboat during an event off Anglesey.,A lifeboat crew has been rescued after a lifeboat sank in Gwynedd Bay.,781,13,19,0.6842105263157895,0,0.3125,0.13333333333333333,0.3125,0.9095184803009033,0.8914353847503662,0.9003861546516418
30546498,business,bullet_points_strict,"In Africa, Botswana is often seen as a diamond in the rough.",Botswana is one of Africa's richest countries.,6755,7,12,0.5833333333333334,0,0.3,0.1111111111111111,0.2,0.918900728225708,0.9061501622200012,0.9124809503555298
35987432,tech,bullet_points_strict,"A mother-of-four battered a toddler to death months after she was made the child's legal guardian, a court has heard.","A toddler who died from septicaemia, infection and head injuries has been found dead, a court has heard.",1656,18,20,0.9,0,0.2926829268292683,0.20512820512820512,0.2926829268292683,0.8819165229797363,0.8944165706634521,0.8881226181983948
40291028,tech,bullet_points_strict,"A man has been found guilty of murdering his ""on-off partner"" by bludgeoning her to death.",A man has been found guilty of murdering a woman in a row over an ex-girlfriend.,1613,16,16,1.0,0,0.47058823529411764,0.4375,0.47058823529411764,0.9464635848999023,0.9162923693656921,0.9311336278915405
32918499,tech,bullet_points_strict,Three nightclub doormen have told how they helped rescue a man trapped in an upturned car in a water-filled ditch.,Three men have helped rescue a man trapped in a car in a dyke.,1541,14,20,0.7,0,0.6285714285714286,0.4242424242424242,0.6285714285714286,0.9632971882820129,0.9151749610900879,0.9386197328567505
36961338,tech,bullet_points_strict,"More armed police are to be seen on patrol in London, Metropolitan Police commissioner Sir Bernard Hogan-Howe and Mayor of London Sadiq Khan have said.","More armed police officers are to be deployed across England and Wales, the Metropolitan Police commissioner has said.",5141,18,25,0.72,0,0.5,0.28571428571428564,0.4545454545454546,0.953544020652771,0.8926637768745422,0.9221000671386719
32584708,politics,bullet_points_strict,The Italian parliament has approved a long-debated and extensive electoral reform that aims to give the country more political stability.,Italy's lower house of parliament has approved a law that grants a majority of seats to parties that win more than 40% of the national vote.,1586,26,20,1.3,0,0.3333333333333333,0.13043478260869565,0.2916666666666667,0.8902392387390137,0.9070184230804443,0.8985505104064941
38221487,business,bullet_points_strict,(Close) The Dow Jones Industrial Average closed at a fresh high for a second consecutive day after a rally in financial shares boosted the index.,(Close): Stocks on Wall Street soared after the US presidential election.,1576,11,25,0.44,0,0.16666666666666666,0.0,0.16666666666666666,0.8936628103256226,0.8663317561149597,0.8797851204872131
39575575,tech,bullet_points_strict,"A driver whose car hit another in a head-on crash, killing his five-year-old stepson, has been jailed for six years.",A man has been jailed for eight years for causing the death of a three-year-old boy in a car crash.,3413,20,20,1.0,0,0.5333333333333332,0.23255813953488372,0.2666666666666666,0.9552427530288696,0.9348840713500977,0.9449537992477417
29905025,politics,bullet_points_strict,The president of Afghanistan has told an emotional husband that a group of men accused of gang raping his wife would be brought to justice.,The father of a woman raped by a gang in Afghanistan has told the BBC that he wants justice to save other women from such a fate.,2437,27,25,1.08,0,0.3846153846153846,0.08,0.2692307692307692,0.9058113098144531,0.914198100566864,0.909985363483429
35346992,entertainment,bullet_points_strict,A man who sparked a drug-fuelled roof-top siege after breaking up with his partner has been given a suspended prison sentence.,A man has been charged with burglary after he broke into his girlfriend's flat.,349,14,21,0.6666666666666666,0,0.3684210526315789,0.1111111111111111,0.2105263157894737,0.9116110801696777,0.8767231702804565,0.8938268423080444
30139832,politics,bullet_points_strict,"Emily Thornberry has resigned from Labour's front bench after sending a tweet during the Rochester and Strood by-election which was branded ""snobby"".",Labour MP Jo Thornberry has apologised after posting a picture of herself and a white van outside her home in Rochester.,4526,21,22,0.9545454545454546,0,0.3111111111111111,0.046511627906976744,0.22222222222222224,0.9058663845062256,0.8755719065666199,0.8904615044593811
38584606,business,bullet_points_strict,"Richard Carpenter has said he is owed at least $2m (Â£1.6m) in royalties for the hits he recorded in The Carpenters, including Yesterday Once More.",The Carpenters singer Richard Carpenter has filed a lawsuit against Universal Music.,2411,12,25,0.48,0,0.2631578947368421,0.16666666666666666,0.15789473684210525,0.9292349219322205,0.8534572720527649,0.8897355794906616
36426365,business,bullet_points_strict,A delegation of Scottish companies is heading to Myanmar this week in an effort to tap into opportunities in the country's oil and gas sector.,Myanmar has invited a delegation of oil and gas companies to visit the country.,3751,14,25,0.56,0,0.55,0.2631578947368421,0.35000000000000003,0.9439311027526855,0.9158562421798706,0.9296817183494568
36896016,politics,bullet_points_strict,"Immigration has long been a divisive issue on Hispaniola, the Caribbean island shared by Haiti and the Dominican Republic.","Haitian Catholic Church has played a key role in the migration crisis, with some priests defending the rights of the returnees while others have been criticised for promoting a policy of division.",5670,32,19,1.6842105263157894,0,0.19607843137254902,0.0,0.1568627450980392,0.8750841021537781,0.8707289695739746,0.8729010820388794
30157987,business,bullet_points_strict,An artist's impression of how an expanded primary school in Addlestone will look has been unveiled.,"Surrey County Council has said it needs to ""bridge a £215m funding gap"" for 13,000 children's services.",320,17,16,1.0625,0,0.1111111111111111,0.0,0.05555555555555555,0.8578672409057617,0.8625127673149109,0.8601837158203125
37034774,business,bullet_points_strict,New Portsmouth recruit Amine Linganzi is determined to secure a long-term contract with the club.,Portsmouth have signed Congolese striker Luis Linganzi on a one-year contract.,530,11,15,0.7333333333333333,0,0.28571428571428575,0.0,0.28571428571428575,0.9005980491638184,0.9161065220832825,0.9082860946655273
32162170,business,bullet_points_strict,More than 400 people have attended a meeting to oppose plans for a supermarket.,Brecon Beacons councillors have voted to scrap plans to turn a pub into a convenience store.,483,16,14,1.1428571428571428,0,0.3333333333333333,0.0,0.26666666666666666,0.9014913439750671,0.9130611419677734,0.9072393178939819
34171019,politics,bullet_points_strict,Australia's Prime Minister Tony Abbott is under pressure to increase the country's total refugee intake.,Australia's Prime Minister Tony Abbott has urged the government to do more to help refugees from the Middle East.,2724,19,15,1.2666666666666666,0,0.4324324324324324,0.2857142857142857,0.4324324324324324,0.9347555637359619,0.945620596408844,0.9401567578315735
33959450,politics,bullet_points_strict,"A ban on growing genetically-modified crops in Scotland could threaten the country's contribution to scientific research, according to scientists, universities and farming leaders.","Genetically modified crops (GM) can be cultivated in Scotland, the Scottish government has said.",3262,14,23,0.6086956521739131,0,0.30769230769230765,0.16216216216216217,0.30769230769230765,0.9177043437957764,0.8875979781150818,0.9024001359939575
38734043,politics,bullet_points_strict,A school has been accused of breaching anti-discrimination laws after claims a four-year-old Muslim pupil was told she could not wear a headscarf.,A school has been accused of violating the Equality Act by refusing to wear a headscarf in school.,1970,18,23,0.782608695652174,0,0.40909090909090906,0.3333333333333333,0.40909090909090906,0.9488860964775085,0.9131935834884644,0.9306977987289429
37949489,business,bullet_points_strict,"A man who fraudulently claimed nearly £40,000 in benefits over the course of almost 11 years has been jailed for 18 months.",A Dundee man has been jailed for 12 months for fraud.,727,11,22,0.5,0,0.411764705882353,0.18749999999999997,0.411764705882353,0.9385032653808594,0.8860486745834351,0.9115219712257385
36305405,tech,bullet_points_strict,A man who stabbed a retired solicitor 39 times after a crash between their cars has been cleared of murder but convicted of his manslaughter.,A man who fatally stabbed a great-grandfather to death has been jailed for life.,2767,14,25,0.56,0,0.35000000000000003,0.2105263157894737,0.35000000000000003,0.9107766151428223,0.8815518021583557,0.8959259390830994
40726833,business,bullet_points_strict,"The UK economy grew by 0.3% in the three months to June, driven in part by a booming film industry, said the Office for National Statistics (ONS).","UK GDP growth in the second quarter of this year has slowed, according to the Office for National Statistics (ONS).",2382,20,27,0.7407407407407407,0,0.41666666666666663,0.2608695652173913,0.41666666666666663,0.9340457916259766,0.9056015014648438,0.9196037650108337
36285503,politics,bullet_points_strict,Neil Hamilton has rejected suggestions by UKIP leader Nigel Farage that he is too old for frontline politics.,"Nigel Farage says Nigel Hamilton is ""utterly committed to this EU cause"" and has been since the 1960s.",2454,18,18,1.0,0,0.2777777777777778,0.058823529411764705,0.16666666666666666,0.867662787437439,0.8779748678207397,0.8727883696556091
32370432,business,bullet_points_strict,"Chelsea boss Jose Mourinho said Manchester United's important players were ""in our pockets"" in a match that went ""exactly"" as they wanted.","Chelsea manager Jose Mourinho says his side are ""almost there"" after beating Manchester United.",1896,14,22,0.6363636363636364,0,0.27027027027027023,0.1142857142857143,0.27027027027027023,0.9336560368537903,0.8997875452041626,0.9164089560508728
24522070,tech,bullet_points_strict,A review team looking at the quality of life of older people is to swoop unannounced on 100 care homes.,Elderly people living in residential care in Wales are to be given a voice in a review into the quality of care they receive.,2400,24,20,1.2,0,0.3636363636363636,0.14285714285714288,0.2727272727272727,0.9089025855064392,0.9000857472419739,0.9044726490974426
39928086,business,bullet_points_strict,Owen Evans has been appointed as the new chief executive of Welsh language television broadcaster S4C.,"The Welsh Government has appointed a new chief executive, Simon Evans, as its new chief executive.",471,16,16,1.0,0,0.5625,0.13333333333333333,0.375,0.9439805746078491,0.9196858406066895,0.9316748380661011
39628590,politics,bullet_points_strict,Mae'r Prif Weinidog Theresa May wedi cyhoeddi y bydd yn gofyn i Dŷ'r Cyffredin bleidleisio o blaid cynnal etholiad cyffredinol ar fyr rybudd ar 8 Mehefin.,Bydd i Theresa May dderbyn cefnogaeth y senedd i gwleidyddion y gwrthbleidiau yn San Steffan wedi gwneud hynny.,4305,18,26,0.6923076923076923,0,0.30434782608695654,0.04545454545454545,0.17391304347826086,0.8521134853363037,0.8149480819702148,0.8331165313720703
18160673,tech,bullet_points_strict,A UK-Swiss team will use DNA testing to investigate the origins of remains claimed to be from yeti and bigfoot.,Scientists in Switzerland are to conduct a systematic review of alleged yeti and orang pendek remains in the Swiss Alps.,3196,20,20,1.0,0,0.3902439024390244,0.05128205128205128,0.1951219512195122,0.8907817006111145,0.8997479677200317,0.8952423930168152
26554969,politics,bullet_points_strict,"A new report on genetically modified (GM) crops, commissioned by the prime minister, calls for more UK field trials and fewer EU restrictions.","Genetically modified crops should be allowed to grow in the UK, a group of leading plant scientists has said.",6145,19,23,0.8260869565217391,0,0.28571428571428575,0.049999999999999996,0.23809523809523808,0.9117476940155029,0.8944138884544373,0.902997612953186
35935320,tech,bullet_points_strict,Each day we feature a photograph sent in from across England - the gallery will grow during the week.,"If you have a picture you'd like to share, email us at england@bbc.co.uk or post it on Facebook or tweet it to @BBCEngland. If you submit a picture, you do so in accordance with the BBC's Terms and Conditions.",1232,39,19,2.0526315789473686,0,0.1290322580645161,0.0,0.0967741935483871,0.795278012752533,0.8317671418190002,0.8131134510040283
36241210,politics,bullet_points_strict,Israeli PM Benjamin Netanyahu has issued a stern public rebuke to the military deputy chief of staff.,Israeli Prime Minister Benjamin Netanyahu has criticised a deputy chief of staff for comparing Nazi Germany to the Holocaust.,2397,19,17,1.1176470588235294,0,0.6111111111111113,0.35294117647058826,0.5,0.9217462539672852,0.9334151148796082,0.9275439381599426
35291436,business,bullet_points_strict,"The main tunnel serving Scotland's third busiest rail station is to close for 20 weeks, causing major disruption.",ScotRail's main Edinburgh-Glasgow train line will be closed for the first time in more than a year.,2052,17,18,0.9444444444444444,0,0.21052631578947367,0.0,0.10526315789473684,0.8961170315742493,0.9074561595916748,0.9017509818077087
34007864,business,bullet_points_strict,"The results have been published for more than five million GCSE entries - which will be five million different stories of exam dreams, dramas and disasters.",The national exam results are a work of design rather than nature.,4838,12,26,0.46153846153846156,0,0.2702702702702703,0.0,0.16216216216216217,0.8834620118141174,0.8596416711807251,0.8713890314102173
36066252,business,bullet_points_strict,"Key countries in the International Monetary Fund (IMF) have pledged to pursue ""growth-friendly"" policies to kickstart the slowing world economy.",The International Monetary Fund (IMF) has warned that the outlook for the global economy is gloomy.,1448,16,20,0.8,0,0.37837837837837834,0.2285714285714286,0.37837837837837834,0.9450147747993469,0.9196314811706543,0.9321504235267639
33782863,politics,bullet_points_strict,"Rick Perry, the former governor of Texas, is not among the 10 Republicans running for president who will take part in the first primetime TV debate.","Republican presidential hopefuls Donald Trump, Mitt Romney and Mitt Romney are to take part in a debate in Cleveland.",1625,19,26,0.7307692307692307,0,0.17777777777777778,0.09302325581395349,0.17777777777777778,0.9017425775527954,0.8871592879295349,0.8943914771080017
25567298,business,bullet_points_strict,"Staff at Swansea's DVLA offices will be redeployed rather than face redundancy after changes to the way motorists pay their car tax, a UK transport minister has confirmed.","The DVLA's chief executive has said there will be a ""natural reduction"" in the number of jobs needed at the centre.",1590,21,28,0.75,0,0.3137254901960784,0.04081632653061224,0.1568627450980392,0.8905508518218994,0.877124547958374,0.883786678314209
31312884,tech,bullet_points_strict,Some people say they are addicted to Facebook and can't go for long without checking their status.,Facebook has bought up more than 200 acres of Silicon Valley.,1649,11,17,0.6470588235294118,0,0.06896551724137931,0.0,0.06896551724137931,0.8746395707130432,0.8556638360023499,0.8650476932525635
34746286,tech,bullet_points_strict,"A teenage boy has appeared in court for a second time charged with murdering 16-year-old Bailey Gwynne, who was stabbed at his Aberdeen school.",A 16-year-old boy has appeared in court charged with the murder of a pupil at a school in Aberdeen.,497,19,24,0.7916666666666666,0,0.6382978723404256,0.3111111111111111,0.42553191489361697,0.9595639109611511,0.9260207414627075,0.9424940347671509
38016521,tech,bullet_points_strict,Two men from High Wycombe jailed for a fatal stabbing have had their sentences increased by the Court of Appeal.,Three men have been jailed for life for the murder of a teenager who was stabbed while walking home from a carnival.,1704,22,20,1.1,0,0.380952380952381,0.05,0.23809523809523808,0.9022420644760132,0.9003958702087402,0.9013180136680603
36300224,politics,bullet_points_strict,"Reaching its centenary amidst a general chorus of vilification around the region, the legacy of the secret Sykes-Picot agreement of 1916 has never looked more under assault.","Sykes-Picot - a document drawn by British diplomats Mark Sykes and Francois Georges-Picot in 1916 - has become the label for the whole era in which outside powers imposed their will, drew borders and installed client local leaders.",6148,38,27,1.4074074074074074,0,0.2121212121212121,0.0625,0.15151515151515152,0.8581733107566833,0.8679900169372559,0.8630537390708923
40810771,tech,bullet_points_strict,"When Roger Dingledine talks about the dark web, he waves his hands in the air - as if not quite convinced of its existence.",Dingledine says.,5435,2,24,0.08333333333333333,0,0.08,0.0,0.08,0.913388729095459,0.8411238193511963,0.8757680058479309
32220975,tech,bullet_points_strict,"A man shot his ill wife before killing himself in a suicide pact, an inquest has heard.","A man has been found guilty of unlawfully killing his wife, a coroner has said.",1372,15,17,0.8823529411764706,0,0.43749999999999994,0.06666666666666667,0.37500000000000006,0.9353336095809937,0.9087821245193481,0.9218667149543762
33798779,politics,bullet_points_strict,Australia has confirmed it sent 46 asylum seekers back to Vietnam after intercepting their boat off the coast of Western Australia last month.,The Australian government has scuttled a Vietnamese boat that arrived in Australia from Vietnam.,1360,14,23,0.6086956521739131,0,0.27027027027027023,0.0,0.16216216216216214,0.9094028472900391,0.8931609392166138,0.9012086987495422
32904368,politics,bullet_points_strict,Nick Clegg has accused the new Tory government of abandoning the values he said had been at the coalition's core.,Nick Clegg has criticised the Conservatives' lack of commitment to civil liberties.,1863,12,20,0.6,0,0.30303030303030304,0.12903225806451613,0.30303030303030304,0.9439351558685303,0.9072481989860535,0.9252280592918396
22508472,business,bullet_points_strict,"Industrial production in China recorded a smaller-than-expected rise in April, underlining worries that the economy may be losing steam.","China's economy expanded at an annual rate of 7.7% in the first three months of the year, down from 7.7% in the previous quarter.",1395,24,19,1.263157894736842,0,0.20833333333333334,0.0,0.125,0.8588751554489136,0.8727948665618896,0.8657790422439575
12570045,business,bullet_points_strict,"If you spent $9bn a year on research and development and employed 900 of the world's top computer scientists to come up with new ideas, what would you expect in return?",Microsoft's XBox Kinect system - which turns a player's body into a games controller - has racked up 8m sales.,5040,20,31,0.6451612903225806,0,0.11538461538461538,0.0,0.11538461538461538,0.8510698676109314,0.84344482421875,0.847240149974823
40213181,politics,bullet_points_strict,It has been a dramatic night that has confounded expectations of political parties and commentators.,"Labour, Conservatives, Plaid Cymru, Plaid Cymru, Plaid Cymru, Plaid Cymru, Plaid Cymru, Plaid Cymru, Plaid Cymru, Plaid Cymru",2886,18,15,1.2,0,0.0,0.0,0.0,0.7440764904022217,0.8528281450271606,0.7947492003440857
32610327,politics,bullet_points_strict,People are voting across Merseyside in the general and local council elections.,Voters in Merseyside have been able to cast their ballots for the upcoming general election.,321,15,12,1.25,0,0.2962962962962963,0.0,0.22222222222222224,0.9297001361846924,0.9291090965270996,0.9294044971466064
31111562,tech,bullet_points_strict,"A large billboard has been puzzling residents of a County Down town, and commuters on the main route between Bangor and Belfast.",A massive billboard has been erected at a church in County Down in support of a teenager who was diagnosed with cancer.,2267,22,22,1.0,0,0.36363636363636365,0.19047619047619047,0.3181818181818182,0.8938930034637451,0.887714147567749,0.8907928466796875
36628793,politics,bullet_points_strict,Tens of thousands of people have joined the Pride parade through central London.,London's Pride parade has gathered in Trafalgar Square to mark the centenary of the shootings in Orlando.,3290,17,13,1.3076923076923077,0,0.3225806451612903,0.06896551724137931,0.12903225806451615,0.8888214826583862,0.9123703837394714,0.9004420638084412
37585804,business,bullet_points_strict,"Hundreds of aerospace jobs could be lost if a factory is forced to ""significantly downsize"" or close, it has been claimed.","A helicopter manufacturer has said it is ""no longer a sustainable business"" after Leonardo's decision to close its Yeovil branch.",1267,20,21,0.9523809523809523,0,0.2857142857142857,0.0,0.19047619047619047,0.8791280388832092,0.8834139704704285,0.8812657594680786
32231034,tech,bullet_points_strict,"A man accused of kidnapping his partner allegedly drove at a police officer who tried to save her, a court has heard.",A man has denied kidnapping and assaulting a woman in east Belfast.,1701,12,22,0.5454545454545454,0,0.29411764705882354,0.0625,0.23529411764705885,0.924976646900177,0.8925797939300537,0.9084895253181458
39920686,politics,bullet_points_strict,Declassified documents reveal concerns of the UK government 60 years ago that Rockall could become a base for spying on a missile test site.,Nato documents reveal the UK government's decision to set up a guided missile range in the Outer Hebrides.,1783,18,24,0.75,0,0.32558139534883723,0.14634146341463414,0.32558139534883723,0.9002792835235596,0.8993111252784729,0.8997949957847595
39680509,entertainment,bullet_points_strict,The artist who created the album cover for The Beatles' Sgt Pepper album has been given a top honour in the band's home city.,Liverpool's most famous artist has been honoured with a Citizen of Honour award.,1538,13,24,0.5416666666666666,0,0.30769230769230765,0.05405405405405406,0.25641025641025644,0.9138188362121582,0.8763740062713623,0.8947047591209412
19962775,politics,bullet_points_strict,Generation of electricity and heat from plant material is listed in the suite of renewable energy technologies that the UK governments think can help deliver 15% of the nations' energy consumption by 2020.,"Bioenergy is a key part of the UK's strategy for decarbonising the energy mix, says the government.",5364,17,33,0.5151515151515151,0,0.27450980392156865,0.08163265306122448,0.23529411764705885,0.8992953300476074,0.8718639612197876,0.885367214679718
32327177,politics,bullet_points_strict,The International Monetary Fund has today highlighted the challenge to be faced by the next government in returning the public finances to balance.,The International Monetary Fund (IMF) has warned that the next government may be forced to increase taxes or cut spending a bit more than planned.,1917,25,23,1.0869565217391304,0,0.41666666666666663,0.21739130434782608,0.37499999999999994,0.9022190570831299,0.9233176112174988,0.9126464128494263
34356851,tech,bullet_points_strict,BBC newsreader Sophie Raworth is to be part of Watchdog's new presenting team.,Two former BBC presenters have joined the new line-up of Watchdog.,1077,11,13,0.8461538461538461,0,0.30769230769230765,0.08333333333333334,0.23076923076923075,0.9379527568817139,0.9103795289993286,0.9239604473114014
36794901,tech,bullet_points_strict,A man who described himself in court as looking like John Travolta has been found guilty of the rape and murder of a teenager 34 years ago.,A former tiler has been jailed for life for murdering a schoolgirl.,2980,12,27,0.4444444444444444,0,0.20512820512820512,0.05405405405405406,0.20512820512820512,0.9081133604049683,0.8698499202728271,0.8885699510574341
21041587,business,bullet_points_strict,"The BBC generated more than £8bn for the UK economy in 2011-12, almost twice its licence fee spend.","The BBC's spending on licence money is'multiplied' as it ripples through the economy from region to region and sector to sector, according to a new report.",2456,26,18,1.4444444444444444,0,0.2127659574468085,0.04444444444444444,0.1702127659574468,0.8468906283378601,0.8654849529266357,0.856086790561676
33322212,politics,bullet_points_strict,The US has said that it will resume aid to the military in Bahrain.,"Bahrain's government has lifted restrictions on the release of political prisoners, the US has said.",1713,15,14,1.0714285714285714,0,0.39999999999999997,0.21428571428571427,0.26666666666666666,0.9072640538215637,0.9166125059127808,0.9119143486022949
18532395,business,bullet_points_strict,"A signed Beatles ticket from a concert in Norfolk in 1963 is expected to fetch up to £2,000 at auction in London.",The Beatles have sold a ticket to a gig at the Grosvenor Theatre in Norwich.,626,15,22,0.6818181818181818,0,0.3684210526315789,0.0,0.26315789473684204,0.8833974003791809,0.882888674736023,0.8831429481506348
34667481,politics,bullet_points_strict,"Too many of the most vulnerable young people in England are ""cut adrift when they need help the most"", says the head of a powerful committee of MPs.","The quality and cost of care leavers' support is ""unacceptable"" in some local authorities, MPs say.",3089,16,28,0.5714285714285714,0,0.18181818181818182,0.0,0.13636363636363635,0.8950744271278381,0.8852757811546326,0.8901481628417969
32120583,politics,bullet_points_strict,"Teachers should ignore rules on promoting ""fundamental British values"", a teachers' union conference has heard.","Teachers should disengage from a requirement for schools to promote ""fundamental British values"", a head teacher has warned.",3146,18,15,1.2,0,0.42424242424242425,0.2580645161290323,0.42424242424242425,0.9433337450027466,0.9436107873916626,0.9434722065925598
30996686,politics,bullet_points_strict,"David Oyelowo has defended fellow British actor and friend, Benedict Cumberbatch, for using the term ""coloured"" during an interview.","Actor David Oyelowo says he thinks Benedict Cumberbatch's use of the word 'coloured' is ""disingenuous"".",2670,15,19,0.7894736842105263,0,0.39999999999999997,0.1212121212121212,0.34285714285714286,0.9168522357940674,0.9261760115623474,0.9214905500411987
39248779,business,bullet_points_strict,"People with dementia and learning difficulties are being detained in care without checks due to a 'failing' law, the Law Commission has said.","The current system of deprivation of liberty in care homes and hospitals in England is not working, the Law Commission has said.",4102,22,23,0.9565217391304348,0,0.3555555555555555,0.23255813953488372,0.31111111111111117,0.9132267832756042,0.8980658650398254,0.905582845211029
14761190,entertainment,bullet_points_strict,An actress who appeared in the Oscar-winning film Slumdog Millionaire is to attend a special screening of the movie in Kingussie later.,Slumdog Millionaire is to be shown at the Kingussie Film Festival on Friday.,653,13,22,0.5909090909090909,0,0.3888888888888889,0.1764705882352941,0.33333333333333337,0.9037478566169739,0.8921898603439331,0.8979316353797913
28349706,politics,bullet_points_strict,"A leaked report into the so-called ""Trojan Horse"" plot has found evidence there was an agenda to introduce ""an intolerant and aggressive Islamist ethos"" into some Birmingham schools.","The government's ""Trojan Horse"" letter to Birmingham schools was a hoax, it has emerged.",4868,14,28,0.5,0,0.4090909090909091,0.09523809523809523,0.2727272727272727,0.9301220774650574,0.88813316822052,0.9086428284645081
37720369,politics,bullet_points_strict,A power cut left Venezuela's parliament in the dark as it discussed a law dedicated to the energy sector.,"Opposition MPs have suspended a parliament session in the capital, Caracas, after the country's energy sector was hit by power cuts.",1333,21,19,1.105263157894737,0,0.4285714285714286,0.1,0.3333333333333333,0.9151511192321777,0.9140799641609192,0.914615273475647
32354222,politics,bullet_points_strict,Argentina has begun legal proceedings against three British and two US companies for drilling oil near the Falkland Islands.,The Argentine government says it intends to prosecute five British oil companies in the Falkland Islands.,3021,16,19,0.8421052631578947,0,0.34285714285714286,0.1212121212121212,0.2857142857142857,0.946012556552887,0.9295893907546997,0.9377290606498718
27579235,politics,bullet_points_strict,"French President Francois Hollande has said the EU must reform and scale back its power, amid a surge in support for Eurosceptic and far-right parties.","Europe must be simple, clear, to be effective where it is needed and to withdraw from where it is not necessary"", says Francois Hollande.",5370,24,25,0.96,0,0.16,0.041666666666666664,0.08,0.8515008687973022,0.8617458343505859,0.8565927147865295
32129312,politics,bullet_points_strict,"David Cameron was ""wilfully dishonest"" when he pledged to cap immigration to the tens of thousands, UKIP leader Nigel Farage has said.","UKIP leader Nigel Farage has called for a ""return to normality"" after a blustery press conference in Dover.",4981,18,22,0.8181818181818182,0,0.3,0.21052631578947367,0.25,0.890439510345459,0.8849539756774902,0.8876882195472717
36710731,politics,bullet_points_strict,"There should be a vote in the House of Commons on replacing Trident before the summer recess, Theresa May has said.","Theresa May has said it would be ""sheer madness"" to give up Britain's nuclear deterrent if she is elected leader of the Conservatives.",3946,23,21,1.0952380952380953,0,0.3111111111111111,0.13953488372093023,0.17777777777777778,0.8759980201721191,0.8911174535751343,0.8834930658340454
27591562,entertainment,bullet_points_strict,Actor Sir Christopher Lee is marking his 92nd birthday by releasing an album of heavy metal cover versions.,"Actor Sir Christopher Lee has released a new album, titled Metal Knight.",1541,12,18,0.6666666666666666,0,0.4,0.21428571428571427,0.4,0.9464930295944214,0.9042669534683228,0.9248982667922974
35998405,politics,bullet_points_strict,Labour's Barry Coppinger has been re-elected as Cleveland Police and Crime Commissioner.,The Conservative candidate for the Cleveland Constabulary seat has been re-elected.,562,11,12,0.9166666666666666,0,0.3846153846153846,0.24999999999999994,0.30769230769230765,0.9269534349441528,0.8909595608711243,0.9086001515388489
36783979,entertainment,bullet_points_strict,The Queen has been spotted having an evening meal at an Edinburgh pub.,The Queen and her companions have sat down at a restaurant in Edinburgh.,946,13,13,1.0,0,0.3076923076923077,0.08333333333333333,0.3076923076923077,0.9316347241401672,0.9351175427436829,0.9333729147911072
35858101,politics,bullet_points_strict,Prime Minister David Cameron will later attempt to halt the civil war in his party caused by Iain Duncan Smith's resignation from the cabinet.,"David Cameron is expected to reaffirm his commitment to ""compassionate Conservatism"" following the resignation of Tory leader Tim Duncan Smith.",5020,20,24,0.8333333333333334,0,0.35555555555555557,0.0930232558139535,0.2666666666666666,0.9026948809623718,0.9063185453414917,0.9045031070709229
38469828,entertainment,bullet_points_strict,Disney has become the first film studio to take $7bn (Â£5.7bn) in global ticket sales for 2016.,Disney has become a household name in the US - and it's not just Disney that's making a comeback.,454,19,17,1.1176470588235294,0,0.2631578947368421,0.1111111111111111,0.2105263157894737,0.8799164891242981,0.8346307277679443,0.8566755652427673
33896209,politics,bullet_points_strict,Canadian Prime Minister Stephen Harper has announced plans to track foreign homeownership and raised the possibility of eventually enacting limits on buying.,Canadian Prime Minister Justin Trudeau has said he wants to make sure foreign non-resident buyers aren't driving up the cost of real estate.,1509,23,22,1.0454545454545454,0,0.3404255319148936,0.08888888888888889,0.3404255319148936,0.9225510358810425,0.9176954627037048,0.9201169013977051
39220755,entertainment,bullet_points_strict,"People who have been flocking to Fife to see a whale which has been breaching in the Firth of Forth are being warned from ""making any attempts to approach or actively pursue"" it.",A humpback whale has been spotted on the Forth estuary.,1494,10,33,0.30303030303030304,0,0.27906976744186046,0.04878048780487805,0.27906976744186046,0.9109001755714417,0.8689169883728027,0.8894134759902954
34243809,entertainment,bullet_points_strict,"Organisers of the Miss America pageant have apologised to actress Vanessa Williams, 32 years after she was forced to hand back her title.",Miss America Helen Williams has apologised for resigning from the pageant.,2389,11,23,0.4782608695652174,0,0.3529411764705882,0.06250000000000001,0.1764705882352941,0.9409719109535217,0.8934882283210754,0.9166154861450195
30358562,entertainment,bullet_points_strict,British artists have scooped several nominations for the 2015 Grammys.,Singer Sam Smith has been nominated for a Grammy for his song Stay With Me.,310,15,10,1.5,0,0.08,0.0,0.08,0.893902599811554,0.9105669260025024,0.9021578431129456
40396901,entertainment,bullet_points_strict,Millions of Muslims all around the world will be celebrating Eid al-Fitr this week to mark the end of Ramadan.,Eid al-Fitr is celebrated on Sunday evening.,2049,7,20,0.35,0,0.20689655172413796,0.14814814814814817,0.20689655172413796,0.9237047433853149,0.884462296962738,0.9036577343940735
30814192,entertainment,bullet_points_strict,A tweet from One Direction's Louis Tomlinson to Harry Styles has become the second most retweeted post of all time.,Harry Styles has been retweeted more than a million times.,676,10,20,0.5,0,0.3225806451612903,0.13793103448275865,0.25806451612903225,0.9198641777038574,0.869748592376709,0.8941046595573425
39144005,entertainment,bullet_points_strict,A country pub saved from closure after villagers stepped in to buy it has been named national pub of the year.,A pub in a rural village has been voted the best pub in the UK.,1223,15,21,0.7142857142857143,0,0.3888888888888889,0.058823529411764705,0.3888888888888889,0.9373484253883362,0.9004511833190918,0.9185294508934021
32282102,entertainment,bullet_points_strict,"Vin Diesel sang, Channing Tatum danced and Zac Efron showed off his abs, yes - again, at the 2015 MTV Movie Awards.",Star Efron has won the Oscars for his role as the late Chris Kyle in American Sniper.,1956,17,22,0.7727272727272727,0,0.15789473684210528,0.0,0.15789473684210528,0.8679353594779968,0.8466100692749023,0.8571401238441467
38358729,entertainment,bullet_points_strict,Two men have been assaulted by an armed gang in south Belfast.,"Two men have been arrested after a gang armed with a knife, hammer and batons attacked a house in Glasgow.",432,20,12,1.6666666666666667,0,0.4375,0.19999999999999998,0.37499999999999994,0.9101940393447876,0.9494516253471375,0.9294084906578064
35182226,entertainment,bullet_points_strict,A man has been stabbed to death in Mottingham in the early hours of Boxing Day.,A man has been arrested on suspicion of murder after a man was found dead in a street.,378,18,16,1.125,0,0.35294117647058826,0.18750000000000003,0.29411764705882354,0.9263280034065247,0.8831231594085693,0.9042097926139832
19032928,entertainment,bullet_points_strict,"Coronation Street and Keeping up Appearances actor Geoffrey Hughes has died aged 68, his agent has said.","Geoffrey Hughes, who played Eddie Yeats in Coronation Street, has died at the age of 84.",1915,16,17,0.9411764705882353,0,0.3636363636363636,0.19354838709677422,0.24242424242424243,0.9151625633239746,0.8966522812843323,0.9058129191398621
36836957,entertainment,bullet_points_strict,A 1969 Led Zeppelin session for the BBC that was thought to have been lost when archives were wiped has been recovered from a recording made by a fan.,"Led Zeppelin have released a remastered version of their 1971 album, The Complete BBC Sessions.",1128,15,29,0.5172413793103449,0,0.2727272727272727,0.047619047619047616,0.18181818181818182,0.9025980234146118,0.8715733885765076,0.8868144750595093
39091271,entertainment,bullet_points_strict,A man has been arrested after a car was stolen with two young children inside.,A man has been arrested on suspicion of stealing a car from a woman and two children.,335,17,15,1.1333333333333333,0,0.5625,0.3333333333333333,0.5625,0.9541651606559753,0.9585822224617004,0.9563685655593872
30278082,entertainment,bullet_points_strict,"The number of empty shops on Scotland's high streets has fallen in the past year, according to a new report.","Scotland's town vacancy rates have fallen by more than a third in the last three years, according to a new study.",1964,21,20,1.05,0,0.4186046511627907,0.24390243902439024,0.4186046511627907,0.9380974769592285,0.9419887661933899,0.9400391578674316
40875640,entertainment,bullet_points_strict,"Three different 999 services had to be stood down after a ""body in the water"" turned out to be a bronze sculpture.","A ""body"" has been found in a river after a ""body"" was spotted in the water.",1659,16,22,0.7272727272727273,0,0.3684210526315789,0.2222222222222222,0.3157894736842105,0.9298230409622192,0.892026960849762,0.9105329513549805
29713830,entertainment,bullet_points_strict,A Royal Navy chef has spent hours melting chocolate buttons to create a small fleet of ships in commemoration of the Battle of Trafalgar.,Hundreds of replica cannonballs have been created to mark the 209th anniversary of the Battle of Trafalgar.,378,17,24,0.7083333333333334,0,0.34146341463414637,0.20512820512820512,0.2926829268292683,0.9197003245353699,0.9066401720046997,0.913123607635498
35943076,entertainment,bullet_points_strict,"The owner of a cat which visits a supermarket every day, has had to ask people to stop feeding his pet because he was putting on weight.",A dog who eats a lot of treats at a supermarket has been found to be overweight.,933,17,27,0.6296296296296297,0,0.27272727272727276,0.04761904761904762,0.22727272727272727,0.9275434613227844,0.9014975428581238,0.9143350124359131
30392522,entertainment,bullet_points_strict,YouTube star Connor Franta has revealed to his fans that he is gay.,Connor Franta has revealed that he's gay.,2534,7,13,0.5384615384615384,0,0.6666666666666667,0.4210526315789474,0.6666666666666667,0.9787817597389221,0.9483160376548767,0.9633080959320068
36939395,entertainment,bullet_points_strict,Snakes on planes are old hat - it's zombies on trains you need to worry about this year.,"'Train to Busan' stars Gong Yoo, Gong Yoo's estranged daughter and actor Gong Yoo.",3806,14,18,0.7777777777777778,0,0.1212121212121212,0.0,0.0606060606060606,0.8150492906570435,0.82882159948349,0.8218777775764465
36892967,entertainment,bullet_points_strict,"Musician Koffi Olomide has been taken into custody in the Democratic Republic of Congo, days after he was deported from Kenya for allegedly kicking one of his dancers at an airport in Nairobi.",Congolese rumba singer Olomide has been deported from Kenya to DR Congo.,1074,12,33,0.36363636363636365,0,0.3111111111111111,0.18604651162790697,0.26666666666666666,0.9115092754364014,0.887828528881073,0.8995130658149719
36338244,entertainment,bullet_points_strict,Celtic have appointed Brendan Rodgers as their new manager.,"Brendan Rodgers says he will ""give everything he has"" to bring Celtic to the top of the Scottish Premiership.",3712,19,9,2.111111111111111,0,0.21428571428571427,0.07692307692307691,0.14285714285714285,0.8745461702346802,0.9112276434898376,0.892510175704956
36939619,entertainment,bullet_points_strict,Rapper Kanye West has declared he wants to work with Ikea on a new range of furniture.,"Kanye West says he wants to create a ""minimalist apartment"" inside a college dorm.",2320,14,17,0.8235294117647058,0,0.3870967741935484,0.20689655172413793,0.3870967741935484,0.9015923738479614,0.914152204990387,0.9078288078308105
37822094,entertainment,bullet_points_strict,A female polar bear at a Scottish zoo has been temporarily put off limits to visitors as a precaution in case she is pregnant.,"Polar bear cubs are likely to be born in December or January, according to the Royal Zoological Society of Scotland.",739,20,24,0.8333333333333334,0,0.1818181818181818,0.04761904761904762,0.1818181818181818,0.8737622499465942,0.874104380607605,0.8739333152770996
34696691,entertainment,bullet_points_strict,The death of a man who twice apparently jumped from a building has been referred to the Independent Police Complaints Commission.,A man has died after falling from a building in Nottingham.,369,11,21,0.5238095238095238,0,0.37499999999999994,0.2,0.31249999999999994,0.9423854351043701,0.885077953338623,0.9128331542015076
39913154,entertainment,bullet_points_strict,A person has been taken to hospital by air ambulance following a serious crash on a major road in Monmouthshire.,A patient has been taken to Bristol Royal Infirmary after a crash in Monmouthshire.,305,14,20,0.7,0,0.5294117647058824,0.25,0.5294117647058824,0.9369004368782043,0.9388708472251892,0.9378845691680908
35709407,entertainment,bullet_points_strict,"Once upon a time, there was a bedtime story - and it was the start of a long career for TV and film producer Mike Young.","SuperTed is a story about a Cardiff City fan, Mike Young, who has created a feature-length animated feature film.",3507,19,26,0.7307692307692307,0,0.3111111111111111,0.04651162790697675,0.22222222222222224,0.873633623123169,0.8683484792709351,0.8709830045700073
35851500,entertainment,bullet_points_strict,"Nineteen people have been killed after a bus carrying Egyptian pilgrims crashed in Saudi Arabia, Egypt's state-run Mena news agency says.","A bus carrying a group of Egyptian pilgrims has crashed on the road between Mecca and Medina, an official says.",398,20,21,0.9523809523809523,0,0.3255813953488372,0.14634146341463414,0.3255813953488372,0.9259161353111267,0.8917485475540161,0.908511221408844
31613782,entertainment,bullet_points_strict,"Disabled pensioner Alan Barnes has said he is ""ready to move on with his life"" after a man appeared in court to admit assaulting him.",A man who was knocked to the ground by a drug lord in Gateshead has said he is not yet ready to meet his attacker.,480,25,25,1.0,0,0.44,0.20833333333333334,0.28,0.8976873755455017,0.8872661590576172,0.8924463391304016
16441633,entertainment,bullet_points_strict,A couple from Bradford who tied the knot in 1925 could be the UK's longest married husband and wife.,"Kartari Chand and Karam Chand are the longest married couple in the UK, they are the longest married couple in the UK.",3401,22,19,1.1578947368421053,0,0.380952380952381,0.1,0.28571428571428564,0.8853040933609009,0.8947039842605591,0.8899792432785034
38586981,entertainment,bullet_points_strict,Four hillwalkers who got into difficulties during severe weather on Ben Lomond have been rescued.,Two mountain rescuers have been rescued from a mountain in the Scottish Highlands.,299,13,15,0.8666666666666667,0,0.21428571428571427,0.15384615384615383,0.21428571428571427,0.9287581443786621,0.8897306323051453,0.9088255167007446
30144985,entertainment,bullet_points_strict,A lorry driver has smashed through the front wall of a pub in Wiltshire.,A man has been taken to hospital after a car crashed into a pub in Bath.,477,16,14,1.1428571428571428,0,0.3333333333333333,0.14285714285714288,0.3333333333333333,0.9258114099502563,0.9129060506820679,0.9193134307861328
38223694,entertainment,bullet_points_strict,"Beyonce has scooped nine nominations for the 2017 Grammy Awards, extending her lead as the most-nominated woman in Grammys history.",Beyonce has been shortlisted for the 2017 Grammy Awards.,2390,9,20,0.45,0,0.4666666666666666,0.35714285714285715,0.4666666666666666,0.9542363882064819,0.8932867050170898,0.9227561950683594
32531686,entertainment,bullet_points_strict,A castle has welcomed 20 chicks to its grounds after hens nested next to a lifelike replica boar.,A boar has been hatched at a castle in Hampshire.,630,10,18,0.5555555555555556,0,0.35714285714285715,0.07692307692307691,0.21428571428571427,0.9298609495162964,0.8780360817909241,0.9032056927680969
18177049,entertainment,bullet_points_strict,Planned cuts to library services in a West Yorkshire town have been scrapped following campaigns by residents.,Protesters have gathered outside a council meeting to oppose plans to replace libraries with volunteers.,765,15,17,0.8823529411764706,0,0.18750000000000003,0.0,0.0625,0.8923494219779968,0.8905406594276428,0.8914441466331482
36527119,entertainment,bullet_points_strict,"Six centuries ago Henry V walked from Shrewsbury to Holywell in Flintshire, to give thanks for his famous victory over the French at Agincourt.","Holywell has been a place of pilgrimage for more than 1,300 years.",6062,12,24,0.5,0,0.10810810810810811,0.0,0.10810810810810811,0.860975980758667,0.8329434990882874,0.8467278480529785
36466630,entertainment,bullet_points_strict,"Five people have been injured following a crash between a bin lorry, a bus and two cars.",A woman has been taken to hospital with a serious leg injury after a bus was hit by a car.,451,20,17,1.1764705882352942,0,0.27027027027027023,0.05714285714285714,0.2162162162162162,0.9290460348129272,0.9131523370742798,0.921030580997467
40697552,entertainment,bullet_points_strict,Two men were rescued after becoming stranded on a crag on Snowdon's narrow Crib Goch ridge.,A pair of mountain rescuers have been rescued from a ridge in Glamorgan.,375,13,16,0.8125,0,0.20000000000000004,0.0,0.20000000000000004,0.9180328249931335,0.8693423271179199,0.8930243253707886
36536773,entertainment,bullet_points_strict,Two men arrested in connection with the suspected murder of a missing man have been released on bail.,Two men have been released pending further inquiries into the murder of a man who was last seen at his home in Kelvedon.,412,23,18,1.2777777777777777,0,0.5365853658536586,0.25641025641025644,0.34146341463414637,0.9056223630905151,0.9369503259658813,0.921019971370697
35718290,entertainment,bullet_points_strict,"A second dog seized by police was kept locked in kennels for two years without exercise, the BBC has been told.",Devon and Cornwall Police's kennel has been seized after a dog was deemed too dangerous to be exercised.,3255,18,21,0.8571428571428571,0,0.35,0.052631578947368425,0.15,0.8904470205307007,0.8942645788192749,0.8923516869544983
39039170,entertainment,bullet_points_strict,A member of Texas' House of Representatives has filed a resolution to urge Texans to stop using an emoji representing the Chilean flag when they really mean to use the Texan flag.,US lawmakers have passed a bill urging Texans not to use the Chilean flag emoji.,2151,15,32,0.46875,0,0.3404255319148936,0.17777777777777778,0.25531914893617025,0.941631555557251,0.9119714498519897,0.9265642166137695
30664993,entertainment,bullet_points_strict,A multi-million pound refurbishment of a Denbighshire leisure centre which was closed because of council cutbacks is due to start.,Work to revamp a Denbighshire centre has begun.,374,8,20,0.4,0,0.27586206896551724,0.07407407407407408,0.20689655172413796,0.9632729291915894,0.9148974418640137,0.9384621977806091
34021188,entertainment,bullet_points_strict,A unique perspective on a landmark social event is to be unveiled as part of Nottingham's Caribbean Carnival.,An exhibition of African-Caribbean belongings has opened in Nottingham.,1349,9,18,0.5,0,0.20689655172413793,0.0,0.13793103448275862,0.8941358327865601,0.8791133761405945,0.8865609765052795
36434692,entertainment,bullet_points_strict,A police sergeant called out to deal with a brawl in a Glasgow pub ended up giving an arresting performance of Gloria Gaynor's I Will Survive.,A police sergeant who performed karaoke in a Glasgow city centre pub has been arrested.,1986,15,26,0.5769230769230769,0,0.33333333333333337,0.2,0.33333333333333337,0.9219661951065063,0.8858842849731445,0.9035651683807373
35272307,entertainment,bullet_points_strict,French mosques have invited non-Muslims in to try to create greater understanding of Islam in France.,"French mosques are taking part in a ""brotherly cup of tea"" to mark the anniversary of the Charlie Hebdo attacks.",1350,20,16,1.25,0,0.27027027027027023,0.05714285714285714,0.27027027027027023,0.8743955492973328,0.8945574164390564,0.8843615651130676
33551138,entertainment,bullet_points_strict,A London council has withdrawn an order forcing a mother to send her home educated child to school.,"Home schooled children should be allowed to attend school at home, rather than at a public school"".",3318,17,18,0.9444444444444444,0,0.22857142857142856,0.0,0.17142857142857143,0.8865953683853149,0.8857965469360352,0.8861957788467407
32433447,entertainment,bullet_points_strict,Four silver coins dating from the 14th Century that were found on County Down farmland have been declared to be treasure at an inquest in Belfast.,"The first person to touch a hoard of coins in 700 years has said he was ""the first person to touch something in 700 years"".",1760,25,26,0.9615384615384616,0,0.1568627450980392,0.0,0.1568627450980392,0.8567420244216919,0.8554064035415649,0.8560736775398254
40324675,entertainment,bullet_points_strict,"Fetch, sit and roll over - all the kinds of normal things that you would say to your dog.","If your dog doesn't understand what you're saying, it's a sign that you're having trouble.",251,15,19,0.7894736842105263,0,0.21621621621621623,0.11428571428571428,0.10810810810810811,0.8761383295059204,0.8599270582199097,0.8679569959640503
35182485,entertainment,bullet_points_strict,A man is to appear in court over the suspicious death of a 34-year-old in Dundee.,A 24-year-old man has been charged with the murder of a man in Dundee.,379,14,16,0.875,0,0.5294117647058824,0.25,0.411764705882353,0.9578975439071655,0.9462521076202393,0.9520391821861267
26865843,entertainment,bullet_points_strict,It is a day when women from Merseyside are encouraged to dress in their finest clothes and enjoy a day at the races at Ladies' Day.,"Ladies' Day is a celebration of women's individuality, but it is also a celebration of women's fashion.",3872,17,26,0.6538461538461539,0,0.3111111111111111,0.13953488372093023,0.17777777777777778,0.9012303352355957,0.880050003528595,0.8905143141746521
38748861,entertainment,bullet_points_strict,A CCTV image of two women who may have witnessed a serious assault at a music venue has been released by police.,Police have released images of two men they want to speak to in connection with an attack in Glasgow.,570,19,22,0.8636363636363636,0,0.24390243902439024,0.05128205128205128,0.0975609756097561,0.9146390557289124,0.916355550289154,0.9154965281486511
27453471,entertainment,bullet_points_strict,A huge gorilla statue made entirely of spoons for entertainer Uri Geller has been unveiled by Prince Michael of Kent.,A giant gorilla made entirely of spoons has been unveiled at the unveiling of Uri Geller's gorilla statue.,3197,18,20,0.9,0,0.6666666666666667,0.37837837837837834,0.5128205128205129,0.9616954326629639,0.9232973456382751,0.9421052932739258
37031227,entertainment,bullet_points_strict,"Indian cricketer Ravindra Jadeja has been fined 20,000 rupees (Â£229; $300) after posting photos online of him and his wife posing in front of endangered Asiatic lions.","India's cricketer Jadeja has been fined Rs 50,000 (£16,000) for taking selfies with lions in a national park in Gujarat.",1365,20,27,0.7407407407407407,0,0.3137254901960784,0.12244897959183673,0.27450980392156865,0.9325122833251953,0.8912533521652222,0.9114161133766174
37863033,entertainment,bullet_points_strict,"Shows like Transparent mean there are more LGBT (lesbian, gay, bisexual and transgender) characters on US TV than ever before, a report has found.","The number of transgender characters on TV has risen by more than a third in the past year, according to a new study.",1071,23,24,0.9583333333333334,0,0.3404255319148936,0.08888888888888888,0.2553191489361702,0.9031859040260315,0.865838885307312,0.8841181397438049
31811294,entertainment,bullet_points_strict,"You wait more than 15 years for a new Ghostbusters film, and then two come along at the same time.","Ghostbusters director Ivan Reitman says he wants to ""expand the Ghostbusters universe"".",1756,12,20,0.6,0,0.125,0.0,0.125,0.8723475337028503,0.862812876701355,0.8675540089607239
30537078,entertainment,bullet_points_strict,"Photographs showing a festive Prince Harry have been released, to mark his support of a charity helping children affected by HIV and Aids.",Prince Harry has visited a children's home in Lesotho for the first time.,1748,13,23,0.5652173913043478,0,0.2162162162162162,0.05714285714285715,0.2162162162162162,0.8922576308250427,0.8770747780799866,0.8846010565757751
38342183,entertainment,bullet_points_strict,A police dog stabbed on duty returned to the beat earlier this month after life-saving surgery.,Hundreds of people have signed a petition calling on the government to re-think the laws surrounding injured police support animals.,450,20,16,1.25,0,0.2631578947368421,0.0,0.21052631578947367,0.8725436329841614,0.8636345863342285,0.8680663108825684
20191016,entertainment,bullet_points_strict,"A Victorian university building in Aberystwyth could be transformed into a postgraduate centre under plans for a new ""cultural quarter"".",Plans to transform a historic building in Aberystwyth have been unveiled.,2130,11,20,0.55,0,0.3225806451612903,0.13793103448275862,0.25806451612903225,0.9492533206939697,0.9076532125473022,0.927987277507782
34196691,entertainment,bullet_points_strict,"Wetwang, Cockermouth and Bell End were just some of the place names deemed too rude to be shown at a Women's Institute (WI) event.",The author of Lesser Spotted Britain has said he was censored by organisers at an event.,1836,16,24,0.6666666666666666,0,0.19512195121951217,0.0,0.14634146341463414,0.8618780970573425,0.8367937803268433,0.8491507768630981
23629830,entertainment,bullet_points_strict,"Hugh Grant has been cast in Guy Ritchie's big-screen adaptation of the 1960s TV show, The Man From U.N.C.L.E.","Grant will play a leading role in The Man From U.N.C.L.E., according to the Hollywood Reporter.",1422,16,19,0.8421052631578947,0,0.48888888888888893,0.32558139534883723,0.4444444444444445,0.9357128143310547,0.9131057858467102,0.9242711663246155
32512624,entertainment,bullet_points_strict,"Singer Lil' Chris's death was caused by hanging, an inquest has heard.",An inquest into the death of singer Lil' Chris Hardman has been adjourned.,2132,13,12,1.0833333333333333,0,0.5384615384615384,0.25,0.3076923076923077,0.9257962107658386,0.9312765002250671,0.9285282492637634
