id,genre,prompt_name,reference_summary,generated_summary,source_length_chars,generated_length_words,reference_length_words
38264402,tech,tldr,"There is a ""chronic"" need for more housing for prison leavers in Wales, according to a charity.","Prisoners in Wales are facing a ""desperate need"" for housing, a charity has said.",3525,14,17
38264402,tech,bullet_points,"There is a ""chronic"" need for more housing for prison leavers in Wales, according to a charity.","The number of people homeless in Wales is on the rise, according to a charity.",3525,15,17
38264402,tech,bullet_points_strict,"There is a ""chronic"" need for more housing for prison leavers in Wales, according to a charity.","The number of people who are homeless in Wales is ""disappointing"", a charity has said.",3525,15,17
38264402,tech,one_sentence,"There is a ""chronic"" need for more housing for prison leavers in Wales, according to a charity.","Prison leavers in Wales are facing a ""desperate need"" for accommodation, a charity has said.",3525,15,17
38264402,tech,fact_constrained,"There is a ""chronic"" need for more housing for prison leavers in Wales, according to a charity.","The number of people homeless in Wales has risen by more than a third in the past year, according to a charity.",3525,22,17
34227252,entertainment,tldr,"A man has appeared in court after firearms, ammunition and cash were seized by police in Edinburgh.",A 26-year-old man has been charged with armed robbery in Edinburgh.,287,11,17
34227252,entertainment,bullet_points,"A man has appeared in court after firearms, ammunition and cash were seized by police in Edinburgh.",A 26-year-old man has appeared in court charged with armed robbery in Edinburgh.,287,13,17
34227252,entertainment,bullet_points_strict,"A man has appeared in court after firearms, ammunition and cash were seized by police in Edinburgh.",A 26-year-old man has appeared in court charged with armed robbery in Edinburgh.,287,13,17
34227252,entertainment,one_sentence,"A man has appeared in court after firearms, ammunition and cash were seized by police in Edinburgh.",A 26-year-old man has been charged with armed robbery in Edinburgh.,287,11,17
34227252,entertainment,fact_constrained,"A man has appeared in court after firearms, ammunition and cash were seized by police in Edinburgh.",A 26-year-old man has appeared in court charged with armed robbery in Edinburgh.,287,13,17
38537698,tech,tldr,"Four people accused of kidnapping and torturing a mentally disabled man in a ""racially motivated"" attack streamed on Facebook have been denied bail.",Four teenagers have been charged with hate crimes after a white man was held captive in a van.,1488,18,23
38537698,tech,bullet_points,"Four people accused of kidnapping and torturing a mentally disabled man in a ""racially motivated"" attack streamed on Facebook have been denied bail.",Four teenagers have been charged with hate crimes after a white man was beaten to death in a Chicago suburb.,1488,20,23
38537698,tech,bullet_points_strict,"Four people accused of kidnapping and torturing a mentally disabled man in a ""racially motivated"" attack streamed on Facebook have been denied bail.",Four teenagers have been charged with hate crimes after a white man was beaten to death in Chicago.,1488,18,23
38537698,tech,one_sentence,"Four people accused of kidnapping and torturing a mentally disabled man in a ""racially motivated"" attack streamed on Facebook have been denied bail.",Four teenagers have been charged with hate crimes after a white man was beaten to death in Chicago.,1488,18,23
38537698,tech,fact_constrained,"Four people accused of kidnapping and torturing a mentally disabled man in a ""racially motivated"" attack streamed on Facebook have been denied bail.",Four teenagers have been charged with hate crimes after a white man was beaten to death in Chicago.,1488,18,23
36175342,sport,tldr,"West Brom have appointed Nicky Hammond as technical director, ending his 20-year association with Reading.",West Bromwich Albion have appointed West Brom's former youth academy director as their new director of football.,313,17,15
36175342,sport,bullet_points,"West Brom have appointed Nicky Hammond as technical director, ending his 20-year association with Reading.",West Bromwich Albion have appointed former Arsenal youth academy director and former West Bromwich Albion goalkeeper Mark Hughes as their new director of football.,313,24,15
36175342,sport,bullet_points_strict,"West Brom have appointed Nicky Hammond as technical director, ending his 20-year association with Reading.",West Bromwich Albion have appointed former Arsenal youth academy director and youth academy director Darren Clarke as their new director of football.,313,22,15
36175342,sport,one_sentence,"West Brom have appointed Nicky Hammond as technical director, ending his 20-year association with Reading.",West Bromwich Albion have appointed West Brom's former youth academy director as their new director of football.,313,17,15
36175342,sport,fact_constrained,"West Brom have appointed Nicky Hammond as technical director, ending his 20-year association with Reading.","West Bromwich Albion have signed West Brom's former youth academy director and former youth academy director, Mark Hughes.",313,18,15
39070183,tech,tldr,"The pancreas can be triggered to regenerate itself through a type of fasting diet, say US researchers.",A fasting-mimicking diet has been shown to reverse the symptoms of type 1 and type 2 diabetes.,3585,17,17
39070183,tech,bullet_points,"The pancreas can be triggered to regenerate itself through a type of fasting diet, say US researchers.",A fasting-mimicking diet has been shown to reverse the symptoms of type 1 and type 2 diabetes.,3585,17,17
39070183,tech,bullet_points_strict,"The pancreas can be triggered to regenerate itself through a type of fasting diet, say US researchers.",A fasting-mimicking diet has been shown to reverse the symptoms of type 1 diabetes.,3585,14,17
39070183,tech,one_sentence,"The pancreas can be triggered to regenerate itself through a type of fasting diet, say US researchers.",A fasting-mimicking diet has been shown to reverse the symptoms of type 1 and type 2 diabetes.,3585,17,17
39070183,tech,fact_constrained,"The pancreas can be triggered to regenerate itself through a type of fasting diet, say US researchers.",A fasting-mimicking diet has been shown to reverse the symptoms of type 1 and type 2 diabetes.,3585,17,17
38899892,business,tldr,"Since their impending merger was announced in January, there has been remarkably little comment about the huge proposed deal to combine Essilor and Luxottica.","If you're looking for a good deal on a merger between Essilor and Luxottica, there's no doubt you'll find it.",6147,20,24
38899892,business,bullet_points,"Since their impending merger was announced in January, there has been remarkably little comment about the huge proposed deal to combine Essilor and Luxottica.","If you're looking for a good deal on a merger between two of the world's biggest companies, there's no doubt you'll find it.",6147,23,24
38899892,business,bullet_points_strict,"Since their impending merger was announced in January, there has been remarkably little comment about the huge proposed deal to combine Essilor and Luxottica.","If you're looking for a good deal on a merger between two of the world's biggest companies, there's no way you'll be able to find it.",6147,26,24
38899892,business,one_sentence,"Since their impending merger was announced in January, there has been remarkably little comment about the huge proposed deal to combine Essilor and Luxottica.",There's no doubt that there will be a merger between Essilor and Luxottica in the near future.,6147,17,24
38899892,business,fact_constrained,"Since their impending merger was announced in January, there has been remarkably little comment about the huge proposed deal to combine Essilor and Luxottica.",There's no doubt that there will be a merger between Essilor and Luxottica in the near future.,6147,17,24
39339718,sport,tldr,"A ""medal at any cost"" approach created a ""culture of fear"" at British Cycling, says former rider Wendy Houvenaghel.","Wendy Houvenaghel has said she feels ""vindicated"" by British Cycling's failures in the World Class Programme.",5432,16,19
39339718,sport,bullet_points,"A ""medal at any cost"" approach created a ""culture of fear"" at British Cycling, says former rider Wendy Houvenaghel.","Wendy Houvenaghel has said she feels ""vindicated"" by British Cycling's failures in the World Class Programme.",5432,16,19
39339718,sport,bullet_points_strict,"A ""medal at any cost"" approach created a ""culture of fear"" at British Cycling, says former rider Wendy Houvenaghel.","Wendy Houvenaghel has said she feels ""vindicated"" by British Cycling's failures in the World Class Programme.",5432,16,19
39339718,sport,one_sentence,"A ""medal at any cost"" approach created a ""culture of fear"" at British Cycling, says former rider Wendy Houvenaghel.","British Cycling chief executive Wendy Houvenaghel has said she feels ""vindicated"" by the organisation's failures in the World Class Programme.",5432,20,19
39339718,sport,fact_constrained,"A ""medal at any cost"" approach created a ""culture of fear"" at British Cycling, says former rider Wendy Houvenaghel.","Wendy Houvenaghel has said she feels ""vindicated"" by a report into British Cycling's World Class programme.",5432,16,19
34571446,business,tldr,Have you heard the one about the computer programmer who bought a failing comedy club in Texas and turned it into a million dollar a year business?,"The Hideout is a comedy club in Austin, Texas.",5950,9,27
34571446,business,bullet_points,Have you heard the one about the computer programmer who bought a failing comedy club in Texas and turned it into a million dollar a year business?,It's not often you hear a joke about a comedy club in the US.,5950,14,27
34571446,business,bullet_points_strict,Have you heard the one about the computer programmer who bought a failing comedy club in Texas and turned it into a million dollar a year business?,"The Hideout is a comedy club in Austin, Texas.",5950,9,27
34571446,business,one_sentence,Have you heard the one about the computer programmer who bought a failing comedy club in Texas and turned it into a million dollar a year business?,It's not a joke. It's a joke. It's a joke.,5950,10,27
34571446,business,fact_constrained,Have you heard the one about the computer programmer who bought a failing comedy club in Texas and turned it into a million dollar a year business?,"In the US, stand-up comedy is a booming industry.",5950,9,27
36892983,business,tldr,"The reaction from BT's investors told us much about media regulator Ofcom's ruling on the fate of Openreach, the BT subsidiary that provides much of the UK's broadband infrastructure.","BT's share price soared in early trading on Thursday after the company's chief executive, Sharon White, said the company's pension scheme was ""practical obstacles"" to a split.",2398,27,29
36892983,business,bullet_points,"The reaction from BT's investors told us much about media regulator Ofcom's ruling on the fate of Openreach, the BT subsidiary that provides much of the UK's broadband infrastructure.","BT's share price soared in the early hours of Thursday morning, as the company's shares soared on the London Stock Exchange.",2398,21,29
36892983,business,bullet_points_strict,"The reaction from BT's investors told us much about media regulator Ofcom's ruling on the fate of Openreach, the BT subsidiary that provides much of the UK's broadband infrastructure.","BT's share price soared in early trading after the company's chief executive, Ofcom's Sharon White, said the company's pension scheme was ""practical obstacles"" to a break-up.",2398,26,29
36892983,business,one_sentence,"The reaction from BT's investors told us much about media regulator Ofcom's ruling on the fate of Openreach, the BT subsidiary that provides much of the UK's broadband infrastructure.","BT's share price soared in the early hours of Thursday morning, as the company's shares soared on the London Stock Exchange.",2398,21,29
36892983,business,fact_constrained,"The reaction from BT's investors told us much about media regulator Ofcom's ruling on the fate of Openreach, the BT subsidiary that provides much of the UK's broadband infrastructure.","BT's share price soared in early trading on Thursday after the company's chief executive, Ofcom chief executive Sharon White, said that a break-up would be ""a costly headache"" and that a government guarantee on part of the company's pension scheme would be needed.",2398,43,29
37732028,sport,tldr,Manager Brendan Rodgers is sure Celtic can exploit the wide open spaces of Hampden when they meet Rangers in Sunday's League Cup semi-final.,Brendan Rodgers says he is looking forward to his first Old Firm derby with Celtic on Saturday.,2239,17,23
37732028,sport,bullet_points,Manager Brendan Rodgers is sure Celtic can exploit the wide open spaces of Hampden when they meet Rangers in Sunday's League Cup semi-final.,Brendan Rodgers says he is looking forward to his first Old Firm derby with Celtic on Saturday.,2239,17,23
37732028,sport,bullet_points_strict,Manager Brendan Rodgers is sure Celtic can exploit the wide open spaces of Hampden when they meet Rangers in Sunday's League Cup semi-final.,Brendan Rodgers says he is looking forward to his first Old Firm derby with Celtic on Saturday.,2239,17,23
37732028,sport,one_sentence,Manager Brendan Rodgers is sure Celtic can exploit the wide open spaces of Hampden when they meet Rangers in Sunday's League Cup semi-final.,Brendan Rodgers says he is looking forward to his first Old Firm derby with Celtic on Saturday.,2239,17,23
37732028,sport,fact_constrained,Manager Brendan Rodgers is sure Celtic can exploit the wide open spaces of Hampden when they meet Rangers in Sunday's League Cup semi-final.,Brendan Rodgers says he is looking forward to his first Old Firm derby with Celtic on Saturday.,2239,17,23
32300397,business,tldr,Queen's University Belfast is cutting 236 jobs and 290 student places due to a funding reduction.,Queen's University in Belfast has announced it will be cutting its undergraduate and postgraduate places.,2309,15,16
32300397,business,bullet_points,Queen's University Belfast is cutting 236 jobs and 290 student places due to a funding reduction.,The University of Queen's in Belfast has announced that it will be cutting the number of undergraduate and postgraduate places at the university.,2309,23,16
32300397,business,bullet_points_strict,Queen's University Belfast is cutting 236 jobs and 290 student places due to a funding reduction.,"The University of Queen's in Belfast is to cut its undergraduate and postgraduate places by 1,010 over the next three years, the BBC understands.",2309,24,16
32300397,business,one_sentence,Queen's University Belfast is cutting 236 jobs and 290 student places due to a funding reduction.,Queen's University in Belfast has announced it will cut its undergraduate and postgraduate places.,2309,14,16
32300397,business,fact_constrained,Queen's University Belfast is cutting 236 jobs and 290 student places due to a funding reduction.,"The University of Queen's in Belfast has announced it will cut its undergraduate and postgraduate student places by 1,010 over the next three years.",2309,24,16
32672009,tech,tldr,Hospital bosses in Sussex have apologised after about 850 patients were sent leaflets in error suggesting they might have cancer.,East Sussex Healthcare NHS Trust has apologised after 850 leaflets were mistakenly inserted with an appointment letter.,1318,17,20
32672009,tech,bullet_points,Hospital bosses in Sussex have apologised after about 850 patients were sent leaflets in error suggesting they might have cancer.,A hospital trust has apologised after 850 leaflets were mistakenly inserted with a patient's appointment letter.,1318,16,20
32672009,tech,bullet_points_strict,Hospital bosses in Sussex have apologised after about 850 patients were sent leaflets in error suggesting they might have cancer.,"East Sussex Healthcare NHS Trust has apologised for a ""two-week information leaflet"" being inserted with an appointment letter.",1318,18,20
32672009,tech,one_sentence,Hospital bosses in Sussex have apologised after about 850 patients were sent leaflets in error suggesting they might have cancer.,"East Sussex Healthcare NHS Trust has apologised for a ""two-week information leaflet"" being inserted with an appointment letter.",1318,18,20
32672009,tech,fact_constrained,Hospital bosses in Sussex have apologised after about 850 patients were sent leaflets in error suggesting they might have cancer.,A hospital trust has apologised after 850 leaflets were mistakenly inserted with a patient's appointment letter.,1318,16,20
38872899,politics,tldr,The shadow foreign secretary has suggested Labour will continue to support legislation paving the way for Brexit as it passes through Parliament.,"Labour has said it will not ""frustrate Brexit"" if it fails to amend its Brexit bill.",3157,16,22
38872899,politics,bullet_points,The shadow foreign secretary has suggested Labour will continue to support legislation paving the way for Brexit as it passes through Parliament.,"Labour has said it will not ""frustrate Brexit"" if it fails to amend its Brexit bill.",3157,16,22
38872899,politics,bullet_points_strict,The shadow foreign secretary has suggested Labour will continue to support legislation paving the way for Brexit as it passes through Parliament.,"Labour has said it will not ""frustrate Brexit"" if it fails to amend its Brexit bill.",3157,16,22
38872899,politics,one_sentence,The shadow foreign secretary has suggested Labour will continue to support legislation paving the way for Brexit as it passes through Parliament.,"Labour has said it will not ""frustrate Brexit"" if it fails to amend its Brexit bill.",3157,16,22
38872899,politics,fact_constrained,The shadow foreign secretary has suggested Labour will continue to support legislation paving the way for Brexit as it passes through Parliament.,"Labour has said it will not ""frustrate Brexit"" if it fails to amend its Brexit bill.",3157,16,22
37248643,sport,tldr,Torquay United boss Kevin Nicholson says none of the money from Eunan O'Kane's move to Leeds from Bournemouth will go to the playing squad.,The Gulls are looking for a new owner after the club's owner stepped down last summer.,625,16,24
37248643,sport,bullet_points,Torquay United boss Kevin Nicholson says none of the money from Eunan O'Kane's move to Leeds from Bournemouth will go to the playing squad.,The Gulls have agreed a deal to sell midfielder Sean O'Kane to the Cherries for £8m.,625,16,24
37248643,sport,bullet_points_strict,Torquay United boss Kevin Nicholson says none of the money from Eunan O'Kane's move to Leeds from Bournemouth will go to the playing squad.,The Gulls have agreed a deal to sell midfielder Sean O'Kane to the Cherries for £8m.,625,16,24
37248643,sport,one_sentence,Torquay United boss Kevin Nicholson says none of the money from Eunan O'Kane's move to Leeds from Bournemouth will go to the playing squad.,The Gulls have agreed a deal to sell midfielder Sean O'Kane to the Cherries for £8m.,625,16,24
37248643,sport,fact_constrained,Torquay United boss Kevin Nicholson says none of the money from Eunan O'Kane's move to Leeds from Bournemouth will go to the playing squad.,The Gulls have agreed a deal to sell midfielder Sean O'Kane to the Cherries for £8m.,625,16,24
38521798,tech,tldr,North Wales Police has been criticised at an inquest for sending an officer to speak to a hospital patient with paranoid schizophrenia.,"A psychiatric consultant has said he is ""extremely unhappy"" about a visit by a police officer to a ward where he died.",1314,22,22
38521798,tech,bullet_points,North Wales Police has been criticised at an inquest for sending an officer to speak to a hospital patient with paranoid schizophrenia.,"A psychiatric consultant has said he is ""extremely unhappy"" about a visit by a police officer to a psychiatric unit at a hospital.",1314,23,22
38521798,tech,bullet_points_strict,North Wales Police has been criticised at an inquest for sending an officer to speak to a hospital patient with paranoid schizophrenia.,"A psychiatric consultant has said he is ""extremely unhappy"" about a visit by a police officer to a ward at a hospital.",1314,22,22
38521798,tech,one_sentence,North Wales Police has been criticised at an inquest for sending an officer to speak to a hospital patient with paranoid schizophrenia.,An inquest into the death of a man whose body was found in the Menai Strait has been adjourned.,1314,19,22
38521798,tech,fact_constrained,North Wales Police has been criticised at an inquest for sending an officer to speak to a hospital patient with paranoid schizophrenia.,An inquest into the death of a man whose body was found in the Strait of Gwynedd has been adjourned.,1314,20,22
29771956,sport,tldr,Leicester City striker Gary Taylor-Fletcher has joined Sheffield Wednesday on an initial month-long loan.,Leicester City have signed former Blackpool and Blackpool midfielder Chris Taylor-Fletcher on a one-year deal.,343,15,14
29771956,sport,bullet_points,Leicester City striker Gary Taylor-Fletcher has joined Sheffield Wednesday on an initial month-long loan.,Leicester City have completed the signing of former Blackpool midfielder Chris Taylor-Fletcher on a one-year contract.,343,16,14
29771956,sport,bullet_points_strict,Leicester City striker Gary Taylor-Fletcher has joined Sheffield Wednesday on an initial month-long loan.,Leicester City have signed Leicester City winger Chris Taylor-Fletcher on a one-year deal.,343,13,14
29771956,sport,one_sentence,Leicester City striker Gary Taylor-Fletcher has joined Sheffield Wednesday on an initial month-long loan.,Leicester City have signed Leicester City striker Danny Taylor-Fletcher on a one-year contract.,343,13,14
29771956,sport,fact_constrained,Leicester City striker Gary Taylor-Fletcher has joined Sheffield Wednesday on an initial month-long loan.,Leicester City have signed Leicester City midfielder Chris Taylor-Fletcher on a one-year deal.,343,13,14
38322594,politics,tldr,"Limiting access to federal research would do an ""enormous disservice"" to the US and the world according to former Nasa chief scientist.","The chief scientist of Nasa has warned that access to climate data will be a ""tremendous disservice"" to the scientific community.",5964,21,22
38322594,politics,bullet_points,"Limiting access to federal research would do an ""enormous disservice"" to the US and the world according to former Nasa chief scientist.","The chief scientist of Nasa has warned that access to climate data will be ""an enormous disservice to the citizens of this country and to the world in general"".",5964,29,22
38322594,politics,bullet_points_strict,"Limiting access to federal research would do an ""enormous disservice"" to the US and the world according to former Nasa chief scientist.","The chief scientist of Nasa has warned that access to climate data will be a ""tremendous disservice to the citizens of this country and to the world in general"".",5964,29,22
38322594,politics,one_sentence,"Limiting access to federal research would do an ""enormous disservice"" to the US and the world according to former Nasa chief scientist.","The chief scientist of Nasa has warned that access to climate data will be ""an enormous disservice to the citizens of this country and to the world in general"".",5964,29,22
38322594,politics,fact_constrained,"Limiting access to federal research would do an ""enormous disservice"" to the US and the world according to former Nasa chief scientist.","The chief scientist of Nasa has warned that access to climate data will be a ""tremendous disservice to the citizens of this country and to the world in general"".",5964,29,22
35194738,entertainment,tldr,"John ""Brad"" Bradbury, drummer with The Specials, has died at the age of 62.",The Specials drummer John 'Brad' Bradbury has died at the age of 84.,2284,13,14
35194738,entertainment,bullet_points,"John ""Brad"" Bradbury, drummer with The Specials, has died at the age of 62.",The Specials drummer John 'Brad' Bradbury has died at the age of 84.,2284,13,14
35194738,entertainment,bullet_points_strict,"John ""Brad"" Bradbury, drummer with The Specials, has died at the age of 62.",The Specials drummer John 'Brad' Bradbury has died at the age of 84.,2284,13,14
35194738,entertainment,one_sentence,"John ""Brad"" Bradbury, drummer with The Specials, has died at the age of 62.",The Specials drummer John Bradbury has died at the age of 84.,2284,12,14
35194738,entertainment,fact_constrained,"John ""Brad"" Bradbury, drummer with The Specials, has died at the age of 62.",The Specials drummer John 'Brad' Bradbury has died at the age of 84.,2284,13,14
38781058,sport,tldr,"Tiger Woods missed the cut at the Farmers Insurance Open, as England's Justin Rose maintained a one-shot lead.",World number one Woods missed the cut at the US Open as he missed the cut by four shots.,1084,19,18
38781058,sport,bullet_points,"Tiger Woods missed the cut at the Farmers Insurance Open, as England's Justin Rose maintained a one-shot lead.",World number one Woods missed the cut at the San Diego Open as he missed the cut by four shots.,1084,20,18
38781058,sport,bullet_points_strict,"Tiger Woods missed the cut at the Farmers Insurance Open, as England's Justin Rose maintained a one-shot lead.",World number one Woods missed the cut at the San Diego Open as he missed the cut by four shots.,1084,20,18
38781058,sport,one_sentence,"Tiger Woods missed the cut at the Farmers Insurance Open, as England's Justin Rose maintained a one-shot lead.",World number one Woods missed the cut at the US Open as he missed the cut by four shots.,1084,19,18
38781058,sport,fact_constrained,"Tiger Woods missed the cut at the Farmers Insurance Open, as England's Justin Rose maintained a one-shot lead.",World number one Woods missed the cut at the San Diego Open as he missed the cut by four shots.,1084,20,18
40181128,sport,tldr,"Former England striker Andy Cole says he faces a ""long road ahead"" as he recovers from his recent kidney transplant.","Manchester United striker Wayne Cole says he has a ""long road ahead"" after a kidney transplant.",1760,16,20
40181128,sport,bullet_points,"Former England striker Andy Cole says he faces a ""long road ahead"" as he recovers from his recent kidney transplant.","Manchester United striker Wayne Cole says he has a ""long road ahead"" after a kidney transplant.",1760,16,20
40181128,sport,bullet_points_strict,"Former England striker Andy Cole says he faces a ""long road ahead"" as he recovers from his recent kidney transplant.","Manchester United striker Ashley Cole says he has a ""long road ahead"" after a kidney transplant.",1760,16,20
40181128,sport,one_sentence,"Former England striker Andy Cole says he faces a ""long road ahead"" as he recovers from his recent kidney transplant.","Manchester United striker Wayne Cole says he has a ""long road ahead"" after being diagnosed with kidney failure.",1760,18,20
40181128,sport,fact_constrained,"Former England striker Andy Cole says he faces a ""long road ahead"" as he recovers from his recent kidney transplant.","Manchester United striker Wayne Cole says he has a ""long road ahead"" after being diagnosed with kidney failure.",1760,18,20
35345872,tech,tldr,"Pakistan has unblocked the video sharing site, YouTube, more than three years after it was banned for posting a video deemed insulting to Islam.",Pakistan's government has lifted a ban on YouTube in the country.,2050,11,24
35345872,tech,bullet_points,"Pakistan has unblocked the video sharing site, YouTube, more than three years after it was banned for posting a video deemed insulting to Islam.",Pakistan's government has lifted a ban on YouTube in the country.,2050,11,24
35345872,tech,bullet_points_strict,"Pakistan has unblocked the video sharing site, YouTube, more than three years after it was banned for posting a video deemed insulting to Islam.",Pakistan's government has lifted a ban on YouTube in the country.,2050,11,24
35345872,tech,one_sentence,"Pakistan has unblocked the video sharing site, YouTube, more than three years after it was banned for posting a video deemed insulting to Islam.",Pakistan's government has lifted a ban on YouTube in the country.,2050,11,24
35345872,tech,fact_constrained,"Pakistan has unblocked the video sharing site, YouTube, more than three years after it was banned for posting a video deemed insulting to Islam.",Pakistan's government has lifted a ban on YouTube in the country.,2050,11,24
32148941,sport,tldr,"Leicester Tigers winger Miles Benjamin is likely to be out for the rest of the season because of a knee injury, reports BBC Radio Leicester.",Leicester's Ben Benjamin will miss the rest of the season after suffering a neck injury.,676,15,25
32148941,sport,bullet_points,"Leicester Tigers winger Miles Benjamin is likely to be out for the rest of the season because of a knee injury, reports BBC Radio Leicester.",Leicester's Ben Benjamin will miss the rest of the season because of a neck injury.,676,15,25
32148941,sport,bullet_points_strict,"Leicester Tigers winger Miles Benjamin is likely to be out for the rest of the season because of a knee injury, reports BBC Radio Leicester.",Leicester's Ben Benjamin will miss the rest of the season because of a neck injury.,676,15,25
32148941,sport,one_sentence,"Leicester Tigers winger Miles Benjamin is likely to be out for the rest of the season because of a knee injury, reports BBC Radio Leicester.",Leicester's Ben Benjamin will miss the rest of the season because of a neck injury.,676,15,25
32148941,sport,fact_constrained,"Leicester Tigers winger Miles Benjamin is likely to be out for the rest of the season because of a knee injury, reports BBC Radio Leicester.",Leicester's Ben Benjamin is likely to miss the rest of the season after suffering a neck injury.,676,17,25
37066439,sport,tldr,Owain Doull has won Wales' first gold of the 2016 Olympics as he helped the Great Britain men's team pursuit defend their cycling title in Rio.,Great Britain's Mark Doull won a silver medal in the women's team pursuit at the Rio Olympics.,2573,17,26
37066439,sport,bullet_points,Owain Doull has won Wales' first gold of the 2016 Olympics as he helped the Great Britain men's team pursuit defend their cycling title in Rio.,Great Britain's Mark Doull has won his first Olympic gold medal as he helped Great Britain beat Australia in the final of the World Championships in Rio.,2573,27,26
37066439,sport,bullet_points_strict,Owain Doull has won Wales' first gold of the 2016 Olympics as he helped the Great Britain men's team pursuit defend their cycling title in Rio.,Great Britain's Mark Doull won a silver medal in the women's team pursuit at the Rio Olympics.,2573,17,26
37066439,sport,one_sentence,Owain Doull has won Wales' first gold of the 2016 Olympics as he helped the Great Britain men's team pursuit defend their cycling title in Rio.,Great Britain's Mark Doull has won his first Olympic gold medal as he helped Great Britain beat Australia in the final of the women's road race at the Rio Olympics.,2573,30,26
37066439,sport,fact_constrained,Owain Doull has won Wales' first gold of the 2016 Olympics as he helped the Great Britain men's team pursuit defend their cycling title in Rio.,"Great Britain's Mark Doull won a silver medal in the women's 500m at the Rio Olympics, becoming the first Welsh cyclist to win a medal at an Olympics.",2573,28,26
40787080,tech,tldr,"Floods in the western Indian state of Gujarat have killed 218 people, government officials have confirmed.","The death toll from floods in Gujarat state has risen to more than 100 people, officials say.",755,17,16
40787080,tech,bullet_points,"Floods in the western Indian state of Gujarat have killed 218 people, government officials have confirmed.","The death toll from floods in Gujarat state has risen to more than 100 people, officials say.",755,17,16
40787080,tech,bullet_points_strict,"Floods in the western Indian state of Gujarat have killed 218 people, government officials have confirmed.","The death toll from floods in Gujarat state has risen to more than 100 people, officials say.",755,17,16
40787080,tech,one_sentence,"Floods in the western Indian state of Gujarat have killed 218 people, government officials have confirmed.","The death toll from floods in Gujarat state has risen to more than 100 people, officials say.",755,17,16
40787080,tech,fact_constrained,"Floods in the western Indian state of Gujarat have killed 218 people, government officials have confirmed.","The death toll from floods in Gujarat state has risen to more than 100, officials say.",755,16,16
39192648,sport,tldr,All images copyrighted.,Snowsports couple Bridget Reid and Jonathan Reid got married on skis at Nevis Range.,2058,14,3
39192648,sport,bullet_points,All images copyrighted.,"A couple who got married on skis in a Scottish ski resort have said it was ""the best day of the year"".",2058,22,3
39192648,sport,bullet_points_strict,All images copyrighted.,Snowsports lovers got married on skis in Scotland's Nevis Range.,2058,10,3
39192648,sport,one_sentence,All images copyrighted.,Bridget Reid and Jonathan Reid got married on skis at Nevis Range in the Highlands.,2058,15,3
39192648,sport,fact_constrained,All images copyrighted.,A couple got married on skis in a Scottish ski resort.,2058,11,3
27119429,business,tldr,"Royal Bank of Scotland (RBS) has been fined HK$6m (£460,000) by Hong Kong regulators after it failed to detect a series of unauthorised transactions by one of its traders.",Hong Kong's Royal Bank of Scotland (RBS) has been fined a record amount by the Hong Kong Securities and Exchange Commission (HKSEC).,1574,22,29
27119429,business,bullet_points,"Royal Bank of Scotland (RBS) has been fined HK$6m (£460,000) by Hong Kong regulators after it failed to detect a series of unauthorised transactions by one of its traders.",Hong Kong's Royal Bank of Scotland (RBS) has been fined a record amount by the Hong Kong Securities and Exchange Commission (HKSEC).,1574,22,29
27119429,business,bullet_points_strict,"Royal Bank of Scotland (RBS) has been fined HK$6m (£460,000) by Hong Kong regulators after it failed to detect a series of unauthorised transactions by one of its traders.",Hong Kong's Royal Bank of Scotland (RBS) has been fined a record amount by the Hong Kong Securities and Exchange Commission (HKSEC).,1574,22,29
27119429,business,one_sentence,"Royal Bank of Scotland (RBS) has been fined HK$6m (£460,000) by Hong Kong regulators after it failed to detect a series of unauthorised transactions by one of its traders.",Hong Kong's Royal Bank of Scotland (RBS) has been fined a record amount by the Hong Kong Securities and Exchange Commission (HKSEC).,1574,22,29
27119429,business,fact_constrained,"Royal Bank of Scotland (RBS) has been fined HK$6m (£460,000) by Hong Kong regulators after it failed to detect a series of unauthorised transactions by one of its traders.",Hong Kong's Royal Bank of Scotland (RBS) has been fined a record amount by the Hong Kong Securities and Exchange Commission (HKSEC).,1574,22,29
38952672,politics,tldr,"The Bafta awards had laughter, passion and plenty of politics.","The Baftas ceremony was a whirlwind, but the best actress winner said it was a ""whirlwind"".",4391,16,10
38952672,politics,bullet_points,"The Bafta awards had laughter, passion and plenty of politics.",Baftas.,4391,1,10
38952672,politics,bullet_points_strict,"The Bafta awards had laughter, passion and plenty of politics.",Baftas - the best of the best - and the best of the best of the best.,4391,17,10
38952672,politics,one_sentence,"The Bafta awards had laughter, passion and plenty of politics.",Baftas.,4391,1,10
38952672,politics,fact_constrained,"The Bafta awards had laughter, passion and plenty of politics.",Baftas.,4391,1,10
40458642,sport,tldr,"Of his last 30 matches in 2016, Andy Murray won 28 and lost just two.",Defending champion Andy Murray's record at Wimbledon has been shattered by a knee injury.,4120,14,15
40458642,sport,bullet_points,"Of his last 30 matches in 2016, Andy Murray won 28 and lost just two.","Defending champion Andy Murray has been a dominant player this season, but he hasn't been able to keep up with the world's top players.",4120,24,15
40458642,sport,bullet_points_strict,"Of his last 30 matches in 2016, Andy Murray won 28 and lost just two.",Defending champion Andy Murray's record at Wimbledon has been shattered by a knee injury.,4120,14,15
40458642,sport,one_sentence,"Of his last 30 matches in 2016, Andy Murray won 28 and lost just two.","Defending champion Andy Murray has been a sluggish year, but he still has a long way to go.",4120,18,15
40458642,sport,fact_constrained,"Of his last 30 matches in 2016, Andy Murray won 28 and lost just two.",Andy Murray's record at Wimbledon has been shattered by a knee injury.,4120,12,15
39935147,entertainment,tldr,South African police say four people have been arrested in connection with the murder of former actor on popular local TV series Generations.,Police in South Africa are questioning the suspects who shot and killed a DJ in a pub.,601,17,23
39935147,entertainment,bullet_points,South African police say four people have been arrested in connection with the murder of former actor on popular local TV series Generations.,Police in South Africa are questioning two men who robbed women of their mobile phones in a pub.,601,18,23
39935147,entertainment,bullet_points_strict,South African police say four people have been arrested in connection with the murder of former actor on popular local TV series Generations.,Police in South Africa are questioning two men who robbed women of their mobile phones in a pub.,601,18,23
39935147,entertainment,one_sentence,South African police say four people have been arrested in connection with the murder of former actor on popular local TV series Generations.,Police in South Africa are questioning two men who robbed women of their mobile phones in a pub.,601,18,23
39935147,entertainment,fact_constrained,South African police say four people have been arrested in connection with the murder of former actor on popular local TV series Generations.,Police in South Africa are questioning the suspects who shot and killed a DJ in a pub.,601,17,23
34911128,tech,tldr,"A shot was reportedly fired at a car outside a primary school in Liverpool as parents were taking their children inside, police have said.",A school shooting at a primary school in Merseyside is being investigated by police.,1163,14,24
34911128,tech,bullet_points,"A shot was reportedly fired at a car outside a primary school in Liverpool as parents were taking their children inside, police have said.",A gunshot has been fired at a primary school in Merseyside.,1163,11,24
34911128,tech,bullet_points_strict,"A shot was reportedly fired at a car outside a primary school in Liverpool as parents were taking their children inside, police have said.",A school shooting at a primary school in Merseyside is being investigated by police.,1163,14,24
34911128,tech,one_sentence,"A shot was reportedly fired at a car outside a primary school in Liverpool as parents were taking their children inside, police have said.",Police are investigating a shooting at a primary school in Merseyside.,1163,11,24
34911128,tech,fact_constrained,"A shot was reportedly fired at a car outside a primary school in Liverpool as parents were taking their children inside, police have said.",A school shooting at a primary school in Merseyside has left a pupil in a critical condition.,1163,17,24
32950992,sport,tldr,Jessica Ennis-Hill has fallen from fourth to eighth place after six events at the Hypo-Meeting in Gotzis.,Great Britain's Jessica Ennis-Hill has beaten world record-holders in the 800m hurdles at the Gotzis Hypo-Meeting.,866,16,17
32950992,sport,bullet_points,Jessica Ennis-Hill has fallen from fourth to eighth place after six events at the Hypo-Meeting in Gotzis.,Great Britain's Laura Ennis-Hill has won her first gold medal at the Gotzis Hypo-Meeting.,866,14,17
32950992,sport,bullet_points_strict,Jessica Ennis-Hill has fallen from fourth to eighth place after six events at the Hypo-Meeting in Gotzis.,Great Britain's Laura Ennis-Hill has slipped to third place in the women's 800m at the Gotzis Hypo-Meeting.,866,17,17
32950992,sport,one_sentence,Jessica Ennis-Hill has fallen from fourth to eighth place after six events at the Hypo-Meeting in Gotzis.,Great Britain's Katie Ennis-Hill has beaten world record-holders Helena Bonham Carter in the women's 800m at the Gotzis Hypo-Meeting.,866,19,17
32950992,sport,fact_constrained,Jessica Ennis-Hill has fallen from fourth to eighth place after six events at the Hypo-Meeting in Gotzis.,Great Britain's Katie Ennis-Hill has won her first Olympic gold medal at the Gotzis Hypo-Meeting in London.,866,17,17
38772098,sport,tldr,The Manor team have collapsed after administrators failed to find a buyer for the stricken business.,"Manor Racing have collapsed, leaving the team without a team to compete in the Formula 1 season.",3306,17,16
38772098,sport,bullet_points,The Manor team have collapsed after administrators failed to find a buyer for the stricken business.,"Manor Racing have collapsed, leaving the team without a team to compete in the Formula 1 season.",3306,17,16
38772098,sport,bullet_points_strict,The Manor team have collapsed after administrators failed to find a buyer for the stricken business.,Manor Racing have collapsed following the collapse of the team.,3306,10,16
38772098,sport,one_sentence,The Manor team have collapsed after administrators failed to find a buyer for the stricken business.,"Manor Racing have collapsed, leaving the team without a team to compete in the Formula 1 season.",3306,17,16
38772098,sport,fact_constrained,The Manor team have collapsed after administrators failed to find a buyer for the stricken business.,Manor Racing have collapsed following the collapse of the team.,3306,10,16
38914203,politics,tldr,A total of 228 candidates will contest the Northern Ireland Assembly election next month - 48 fewer than last time.,There are a total of 228 candidates in the assembly election in Northern Ireland.,893,14,20
38914203,politics,bullet_points,A total of 228 candidates will contest the Northern Ireland Assembly election next month - 48 fewer than last time.,There are a total of 228 candidates in the Northern Ireland Assembly election.,893,13,20
38914203,politics,bullet_points_strict,A total of 228 candidates will contest the Northern Ireland Assembly election next month - 48 fewer than last time.,There are a total of 228 candidates in the assembly election in Northern Ireland.,893,14,20
38914203,politics,one_sentence,A total of 228 candidates will contest the Northern Ireland Assembly election next month - 48 fewer than last time.,There are a total of 228 candidates in the Northern Ireland Assembly election.,893,13,20
38914203,politics,fact_constrained,A total of 228 candidates will contest the Northern Ireland Assembly election next month - 48 fewer than last time.,There are a total of 228 candidates in the assembly election in Northern Ireland.,893,14,20
37624408,business,tldr,"With the value of the pound falling dramatically since Brexit, a ""flash crash"" last week when the currency lost 6% of its value against the dollar, and news on Tuesday that the pound had fallen again, when would be a good time to change those pounds to dollars?","""I'm planning on going to New York in December, should I get my cash now or wait?""",2104,17,48
37624408,business,bullet_points,"With the value of the pound falling dramatically since Brexit, a ""flash crash"" last week when the currency lost 6% of its value against the dollar, and news on Tuesday that the pound had fallen again, when would be a good time to change those pounds to dollars?",The BBC has asked readers to send in questions about the recent fall of the pound and rise of the FTSE 100.,2104,22,48
37624408,business,bullet_points_strict,"With the value of the pound falling dramatically since Brexit, a ""flash crash"" last week when the currency lost 6% of its value against the dollar, and news on Tuesday that the pound had fallen again, when would be a good time to change those pounds to dollars?",The pound has fallen 18% against the dollar on the judgment that growth is likely to be stronger in the US than the UK and that UK interest rates are falling.,2104,31,48
37624408,business,one_sentence,"With the value of the pound falling dramatically since Brexit, a ""flash crash"" last week when the currency lost 6% of its value against the dollar, and news on Tuesday that the pound had fallen again, when would be a good time to change those pounds to dollars?",The pound has fallen 18% against the dollar since the Brexit vote in June. Anthony Reuben from BBC Reality Check answered the question.,2104,23,48
37624408,business,fact_constrained,"With the value of the pound falling dramatically since Brexit, a ""flash crash"" last week when the currency lost 6% of its value against the dollar, and news on Tuesday that the pound had fallen again, when would be a good time to change those pounds to dollars?",The BBC has asked readers to send in questions about the recent fall of the pound and rise of the FTSE 100.,2104,22,48
34631268,entertainment,tldr,A philosophy student who wears vintage clothing has won a national contest for alternative models.,The winner of the Alternative Model of the Year contest has said she has never thought she could be a model.,988,21,15
34631268,entertainment,bullet_points,A philosophy student who wears vintage clothing has won a national contest for alternative models.,The winner of the Alternative Model of the Year contest has said she has always wanted to be a model.,988,20,15
34631268,entertainment,bullet_points_strict,A philosophy student who wears vintage clothing has won a national contest for alternative models.,The winner of the Alternative Model of the Year contest has said she has always wanted to be a model.,988,20,15
34631268,entertainment,one_sentence,A philosophy student who wears vintage clothing has won a national contest for alternative models.,The winner of this year's Alternative Model of the Year has been announced.,988,13,15
34631268,entertainment,fact_constrained,A philosophy student who wears vintage clothing has won a national contest for alternative models.,The winner of the Alternative Model of the Year contest has said she has never thought she could be a model.,988,21,15
36792661,politics,tldr,Plans to move a statue depicting a Royal Marine in the Falklands conflict away from Portsmouth seafront have been criticised.,A statue of a Royal Marine marching across the Falklands during World War Two has been moved to a new museum site in Portsmouth.,1798,24,20
36792661,politics,bullet_points,Plans to move a statue depicting a Royal Marine in the Falklands conflict away from Portsmouth seafront have been criticised.,A statue of a Royal Marine marching across the Falklands during World War Two has been moved to a new museum site in Portsmouth.,1798,24,20
36792661,politics,bullet_points_strict,Plans to move a statue depicting a Royal Marine in the Falklands conflict away from Portsmouth seafront have been criticised.,A statue of a Royal Marine marching across the Falklands during World War Two has been moved to a new museum site in Portsmouth.,1798,24,20
36792661,politics,one_sentence,Plans to move a statue depicting a Royal Marine in the Falklands conflict away from Portsmouth seafront have been criticised.,The statue of a Royal Marine marching across the Falklands during World War Two has been moved to a new museum site in Portsmouth.,1798,24,20
36792661,politics,fact_constrained,Plans to move a statue depicting a Royal Marine in the Falklands conflict away from Portsmouth seafront have been criticised.,A statue of a Royal Marine marching across the Falklands during World War Two has been moved to a new museum site in Portsmouth.,1798,24,20
18298438,tech,tldr,A suspected terrorist has been charged with breaching conditions imposed as part of the government's new terror monitoring powers.,A British man has appeared in court charged with breaching a terror prevention order.,1887,14,19
18298438,tech,bullet_points,A suspected terrorist has been charged with breaching conditions imposed as part of the government's new terror monitoring powers.,A British man has appeared in court charged with breaching a terror control order.,1887,14,19
18298438,tech,bullet_points_strict,A suspected terrorist has been charged with breaching conditions imposed as part of the government's new terror monitoring powers.,A British man has appeared in court charged with breaching a terror prevention order.,1887,14,19
18298438,tech,one_sentence,A suspected terrorist has been charged with breaching conditions imposed as part of the government's new terror monitoring powers.,A British man has appeared in court charged with breaching a terror control order.,1887,14,19
18298438,tech,fact_constrained,A suspected terrorist has been charged with breaching conditions imposed as part of the government's new terror monitoring powers.,A British man has appeared in court charged with breaching a terror control order.,1887,14,19
39064994,sport,tldr,Sussex have appointed former player James Anyon as head coach of their women's side.,Sussex women's cricket coach Seamer Anyon has been appointed as the club's new head coach.,715,15,14
39064994,sport,bullet_points,Sussex have appointed former player James Anyon as head coach of their women's side.,Sussex women's cricket coach Seamer Anyon has been appointed as the club's new head coach.,715,15,14
39064994,sport,bullet_points_strict,Sussex have appointed former player James Anyon as head coach of their women's side.,Sussex women's cricket coach Seamer Anyon has been appointed as the club's new head coach.,715,15,14
39064994,sport,one_sentence,Sussex have appointed former player James Anyon as head coach of their women's side.,Sussex women's cricket coach Seamer Anyon has been appointed as the club's new head coach.,715,15,14
39064994,sport,fact_constrained,Sussex have appointed former player James Anyon as head coach of their women's side.,Sussex women's cricket coach Seamer Anyon has been appointed as the club's new head coach.,715,15,14
33826440,sport,tldr,League One side Bury have signed former Barnsley defender Reece Brown on a six-month contract.,Bury have signed Sunderland midfielder Ben Brown on a one-year deal.,399,11,15
33826440,sport,bullet_points,League One side Bury have signed former Barnsley defender Reece Brown on a six-month contract.,Sunderland have signed Sunderland midfielder Ben Brown on a one-year deal.,399,11,15
33826440,sport,bullet_points_strict,League One side Bury have signed former Barnsley defender Reece Brown on a six-month contract.,Bury have signed Sunderland midfielder Ben Brown on a one-year deal.,399,11,15
33826440,sport,one_sentence,League One side Bury have signed former Barnsley defender Reece Brown on a six-month contract.,League One side Bury have signed Sunderland midfielder Ben Brown on a one-year deal.,399,14,15
33826440,sport,fact_constrained,League One side Bury have signed former Barnsley defender Reece Brown on a six-month contract.,League One side Bury have signed Sunderland midfielder Ben Brown on a one-year deal.,399,14,15
32032471,entertainment,tldr,"In recent years, Hollywood remakes and re-imaginings of classic fairytales have come thick and fast - all darker, more adult versions of tales that originally appeared in cinemas.",Downton Abbey's Downton Abbey star Lily James as Cinderella.,4518,9,28
32032471,entertainment,bullet_points,"In recent years, Hollywood remakes and re-imaginings of classic fairytales have come thick and fast - all darker, more adult versions of tales that originally appeared in cinemas.",Cinderella is a classic fairytale - but it's not just a fairytale - it's a fairytale.,4518,16,28
32032471,entertainment,bullet_points_strict,"In recent years, Hollywood remakes and re-imaginings of classic fairytales have come thick and fast - all darker, more adult versions of tales that originally appeared in cinemas.",Downton Abbey's Downton Abbey star Lily James as Cinderella.,4518,9,28
32032471,entertainment,one_sentence,"In recent years, Hollywood remakes and re-imaginings of classic fairytales have come thick and fast - all darker, more adult versions of tales that originally appeared in cinemas.",Downton Abbey's Downton Abbey star Lily James as Cinderella.,4518,9,28
32032471,entertainment,fact_constrained,"In recent years, Hollywood remakes and re-imaginings of classic fairytales have come thick and fast - all darker, more adult versions of tales that originally appeared in cinemas.",Downton Abbey's Downton Abbey star Lily James as Cinderella.,4518,9,28
39847422,politics,tldr,"Performers from 42 countries strode down a long red carpet near Ukraine's parliament this week, as a curtain-raiser to this year's Eurovision Song Contest.",Ukraine's decision to ban Julia Samoilova from the Eurovision Song Contest was a reversal of last year's decision to ban her from Eurovision.,4849,23,24
39847422,politics,bullet_points,"Performers from 42 countries strode down a long red carpet near Ukraine's parliament this week, as a curtain-raiser to this year's Eurovision Song Contest.","The Eurovision Song Contest is a festival of sodom and gomorrah, a festival of sodom and gomorrah.",4849,17,24
39847422,politics,bullet_points_strict,"Performers from 42 countries strode down a long red carpet near Ukraine's parliament this week, as a curtain-raiser to this year's Eurovision Song Contest.",Ukraine's decision to ban Julia Samoilova from the Eurovision Song Contest was a reversal of last year's decision.,4849,18,24
39847422,politics,one_sentence,"Performers from 42 countries strode down a long red carpet near Ukraine's parliament this week, as a curtain-raiser to this year's Eurovision Song Contest.",Ukraine's decision to ban Julia Samoilova from the Eurovision Song Contest was a surprise.,4849,14,24
39847422,politics,fact_constrained,"Performers from 42 countries strode down a long red carpet near Ukraine's parliament this week, as a curtain-raiser to this year's Eurovision Song Contest.",The Eurovision Song Contest has been cancelled after a controversial decision by Ukraine to ban a Russian singer.,4849,18,24
12396322,entertainment,tldr,It was 50 years ago today that The Beatles played their first gig at the Cavern Club in Liverpool - the venue where the band built their reputation and where Beatlemania was born.,The Beatles were the epitome of rebellion in Liverpool - they danced out of step on purpose.,3965,17,33
12396322,entertainment,bullet_points,It was 50 years ago today that The Beatles played their first gig at the Cavern Club in Liverpool - the venue where the band built their reputation and where Beatlemania was born.,The Beatles were the epitome of rebellion in Liverpool - they were a law unto themselves on the stage.,3965,19,33
12396322,entertainment,bullet_points_strict,It was 50 years ago today that The Beatles played their first gig at the Cavern Club in Liverpool - the venue where the band built their reputation and where Beatlemania was born.,The Beatles were the epitome of rebellion in Liverpool - they were a law unto themselves on the stage.,3965,19,33
12396322,entertainment,one_sentence,It was 50 years ago today that The Beatles played their first gig at the Cavern Club in Liverpool - the venue where the band built their reputation and where Beatlemania was born.,The Beatles were the epitome of rebellion in Liverpool - they were a law unto themselves on the stage.,3965,19,33
12396322,entertainment,fact_constrained,It was 50 years ago today that The Beatles played their first gig at the Cavern Club in Liverpool - the venue where the band built their reputation and where Beatlemania was born.,The Beatles were the epitome of rebellion in Liverpool - they were a law unto themselves on the stage - they danced out of step on purpose.,3965,27,33
38052755,politics,tldr,"South Africa's government has proposed a national minimum wage of 3,500 rand ($242; Â£199) a month.","South Africa's deputy president has announced a proposed national minimum wage of at least 4,500 rand.",1902,16,16
38052755,politics,bullet_points,"South Africa's government has proposed a national minimum wage of 3,500 rand ($242; Â£199) a month.","South Africa has announced a new minimum wage of at least 4,500 rand.",1902,13,16
38052755,politics,bullet_points_strict,"South Africa's government has proposed a national minimum wage of 3,500 rand ($242; Â£199) a month.","South Africa has announced a proposed national minimum wage of at least 4,500 rand.",1902,14,16
38052755,politics,one_sentence,"South Africa's government has proposed a national minimum wage of 3,500 rand ($242; Â£199) a month.","South Africa has announced a new minimum wage of at least 4,500 rand.",1902,13,16
38052755,politics,fact_constrained,"South Africa's government has proposed a national minimum wage of 3,500 rand ($242; Â£199) a month.","South Africa has announced a proposed national minimum wage of at least 4,500 rand.",1902,14,16
19341954,politics,tldr,The death of Ethiopian Prime Minister Meles Zenawi has thrown the populous Horn of Africa giant into a period of deep uncertainty and created a serious leadership vacuum in the region with profound geopolitical implications.,Ethiopia's former guerilla leader Meles Zenawi has died at the age of 84.,7822,13,35
19341954,politics,bullet_points,The death of Ethiopian Prime Minister Meles Zenawi has thrown the populous Horn of Africa giant into a period of deep uncertainty and created a serious leadership vacuum in the region with profound geopolitical implications.,The death of Ethiopia's former guerilla leader Meles Zenawi has left a bitter taste in his mouth.,7822,17,35
19341954,politics,bullet_points_strict,The death of Ethiopian Prime Minister Meles Zenawi has thrown the populous Horn of Africa giant into a period of deep uncertainty and created a serious leadership vacuum in the region with profound geopolitical implications.,Ethiopia's President Meles Zenawi has died at the age of 84.,7822,11,35
19341954,politics,one_sentence,The death of Ethiopian Prime Minister Meles Zenawi has thrown the populous Horn of Africa giant into a period of deep uncertainty and created a serious leadership vacuum in the region with profound geopolitical implications.,Ethiopia's President Meles Zenawi has died at the age of 84.,7822,11,35
19341954,politics,fact_constrained,The death of Ethiopian Prime Minister Meles Zenawi has thrown the populous Horn of Africa giant into a period of deep uncertainty and created a serious leadership vacuum in the region with profound geopolitical implications.,The death of Ethiopia's former guerilla leader Meles Zenawi has been a defining moment in Ethiopia's history.,7822,17,35
38435201,sport,tldr,Azhar Ali's unbeaten 66 helped Pakistan to reach 142-4 against Australia on a rain-affected first day of the Boxing Day Test in Melbourne.,Australia batsman Azhar Azhar scored a century as Australia beat Pakistan by 39 runs at the Gabba.,871,17,23
38435201,sport,bullet_points,Azhar Ali's unbeaten 66 helped Pakistan to reach 142-4 against Australia on a rain-affected first day of the Boxing Day Test in Melbourne.,Australia batsman Azhar Azhar scored a century as Australia beat Pakistan by three wickets at the MCG.,871,17,23
38435201,sport,bullet_points_strict,Azhar Ali's unbeaten 66 helped Pakistan to reach 142-4 against Australia on a rain-affected first day of the Boxing Day Test in Melbourne.,Australia batsman Azhar Azhar scored a century as Australia beat Pakistan 1-0 at the Gabba.,871,15,23
38435201,sport,one_sentence,Azhar Ali's unbeaten 66 helped Pakistan to reach 142-4 against Australia on a rain-affected first day of the Boxing Day Test in Melbourne.,Australia batsman Azhar Azhar scored a century as Australia beat Pakistan by 39 runs at the Gabba.,871,17,23
38435201,sport,fact_constrained,Azhar Ali's unbeaten 66 helped Pakistan to reach 142-4 against Australia on a rain-affected first day of the Boxing Day Test in Melbourne.,Azhar Azhar scored a century as Australia beat Pakistan 1-0 at the Gabba on day two of the three-Test series.,871,20,23
34218922,politics,tldr,Two new councillors have been elected in a by-election in the City of Edinburgh.,The SNP won a by-election in the Edinburgh North and Leith Walk by-election.,1345,13,14
34218922,politics,bullet_points,Two new councillors have been elected in a by-election in the City of Edinburgh.,The SNP has won a seat in the Edinburgh North and Leith Walk by-election.,1345,14,14
34218922,politics,bullet_points_strict,Two new councillors have been elected in a by-election in the City of Edinburgh.,A by-election has been held in the Leith Walk by-election.,1345,10,14
34218922,politics,one_sentence,Two new councillors have been elected in a by-election in the City of Edinburgh.,The SNP has won a seat in the Leith Walk by-election in Edinburgh.,1345,13,14
34218922,politics,fact_constrained,Two new councillors have been elected in a by-election in the City of Edinburgh.,A by-election has been held in the Leith Walk by-election.,1345,10,14
37508085,business,tldr,"Russia has said it will carry on bombing rebel-held eastern Aleppo in Syria, defying US demands to stop.",Russia has said it will continue to support the Syrian rebels after the partial ceasefire collapsed last week.,3220,18,18
37508085,business,bullet_points,"Russia has said it will carry on bombing rebel-held eastern Aleppo in Syria, defying US demands to stop.",Russian President Vladimir Putin has said he will continue to support the Syrian rebels after a partial ceasefire in Aleppo collapsed.,3220,21,18
37508085,business,bullet_points_strict,"Russia has said it will carry on bombing rebel-held eastern Aleppo in Syria, defying US demands to stop.",Russia has said it will continue to support the Syrian rebels after the partial ceasefire collapsed last week.,3220,18,18
37508085,business,one_sentence,"Russia has said it will carry on bombing rebel-held eastern Aleppo in Syria, defying US demands to stop.",Russia's foreign ministry has said it will continue to support the Syrian air force in the wake of the deadly airstrikes in Aleppo.,3220,23,18
37508085,business,fact_constrained,"Russia has said it will carry on bombing rebel-held eastern Aleppo in Syria, defying US demands to stop.",Russia has said it will continue to support the Syrian rebels in Aleppo after the partial ceasefire collapsed last week.,3220,20,18
36376666,sport,tldr,Wales Under-20 Grand Slam winners Shaun Evans and Dafydd Hughes have signed their first professional contracts with Scarlets.,Wales have signed Llandudno and Scarlets fly-half Chris Hughes and winger Ben Evans on loan from Scarlets.,473,17,18
36376666,sport,bullet_points,Wales Under-20 Grand Slam winners Shaun Evans and Dafydd Hughes have signed their first professional contracts with Scarlets.,Wales have signed Llandudno and Scarlets fly-half Rory Hughes and Scarlets winger Ben Evans from Llandudno.,473,16,18
36376666,sport,bullet_points_strict,Wales Under-20 Grand Slam winners Shaun Evans and Dafydd Hughes have signed their first professional contracts with Scarlets.,Wales have signed Llandovery and Scarlets hooker Rory Hughes and Scarlets flanker Ben Evans on a two-year deal.,473,18,18
36376666,sport,one_sentence,Wales Under-20 Grand Slam winners Shaun Evans and Dafydd Hughes have signed their first professional contracts with Scarlets.,Wales have signed Llandudno and Scarlets fly-half Luke Hughes and Scarlets winger Ben Evans from Llandudno.,473,16,18
36376666,sport,fact_constrained,Wales Under-20 Grand Slam winners Shaun Evans and Dafydd Hughes have signed their first professional contracts with Scarlets.,Wales have signed Llandudno and Scarlets fly-half Rory Hughes and Scarlets winger Ben Evans from Llandudno.,473,16,18
38466964,politics,tldr,"The expulsion of 35 Russian diplomats from the US over the email hacking scandal has drawn a barrage of abuse from Moscow, which seems poised to respond in kind.",Obama's agenda.,4103,2,29
38466964,politics,bullet_points,"The expulsion of 35 Russian diplomats from the US over the email hacking scandal has drawn a barrage of abuse from Moscow, which seems poised to respond in kind.",Trump's side.,4103,2,29
38466964,politics,bullet_points_strict,"The expulsion of 35 Russian diplomats from the US over the email hacking scandal has drawn a barrage of abuse from Moscow, which seems poised to respond in kind.","Trump's side. 'I'm going to introduce sanctions, they will be bipartisan that names Putin as an individual, his inner circle, for not on Trump'",4103,24,29
38466964,politics,one_sentence,"The expulsion of 35 Russian diplomats from the US over the email hacking scandal has drawn a barrage of abuse from Moscow, which seems poised to respond in kind.","Trump's side. 'We should tell the Russians that on no uncertain terms, you interfere in our elections, we're going to hit you and hit you hard.'",4103,26,29
38466964,politics,fact_constrained,"The expulsion of 35 Russian diplomats from the US over the email hacking scandal has drawn a barrage of abuse from Moscow, which seems poised to respond in kind.",Trump's side.,4103,2,29
39883016,politics,tldr,Scrapping tuition fees in England is the biggest and most expensive proposal in Labour's £25bn worth of pledges for education.,Jeremy Corbyn is proposing an all-or-nothing approach to university tuition.,5523,10,20
39883016,politics,bullet_points,Scrapping tuition fees in England is the biggest and most expensive proposal in Labour's £25bn worth of pledges for education.,Labour is proposing a radical change in the way universities are funded.,5523,12,20
39883016,politics,bullet_points_strict,Scrapping tuition fees in England is the biggest and most expensive proposal in Labour's £25bn worth of pledges for education.,Labour's new leader is proposing a radical change in the way universities are funded.,5523,14,20
39883016,politics,one_sentence,Scrapping tuition fees in England is the biggest and most expensive proposal in Labour's £25bn worth of pledges for education.,Labour is proposing a radical change in the way universities are funded.,5523,12,20
39883016,politics,fact_constrained,Scrapping tuition fees in England is the biggest and most expensive proposal in Labour's £25bn worth of pledges for education.,Labour is proposing a radical change to the way universities are funded - and a radical change to the way they are funded.,5523,23,20
34218673,tech,tldr,Fire crews are expected to leave the site of the Shoreham Airshow disaster later after spending nearly three weeks at the scene of the crash.,The West Sussex Fire and Rescue Service has said it has completed its work at the Shoreham Air Show.,2219,19,25
34218673,tech,bullet_points,Fire crews are expected to leave the site of the Shoreham Airshow disaster later after spending nearly three weeks at the scene of the crash.,The West Sussex Fire and Rescue Service has said it has completed its work at the Shoreham Air Show.,2219,19,25
34218673,tech,bullet_points_strict,Fire crews are expected to leave the site of the Shoreham Airshow disaster later after spending nearly three weeks at the scene of the crash.,The West Sussex Fire and Rescue Service has said it has completed its work at the Shoreham Air Show.,2219,19,25
34218673,tech,one_sentence,Fire crews are expected to leave the site of the Shoreham Airshow disaster later after spending nearly three weeks at the scene of the crash.,The West Sussex Fire and Rescue Service has said it has completed its work at the Shoreham Air Show.,2219,19,25
34218673,tech,fact_constrained,Fire crews are expected to leave the site of the Shoreham Airshow disaster later after spending nearly three weeks at the scene of the crash.,The West Sussex Fire and Rescue Service has said it has completed its work at the Shoreham Air Show.,2219,19,25
40191593,business,tldr,"The US director of national intelligence has said he ""never felt pressured"" to influence the inquiry into Russia's political meddling.",The chief of the NSA has said he is willing to testify about his interactions with President Trump.,3816,18,20
40191593,business,bullet_points,"The US director of national intelligence has said he ""never felt pressured"" to influence the inquiry into Russia's political meddling.",The chief of the National Security Agency has said he is willing to testify about his interactions with President Trump.,3816,20,20
40191593,business,bullet_points_strict,"The US director of national intelligence has said he ""never felt pressured"" to influence the inquiry into Russia's political meddling.",The chief of the NSA has said he is willing to testify about his interactions with President Trump.,3816,18,20
40191593,business,one_sentence,"The US director of national intelligence has said he ""never felt pressured"" to influence the inquiry into Russia's political meddling.",The chief of the NSA has said he is willing to testify about his interactions with President Trump.,3816,18,20
40191593,business,fact_constrained,"The US director of national intelligence has said he ""never felt pressured"" to influence the inquiry into Russia's political meddling.",The chief of the NSA has said he is willing to testify about his interactions with President Trump.,3816,18,20
33144298,entertainment,tldr,White House officials will not say whether pop star Prince performed at a weekend party at the executive residence despite guests posting about it on social media.,The White House has confirmed a private party for the Obamas has taken place in New York.,601,17,27
33144298,entertainment,bullet_points,White House officials will not say whether pop star Prince performed at a weekend party at the executive residence despite guests posting about it on social media.,"The Obamas have held a private party in New York City, a spokesman said.",601,14,27
33144298,entertainment,bullet_points_strict,White House officials will not say whether pop star Prince performed at a weekend party at the executive residence despite guests posting about it on social media.,The Obamas have held a private party at the White House.,601,11,27
33144298,entertainment,one_sentence,White House officials will not say whether pop star Prince performed at a weekend party at the executive residence despite guests posting about it on social media.,"The Obamas have held a private party at the White House, the White House says.",601,15,27
33144298,entertainment,fact_constrained,White House officials will not say whether pop star Prince performed at a weekend party at the executive residence despite guests posting about it on social media.,"The Obamas have held a private party at the White House, a spokesman said.",601,14,27
34833729,business,tldr,These roads in Northern Ireland are closed due to poor weather conditions as of Friday 15 January.,"The following roads are in County Antrim: Causanagh, Loughgall Tannyoky, Poyntzpass Carrowreagh, Dundonald Edenticullo Road, Hillsborough New Line Road, Rathfriland Drumanure Road, Derrygonnelly",167,23,17
34833729,business,bullet_points,These roads in Northern Ireland are closed due to poor weather conditions as of Friday 15 January.,"Derrygonnelly is a town in County Down, County Antrim.",167,9,17
34833729,business,bullet_points_strict,These roads in Northern Ireland are closed due to poor weather conditions as of Friday 15 January.,The following roads are in County Kerry :,167,8,17
34833729,business,one_sentence,These roads in Northern Ireland are closed due to poor weather conditions as of Friday 15 January.,"Derrygonnelly is a town in County Down, County Antrim. The town is located on the northern shore of the River Donegal. The town is located on the northern shore of the River Donegal. The town is located on the northern shore of the River Donegal. The town is located on the northern shore of the River Donegal. The town is located on the northern shore of the River Donegal.",167,69,17
34833729,business,fact_constrained,These roads in Northern Ireland are closed due to poor weather conditions as of Friday 15 January.,"Derrygonnelly is a city in County Down, Northern Ireland.",167,9,17
39976706,tech,tldr,Approximately one in four of us will experience a mental health problem each year in England.,Food can have a huge impact on mental health.,5339,9,16
39976706,tech,bullet_points,Approximately one in four of us will experience a mental health problem each year in England.,Food is a powerful tool in helping people cope with mental health problems.,5339,13,16
39976706,tech,bullet_points_strict,Approximately one in four of us will experience a mental health problem each year in England.,"It's a vicious circle that can lead to mental health problems, but it can also lead to anxiety and depression.",5339,20,16
39976706,tech,one_sentence,Approximately one in four of us will experience a mental health problem each year in England.,"This week's Doctor in the House, Dr Rangan, spoke to a woman who has been struggling with mental health problems for years.",5339,22,16
39976706,tech,fact_constrained,Approximately one in four of us will experience a mental health problem each year in England.,"The author of Doctor in the House, Dr Rangan Gleeson, discusses the link between food and mental health.",5339,18,16
31864223,tech,tldr,US investigators have closed an inquiry into whether To Kill A Mockingbird author Harper Lee was pressured into publishing a sequel.,"The publisher of To Kill a Mockingbird has announced the release of a new book, Go Set a Watchman.",1290,19,21
31864223,tech,bullet_points,US investigators have closed an inquiry into whether To Kill A Mockingbird author Harper Lee was pressured into publishing a sequel.,"The publisher of To Kill a Mockingbird has announced that it will publish a new book, Go Set a Watchman.",1290,20,21
31864223,tech,bullet_points_strict,US investigators have closed an inquiry into whether To Kill A Mockingbird author Harper Lee was pressured into publishing a sequel.,"The publisher of To Kill a Mockingbird has announced that it will publish a new book, Go Set a Watchman.",1290,20,21
31864223,tech,one_sentence,US investigators have closed an inquiry into whether To Kill A Mockingbird author Harper Lee was pressured into publishing a sequel.,"The publisher of To Kill a Mockingbird has announced that it will publish a new book, Go Set a Watchman.",1290,20,21
31864223,tech,fact_constrained,US investigators have closed an inquiry into whether To Kill A Mockingbird author Harper Lee was pressured into publishing a sequel.,"The publisher of To Kill a Mockingbird has announced the release of a new book, Go Set a Watchman.",1290,19,21
37546354,politics,tldr,"The US has said it is suspending talks with Russia over Syria, accusing Moscow of having ""failed to live up"" to its commitments under a ceasefire deal.",The US has suspended talks with Russia over the collapse of a ceasefire in Syria.,2761,15,27
37546354,politics,bullet_points,"The US has said it is suspending talks with Russia over Syria, accusing Moscow of having ""failed to live up"" to its commitments under a ceasefire deal.",The US has suspended talks between Russia and the Syrian government over the collapse of a ceasefire in northern Syria.,2761,20,27
37546354,politics,bullet_points_strict,"The US has said it is suspending talks with Russia over Syria, accusing Moscow of having ""failed to live up"" to its commitments under a ceasefire deal.",The US has suspended talks between Russia and the Syrian government over the collapse of a ceasefire.,2761,17,27
37546354,politics,one_sentence,"The US has said it is suspending talks with Russia over Syria, accusing Moscow of having ""failed to live up"" to its commitments under a ceasefire deal.",The US has suspended talks between Russia and the Syrian government over the collapse of a ceasefire in northern Syria.,2761,20,27
37546354,politics,fact_constrained,"The US has said it is suspending talks with Russia over Syria, accusing Moscow of having ""failed to live up"" to its commitments under a ceasefire deal.",The US has suspended talks between Russia and the Syrian government over the collapse of a ceasefire in northern Syria.,2761,20,27
36233379,politics,tldr,"Labour's Sadiq Khan has been elected Mayor of London, becoming the city's first Muslim mayor.",London's first Muslim mayor has been elected to the London City Council.,3029,12,15
36233379,politics,bullet_points,"Labour's Sadiq Khan has been elected Mayor of London, becoming the city's first Muslim mayor.",London's first Muslim mayor has been elected to the London City Council.,3029,12,15
36233379,politics,bullet_points_strict,"Labour's Sadiq Khan has been elected Mayor of London, becoming the city's first Muslim mayor.",London's first Muslim mayor has been elected to the London City Council.,3029,12,15
36233379,politics,one_sentence,"Labour's Sadiq Khan has been elected Mayor of London, becoming the city's first Muslim mayor.",London's first Muslim mayor has been elected to the London City Council.,3029,12,15
36233379,politics,fact_constrained,"Labour's Sadiq Khan has been elected Mayor of London, becoming the city's first Muslim mayor.",London Mayor Sadiq Khan has been elected as London's first Muslim mayor.,3029,12,15
39806255,entertainment,tldr,A church in West Yorkshire has recruited a new vicar following a video job advertisement sung by a choir of children.,A video of a new vicar at a church has gone viral.,857,12,21
39806255,entertainment,bullet_points,A church in West Yorkshire has recruited a new vicar following a video job advertisement sung by a choir of children.,"A video of a new vicar at a church has been viewed more than 30,000 times.",857,16,21
39806255,entertainment,bullet_points_strict,A church in West Yorkshire has recruited a new vicar following a video job advertisement sung by a choir of children.,A video of a new vicar at a church has gone viral.,857,12,21
39806255,entertainment,one_sentence,A church in West Yorkshire has recruited a new vicar following a video job advertisement sung by a choir of children.,"A video of a new vicar at a church has been viewed more than 30,000 times.",857,16,21
39806255,entertainment,fact_constrained,A church in West Yorkshire has recruited a new vicar following a video job advertisement sung by a choir of children.,A video of a new vicar at a church has gone viral.,857,12,21
35425113,sport,tldr,Manchester City midfielder Kevin de Bruyne says he will be out for about 10 weeks after injuring his right knee during Wednesday's League Cup semi-final victory over Everton.,Manchester City midfielder Kevin de Bruyne has been ruled out for up to 10 weeks after suffering a hamstring injury.,1185,20,28
35425113,sport,bullet_points,Manchester City midfielder Kevin de Bruyne says he will be out for about 10 weeks after injuring his right knee during Wednesday's League Cup semi-final victory over Everton.,Manchester City midfielder Kevin de Bruyne has said he will miss the rest of the season because of a hamstring injury.,1185,21,28
35425113,sport,bullet_points_strict,Manchester City midfielder Kevin de Bruyne says he will be out for about 10 weeks after injuring his right knee during Wednesday's League Cup semi-final victory over Everton.,Manchester City midfielder Kevin de Bruyne is set to miss the rest of the season because of a hamstring injury.,1185,20,28
35425113,sport,one_sentence,Manchester City midfielder Kevin de Bruyne says he will be out for about 10 weeks after injuring his right knee during Wednesday's League Cup semi-final victory over Everton.,Manchester City midfielder Kevin de Bruyne is set to miss the rest of the season after suffering a hamstring injury.,1185,20,28
35425113,sport,fact_constrained,Manchester City midfielder Kevin de Bruyne says he will be out for about 10 weeks after injuring his right knee during Wednesday's League Cup semi-final victory over Everton.,Manchester City midfielder Kevin de Bruyne has said he will miss the rest of the season because of a hamstring injury.,1185,21,28
37077138,tech,tldr,"A 34-year-old woman who was injured in an attack by a knifeman on a Swiss train has died in hospital, police say.",A man has been killed in a train attack on a train in the Swiss canton of St Gallen.,1107,19,22
37077138,tech,bullet_points,"A 34-year-old woman who was injured in an attack by a knifeman on a Swiss train has died in hospital, police say.",A man has been killed in a knife attack on a train in the Swiss canton of St Gallen.,1107,19,22
37077138,tech,bullet_points_strict,"A 34-year-old woman who was injured in an attack by a knifeman on a Swiss train has died in hospital, police say.",A man has been killed in a knife attack on a train in the Swiss canton of St Gallen.,1107,19,22
37077138,tech,one_sentence,"A 34-year-old woman who was injured in an attack by a knifeman on a Swiss train has died in hospital, police say.","A man has been killed in a train attack on a train in the Swiss canton of St Gallen, police say.",1107,21,22
37077138,tech,fact_constrained,"A 34-year-old woman who was injured in an attack by a knifeman on a Swiss train has died in hospital, police say.","A man has been killed in an attack on a train in the Swiss canton of St Gallen, police say.",1107,20,22
37042796,tech,tldr,"A ""reckless drone operator"" is being sought by police after reports of a ""near miss"" between a drone and plane.",A drone neared a passenger aircraft on a flight from London Stansted to Cornwall has been found.,2086,17,20
37042796,tech,bullet_points,"A ""reckless drone operator"" is being sought by police after reports of a ""near miss"" between a drone and plane.","A drone has flown close to a passenger aircraft in a ""complete disregard"" for public safety, police said.",2086,18,20
37042796,tech,bullet_points_strict,"A ""reckless drone operator"" is being sought by police after reports of a ""near miss"" between a drone and plane.",A drone has flown close to a passenger aircraft as it flew in from London Stansted.,2086,16,20
37042796,tech,one_sentence,"A ""reckless drone operator"" is being sought by police after reports of a ""near miss"" between a drone and plane.",A drone neared a passenger aircraft on a flight from London Stansted has been reported by police.,2086,17,20
37042796,tech,fact_constrained,"A ""reckless drone operator"" is being sought by police after reports of a ""near miss"" between a drone and plane.","A drone neared a passenger aircraft in Cornwall has been reported as a ""reckless drone operator"".",2086,16,20
36043765,entertainment,tldr,A seal found tangled in nets on an Aberdeenshire beach has been returned to the sea.,A grey seal has been freed after netting was tangled around its neck.,813,13,16
36043765,entertainment,bullet_points,A seal found tangled in nets on an Aberdeenshire beach has been returned to the sea.,A grey seal has been rescued from a tangled net of netting.,813,12,16
36043765,entertainment,bullet_points_strict,A seal found tangled in nets on an Aberdeenshire beach has been returned to the sea.,A grey seal has been freed after netting was tangled around its neck.,813,13,16
36043765,entertainment,one_sentence,A seal found tangled in nets on an Aberdeenshire beach has been returned to the sea.,A grey seal has been rescued from a tangled net of netting.,813,12,16
36043765,entertainment,fact_constrained,A seal found tangled in nets on an Aberdeenshire beach has been returned to the sea.,A grey seal has been released from the sea after being tangled in netting.,813,14,16
30095443,tech,tldr,"A lifetime of diaries, letters and photographs of a man described as a cross between Indiana Jones, James Bond and Graham Greene has opened to the public.",An archive of a famous writer has been catalogued by the National Library of Scotland.,2058,15,27
30095443,tech,bullet_points,"A lifetime of diaries, letters and photographs of a man described as a cross between Indiana Jones, James Bond and Graham Greene has opened to the public.",An archive of a famous 20th century writer has been catalogued at the National Library of Scotland.,2058,17,27
30095443,tech,bullet_points_strict,"A lifetime of diaries, letters and photographs of a man described as a cross between Indiana Jones, James Bond and Graham Greene has opened to the public.",An archive of a famous 20th century writer has been catalogued.,2058,11,27
30095443,tech,one_sentence,"A lifetime of diaries, letters and photographs of a man described as a cross between Indiana Jones, James Bond and Graham Greene has opened to the public.",The archive of a famous 20th century writer has been catalogued by the National Library of Scotland.,2058,17,27
30095443,tech,fact_constrained,"A lifetime of diaries, letters and photographs of a man described as a cross between Indiana Jones, James Bond and Graham Greene has opened to the public.",An archive of a famous 20th century writer has been catalogued at the National Library of Scotland.,2058,17,27
34801085,politics,tldr,Regional official Tim Roache has been elected to become the new general secretary of the GMB union.,The General Secretary of the GMB has been elected as the new general secretary of the union.,1041,17,17
34801085,politics,bullet_points,Regional official Tim Roache has been elected to become the new general secretary of the GMB union.,The General Secretary of the GMB has been elected as the new general secretary of the union.,1041,17,17
34801085,politics,bullet_points_strict,Regional official Tim Roache has been elected to become the new general secretary of the GMB union.,The General Secretary of the GMB has been elected as the new general secretary of the union.,1041,17,17
34801085,politics,one_sentence,Regional official Tim Roache has been elected to become the new general secretary of the GMB union.,The General Secretary of the GMB has been elected as the new general secretary of the union.,1041,17,17
34801085,politics,fact_constrained,Regional official Tim Roache has been elected to become the new general secretary of the GMB union.,The General Secretary of the General Motors Workers (GMS) has been elected as the new general secretary of the GMB.,1041,20,17
36101502,entertainment,tldr,We go behind the scenes with singer Laura Mvula as she prepares to debut her new material and kick off the 48th series of Later... with Jools Holland.,"Laura McCartney's latest album, Phenomenal Woman, is due in June.",8387,10,28
36101502,entertainment,bullet_points,We go behind the scenes with singer Laura Mvula as she prepares to debut her new material and kick off the 48th series of Later... with Jools Holland.,"Laura McCartney's latest album, Phenomenal Woman, is due in June.",8387,10,28
36101502,entertainment,bullet_points_strict,We go behind the scenes with singer Laura Mvula as she prepares to debut her new material and kick off the 48th series of Later... with Jools Holland.,"Laura McCartney's latest album, Phenomenal Woman, is due in June.",8387,10,28
36101502,entertainment,one_sentence,We go behind the scenes with singer Laura Mvula as she prepares to debut her new material and kick off the 48th series of Later... with Jools Holland.,"Laura McCartney's latest album, Phenomenal Woman, is due in June.",8387,10,28
36101502,entertainment,fact_constrained,We go behind the scenes with singer Laura Mvula as she prepares to debut her new material and kick off the 48th series of Later... with Jools Holland.,"Laura McCartney's latest album, Phenomenal Woman, is due in June.",8387,10,28
31991181,sport,tldr,"Newcastle midfielder Jonas Gutierrez says he feels ""born again"" following his return to Premier League action after overcoming testicular cancer.","Newcastle United midfielder Jonas Gutierrez says he is ""born again"" after being diagnosed with cancer.",2417,15,20
31991181,sport,bullet_points,"Newcastle midfielder Jonas Gutierrez says he feels ""born again"" following his return to Premier League action after overcoming testicular cancer.","Newcastle United midfielder Jonas Gutierrez says he is ""born again"" after being diagnosed with cancer.",2417,15,20
31991181,sport,bullet_points_strict,"Newcastle midfielder Jonas Gutierrez says he feels ""born again"" following his return to Premier League action after overcoming testicular cancer.","Newcastle United midfielder Jonas Gutierrez says he is ""born again"" after being diagnosed with cancer.",2417,15,20
31991181,sport,one_sentence,"Newcastle midfielder Jonas Gutierrez says he feels ""born again"" following his return to Premier League action after overcoming testicular cancer.","Newcastle United midfielder Jonas Gutierrez says he is ""born again"" after being diagnosed with cancer.",2417,15,20
31991181,sport,fact_constrained,"Newcastle midfielder Jonas Gutierrez says he feels ""born again"" following his return to Premier League action after overcoming testicular cancer.","Newcastle United midfielder Jonas Gutierrez says he is ""born again"" after being diagnosed with cancer.",2417,15,20
35714830,business,tldr,"League Two Exeter City made a profit of over £1.6m last year, according to the club's latest accounts.",Exeter City have declared a profit of £1.642m after the sale of midfielder Matt Grimes to Swansea.,1126,17,18
35714830,business,bullet_points,"League Two Exeter City made a profit of over £1.6m last year, according to the club's latest accounts.",Exeter City have reported a net profit of £1.7m for the first time since the sale of midfielder Matt Grimes.,1126,20,18
35714830,business,bullet_points_strict,"League Two Exeter City made a profit of over £1.6m last year, according to the club's latest accounts.",Exeter City have reported a profit of £1.642m after a £1.75m transfer to Swansea City.,1126,15,18
35714830,business,one_sentence,"League Two Exeter City made a profit of over £1.6m last year, according to the club's latest accounts.",Exeter City have reported a profit of £1.642m for the first time since the club's sale of midfielder Matt Grimes.,1126,20,18
35714830,business,fact_constrained,"League Two Exeter City made a profit of over £1.6m last year, according to the club's latest accounts.",Exeter City have reported a net profit of £1.7m for the first time since the sale of a player to Swansea City.,1126,22,18
40577419,sport,tldr,Para-athlete Abdullah Hayayei died after a metal throwing cage fell on him during training.,Paralympic athlete Abdullah Hayayei has died after a throwing cage collapsed on his head.,2372,14,14
40577419,sport,bullet_points,Para-athlete Abdullah Hayayei died after a metal throwing cage fell on him during training.,Paralympic athlete Abdullah Hayayei has died after his throwing cage collapsed on his head.,2372,14,14
40577419,sport,bullet_points_strict,Para-athlete Abdullah Hayayei died after a metal throwing cage fell on him during training.,Paralympic athlete Abdullah Hayayei has died after his throwing cage collapsed on his head.,2372,14,14
40577419,sport,one_sentence,Para-athlete Abdullah Hayayei died after a metal throwing cage fell on him during training.,Paralympic athlete Abdullah Hayayei has died after his throwing cage collapsed on his head.,2372,14,14
40577419,sport,fact_constrained,Para-athlete Abdullah Hayayei died after a metal throwing cage fell on him during training.,Paralympic athlete Abdullah Hayayei has died after his throwing cage collapsed.,2372,11,14
38671871,business,tldr,"Manufacturers have reported positive business trends, in the latest survey from the Scottish Chambers of Commerce.",The Scottish Chambers of Commerce has released its latest economic data.,2671,11,16
38671871,business,bullet_points,"Manufacturers have reported positive business trends, in the latest survey from the Scottish Chambers of Commerce.","Scotland's economy has seen a sharp contraction in the past year, according to the Chambers of Commerce.",2671,17,16
38671871,business,bullet_points_strict,"Manufacturers have reported positive business trends, in the latest survey from the Scottish Chambers of Commerce.","Scotland's economy remained positive in the final quarter of the year, according to the Chambers of Commerce.",2671,17,16
38671871,business,one_sentence,"Manufacturers have reported positive business trends, in the latest survey from the Scottish Chambers of Commerce.",The Scottish Chambers of Commerce has released its annual report on the Scottish economy.,2671,14,16
38671871,business,fact_constrained,"Manufacturers have reported positive business trends, in the latest survey from the Scottish Chambers of Commerce.","Scotland's economy grew in the final quarter of the year, according to the Chambers of Commerce.",2671,16,16
33682768,tech,tldr,"The public inquiry into undercover policing may ""expose both creditable and discreditable conduct"", chairman Lord Justice Pitchford has warned.",The home secretary has ordered a review of undercover policing in England and Wales.,5314,14,19
33682768,tech,bullet_points,"The public inquiry into undercover policing may ""expose both creditable and discreditable conduct"", chairman Lord Justice Pitchford has warned.",The home secretary has ordered a review of undercover policing in England and Wales.,5314,14,19
33682768,tech,bullet_points_strict,"The public inquiry into undercover policing may ""expose both creditable and discreditable conduct"", chairman Lord Justice Pitchford has warned.",A Home Office inquiry into undercover policing has been ordered by the Home Office.,5314,14,19
33682768,tech,one_sentence,"The public inquiry into undercover policing may ""expose both creditable and discreditable conduct"", chairman Lord Justice Pitchford has warned.",The home secretary has ordered a review of undercover policing in England and Wales.,5314,14,19
33682768,tech,fact_constrained,"The public inquiry into undercover policing may ""expose both creditable and discreditable conduct"", chairman Lord Justice Pitchford has warned.",The home secretary has ordered a review of undercover policing in England and Wales.,5314,14,19
34594462,sport,tldr,Reigning champions New Zealand are into their fourth World Cup final after slogging past South Africa in another Twickenham epic.,The All Blacks beat South Africa to reach the World Cup quarter-finals in New Zealand.,5301,15,20
34594462,sport,bullet_points,Reigning champions New Zealand are into their fourth World Cup final after slogging past South Africa in another Twickenham epic.,"The All Blacks beat New Zealand to reach the World Cup quarter-finals, but the All Blacks were beaten by the Springboks in their final match of the tournament.",5301,28,20
34594462,sport,bullet_points_strict,Reigning champions New Zealand are into their fourth World Cup final after slogging past South Africa in another Twickenham epic.,All Blacks beat South Africa to reach the World Cup quarter-finals with a thrilling victory over New Zealand.,5301,18,20
34594462,sport,one_sentence,Reigning champions New Zealand are into their fourth World Cup final after slogging past South Africa in another Twickenham epic.,The All Blacks fought back from behind to beat New Zealand in the World Cup quarter-finals.,5301,16,20
34594462,sport,fact_constrained,Reigning champions New Zealand are into their fourth World Cup final after slogging past South Africa in another Twickenham epic.,"The All Blacks beat New Zealand to reach the World Cup quarter-finals, but the All Blacks were held to a two-point lead at half-time by South Africa.",5301,27,20
32719212,tech,tldr,A computer model of one of the world's tallest three-sided obelisks is being made to find out why it is falling apart.,The National Trust has completed a detailed survey of a tower which has been struck by lightning twice in its history.,1310,21,22
32719212,tech,bullet_points,A computer model of one of the world's tallest three-sided obelisks is being made to find out why it is falling apart.,The National Trust has completed a detailed survey of a tower which has been struck by lightning twice in its history.,1310,21,22
32719212,tech,bullet_points_strict,A computer model of one of the world's tallest three-sided obelisks is being made to find out why it is falling apart.,The National Trust has completed a detailed survey of a tower which has been struck by lightning twice in its history.,1310,21,22
32719212,tech,one_sentence,A computer model of one of the world's tallest three-sided obelisks is being made to find out why it is falling apart.,The National Trust has completed a detailed survey of the obelisk of the Duke of Wellington.,1310,16,22
32719212,tech,fact_constrained,A computer model of one of the world's tallest three-sided obelisks is being made to find out why it is falling apart.,The National Trust has completed a detailed survey of a landmark obelisk which has been struck by lightning twice in its history.,1310,22,22
37427024,tech,tldr,Profit jumped at Zara owner Inditex in the first half of the year as the firm opened new stores and invested in online.,"Inditex, the world's biggest clothing retailer, has reported a strong first half of the year.",2209,15,23
37427024,tech,bullet_points,Profit jumped at Zara owner Inditex in the first half of the year as the firm opened new stores and invested in online.,"Inditex, the world's biggest clothing retailer, has reported a strong first half of the year.",2209,15,23
37427024,tech,bullet_points_strict,Profit jumped at Zara owner Inditex in the first half of the year as the firm opened new stores and invested in online.,"Inditex, the world's biggest clothing retailer, has reported a sharp rise in profits.",2209,13,23
37427024,tech,one_sentence,Profit jumped at Zara owner Inditex in the first half of the year as the firm opened new stores and invested in online.,"Inditex, the world's biggest clothing retailer, has reported a sharp rise in profits.",2209,13,23
37427024,tech,fact_constrained,Profit jumped at Zara owner Inditex in the first half of the year as the firm opened new stores and invested in online.,"Inditex, the world's biggest clothing retailer, has reported a strong performance in the first half of the year.",2209,18,23
38858289,entertainment,tldr,"Lady Gaga is leading the pitch invasion at Sunday's Super Bowl, where she'll perform the all-important half-time show.",Gaga's Super Bowl XXXX show was one of the most memorable - and surprising - moments of her career.,5279,19,18
38858289,entertainment,bullet_points,"Lady Gaga is leading the pitch invasion at Sunday's Super Bowl, where she'll perform the all-important half-time show.",Gaga's Super Bowl half-time show was a huge success.,5279,9,18
38858289,entertainment,bullet_points_strict,"Lady Gaga is leading the pitch invasion at Sunday's Super Bowl, where she'll perform the all-important half-time show.",Gaga's Super Bowl half-time show was one of the most memorable moments of her career - and one of the most memorable moments of her career.,5279,26,18
38858289,entertainment,one_sentence,"Lady Gaga is leading the pitch invasion at Sunday's Super Bowl, where she'll perform the all-important half-time show.",Lady Gaga's Super Bowl XXX was a huge success - and she's been doing it ever since.,5279,17,18
38858289,entertainment,fact_constrained,"Lady Gaga is leading the pitch invasion at Sunday's Super Bowl, where she'll perform the all-important half-time show.",Gaga's Super Bowl XXX show was a huge success.,5279,9,18
40478071,business,tldr,"A victim of the Rochdale grooming gang says the convictions were still ""not fazing"" Asian child sex abusers.",A woman who was abused by a sex gang in Rochdale says she is still getting cars pulling over to her.,2590,21,18
40478071,business,bullet_points,"A victim of the Rochdale grooming gang says the convictions were still ""not fazing"" Asian child sex abusers.","A woman who was abused by a sex gang in Rochdale has said she is ""not bothering them"".",2590,18,18
40478071,business,bullet_points_strict,"A victim of the Rochdale grooming gang says the convictions were still ""not fazing"" Asian child sex abusers.","A woman who was abused by the Rochdale sex exploitation gang says she is ""not bothering them"".",2590,17,18
40478071,business,one_sentence,"A victim of the Rochdale grooming gang says the convictions were still ""not fazing"" Asian child sex abusers.","A woman who was abused by the Rochdale sex exploitation gang has said she is ""still getting cars pulling over to me asking me if I wanted a drink"".",2590,29,18
40478071,business,fact_constrained,"A victim of the Rochdale grooming gang says the convictions were still ""not fazing"" Asian child sex abusers.","A woman who was abused by a sex gang in Rochdale has said she is ""not bothering them"".",2590,18,18
36568118,business,tldr,"John Lewis's Nottingham store is to remain closed longer than expected after 80,000 litres of hot water leaked from a ruptured heating pipe.",Water poured from a rooftop room at a shopping centre has left a Victoria Centre store without a reopening.,573,19,23
36568118,business,bullet_points,"John Lewis's Nottingham store is to remain closed longer than expected after 80,000 litres of hot water leaked from a ruptured heating pipe.","Water has flooded a shopping centre in Londonderry, causing a ceiling to collapse.",573,13,23
36568118,business,bullet_points_strict,"John Lewis's Nottingham store is to remain closed longer than expected after 80,000 litres of hot water leaked from a ruptured heating pipe.","Water has flooded a shopping centre in Londonderry, causing a ceiling to collapse.",573,13,23
36568118,business,one_sentence,"John Lewis's Nottingham store is to remain closed longer than expected after 80,000 litres of hot water leaked from a ruptured heating pipe.","Water poured from a rooftop room at a shopping centre in Londonderry has flooded the shop, causing a ceiling to collapse.",573,21,23
36568118,business,fact_constrained,"John Lewis's Nottingham store is to remain closed longer than expected after 80,000 litres of hot water leaked from a ruptured heating pipe.","Water has flooded a shopping centre in Londonderry, causing a ceiling to collapse.",573,13,23
39950399,tech,tldr,"Bots appear to be spamming a US regulator's website over a proposed reversal of net neutrality rules, researchers have said.",Net neutrality advocates say they are seeing a surge in bot activity directed at the site.,3034,16,20
39950399,tech,bullet_points,"Bots appear to be spamming a US regulator's website over a proposed reversal of net neutrality rules, researchers have said.",Net neutrality advocates have warned that a surge in bot activity may be a sign of a new form of protest against net neutrality.,3034,24,20
39950399,tech,bullet_points_strict,"Bots appear to be spamming a US regulator's website over a proposed reversal of net neutrality rules, researchers have said.",Net neutrality advocates say they are seeing a surge in bot activity directed at the FCC's website.,3034,17,20
39950399,tech,one_sentence,"Bots appear to be spamming a US regulator's website over a proposed reversal of net neutrality rules, researchers have said.",Net neutrality advocates have warned that a surge in bot activity may be a sign of a lack of enthusiasm about the issue.,3034,23,20
39950399,tech,fact_constrained,"Bots appear to be spamming a US regulator's website over a proposed reversal of net neutrality rules, researchers have said.",Net neutrality advocates have warned of a surge in bot activity aimed at the FCC's website.,3034,16,20
36269210,sport,tldr,New Sale Sharks chairman Fran Cotton has conceded they must work to restore their relationship with some fans.,"Sale have a ""pretty poor"" experience at the club, says former England and British and Irish Lions prop Mark Cotton.",2116,20,18
36269210,sport,bullet_points,New Sale Sharks chairman Fran Cotton has conceded they must work to restore their relationship with some fans.,"Sale Sharks director of rugby Paul Cotton says there is ""nothing wrong"" with the club's new 10-man board.",2116,18,18
36269210,sport,bullet_points_strict,New Sale Sharks chairman Fran Cotton has conceded they must work to restore their relationship with some fans.,"Sale have a ""pretty poor"" experience at the club, says former England and British and Irish Lions prop Mark Cotton.",2116,20,18
36269210,sport,one_sentence,New Sale Sharks chairman Fran Cotton has conceded they must work to restore their relationship with some fans.,"Sale have a ""pretty poor"" experience at the club, says former England and British and Irish Lions prop Mark Cotton.",2116,20,18
36269210,sport,fact_constrained,New Sale Sharks chairman Fran Cotton has conceded they must work to restore their relationship with some fans.,"Sale have a ""pretty poor"" experience at the club, says former England and British and Irish Lions prop Mark Cotton.",2116,20,18
38128851,business,tldr,Disney's latest animation Moana dominated the Thanksgiving box office over the five-day US holiday weekend.,"Disney's Moana has topped the US Thanksgiving chart, taking a record $81.1m (£65.3m).",1799,13,15
38128851,business,bullet_points,Disney's latest animation Moana dominated the Thanksgiving box office over the five-day US holiday weekend.,"Disney's Moana has topped the US Thanksgiving box office, taking a record $81.1m (£66.6m) on its opening weekend.",1799,18,15
38128851,business,bullet_points_strict,Disney's latest animation Moana dominated the Thanksgiving box office over the five-day US holiday weekend.,"Disney's Moana has topped the US Thanksgiving box office, taking a record $81.1m (£66.6m) on its opening weekend.",1799,18,15
38128851,business,one_sentence,Disney's latest animation Moana dominated the Thanksgiving box office over the five-day US holiday weekend.,"Disney's Moana has topped the US Thanksgiving box office, taking a record $81.1m (£66.6m).",1799,14,15
38128851,business,fact_constrained,Disney's latest animation Moana dominated the Thanksgiving box office over the five-day US holiday weekend.,"Disney's Moana has topped the US Thanksgiving box office, taking a record $7.8m (£7.8m) on its opening weekend.",1799,18,15
36852433,sport,tldr,British number one Johanna Konta reached the quarter-finals of the Bank of the West Classic in Stanford with a straight-set win over Julia Boserup.,Johanna Konta clinched a first-round spot at the Australian Open with a 6-3 6-1 win over France's Angelique Kerber.,314,19,24
36852433,sport,bullet_points,British number one Johanna Konta reached the quarter-finals of the Bank of the West Classic in Stanford with a straight-set win over Julia Boserup.,Britain's Johanna Konta reached the quarter-finals of the Australian Open with a 6-3 6-1 win over France's Angelique Kerber.,314,19,24
36852433,sport,bullet_points_strict,British number one Johanna Konta reached the quarter-finals of the Bank of the West Classic in Stanford with a straight-set win over Julia Boserup.,Britain's Johanna Konta won her first-round match at the Australian Open with a 6-3 6-1 win over France's Angelique Kerber.,314,20,24
36852433,sport,one_sentence,British number one Johanna Konta reached the quarter-finals of the Bank of the West Classic in Stanford with a straight-set win over Julia Boserup.,British number one Johanna Konta reached the quarter-finals of the Australian Open with a 6-3 6-1 win over world number one Heather Watson.,314,23,24
36852433,sport,fact_constrained,British number one Johanna Konta reached the quarter-finals of the Bank of the West Classic in Stanford with a straight-set win over Julia Boserup.,British number one Johanna Konta reached the quarterfinals of the Australian Open with a 6-3 6-1 win over France's Angelique Kerber.,314,21,24
32188366,tech,tldr,"Two men have been assaulted in Larne, County Antrim, by a gang armed with baseball bats and a hatchet.",Two men have been taken to hospital after a robbery at a house in Dundee.,227,15,19
32188366,tech,bullet_points,"Two men have been assaulted in Larne, County Antrim, by a gang armed with baseball bats and a hatchet.",Two men have been stabbed to death in a street attack in Belfast.,227,13,19
32188366,tech,bullet_points_strict,"Two men have been assaulted in Larne, County Antrim, by a gang armed with baseball bats and a hatchet.",Two men have been stabbed to death in a street attack in County Armagh.,227,14,19
32188366,tech,one_sentence,"Two men have been assaulted in Larne, County Antrim, by a gang armed with baseball bats and a hatchet.",Two men have been stabbed to death in a robbery at a house in Dundee.,227,15,19
32188366,tech,fact_constrained,"Two men have been assaulted in Larne, County Antrim, by a gang armed with baseball bats and a hatchet.",Two men have been stabbed to death in a street attack in Belfast.,227,13,19
30632453,tech,tldr,"The Ebola victim who is believed to have triggered the current outbreak - a two-year-old boy called Emile Ouamouno from Guinea - may have been infected by playing in a hollow tree housing a colony of bats, say scientists.","Scientists in Guinea have discovered that a tree stump near Emile's home burned down in 2014, triggering the Ebola outbreak.",2637,20,39
30632453,tech,bullet_points,"The Ebola victim who is believed to have triggered the current outbreak - a two-year-old boy called Emile Ouamouno from Guinea - may have been infected by playing in a hollow tree housing a colony of bats, say scientists.",Scientists in Guinea have discovered that a tree stump near Emile's home was the source of the Ebola outbreak.,2637,19,39
30632453,tech,bullet_points_strict,"The Ebola victim who is believed to have triggered the current outbreak - a two-year-old boy called Emile Ouamouno from Guinea - may have been infected by playing in a hollow tree housing a colony of bats, say scientists.",Scientists in Guinea say they have found a link between the Ebola virus and a tree stump in a small village.,2637,21,39
30632453,tech,one_sentence,"The Ebola victim who is believed to have triggered the current outbreak - a two-year-old boy called Emile Ouamouno from Guinea - may have been infected by playing in a hollow tree housing a colony of bats, say scientists.",Scientists in Guinea say they have found that a tree stump near Emile's home was the source of the Ebola outbreak.,2637,21,39
30632453,tech,fact_constrained,"The Ebola victim who is believed to have triggered the current outbreak - a two-year-old boy called Emile Ouamouno from Guinea - may have been infected by playing in a hollow tree housing a colony of bats, say scientists.",Scientists in Guinea say they have found the source of the Ebola virus in a tree stump.,2637,17,39
38597885,sport,tldr,Stuart Bingham may pull out of the Masters if his wife goes into labour with their third child.,"World number one Mark Bingham says he has ""no idea"" if his wife will give birth before his first-round game against Joe Perry on Sunday.",1078,25,18
38597885,sport,bullet_points,Stuart Bingham may pull out of the Masters if his wife goes into labour with their third child.,"The world number one has said he has ""no idea"" if his wife will give birth before his first-round game at the World Grand Prix.",1078,25,18
38597885,sport,bullet_points_strict,Stuart Bingham may pull out of the Masters if his wife goes into labour with their third child.,"World number one Mark Bingham says he has ""no idea"" if his wife will give birth before his first-round game at the World Championship.",1078,24,18
38597885,sport,one_sentence,Stuart Bingham may pull out of the Masters if his wife goes into labour with their third child.,"Former world number one Mark Bingham says he has ""no idea"" if his wife will give birth before his first-round game against Joe Perry on Sunday.",1078,26,18
38597885,sport,fact_constrained,Stuart Bingham may pull out of the Masters if his wife goes into labour with their third child.,World number one Mark Bingham says he has no idea if his wife will give birth before his first-round game against Joe Perry on Sunday.,1078,25,18
38966888,business,tldr,"Part of Colwyn Bay pier is to be dismantled after it collapsed into the sea, Conwy council has decided.",Councillors have voted to dismantle a section of the Grade ll pier on the Isle of Wight.,751,17,19
38966888,business,bullet_points,"Part of Colwyn Bay pier is to be dismantled after it collapsed into the sea, Conwy council has decided.",Plans to dismantle a section of the Grade ll pier have been approved by councillors.,751,15,19
38966888,business,bullet_points_strict,"Part of Colwyn Bay pier is to be dismantled after it collapsed into the sea, Conwy council has decided.",Plans to dismantle a Grade ll pier on the Isle of Wight have been approved by the council.,751,18,19
38966888,business,one_sentence,"Part of Colwyn Bay pier is to be dismantled after it collapsed into the sea, Conwy council has decided.",Plans to dismantle a section of a Grade ll pier have been approved by councillors.,751,15,19
38966888,business,fact_constrained,"Part of Colwyn Bay pier is to be dismantled after it collapsed into the sea, Conwy council has decided.",Councillors have voted to dismantle a section of a Grade ll pier on the Isle of Wight.,751,17,19
23606507,politics,tldr,A campaign group has been granted a hearing to examine the case for a judicial review of the decision to build student flats near a beauty spot.,A campaign to protect Oxford's historic skyline has launched a legal challenge to a controversial university block of flats.,2120,19,27
23606507,politics,bullet_points,A campaign group has been granted a hearing to examine the case for a judicial review of the decision to build student flats near a beauty spot.,A campaign to protect Oxford's historic skyline has launched a legal challenge to a controversial university housing development.,2120,18,27
23606507,politics,bullet_points_strict,A campaign group has been granted a hearing to examine the case for a judicial review of the decision to build student flats near a beauty spot.,A campaign to protect Oxford's historic skyline has launched a legal challenge to a controversial university housing development.,2120,18,27
23606507,politics,one_sentence,A campaign group has been granted a hearing to examine the case for a judicial review of the decision to build student flats near a beauty spot.,A campaign to protect Oxford's skyline has launched a legal challenge to the University of Oxford's plans to build flats on the site.,2120,23,27
23606507,politics,fact_constrained,A campaign group has been granted a hearing to examine the case for a judicial review of the decision to build student flats near a beauty spot.,A campaign to protect Oxford's historic skyline has launched a legal challenge to a controversial university block of flats.,2120,19,27
39055714,business,tldr,Pupils at seven schools could have shorter days after a trust head say he may have to cut hours to save money.,"A primary school in South Gloucestershire could be forced to cut its school day from September, a councillor has warned.",2890,20,22
39055714,business,bullet_points,Pupils at seven schools could have shorter days after a trust head say he may have to cut hours to save money.,"A primary school in South Gloucestershire could be forced to cut its school day from September, according to a letter to parents.",2890,22,22
39055714,business,bullet_points_strict,Pupils at seven schools could have shorter days after a trust head say he may have to cut hours to save money.,"A primary school in South Gloucestershire could be forced to cut its school day from September, according to a letter to parents.",2890,22,22
39055714,business,one_sentence,Pupils at seven schools could have shorter days after a trust head say he may have to cut hours to save money.,"A primary school in South Gloucestershire could be forced to cut its school day from September, according to a letter to parents.",2890,22,22
39055714,business,fact_constrained,Pupils at seven schools could have shorter days after a trust head say he may have to cut hours to save money.,"A school trust has warned parents of the ""unthinkable"" cuts it could make to school funding.",2890,16,22
35485785,politics,tldr,"The Paris climate agreement could make millions of forest dwellers homeless, according to a new analysis.",Liberia and Democratic Republic of Congo have proposed to set up national parks to protect their forested lands.,2681,18,16
35485785,politics,bullet_points,"The Paris climate agreement could make millions of forest dwellers homeless, according to a new analysis.","Liberia and the Democratic Republic of Congo are to set up national parks to protect their forested lands, according to a study.",2681,22,16
35485785,politics,bullet_points_strict,"The Paris climate agreement could make millions of forest dwellers homeless, according to a new analysis.","Liberia and the Democratic Republic of Congo have been warned to protect their forested lands, according to a new study.",2681,20,16
35485785,politics,one_sentence,"The Paris climate agreement could make millions of forest dwellers homeless, according to a new analysis.","Liberia and the Democratic Republic of Congo are to set up national parks to protect their forested lands, according to a study.",2681,22,16
35485785,politics,fact_constrained,"The Paris climate agreement could make millions of forest dwellers homeless, according to a new analysis.","Liberia and the Democratic Republic of Congo are to set up national parks to protect their forested lands, according to a study.",2681,22,16
34001040,tech,tldr,"More human remains have been found near a motorway slip road in Shropshire, police have said.",A human skull has been found near a roundabout in West Mercia.,861,12,16
34001040,tech,bullet_points,"More human remains have been found near a motorway slip road in Shropshire, police have said.",Police are investigating the discovery of a skull near a roundabout in West Mercia.,861,14,16
34001040,tech,bullet_points_strict,"More human remains have been found near a motorway slip road in Shropshire, police have said.",A skull has been found near a roundabout in West Mercia.,861,11,16
34001040,tech,one_sentence,"More human remains have been found near a motorway slip road in Shropshire, police have said.","Police investigating the discovery of a skull near a roundabout in West Mercia have said they are ""in the very early stages of this investigation"".",861,25,16
34001040,tech,fact_constrained,"More human remains have been found near a motorway slip road in Shropshire, police have said.",A skull has been found near a roundabout in West Mercia.,861,11,16
37066389,sport,tldr,Uzbekistan's Hasanboy Dusmatov won Olympic gold in the men's light-flyweight with victory over Colombian Yuberjen Herney Martinez.,Olympic boxing finalist Dmitry Dusmatov won a unanimous points victory over Colombia's Luis Martinez in the first round of the Rio Olympics.,515,22,17
37066389,sport,bullet_points,Uzbekistan's Hasanboy Dusmatov won Olympic gold in the men's light-flyweight with victory over Colombian Yuberjen Herney Martinez.,Olympic boxing champion Ivan Dusmatov won a unanimous points victory in the men's featherweight final at the Rio Olympics.,515,19,17
37066389,sport,bullet_points_strict,Uzbekistan's Hasanboy Dusmatov won Olympic gold in the men's light-flyweight with victory over Colombian Yuberjen Herney Martinez.,Olympic boxing champion Andrei Dusmatov won a unanimous points victory in the men's welterweight final at the Rio Olympics.,515,19,17
37066389,sport,one_sentence,Uzbekistan's Hasanboy Dusmatov won Olympic gold in the men's light-flyweight with victory over Colombian Yuberjen Herney Martinez.,Colombia's Luis Dusmatov won the men's featherweight title at the Rio Olympics.,515,12,17
37066389,sport,fact_constrained,Uzbekistan's Hasanboy Dusmatov won Olympic gold in the men's light-flyweight with victory over Colombian Yuberjen Herney Martinez.,Colombia's Luis Dusmatov won a unanimous points victory in the men's featherweight final at the Rio Olympics.,515,17,17
36369346,business,tldr,"University lecturers are due to start a two-day strike over pay, amid warnings other staff could join the dispute.",University staff at some of the UK's most prestigious universities are planning a walkout over a pay rise offered by the employers.,2343,22,19
36369346,business,bullet_points,"University lecturers are due to start a two-day strike over pay, amid warnings other staff could join the dispute.",University staff at some of the UK's most prestigious universities are planning a walkout over a pay rise offered by the employers.,2343,22,19
36369346,business,bullet_points_strict,"University lecturers are due to start a two-day strike over pay, amid warnings other staff could join the dispute.","University staff at some of the UK's most prestigious universities are to walk out on a pay rise of more than 5%, unions say.",2343,24,19
36369346,business,one_sentence,"University lecturers are due to start a two-day strike over pay, amid warnings other staff could join the dispute.",University staff at some of the UK's most prestigious universities have walked out of a dispute over pay.,2343,18,19
36369346,business,fact_constrained,"University lecturers are due to start a two-day strike over pay, amid warnings other staff could join the dispute.",University staff at some of the UK's most prestigious universities are planning a walkout over a pay rise offered by the employers.,2343,22,19
28042625,business,tldr,Controversial proposals to shut a Catholic school in East Dunbartonshire are to be examined by the Scottish government.,East Dunbartonshire Council's plans to close a primary school have been criticised by ministers.,2859,14,18
28042625,business,bullet_points,Controversial proposals to shut a Catholic school in East Dunbartonshire are to be examined by the Scottish government.,East Dunbartonshire Council's plans to close a primary school have been criticised by ministers.,2859,14,18
28042625,business,bullet_points_strict,Controversial proposals to shut a Catholic school in East Dunbartonshire are to be examined by the Scottish government.,East Dunbartonshire Council plans to close a primary school in a bid to save £20m over the next three years.,2859,20,18
28042625,business,one_sentence,Controversial proposals to shut a Catholic school in East Dunbartonshire are to be examined by the Scottish government.,East Dunbartonshire Council's plans to close a primary school have been criticised by ministers.,2859,14,18
28042625,business,fact_constrained,Controversial proposals to shut a Catholic school in East Dunbartonshire are to be examined by the Scottish government.,East Dunbartonshire Council's plans to close a primary school have been criticised by ministers.,2859,14,18
34787804,sport,tldr,Japanese footballer Kazuyoshi Miura has signed a one-year contract extension with Yokohama FC at the age of 48.,Japan international striker Kazuyoshi Miura has signed a two-year contract with the club.,1089,13,18
34787804,sport,bullet_points,Japanese footballer Kazuyoshi Miura has signed a one-year contract extension with Yokohama FC at the age of 48.,Japan international striker Kazuyoshi Miura has signed a two-year contract with the club.,1089,13,18
34787804,sport,bullet_points_strict,Japanese footballer Kazuyoshi Miura has signed a one-year contract extension with Yokohama FC at the age of 48.,Japan international striker Kazuyoshi Miura has signed a two-year contract with the club.,1089,13,18
34787804,sport,one_sentence,Japanese footballer Kazuyoshi Miura has signed a one-year contract extension with Yokohama FC at the age of 48.,Japan international striker Kazuyoshi Miura has signed a two-year contract with the club.,1089,13,18
34787804,sport,fact_constrained,Japanese footballer Kazuyoshi Miura has signed a one-year contract extension with Yokohama FC at the age of 48.,Japan international striker Kazuyoshi Miura has signed a two-year contract with the club.,1089,13,18
40543846,politics,tldr,Clashes have broken out in Indian-administered Kashmir on the anniversary of the killing of a militant leader.,Indian security forces have surrounded a village in the disputed Indian-administered Kashmir region.,1389,13,17
40543846,politics,bullet_points,Clashes have broken out in Indian-administered Kashmir on the anniversary of the killing of a militant leader.,"Pakistani security forces have surrounded a village in the Indian-administered Kashmir valley, a day after the anniversary of the death of a Pakistani soldier.",1389,24,17
40543846,politics,bullet_points_strict,Clashes have broken out in Indian-administered Kashmir on the anniversary of the killing of a militant leader.,"Indian security forces have surrounded a village in the Indian-administered Kashmir valley, killing dozens of people.",1389,16,17
40543846,politics,one_sentence,Clashes have broken out in Indian-administered Kashmir on the anniversary of the killing of a militant leader.,"Pakistani security forces have surrounded a village in the Indian-administered Kashmir valley, killing at least seven people, officials say.",1389,19,17
40543846,politics,fact_constrained,Clashes have broken out in Indian-administered Kashmir on the anniversary of the killing of a militant leader.,"Indian security forces have surrounded a village in the Indian-administered Kashmir region, killing at least seven people, officials say.",1389,19,17
36607475,business,tldr,Economic policymakers must now decide whether and how they should respond to the UK's vote to leave the EU.,The UK's central banks are prepared to intervene in the short term if the UK leaves the EU.,5216,18,19
36607475,business,bullet_points,Economic policymakers must now decide whether and how they should respond to the UK's vote to leave the EU.,The outcome of the referendum on the European Union's membership of the European Central Bank (ECB) has been viewed as a threat to the stability of the world's central banks.,5216,30,19
36607475,business,bullet_points_strict,Economic policymakers must now decide whether and how they should respond to the UK's vote to leave the EU.,The UK's central banks are prepared to intervene in the short term if the UK leaves the EU.,5216,18,19
36607475,business,one_sentence,Economic policymakers must now decide whether and how they should respond to the UK's vote to leave the EU.,The outcome of the referendum on the European Union's (EU) membership of the European Central Bank (ECB) has been viewed as a threat to the stability of the world's central banks. The UK's Bank of England has already been doing this ahead of the referendum. The Bank of England has already been doing this ahead of the referendum.,5216,58,19
36607475,business,fact_constrained,Economic policymakers must now decide whether and how they should respond to the UK's vote to leave the EU.,The European Central Bank (ECB) and the European Central Bank (ECB) have been discussing the possibility of intervening in the market if the UK leaves the EU.,5216,27,19
36211762,sport,tldr,Sale Sharks forward Mark Easter has announced he will retire at the end of the season to take up a teaching role.,Harlequins winger Nick Easter has left Sale to take up a teaching job at Wrekin College.,909,16,22
36211762,sport,bullet_points,Sale Sharks forward Mark Easter has announced he will retire at the end of the season to take up a teaching role.,Harlequins winger Nick Easter has left Sale to take up a teaching job at Wrekin College.,909,16,22
36211762,sport,bullet_points_strict,Sale Sharks forward Mark Easter has announced he will retire at the end of the season to take up a teaching role.,Harlequins winger Nick Easter has left Sale to take up a teaching job at Wrekin College.,909,16,22
36211762,sport,one_sentence,Sale Sharks forward Mark Easter has announced he will retire at the end of the season to take up a teaching role.,Harlequins winger Nick Easter has left Sale to take up a teaching job at Wrekin College.,909,16,22
36211762,sport,fact_constrained,Sale Sharks forward Mark Easter has announced he will retire at the end of the season to take up a teaching role.,Harlequins winger Nick Easter has left Sale to take up a teaching job at Wrekin College.,909,16,22
39782027,tech,tldr,"The quality of care on a scandal-hit ward for dementia patients may have contributed to at least seven deaths, BBC Wales can reveal.",A health board investigation into the deaths of patients at a hospital ward has been launched.,2687,16,23
39782027,tech,bullet_points,"The quality of care on a scandal-hit ward for dementia patients may have contributed to at least seven deaths, BBC Wales can reveal.",A health board investigation into the deaths of patients at a hospital ward has been launched.,2687,16,23
39782027,tech,bullet_points_strict,"The quality of care on a scandal-hit ward for dementia patients may have contributed to at least seven deaths, BBC Wales can reveal.",A health board investigation into the deaths of patients at a hospital ward has been launched.,2687,16,23
39782027,tech,one_sentence,"The quality of care on a scandal-hit ward for dementia patients may have contributed to at least seven deaths, BBC Wales can reveal.",A report into the deaths of patients at a Denbighshire hospital has been published.,2687,14,23
39782027,tech,fact_constrained,"The quality of care on a scandal-hit ward for dementia patients may have contributed to at least seven deaths, BBC Wales can reveal.",A health board investigation into the deaths of patients at a hospital ward has been launched.,2687,16,23
36103241,tech,tldr,A 25-year-old man from Limavady has been jailed for knocking out two men in separate attacks on the same night.,A man has been sentenced to 14 months in prison after a series of assaults in Londonderry.,776,17,20
36103241,tech,bullet_points,A 25-year-old man from Limavady has been jailed for knocking out two men in separate attacks on the same night.,A man has been jailed for a series of'single punch' assaults in Londonderry.,776,13,20
36103241,tech,bullet_points_strict,A 25-year-old man from Limavady has been jailed for knocking out two men in separate attacks on the same night.,A man has been jailed for a series of assaults in Londonderry.,776,12,20
36103241,tech,one_sentence,A 25-year-old man from Limavady has been jailed for knocking out two men in separate attacks on the same night.,A man has been jailed for a series of'single punch' assaults in Londonderry.,776,13,20
36103241,tech,fact_constrained,A 25-year-old man from Limavady has been jailed for knocking out two men in separate attacks on the same night.,A man has been jailed for a series of assaults in Londonderry.,776,12,20
30931494,sport,tldr,The United States women's team goalkeeper Hope Solo has been suspended for 30 days by US Soccer following an incident during a training camp.,US women's national soccer team coach Hope Solo has withdrawn from the Women's World Cup training camp in California because of a domestic violence incident.,1290,25,24
30931494,sport,bullet_points,The United States women's team goalkeeper Hope Solo has been suspended for 30 days by US Soccer following an incident during a training camp.,US women's national soccer team coach Hope Solo has apologised to her team-mates after her husband was arrested on suspicion of driving under the influence.,1290,25,24
30931494,sport,bullet_points_strict,The United States women's team goalkeeper Hope Solo has been suspended for 30 days by US Soccer following an incident during a training camp.,US women's national soccer team coach Hope Solo has withdrawn from the Women's World Cup training camp in California because of a domestic violence incident.,1290,25,24
30931494,sport,one_sentence,The United States women's team goalkeeper Hope Solo has been suspended for 30 days by US Soccer following an incident during a training camp.,US women's national soccer team coach Hope Solo has apologised to her team-mates after she tested positive for a banned substance.,1290,21,24
30931494,sport,fact_constrained,The United States women's team goalkeeper Hope Solo has been suspended for 30 days by US Soccer following an incident during a training camp.,US women's national soccer team coach Hope Solo has apologised to her team-mates after her husband was arrested on suspicion of driving under the influence.,1290,25,24
35844158,business,tldr,A barrister who was due to move into his own chambers in Huddersfield has pleaded guilty to supplying cocaine.,Three men have admitted conspiracy to supply cocaine to a private equity firm.,1271,13,19
35844158,business,bullet_points,A barrister who was due to move into his own chambers in Huddersfield has pleaded guilty to supplying cocaine.,Four men have admitted conspiracy to supply cocaine to a private equity firm.,1271,13,19
35844158,business,bullet_points_strict,A barrister who was due to move into his own chambers in Huddersfield has pleaded guilty to supplying cocaine.,Four men have admitted conspiracy to supply cocaine to a private firm.,1271,12,19
35844158,business,one_sentence,A barrister who was due to move into his own chambers in Huddersfield has pleaded guilty to supplying cocaine.,Three men have admitted conspiracy to supply cocaine to a private equity firm.,1271,13,19
35844158,business,fact_constrained,A barrister who was due to move into his own chambers in Huddersfield has pleaded guilty to supplying cocaine.,Four men have admitted conspiracy to supply cocaine to a private equity firm.,1271,13,19
37246224,tech,tldr,Officers who police Scotland's railways are to be armed with Tasers in a bid to increase security on the network.,"Tasers are to be used by Scotland's police force to incapacitate suspects, the force has said.",2910,16,20
37246224,tech,bullet_points,Officers who police Scotland's railways are to be armed with Tasers in a bid to increase security on the network.,"Tasers are to be used by police officers in Scotland to incapacitate suspects, the force has said.",2910,17,20
37246224,tech,bullet_points_strict,Officers who police Scotland's railways are to be armed with Tasers in a bid to increase security on the network.,"Tasers are to be introduced in Scotland as part of a ""proportionate response"" to the threat from international terrorism.",2910,19,20
37246224,tech,one_sentence,Officers who police Scotland's railways are to be armed with Tasers in a bid to increase security on the network.,"Tasers are to be used by police officers in Scotland in an attempt to prevent a terror attack, the force has said.",2910,22,20
37246224,tech,fact_constrained,Officers who police Scotland's railways are to be armed with Tasers in a bid to increase security on the network.,"Tasers are to be used by police officers in Scotland to incapacitate suspects, the force has said.",2910,17,20
37220139,business,tldr,Scottish engineering services company ID Systems Ltd has announced plans to create 120 new jobs after securing a six-figure investment from UK Steel Enterprise (UKSE).,UKSE has backed a Scottish steel company to create jobs in the Lanarkshire area.,1212,14,25
37220139,business,bullet_points,Scottish engineering services company ID Systems Ltd has announced plans to create 120 new jobs after securing a six-figure investment from UK Steel Enterprise (UKSE).,The UK steel company ID Systems has received a £2m loan and equity backing from UKSE.,1212,16,25
37220139,business,bullet_points_strict,Scottish engineering services company ID Systems Ltd has announced plans to create 120 new jobs after securing a six-figure investment from UK Steel Enterprise (UKSE).,"UKSE has loaned £2m to a Glasgow-based steel company, ID Systems.",1212,11,25
37220139,business,one_sentence,Scottish engineering services company ID Systems Ltd has announced plans to create 120 new jobs after securing a six-figure investment from UK Steel Enterprise (UKSE).,"UKSE has loaned £1m to a Glasgow-based steel company, ID Systems, in a bid to increase its workforce.",1212,18,25
37220139,business,fact_constrained,Scottish engineering services company ID Systems Ltd has announced plans to create 120 new jobs after securing a six-figure investment from UK Steel Enterprise (UKSE).,The UK steel company ID Systems has received a £2m loan and equity backing from UKSE.,1212,16,25
38181168,sport,tldr,"A Brazilian football player who survived a plane crash in Colombia on Monday is recovering and may be able to resume his career, his father says.","A Brazilian footballer has been rescued from a plane crash in Colombia, despite warnings that he might not have enough fuel.",2882,21,26
38181168,sport,bullet_points,"A Brazilian football player who survived a plane crash in Colombia on Monday is recovering and may be able to resume his career, his father says.","A Brazilian footballer has been rescued from a plane crash in Colombia, despite warnings he might not have enough fuel.",2882,20,26
38181168,sport,bullet_points_strict,"A Brazilian football player who survived a plane crash in Colombia on Monday is recovering and may be able to resume his career, his father says.","A Brazilian footballer has been rescued from a plane crash in Colombia, despite warnings he might not have enough fuel.",2882,20,26
38181168,sport,one_sentence,"A Brazilian football player who survived a plane crash in Colombia on Monday is recovering and may be able to resume his career, his father says.",A Brazilian footballer has been rescued from a plane crash in Colombia.,2882,12,26
38181168,sport,fact_constrained,"A Brazilian football player who survived a plane crash in Colombia on Monday is recovering and may be able to resume his career, his father says.",A Brazilian footballer has been rescued from a plane crash in Colombia.,2882,12,26
38885462,entertainment,tldr,"Actor and broadcaster Sir Tony Robinson has said plans for a tunnel near Stonehenge in Wiltshire are too ""old-fashioned"" in outlook.",An anti-tunnel protest has taken place at Stonehenge in Wiltshire.,1757,10,21
38885462,entertainment,bullet_points,"Actor and broadcaster Sir Tony Robinson has said plans for a tunnel near Stonehenge in Wiltshire are too ""old-fashioned"" in outlook.",A protest has taken place in Wiltshire against plans to put the A303 into a tunnel at Stonehenge.,1757,18,21
38885462,entertainment,bullet_points_strict,"Actor and broadcaster Sir Tony Robinson has said plans for a tunnel near Stonehenge in Wiltshire are too ""old-fashioned"" in outlook.",An anti-tunnel protest has taken place at Stonehenge in Wiltshire.,1757,10,21
38885462,entertainment,one_sentence,"Actor and broadcaster Sir Tony Robinson has said plans for a tunnel near Stonehenge in Wiltshire are too ""old-fashioned"" in outlook.",A protest has taken place in Wiltshire against plans to put the A303 into a tunnel at Stonehenge.,1757,18,21
38885462,entertainment,fact_constrained,"Actor and broadcaster Sir Tony Robinson has said plans for a tunnel near Stonehenge in Wiltshire are too ""old-fashioned"" in outlook.",An anti-tunnel protest has taken place at Stonehenge in Wiltshire.,1757,10,21
29240782,business,tldr,Everton marked their Europa League return with a dominant victory over Germans Wolfsburg at Goodison Park.,Everton beat Wolfsburg 2-0 at Goodison Park to reach the Europa League quarter-finals.,4455,13,16
29240782,business,bullet_points,Everton marked their Europa League return with a dominant victory over Germans Wolfsburg at Goodison Park.,Everton beat Wolfsburg 2-0 at Goodison Park on Thursday to reach the quarter-finals of the Europa League.,4455,17,16
29240782,business,bullet_points_strict,Everton marked their Europa League return with a dominant victory over Germans Wolfsburg at Goodison Park.,Everton beat Wolfsburg 2-0 at Goodison Park to reach the Europa League quarter-finals.,4455,13,16
29240782,business,one_sentence,Everton marked their Europa League return with a dominant victory over Germans Wolfsburg at Goodison Park.,Everton beat Wolfsburg 2-0 at Goodison Park on Thursday to reach the Europa League quarter-finals.,4455,15,16
29240782,business,fact_constrained,Everton marked their Europa League return with a dominant victory over Germans Wolfsburg at Goodison Park.,Everton beat Wolfsburg 2-0 at Goodison Park on Thursday to reach the Europa League quarter-finals.,4455,15,16
39928191,business,tldr,Scunthorpe midfielder Neal Bishop has signed a one-year contract extension.,Birmingham City have signed former Blackpool and Blackpool midfielder Paul Bishop on a one-year contract.,375,15,10
39928191,business,bullet_points,Scunthorpe midfielder Neal Bishop has signed a one-year contract extension.,Birmingham City have signed midfielder Paul Bishop on a one-year contract.,375,11,10
39928191,business,bullet_points_strict,Scunthorpe midfielder Neal Bishop has signed a one-year contract extension.,"Birmingham City have relegated from League One after a disappointing season, according to manager Paul Bishop.",375,16,10
39928191,business,one_sentence,Scunthorpe midfielder Neal Bishop has signed a one-year contract extension.,"Birmingham City have relegated from the Championship after a disappointing season, with the club relegated from League One.",375,18,10
39928191,business,fact_constrained,Scunthorpe midfielder Neal Bishop has signed a one-year contract extension.,"Birmingham City have relegated from the Championship after a disappointing season, according to manager Paul Bishop.",375,16,10
35952861,tech,tldr,A man from Croydon has been charged with murder after the death of his partner last month.,A man has appeared in court charged with the murder of his partner.,363,13,17
35952861,tech,bullet_points,A man from Croydon has been charged with murder after the death of his partner last month.,A man has appeared in court charged with the murder of a woman.,363,13,17
35952861,tech,bullet_points_strict,A man from Croydon has been charged with murder after the death of his partner last month.,A man has appeared in court charged with the murder of his partner.,363,13,17
35952861,tech,one_sentence,A man from Croydon has been charged with murder after the death of his partner last month.,A man has appeared in court charged with the murder of a woman.,363,13,17
35952861,tech,fact_constrained,A man from Croydon has been charged with murder after the death of his partner last month.,A man has appeared in court charged with the murder of a woman.,363,13,17
21967739,tech,tldr,"It's a sobering thought for all us carriers of the Y chromosome, but prostate cancer kills almost as many men every year as breast cancer does women.","Prostate cancer is the most common cause of cancer death in men, according to a new study.",4320,17,27
21967739,tech,bullet_points,"It's a sobering thought for all us carriers of the Y chromosome, but prostate cancer kills almost as many men every year as breast cancer does women.","Prostate cancer is one of the most common causes of cancer death in men, according to a new study.",4320,19,27
21967739,tech,bullet_points_strict,"It's a sobering thought for all us carriers of the Y chromosome, but prostate cancer kills almost as many men every year as breast cancer does women.",Prostate cancer is one of the most common causes of cancer death in men.,4320,14,27
21967739,tech,one_sentence,"It's a sobering thought for all us carriers of the Y chromosome, but prostate cancer kills almost as many men every year as breast cancer does women.","Prostate cancer is the most common cause of cancer death in men, according to a new study.",4320,17,27
21967739,tech,fact_constrained,"It's a sobering thought for all us carriers of the Y chromosome, but prostate cancer kills almost as many men every year as breast cancer does women.",Prostate cancer is the most common cause of cancer death in men.,4320,12,27
39342460,sport,tldr,The Premiership's top try scorer Christian Wade scored two tries as leaders Wasps moved five points clear with a bonus-point win over Worcester.,Wasps' Christian Wade scored a hat-trick as Worcester beat Worcester to reach the semi-finals of the Pro12.,2564,17,23
39342460,sport,bullet_points,The Premiership's top try scorer Christian Wade scored two tries as leaders Wasps moved five points clear with a bonus-point win over Worcester.,Wasps' Christian Wade scored a hat-trick as Worcester beat Worcester to reach the semi-finals of the Super League.,2564,18,23
39342460,sport,bullet_points_strict,The Premiership's top try scorer Christian Wade scored two tries as leaders Wasps moved five points clear with a bonus-point win over Worcester.,Wasps' Christian Wade scored a hat-trick as Worcester fought back from a loss at Worcester.,2564,15,23
39342460,sport,one_sentence,The Premiership's top try scorer Christian Wade scored two tries as leaders Wasps moved five points clear with a bonus-point win over Worcester.,Wasps' Christian Wade scored a hat-trick as Worcester beat Worcester to reach the semi-finals of the Pro12.,2564,17,23
39342460,sport,fact_constrained,The Premiership's top try scorer Christian Wade scored two tries as leaders Wasps moved five points clear with a bonus-point win over Worcester.,Wasps' Christian Wade scored a hat-trick as Worcester beat Worcester to reach the semi-finals of the Pro12.,2564,17,23
32103205,politics,tldr,"A Frenchwoman injured in the attack on Tunisia's national museum has died of her wounds, bringing the total killed in the assault by Islamists to 22.",French President Francois Hollande is mourning the death of a Tunisian man who was killed in a raid on a Tunisian museum.,1190,22,26
32103205,politics,bullet_points,"A Frenchwoman injured in the attack on Tunisia's national museum has died of her wounds, bringing the total killed in the assault by Islamists to 22.",The death of a Tunisian man in a raid on a Tunisian museum has been confirmed.,1190,16,26
32103205,politics,bullet_points_strict,"A Frenchwoman injured in the attack on Tunisia's national museum has died of her wounds, bringing the total killed in the assault by Islamists to 22.",The death of a Tunisian man in a raid on a Tunisian museum has been confirmed.,1190,16,26
32103205,politics,one_sentence,"A Frenchwoman injured in the attack on Tunisia's national museum has died of her wounds, bringing the total killed in the assault by Islamists to 22.",The death of a Tunisian woman in a bomb attack on a Tunisian museum has been confirmed.,1190,17,26
32103205,politics,fact_constrained,"A Frenchwoman injured in the attack on Tunisia's national museum has died of her wounds, bringing the total killed in the assault by Islamists to 22.",The death of a Tunisian man in a bomb attack on a Tunisian museum has been confirmed.,1190,17,26
37936530,politics,tldr,Satellite images of Mosul have revealed how fighters from so-called Islamic State (IS) have destroyed much of the city's airport to render it unusable as Iraqi forces close in.,"The destruction of Mosul airport by Islamic State militants has rendered it worthless as an asset for attacking forces, according to satellite images.",2703,23,29
37936530,politics,bullet_points,Satellite images of Mosul have revealed how fighters from so-called Islamic State (IS) have destroyed much of the city's airport to render it unusable as Iraqi forces close in.,"The destruction of Mosul airport by Islamic State (IS) militants has left the airport worthless, according to satellite images.",2703,19,29
37936530,politics,bullet_points_strict,Satellite images of Mosul have revealed how fighters from so-called Islamic State (IS) have destroyed much of the city's airport to render it unusable as Iraqi forces close in.,"The destruction of Mosul airport by Islamic State (IS) militants has rendered the airport worthless, US satellite images show.",2703,19,29
37936530,politics,one_sentence,Satellite images of Mosul have revealed how fighters from so-called Islamic State (IS) have destroyed much of the city's airport to render it unusable as Iraqi forces close in.,"The destruction of Mosul airport by Islamic State (IS) militants has left the airport worthless, according to satellite images.",2703,19,29
37936530,politics,fact_constrained,Satellite images of Mosul have revealed how fighters from so-called Islamic State (IS) have destroyed much of the city's airport to render it unusable as Iraqi forces close in.,"The destruction of Mosul airport by Islamic State (IS) militants has left the airport worthless, according to satellite images.",2703,19,29
32112556,tech,tldr,"Network Rail has promised to do ""everything in its power"" to stop a repeat of the rail chaos at Christmas when it carries out work over Easter.",Work on the Crossrail line between Reading and London Paddington is due to start on Monday.,1147,16,27
32112556,tech,bullet_points,"Network Rail has promised to do ""everything in its power"" to stop a repeat of the rail chaos at Christmas when it carries out work over Easter.","Work on the Crossrail line between Reading and Paddington is due to start on Monday, Network Rail has said.",1147,19,27
32112556,tech,bullet_points_strict,"Network Rail has promised to do ""everything in its power"" to stop a repeat of the rail chaos at Christmas when it carries out work over Easter.",Work on the Crossrail line between Reading and Paddington is due to start on Monday.,1147,15,27
32112556,tech,one_sentence,"Network Rail has promised to do ""everything in its power"" to stop a repeat of the rail chaos at Christmas when it carries out work over Easter.",Work on the Crossrail line between Reading and Paddington is expected to be completed by the end of the Easter break.,1147,21,27
32112556,tech,fact_constrained,"Network Rail has promised to do ""everything in its power"" to stop a repeat of the rail chaos at Christmas when it carries out work over Easter.",Rail services between Reading and Paddington are to be closed for the first time since the closure of King's Cross in December.,1147,22,27
34157697,tech,tldr,Permission has been given for exploratory drilling for oil and gas in the Vale of Glamorgan.,Natural Resources Wales has approved a permit for exploratory drilling on a field in Swansea.,1302,15,16
34157697,tech,bullet_points,Permission has been given for exploratory drilling for oil and gas in the Vale of Glamorgan.,Natural Resources Wales has approved a permit for exploratory drilling on a field in Swansea.,1302,15,16
34157697,tech,bullet_points_strict,Permission has been given for exploratory drilling for oil and gas in the Vale of Glamorgan.,Natural Resources Wales has approved a permit for exploratory drilling on a field in Swansea.,1302,15,16
34157697,tech,one_sentence,Permission has been given for exploratory drilling for oil and gas in the Vale of Glamorgan.,Natural Resources Wales has approved a permit for exploratory drilling on a field in Swansea.,1302,15,16
34157697,tech,fact_constrained,Permission has been given for exploratory drilling for oil and gas in the Vale of Glamorgan.,Natural Resources Wales has approved a permit for exploratory drilling in Swansea.,1302,12,16
32880098,business,tldr,"Amazon, the global online retailer, is changing the way it records sales in a move that could see it paying more tax.","Amazon has announced that it will register sales in the UK, Germany, Spain and Italy.",1375,15,22
32880098,business,bullet_points,"Amazon, the global online retailer, is changing the way it records sales in a move that could see it paying more tax.","Amazon has announced that it will be registering sales in the UK, Germany, Spain and Italy.",1375,16,22
32880098,business,bullet_points_strict,"Amazon, the global online retailer, is changing the way it records sales in a move that could see it paying more tax.","Amazon has announced that it will register sales in the UK, Germany, Spain and Italy.",1375,15,22
32880098,business,one_sentence,"Amazon, the global online retailer, is changing the way it records sales in a move that could see it paying more tax.","Amazon has announced that it will open a branch in the UK, Germany, Spain and Italy.",1375,16,22
32880098,business,fact_constrained,"Amazon, the global online retailer, is changing the way it records sales in a move that could see it paying more tax.","Amazon has announced that it will open a branch in the UK, Germany, Spain and Italy.",1375,16,22
35275918,politics,tldr,"Junior doctors should suspend Tuesday's strike action over pay and conditions while talks continue, the chief medical officer for England has urged.",The head of junior doctors' union has called on the government to halt a strike by junior doctors.,1697,18,22
35275918,politics,bullet_points,"Junior doctors should suspend Tuesday's strike action over pay and conditions while talks continue, the chief medical officer for England has urged.",The chief executive of the NHS has called on junior doctors to take strike action.,1697,15,22
35275918,politics,bullet_points_strict,"Junior doctors should suspend Tuesday's strike action over pay and conditions while talks continue, the chief medical officer for England has urged.",The head of junior doctors' union has called on the government to halt a strike by junior doctors.,1697,18,22
35275918,politics,one_sentence,"Junior doctors should suspend Tuesday's strike action over pay and conditions while talks continue, the chief medical officer for England has urged.",The chief executive of the NHS has called on junior doctors to take strike action.,1697,15,22
35275918,politics,fact_constrained,"Junior doctors should suspend Tuesday's strike action over pay and conditions while talks continue, the chief medical officer for England has urged.",The head of junior doctors' unions has called on the government to halt a strike by junior doctors.,1697,18,22
35926534,sport,tldr,Oxford United have extended the loan of right-back Jonjoe Kenny from Premier League side Everton until the end of the season.,Oxford United have signed midfielder Ben Kenny on loan until the end of the season.,387,15,21
35926534,sport,bullet_points,Oxford United have extended the loan of right-back Jonjoe Kenny from Premier League side Everton until the end of the season.,Oxford United have signed midfielder Ben Kenny on loan until the end of the season.,387,15,21
35926534,sport,bullet_points_strict,Oxford United have extended the loan of right-back Jonjoe Kenny from Premier League side Everton until the end of the season.,Oxford United have signed midfielder Ben Kenny on loan until the end of the season.,387,15,21
35926534,sport,one_sentence,Oxford United have extended the loan of right-back Jonjoe Kenny from Premier League side Everton until the end of the season.,Oxford United have signed midfielder Ben Kenny on loan until the end of the season.,387,15,21
35926534,sport,fact_constrained,Oxford United have extended the loan of right-back Jonjoe Kenny from Premier League side Everton until the end of the season.,Oxford United have signed midfielder Ben Kenny on loan until the end of the season.,387,15,21
22006912,tech,tldr,A further education college in Dorset has received more than £2.88m in government funding to renovate buildings on campus.,Two colleges in England have been awarded £1.5m in grants to improve their facilities.,1128,14,19
22006912,tech,bullet_points,A further education college in Dorset has received more than £2.88m in government funding to renovate buildings on campus.,Two colleges in England have been awarded £1.5m in grants to improve their facilities.,1128,14,19
22006912,tech,bullet_points_strict,A further education college in Dorset has received more than £2.88m in government funding to renovate buildings on campus.,Two colleges in England have been awarded £1.5m in grants to improve their facilities.,1128,14,19
22006912,tech,one_sentence,A further education college in Dorset has received more than £2.88m in government funding to renovate buildings on campus.,A school in Hampshire has been awarded £1.5m for a new animal science building.,1128,14,19
22006912,tech,fact_constrained,A further education college in Dorset has received more than £2.88m in government funding to renovate buildings on campus.,Two colleges in England have been awarded £1.5m in grants to improve their facilities.,1128,14,19
28374193,sport,tldr,"The family of the former footballer Jeff Astle is to meet the FA chairman next month to discuss head injuries in the game, as part of their campaign.",The family of former West Brom striker Jeff Astle have been invited to a meeting to discuss the issue of head injuries and concussions.,1548,24,28
28374193,sport,bullet_points,"The family of the former footballer Jeff Astle is to meet the FA chairman next month to discuss head injuries in the game, as part of their campaign.",The family of former West Brom striker Jeff Astle have been invited to a meeting of the Football Association.,1548,19,28
28374193,sport,bullet_points_strict,"The family of the former footballer Jeff Astle is to meet the FA chairman next month to discuss head injuries in the game, as part of their campaign.",The family of former West Brom striker Jeff Astle have been invited to a meeting to discuss head injuries and concussions.,1548,21,28
28374193,sport,one_sentence,"The family of the former footballer Jeff Astle is to meet the FA chairman next month to discuss head injuries in the game, as part of their campaign.",The family of former West Brom striker Jeff Astle have been invited to a meeting at Wembley to discuss head injuries and concussions.,1548,23,28
28374193,sport,fact_constrained,"The family of the former footballer Jeff Astle is to meet the FA chairman next month to discuss head injuries in the game, as part of their campaign.",The family of former West Brom striker Jeff Astle have been invited to a meeting of the Football Association.,1548,19,28
30689144,business,tldr,These days it is not enough just to be a millionaire to count yourself as one of the super-rich - you need to be worth between $50-100m (£33m-£66m).,The gap between rich and poor has grown sharply since the 2008 global financial crisis.,7643,15,28
30689144,business,bullet_points,These days it is not enough just to be a millionaire to count yourself as one of the super-rich - you need to be worth between $50-100m (£33m-£66m).,The wealth gap between rich and poor has grown sharply since the 2008 global financial crisis.,7643,16,28
30689144,business,bullet_points_strict,These days it is not enough just to be a millionaire to count yourself as one of the super-rich - you need to be worth between $50-100m (£33m-£66m).,The wealth gap between rich and poor has grown sharply since the 2008 global financial crisis.,7643,16,28
30689144,business,one_sentence,These days it is not enough just to be a millionaire to count yourself as one of the super-rich - you need to be worth between $50-100m (£33m-£66m).,The wealth gap between rich and poor has grown sharply since the 2008 global financial crisis.,7643,16,28
30689144,business,fact_constrained,These days it is not enough just to be a millionaire to count yourself as one of the super-rich - you need to be worth between $50-100m (£33m-£66m).,The wealth gap between rich and poor has grown sharply since the 2008 global financial crisis.,7643,16,28
39127657,sport,tldr,Brothers Ben and Tom Curry have signed five-year contracts with Sale Sharks.,Sale Sharks have signed Sale Sharks winger Tom and his twin brother Tom on loan until the end of the season.,672,21,12
39127657,sport,bullet_points,Brothers Ben and Tom Curry have signed five-year contracts with Sale Sharks.,Sale Sharks have signed Sale Sharks winger Tom O'Toole on loan until the end of the season.,672,17,12
39127657,sport,bullet_points_strict,Brothers Ben and Tom Curry have signed five-year contracts with Sale Sharks.,Sale Sharks have signed Sale Sharks winger Tom and his twin brother Tom on loan until the end of the season.,672,21,12
39127657,sport,one_sentence,Brothers Ben and Tom Curry have signed five-year contracts with Sale Sharks.,Sale Sharks have signed Sale Sharks winger Tom O'Toole on loan until the end of the season.,672,17,12
39127657,sport,fact_constrained,Brothers Ben and Tom Curry have signed five-year contracts with Sale Sharks.,Sale Sharks have signed Sale Sharks winger Tom O'Toole on loan until the end of the season.,672,17,12
37666633,entertainment,tldr,Police in Fife are searching for a man who was seen exposing himself in Dunfermline.,A 20-year-old man has been arrested in connection with a robbery in London.,282,13,15
37666633,entertainment,bullet_points,Police in Fife are searching for a man who was seen exposing himself in Dunfermline.,A 20-year-old man has been arrested on suspicion of raping a woman in a London street.,282,16,15
37666633,entertainment,bullet_points_strict,Police in Fife are searching for a man who was seen exposing himself in Dunfermline.,A 21-year-old man has been arrested on suspicion of attempted murder after a man was stabbed to death in London.,282,20,15
37666633,entertainment,one_sentence,Police in Fife are searching for a man who was seen exposing himself in Dunfermline.,A man has been arrested on suspicion of attempted murder after a man was stabbed to death in a block of flats in London.,282,24,15
37666633,entertainment,fact_constrained,Police in Fife are searching for a man who was seen exposing himself in Dunfermline.,A 20-year-old man has been arrested in connection with a robbery in London.,282,13,15
32856926,politics,tldr,A UN conference aimed at preventing the proliferation of nuclear weapons has ended in failure after a row over a nuclear-free Middle East proposal.,Egypt has blocked a plan to hold a regional conference on Israel's nuclear weapons stockpile.,1301,15,24
32856926,politics,bullet_points,A UN conference aimed at preventing the proliferation of nuclear weapons has ended in failure after a row over a nuclear-free Middle East proposal.,Egypt has blocked a plan to hold a regional conference on Israel's nuclear weapons stockpile.,1301,15,24
32856926,politics,bullet_points_strict,A UN conference aimed at preventing the proliferation of nuclear weapons has ended in failure after a row over a nuclear-free Middle East proposal.,Egypt has blocked a plan to hold a regional conference on Israel's nuclear weapons stockpile.,1301,15,24
32856926,politics,one_sentence,A UN conference aimed at preventing the proliferation of nuclear weapons has ended in failure after a row over a nuclear-free Middle East proposal.,Egypt has blocked a plan to hold a regional conference on Israel's nuclear weapons stockpile.,1301,15,24
32856926,politics,fact_constrained,A UN conference aimed at preventing the proliferation of nuclear weapons has ended in failure after a row over a nuclear-free Middle East proposal.,Egypt has blocked a plan to hold a regional conference on Israel's nuclear weapons stockpile.,1301,15,24
33935224,business,tldr,"Fracking for shale gas in Wales should still be opposed despite plans to fast-track such schemes in England, the Welsh government has said.","Fracking in Wales is ""unproven"" and ""unproven"", the Welsh government has said.",1750,12,23
33935224,business,bullet_points,"Fracking for shale gas in Wales should still be opposed despite plans to fast-track such schemes in England, the Welsh government has said.","Fracking is a major industry in the United States, but there are concerns about safety, the environment and underground water.",1750,20,23
33935224,business,bullet_points_strict,"Fracking for shale gas in Wales should still be opposed despite plans to fast-track such schemes in England, the Welsh government has said.",The UK government has urged councils in Wales to make decisions on fracking applications within statutory timescales.,1750,17,23
33935224,business,one_sentence,"Fracking for shale gas in Wales should still be opposed despite plans to fast-track such schemes in England, the Welsh government has said.","Fracking is a major industry in the United States, but the UK government says it is ""unproven"" and ""unproven"".",1750,19,23
33935224,business,fact_constrained,"Fracking for shale gas in Wales should still be opposed despite plans to fast-track such schemes in England, the Welsh government has said.",Fracking has been banned in Wales for a second time in a row over safety and environmental concerns.,1750,18,23
37638479,sport,tldr,"For a man often described as capricious, Tyson Fury's chaotic reign as world heavyweight champion was strangely predictable.",The British boxer Tyson Fury says he's not the first person to lose motivation.,8981,14,18
37638479,sport,bullet_points,"For a man often described as capricious, Tyson Fury's chaotic reign as world heavyweight champion was strangely predictable.","Whether it's a lack of motivation or a lack of a sense of purpose, it's difficult to know what's going on.",8981,21,18
37638479,sport,bullet_points_strict,"For a man often described as capricious, Tyson Fury's chaotic reign as world heavyweight champion was strangely predictable.",It's a shame that boxer Tyson Fury has withdrawn from the rematch with Klitschko because of depression.,8981,17,18
37638479,sport,one_sentence,"For a man often described as capricious, Tyson Fury's chaotic reign as world heavyweight champion was strangely predictable.",Defending champion Tyson Fury has been battling depression for the past two years.,8981,13,18
37638479,sport,fact_constrained,"For a man often described as capricious, Tyson Fury's chaotic reign as world heavyweight champion was strangely predictable.",The British boxer Tyson Fury has been in a constant state of denial since his victory over Klitschko in November.,8981,20,18
37512857,sport,tldr,England coach Eddie Jones will name his 45-man Elite Player Squad squad ahead of the autumn Tests at 10:00 BST on Friday.,England head coach Dai Young says he expects a number of players to be named in England's final squad for the autumn Tests.,2590,23,22
37512857,sport,bullet_points,England coach Eddie Jones will name his 45-man Elite Player Squad squad ahead of the autumn Tests at 10:00 BST on Friday.,England head coach Eddie Jones says he expects a number of players to make the England squad for the autumn Tests.,2590,21,22
37512857,sport,bullet_points_strict,England coach Eddie Jones will name his 45-man Elite Player Squad squad ahead of the autumn Tests at 10:00 BST on Friday.,"England will have a number of players in their squad for the autumn Tests, says the head coach of Wasps.",2590,20,22
37512857,sport,one_sentence,England coach Eddie Jones will name his 45-man Elite Player Squad squad ahead of the autumn Tests at 10:00 BST on Friday.,England head coach Eddie Jones says he expects a number of players to make the England squad for the autumn Tests.,2590,21,22
37512857,sport,fact_constrained,England coach Eddie Jones will name his 45-man Elite Player Squad squad ahead of the autumn Tests at 10:00 BST on Friday.,England head coach Eddie Jones has said he expects a number of players to make the England squad for the autumn Tests.,2590,22,22
33446602,entertainment,tldr,A collection of paintings capturing the landscapes and legacy of life on the North East coast is going on display.,The first major exhibition of his paintings has been held in his hometown of North Shields.,1681,16,20
33446602,entertainment,bullet_points,A collection of paintings capturing the landscapes and legacy of life on the North East coast is going on display.,The first major exhibition of his paintings has been held in his hometown of North Shields.,1681,16,20
33446602,entertainment,bullet_points_strict,A collection of paintings capturing the landscapes and legacy of life on the North East coast is going on display.,The first major exhibition of his paintings has been held in his hometown of North Shields.,1681,16,20
33446602,entertainment,one_sentence,A collection of paintings capturing the landscapes and legacy of life on the North East coast is going on display.,The first major exhibition to be held in North Shields since the artist's death has opened.,1681,16,20
33446602,entertainment,fact_constrained,A collection of paintings capturing the landscapes and legacy of life on the North East coast is going on display.,The first major exhibition of his paintings has been held in his hometown of North Shields.,1681,16,20
37799828,sport,tldr,Hibernian's Neil Lennon believes Scott Brown retired too soon from Scotland duty and still has plenty to offer now he has decided to return.,"Neil Lennon says Scott Brown's return to the Scotland squad is ""not a surprise"" because he thought he retired too early.",2378,21,24
37799828,sport,bullet_points,Hibernian's Neil Lennon believes Scott Brown retired too soon from Scotland duty and still has plenty to offer now he has decided to return.,"Scotland manager Neil Lennon says Scott Brown's return to the Scotland squad is ""not a surprise"" because he thought he retired too early.",2378,23,24
37799828,sport,bullet_points_strict,Hibernian's Neil Lennon believes Scott Brown retired too soon from Scotland duty and still has plenty to offer now he has decided to return.,"Scotland manager Neil Lennon says Scott Brown's return to the Scotland squad is ""not a surprise"" because he thought he retired too early.",2378,23,24
37799828,sport,one_sentence,Hibernian's Neil Lennon believes Scott Brown retired too soon from Scotland duty and still has plenty to offer now he has decided to return.,Scotland manager Neil Lennon says Scott Brown's return to the Scotland squad is not a surprise.,2378,16,24
37799828,sport,fact_constrained,Hibernian's Neil Lennon believes Scott Brown retired too soon from Scotland duty and still has plenty to offer now he has decided to return.,Neil Lennon says Scott Brown's return to the Scotland squad is not a surprise because he thought he retired too early.,2378,21,24
37250267,entertainment,tldr,A buzzard has been rescued after becoming trapped between fencing and a wall in Gwynedd.,A buzzard has been released from a fence in Washington state.,301,11,15
37250267,entertainment,bullet_points,A buzzard has been rescued after becoming trapped between fencing and a wall in Gwynedd.,A buzzard has been released from a fence after a pigeon was chasing it.,301,14,15
37250267,entertainment,bullet_points_strict,A buzzard has been rescued after becoming trapped between fencing and a wall in Gwynedd.,A buzzard has been released from a fence after a pigeon was chasing it.,301,14,15
37250267,entertainment,one_sentence,A buzzard has been rescued after becoming trapped between fencing and a wall in Gwynedd.,A buzzard has been released from a fence in Washington state.,301,11,15
37250267,entertainment,fact_constrained,A buzzard has been rescued after becoming trapped between fencing and a wall in Gwynedd.,A buzzard has been released from a fence after being stuck in a fence.,301,14,15
38296460,business,tldr,"Post Office workers will stage five days of strikes from Monday in a continuing dispute over jobs, pensions and branch closures, their union says.",Workers from the Post Office are to walk out of their jobs after the company announced plans to close its branches.,1249,21,24
38296460,business,bullet_points,"Post Office workers will stage five days of strikes from Monday in a continuing dispute over jobs, pensions and branch closures, their union says.",The Post Office has said it will walk out of its WH Smith stores on Wednesday as part of a planned strike.,1249,22,24
38296460,business,bullet_points_strict,"Post Office workers will stage five days of strikes from Monday in a continuing dispute over jobs, pensions and branch closures, their union says.",Workers from the Post Office are to walk out of their jobs after the company announced plans to privatise the network.,1249,21,24
38296460,business,one_sentence,"Post Office workers will stage five days of strikes from Monday in a continuing dispute over jobs, pensions and branch closures, their union says.",The Post Office has said it will walk out of its WH Smith stores after a walkout.,1249,17,24
38296460,business,fact_constrained,"Post Office workers will stage five days of strikes from Monday in a continuing dispute over jobs, pensions and branch closures, their union says.",The Post Office is to walk out of its WH Smith stores after a strike by workers.,1249,17,24
38973171,politics,tldr,The Ulster Unionist leader has denied he made a mistake by saying he intends to give the SDLP his second preference in the Assembly election.,Ulster Unionist leader Mike Nesbitt has said he would rather go in with Sinn Fin or the SDLP.,2563,18,25
38973171,politics,bullet_points,The Ulster Unionist leader has denied he made a mistake by saying he intends to give the SDLP his second preference in the Assembly election.,The leader of the Ulster Unionist Party has said he would rather go in with Sinn Féin or the SDLP.,2563,20,25
38973171,politics,bullet_points_strict,The Ulster Unionist leader has denied he made a mistake by saying he intends to give the SDLP his second preference in the Assembly election.,The leader of the Ulster Unionist Party has said he would rather go in with Sinn Féin or the SDLP.,2563,20,25
38973171,politics,one_sentence,The Ulster Unionist leader has denied he made a mistake by saying he intends to give the SDLP his second preference in the Assembly election.,The leader of the Ulster Unionist Party has said he would rather go in with Sinn Féin or the SDLP.,2563,20,25
38973171,politics,fact_constrained,The Ulster Unionist leader has denied he made a mistake by saying he intends to give the SDLP his second preference in the Assembly election.,The leader of the Ulster Unionist Party has said he would rather go in with Sinn Féin or the SDLP.,2563,20,25
39229366,tech,tldr,Steroids and medicines with an estimated street value of some 2m euros (Â£1.7m) have been seized in Donegal.,"Police in Northern Ireland have raided a number of locations in the Republic of Ireland, including Muff and Lifford.",543,19,18
39229366,tech,bullet_points,Steroids and medicines with an estimated street value of some 2m euros (Â£1.7m) have been seized in Donegal.,A man has been arrested in Northern Ireland after a series of drug raids in the Republic of Ireland.,543,19,18
39229366,tech,bullet_points_strict,Steroids and medicines with an estimated street value of some 2m euros (Â£1.7m) have been seized in Donegal.,A man has been arrested in Northern Ireland after a series of drug raids.,543,14,18
39229366,tech,one_sentence,Steroids and medicines with an estimated street value of some 2m euros (Â£1.7m) have been seized in Donegal.,Police in Northern Ireland have arrested a man in his 30s after a series of raids in the Republic of Ireland.,543,21,18
39229366,tech,fact_constrained,Steroids and medicines with an estimated street value of some 2m euros (Â£1.7m) have been seized in Donegal.,Police in Northern Ireland have arrested a man in his 30s after a series of raids in the Republic of Ireland.,543,21,18
36836031,politics,tldr,"Sinn FÃ©in leader Gerry Adams has said there is ""a need to be open and imaginative"" on new constitutional arrangements.",Northern Ireland's Stormont executive has urged all parties to support a united Ireland if the UK leaves the EU.,1648,19,20
36836031,politics,bullet_points,"Sinn FÃ©in leader Gerry Adams has said there is ""a need to be open and imaginative"" on new constitutional arrangements.",Northern Ireland's Stormont executive has urged all parties to support a united Ireland if the UK leaves the EU.,1648,19,20
36836031,politics,bullet_points_strict,"Sinn FÃ©in leader Gerry Adams has said there is ""a need to be open and imaginative"" on new constitutional arrangements.",Northern Ireland's Stormont executive has called on all parties to support a united Ireland.,1648,14,20
36836031,politics,one_sentence,"Sinn FÃ©in leader Gerry Adams has said there is ""a need to be open and imaginative"" on new constitutional arrangements.","Sinn Féin leader Martin McGuinness has called for a ""fanciful theory"" that triggering a border poll could lead to a united Ireland.",1648,22,20
36836031,politics,fact_constrained,"Sinn FÃ©in leader Gerry Adams has said there is ""a need to be open and imaginative"" on new constitutional arrangements.",Northern Ireland's Stormont executive has urged all parties supporting a united Ireland to discuss how best to achieve it.,1648,19,20
37159611,sport,tldr,"Morecambe must not get carried away despite sitting top of League Two, says Shrimps boss Jim Bentley.","Morecambe manager Paul Bentley says he is ""not too high and never too low"" after his side's 1-0 win over Rotherham.",1008,21,17
37159611,sport,bullet_points,"Morecambe must not get carried away despite sitting top of League Two, says Shrimps boss Jim Bentley.","Morecambe manager Paul Bentley says he is ""not too high and never too low"" after his side's 1-0 win over Rotherham.",1008,21,17
37159611,sport,bullet_points_strict,"Morecambe must not get carried away despite sitting top of League Two, says Shrimps boss Jim Bentley.","Morecambe manager Paul Bentley says he is ""not too high and never too low"" after his side's 1-0 win over Rotherham.",1008,21,17
37159611,sport,one_sentence,"Morecambe must not get carried away despite sitting top of League Two, says Shrimps boss Jim Bentley.","Morecambe manager Paul Bentley says he is ""not too high and never too low"" after his side's 1-0 win over Rotherham.",1008,21,17
37159611,sport,fact_constrained,"Morecambe must not get carried away despite sitting top of League Two, says Shrimps boss Jim Bentley.","Morecambe manager Paul Bentley says he is ""not too high and never too low"" after his side's 1-0 win over Rotherham.",1008,21,17
40399770,politics,tldr,"Some demands set by four Arab states on Qatar in return for lifting sanctions will be ""difficult to meet"", US Secretary of State Rex Tillerson says.","US Secretary of State Rex Tillerson has urged Qatar to meet the demands made by Saudi Arabia, Egypt, the UAE and Bahrain.",3134,22,26
40399770,politics,bullet_points,"Some demands set by four Arab states on Qatar in return for lifting sanctions will be ""difficult to meet"", US Secretary of State Rex Tillerson says.","US Secretary of State Rex Tillerson has urged Qatar to meet the demands of four Gulf states, including Saudi Arabia, Egypt and the UAE.",3134,24,26
40399770,politics,bullet_points_strict,"Some demands set by four Arab states on Qatar in return for lifting sanctions will be ""difficult to meet"", US Secretary of State Rex Tillerson says.",US Secretary of State Rex Tillerson has urged Qatar to lower its rhetoric in a bid to ease tensions over terrorism and extremism.,3134,23,26
40399770,politics,one_sentence,"Some demands set by four Arab states on Qatar in return for lifting sanctions will be ""difficult to meet"", US Secretary of State Rex Tillerson says.",US Secretary of State Rex Tillerson has urged Qatar to lower its rhetoric in response to a series of demands made by Saudi Arabia and its allies.,3134,27,26
40399770,politics,fact_constrained,"Some demands set by four Arab states on Qatar in return for lifting sanctions will be ""difficult to meet"", US Secretary of State Rex Tillerson says.",US Secretary of State Rex Tillerson has urged the Gulf states to work together to stop terrorism and counter extremism.,3134,20,26
36892561,politics,tldr,"UKIP ex-deputy chairwoman Suzanne Evans says she has given up hope of becoming the party's next leader - but insists she will not ""give up"" on UKIP.",UKIP's former spokeswoman Sarah Evans has said she has given up hope of becoming the party's next leader.,2611,18,27
36892561,politics,bullet_points,"UKIP ex-deputy chairwoman Suzanne Evans says she has given up hope of becoming the party's next leader - but insists she will not ""give up"" on UKIP.",Former UKIP spokeswoman Sarah Evans has said she has given up hope of becoming the party's next leader.,2611,18,27
36892561,politics,bullet_points_strict,"UKIP ex-deputy chairwoman Suzanne Evans says she has given up hope of becoming the party's next leader - but insists she will not ""give up"" on UKIP.",UKIP's former spokeswoman Sarah Evans has said she has given up hope of becoming the party's next leader.,2611,18,27
36892561,politics,one_sentence,"UKIP ex-deputy chairwoman Suzanne Evans says she has given up hope of becoming the party's next leader - but insists she will not ""give up"" on UKIP.",Former UKIP spokeswoman Sarah Evans has said she has given up hope of becoming the party's next leader.,2611,18,27
36892561,politics,fact_constrained,"UKIP ex-deputy chairwoman Suzanne Evans says she has given up hope of becoming the party's next leader - but insists she will not ""give up"" on UKIP.",UKIP's ex-chairwoman Helen Evans has said she has given up hope of becoming the party's next leader.,2611,17,27
30791800,tech,tldr,A court in the Indian capital has formally charged a driver of the Uber web-based taxi firm with the rape and kidnapping of a passenger last month.,A taxi driver in Delhi has been charged with raping and abducting a woman.,1079,14,27
30791800,tech,bullet_points,A court in the Indian capital has formally charged a driver of the Uber web-based taxi firm with the rape and kidnapping of a passenger last month.,"A taxi driver in Delhi has been charged with raping and abducting a woman, police say.",1079,16,27
30791800,tech,bullet_points_strict,A court in the Indian capital has formally charged a driver of the Uber web-based taxi firm with the rape and kidnapping of a passenger last month.,"A taxi driver has been charged with raping a woman in Delhi, police say.",1079,14,27
30791800,tech,one_sentence,A court in the Indian capital has formally charged a driver of the Uber web-based taxi firm with the rape and kidnapping of a passenger last month.,"A taxi driver in Delhi has been charged with raping and abducting a woman, police say.",1079,16,27
30791800,tech,fact_constrained,A court in the Indian capital has formally charged a driver of the Uber web-based taxi firm with the rape and kidnapping of a passenger last month.,"A taxi driver has been charged with raping a woman in Delhi, police say.",1079,14,27
36732018,sport,tldr,"Standing hand-in-hand like theatre actors at their curtain call, Wales' players were met with a spine-tingling rendition of the national anthem from their fans following their European Championship semi-final defeat by Portugal.",It was a moment of adoration between Wales' players and fans in France.,6453,13,32
36732018,sport,bullet_points,"Standing hand-in-hand like theatre actors at their curtain call, Wales' players were met with a spine-tingling rendition of the national anthem from their fans following their European Championship semi-final defeat by Portugal.",It was the end of the Euro 2016 campaign for Wales.,6453,11,32
36732018,sport,bullet_points_strict,"Standing hand-in-hand like theatre actors at their curtain call, Wales' players were met with a spine-tingling rendition of the national anthem from their fans following their European Championship semi-final defeat by Portugal.",It was the end of the Euro 2016 campaign for Wales.,6453,11,32
36732018,sport,one_sentence,"Standing hand-in-hand like theatre actors at their curtain call, Wales' players were met with a spine-tingling rendition of the national anthem from their fans following their European Championship semi-final defeat by Portugal.",It was a moment of adoration for Wales' players and fans in France.,6453,13,32
36732018,sport,fact_constrained,"Standing hand-in-hand like theatre actors at their curtain call, Wales' players were met with a spine-tingling rendition of the national anthem from their fans following their European Championship semi-final defeat by Portugal.",It was the end of the Euro 2016 campaign for Wales.,6453,11,32
37230405,business,tldr,Ferguslie Park in Paisley has been identified as the area of Scotland with the greatest level of deprivation.,Renfrewshire area has been at the bottom of Scotland's most deprived areas for four years.,4899,15,18
37230405,business,bullet_points,Ferguslie Park in Paisley has been identified as the area of Scotland with the greatest level of deprivation.,"Renfrewshire area is the most deprived in Scotland, according to new figures.",4899,12,18
37230405,business,bullet_points_strict,Ferguslie Park in Paisley has been identified as the area of Scotland with the greatest level of deprivation.,Renfrewshire area has been at the bottom of Scotland's most deprived areas for four years.,4899,15,18
37230405,business,one_sentence,Ferguslie Park in Paisley has been identified as the area of Scotland with the greatest level of deprivation.,"East Renfrewshire area is the most deprived in Scotland, according to new figures.",4899,13,18
37230405,business,fact_constrained,Ferguslie Park in Paisley has been identified as the area of Scotland with the greatest level of deprivation.,Renfrewshire area has been at the bottom of Scotland's most deprived areas for four years.,4899,15,18
37187968,sport,tldr,Coleraine rower Joel Cassells and Great Britain team-mate Sam Scrimgeour remain on course to defend their lightweight pairs world title after winning their semi-final in Rotterdam on Thursday.,Britain's Mark Cassells and Shane Scrimgeour won the lightweight pairs final at the World Championships in Rotterdam.,1213,17,28
37187968,sport,bullet_points,Coleraine rower Joel Cassells and Great Britain team-mate Sam Scrimgeour remain on course to defend their lightweight pairs world title after winning their semi-final in Rotterdam on Thursday.,Britain's Mark Cassells and Shane Scrimgeour won the lightweight pairs final at the World Championships in Rotterdam on Sunday.,1213,19,28
37187968,sport,bullet_points_strict,Coleraine rower Joel Cassells and Great Britain team-mate Sam Scrimgeour remain on course to defend their lightweight pairs world title after winning their semi-final in Rotterdam on Thursday.,Britain's Mark Cassells and Gary Scrimgeour won the lightweight pairs final at the Rotterdam World Championships in Rotterdam.,1213,18,28
37187968,sport,one_sentence,Coleraine rower Joel Cassells and Great Britain team-mate Sam Scrimgeour remain on course to defend their lightweight pairs world title after winning their semi-final in Rotterdam on Thursday.,Britain's Mark Cassells and Shane Scrimgeour won the lightweight pairs final at the World Championships in Rotterdam on Sunday.,1213,19,28
37187968,sport,fact_constrained,Coleraine rower Joel Cassells and Great Britain team-mate Sam Scrimgeour remain on course to defend their lightweight pairs world title after winning their semi-final in Rotterdam on Thursday.,Britain's Mark Cassells and Gary Scrimgeour won the lightweight pairs final at the Rotterdam World Championships in Rotterdam.,1213,18,28
40557517,sport,tldr,Former Kilmarnock winger Chris Johnston has become the third player to sign for Dumbarton this summer after leaving relegated Raith Rovers.,Kilmarnock Rovers have signed former Airdrieonians and Airdrie Rovers midfielder Johnston on a one-year deal.,547,15,21
40557517,sport,bullet_points,Former Kilmarnock winger Chris Johnston has become the third player to sign for Dumbarton this summer after leaving relegated Raith Rovers.,Kilmarnock Rovers have signed former Airdrieonians midfielder Michael Johnston on a one-year deal.,547,13,21
40557517,sport,bullet_points_strict,Former Kilmarnock winger Chris Johnston has become the third player to sign for Dumbarton this summer after leaving relegated Raith Rovers.,Kilmarnock Rovers have signed Kilmarnock defender James Johnston on a one-year deal.,547,12,21
40557517,sport,one_sentence,Former Kilmarnock winger Chris Johnston has become the third player to sign for Dumbarton this summer after leaving relegated Raith Rovers.,Kilmarnock Rovers have signed former Airdrieonians midfielder Michael Johnston on a one-year deal.,547,13,21
40557517,sport,fact_constrained,Former Kilmarnock winger Chris Johnston has become the third player to sign for Dumbarton this summer after leaving relegated Raith Rovers.,Kilmarnock Rovers have signed former Airdrieonians and Kilmarnock midfielder Johnston on a one-year deal.,547,14,21
37459852,sport,tldr,"James Milner's late penalty gave Liverpool a hard-fought victory over Swansea, increasing the scrutiny on Swans boss Francesco Guidolin.",Liverpool and Swansea City.,7765,4,19
37459852,sport,bullet_points,"James Milner's late penalty gave Liverpool a hard-fought victory over Swansea, increasing the scrutiny on Swans boss Francesco Guidolin.",Liverpool and Swansea City.,7765,4,19
37459852,sport,bullet_points_strict,"James Milner's late penalty gave Liverpool a hard-fought victory over Swansea, increasing the scrutiny on Swans boss Francesco Guidolin.",Liverpool and Swansea City.,7765,4,19
37459852,sport,one_sentence,"James Milner's late penalty gave Liverpool a hard-fought victory over Swansea, increasing the scrutiny on Swans boss Francesco Guidolin.",Liverpool and Swansea City.,7765,4,19
37459852,sport,fact_constrained,"James Milner's late penalty gave Liverpool a hard-fought victory over Swansea, increasing the scrutiny on Swans boss Francesco Guidolin.",Liverpool and Swansea City.,7765,4,19
24103221,sport,tldr,"Scottish rugby suffered two body blows this week and, rather like boxer Ricky Burns who ""drew"" with his opponent after getting one heck of a hiding from opponent Raymundo Beltran, it's a little battered, a little broken and in need of time off the canvas.",Is it possible to get big enough taking steroids?,4040,9,45
24103221,sport,bullet_points,"Scottish rugby suffered two body blows this week and, rather like boxer Ricky Burns who ""drew"" with his opponent after getting one heck of a hiding from opponent Raymundo Beltran, it's a little battered, a little broken and in need of time off the canvas.",Is it possible to get big enough taking food alone?,4040,10,45
24103221,sport,bullet_points_strict,"Scottish rugby suffered two body blows this week and, rather like boxer Ricky Burns who ""drew"" with his opponent after getting one heck of a hiding from opponent Raymundo Beltran, it's a little battered, a little broken and in need of time off the canvas.",Is it possible to get big enough taking food alone?,4040,10,45
24103221,sport,one_sentence,"Scottish rugby suffered two body blows this week and, rather like boxer Ricky Burns who ""drew"" with his opponent after getting one heck of a hiding from opponent Raymundo Beltran, it's a little battered, a little broken and in need of time off the canvas.",Is it possible to get big enough taking steroids?,4040,9,45
24103221,sport,fact_constrained,"Scottish rugby suffered two body blows this week and, rather like boxer Ricky Burns who ""drew"" with his opponent after getting one heck of a hiding from opponent Raymundo Beltran, it's a little battered, a little broken and in need of time off the canvas.",Is it possible to get big enough taking food alone?,4040,10,45
40524107,entertainment,tldr,The three-day TRNSMT music festival in Glasgow is to start later with a Friday line-up of acts including Radiohead and Belle and Sebastian.,"The opening night of Scotland's new music festival, TRNSMT, is to be held on Saturday.",1595,15,23
40524107,entertainment,bullet_points,The three-day TRNSMT music festival in Glasgow is to start later with a Friday line-up of acts including Radiohead and Belle and Sebastian.,"The opening night of Scotland's new music festival, TRNSMT, is to be held on Saturday.",1595,15,23
40524107,entertainment,bullet_points_strict,The three-day TRNSMT music festival in Glasgow is to start later with a Friday line-up of acts including Radiohead and Belle and Sebastian.,"The T in the Park music festival in Strathallan is to be held on Saturday, with Radiohead, Kasabian and Biffy Clyro among the acts to play.",1595,26,23
40524107,entertainment,one_sentence,The three-day TRNSMT music festival in Glasgow is to start later with a Friday line-up of acts including Radiohead and Belle and Sebastian.,The T in the Park music festival in Strathallan is to be held on Saturday.,1595,15,23
40524107,entertainment,fact_constrained,The three-day TRNSMT music festival in Glasgow is to start later with a Friday line-up of acts including Radiohead and Belle and Sebastian.,The T in the Park music festival in Strathallan has been renamed the Strathallan National Music Festival (TRNSMT).,1595,18,23
34263953,politics,tldr,"The US has warned North Korea to refrain from ""irresponsible provocation"" after the communist state said its main nuclear facility had resumed normal operations.","North Korea has restarted its nuclear reactor at its Yongbyon complex, the White House has said.",2110,16,24
34263953,politics,bullet_points,"The US has warned North Korea to refrain from ""irresponsible provocation"" after the communist state said its main nuclear facility had resumed normal operations.","North Korea has restarted its nuclear reactor at its Yongbyon complex, the White House has said.",2110,16,24
34263953,politics,bullet_points_strict,"The US has warned North Korea to refrain from ""irresponsible provocation"" after the communist state said its main nuclear facility had resumed normal operations.","North Korea has restarted its nuclear reactor at its Yongbyon complex, the White House says.",2110,15,24
34263953,politics,one_sentence,"The US has warned North Korea to refrain from ""irresponsible provocation"" after the communist state said its main nuclear facility had resumed normal operations.","North Korea has restarted its nuclear reactor at its Yongbyon nuclear plant, the White House has said.",2110,17,24
34263953,politics,fact_constrained,"The US has warned North Korea to refrain from ""irresponsible provocation"" after the communist state said its main nuclear facility had resumed normal operations.","North Korea has restarted its nuclear reactor at its Yongbyon nuclear power plant, the White House has said.",2110,18,24
33164904,tech,tldr,A man has been arrested on suspicion of conspiracy to murder after pieces of human bones were found by detectives investigating the death of a man 25 years ago.,A man has been arrested in connection with the murder of a man who disappeared in 1990.,1642,17,29
33164904,tech,bullet_points,A man has been arrested on suspicion of conspiracy to murder after pieces of human bones were found by detectives investigating the death of a man 25 years ago.,A man has been arrested on suspicion of murder following a 13-day search for a missing man.,1642,17,29
33164904,tech,bullet_points_strict,A man has been arrested on suspicion of conspiracy to murder after pieces of human bones were found by detectives investigating the death of a man 25 years ago.,A man has been arrested in connection with the murder of a man who disappeared in 1990.,1642,17,29
33164904,tech,one_sentence,A man has been arrested on suspicion of conspiracy to murder after pieces of human bones were found by detectives investigating the death of a man 25 years ago.,A man has been arrested on suspicion of murdering a man who disappeared in 1990.,1642,15,29
33164904,tech,fact_constrained,A man has been arrested on suspicion of conspiracy to murder after pieces of human bones were found by detectives investigating the death of a man 25 years ago.,A man has been arrested in connection with the murder of a man who disappeared in 1990.,1642,17,29
21879270,sport,tldr,"Picture the scene inside the BBC 5 live studio: a millionaire owner of a now managerless Super League club, a highly rated out-of-work coach keen for a return to the sport and an iconic player from a rival club that the owner wants to sign.",The 'Mad Doctor's' dream is to make rugby league the biggest rugby club in the country within three to four years.,4764,21,45
21879270,sport,bullet_points,"Picture the scene inside the BBC 5 live studio: a millionaire owner of a now managerless Super League club, a highly rated out-of-work coach keen for a return to the sport and an iconic player from a rival club that the owner wants to sign.",Super League.,4764,2,45
21879270,sport,bullet_points_strict,"Picture the scene inside the BBC 5 live studio: a millionaire owner of a now managerless Super League club, a highly rated out-of-work coach keen for a return to the sport and an iconic player from a rival club that the owner wants to sign.",The 'Good Doctor's' dream of bringing in big names to the sport has been a prickly one for the RFL.,4764,20,45
21879270,sport,one_sentence,"Picture the scene inside the BBC 5 live studio: a millionaire owner of a now managerless Super League club, a highly rated out-of-work coach keen for a return to the sport and an iconic player from a rival club that the owner wants to sign.",Super League.,4764,2,45
21879270,sport,fact_constrained,"Picture the scene inside the BBC 5 live studio: a millionaire owner of a now managerless Super League club, a highly rated out-of-work coach keen for a return to the sport and an iconic player from a rival club that the owner wants to sign.",This week's rugby league hour was a prickly one for the 'Good Doctor's'.,4764,13,45
34973380,sport,tldr,Ireland eased to seven-wicket win over Zimbabwe to top their Women's World Twenty20 qualifying group and set up a semi-final against Scotland.,Ireland's Isobel Joyce and Cecilia Joyce scored a century as they beat Zimbabwe in the first match of the World Twenty20 qualifying tournament.,860,23,22
34973380,sport,bullet_points,Ireland eased to seven-wicket win over Zimbabwe to top their Women's World Twenty20 qualifying group and set up a semi-final against Scotland.,Ireland's Isobel Joyce and Cecilia Joyce scored a hat-trick as they beat Zimbabwe by a single wicket to secure a place in the World Twenty20 qualifying tournament.,860,27,22
34973380,sport,bullet_points_strict,Ireland eased to seven-wicket win over Zimbabwe to top their Women's World Twenty20 qualifying group and set up a semi-final against Scotland.,Ireland's Isobel Joyce and Cecilia Joyce scored a hat-trick as they beat Zimbabwe by a single wicket to secure a place in the World Twenty20 qualifying group.,860,27,22
34973380,sport,one_sentence,Ireland eased to seven-wicket win over Zimbabwe to top their Women's World Twenty20 qualifying group and set up a semi-final against Scotland.,Ireland's Isobel Joyce and Cecilia Joyce scored a hat-trick as they beat Zimbabwe by a single wicket to secure a place in the World Twenty20 qualifying group.,860,27,22
34973380,sport,fact_constrained,Ireland eased to seven-wicket win over Zimbabwe to top their Women's World Twenty20 qualifying group and set up a semi-final against Scotland.,Ireland's Isobel Joyce and Cecilia Joyce scored a hat-trick as they beat Zimbabwe by a single wicket to secure a place in the World Twenty20 qualifying group.,860,27,22
35351364,business,tldr,"The daughter of a man who died after a hospital failed it its ""duty of care"" said lessons have not been learned.","A hospital in special measures has been rated ""inadequate"" by the Care Quality Commission (CQC).",1646,15,22
35351364,business,bullet_points,"The daughter of a man who died after a hospital failed it its ""duty of care"" said lessons have not been learned.","A hospital in special measures has been rated ""inadequate"" by the Care Quality Commission (CQC).",1646,15,22
35351364,business,bullet_points_strict,"The daughter of a man who died after a hospital failed it its ""duty of care"" said lessons have not been learned.","A hospital in special measures has been rated ""inadequate"" by inspectors.",1646,11,22
35351364,business,one_sentence,"The daughter of a man who died after a hospital failed it its ""duty of care"" said lessons have not been learned.","A hospital in special measures has been rated ""inadequate"" by the Care Quality Commission (CQC).",1646,15,22
35351364,business,fact_constrained,"The daughter of a man who died after a hospital failed it its ""duty of care"" said lessons have not been learned.","A hospital in special measures has been rated ""inadequate"" by the Care Quality Commission (CQC).",1646,15,22
37079851,sport,tldr,Great Britain's Mark Cavendish is third after day one of the men's omnium as he aims for his first Olympic Games medal.,Britain's Mark Cavendish won his first stage of the Tour de France with a time of four minutes 16.878 seconds.,2631,20,22
37079851,sport,bullet_points,Great Britain's Mark Cavendish is third after day one of the men's omnium as he aims for his first Olympic Games medal.,Britain's Mark Cavendish won his first stage of the Tour de France with a time of four minutes 16.878 seconds.,2631,20,22
37079851,sport,bullet_points_strict,Great Britain's Mark Cavendish is third after day one of the men's omnium as he aims for his first Olympic Games medal.,Britain's Mark Cavendish won his first stage of the Tour de France with a time of four minutes 16.878 seconds.,2631,20,22
37079851,sport,one_sentence,Great Britain's Mark Cavendish is third after day one of the men's omnium as he aims for his first Olympic Games medal.,Britain's Mark Cavendish won his first stage of the Tour de France with a time of four minutes 16.878 seconds.,2631,20,22
37079851,sport,fact_constrained,Great Britain's Mark Cavendish is third after day one of the men's omnium as he aims for his first Olympic Games medal.,Britain's Mark Cavendish won his first stage of the Tour de France with a time of four minutes 16.878 seconds.,2631,20,22
36526055,politics,tldr,The Northern Ireland health service is to receive an extra £72m to help deal with pressures in the service.,Stormont has allocated an additional £200m to health over the next three years.,1675,13,19
36526055,politics,bullet_points,The Northern Ireland health service is to receive an extra £72m to help deal with pressures in the service.,Stormont's health minister has announced that a further £200m will be allocated to health.,1675,14,19
36526055,politics,bullet_points_strict,The Northern Ireland health service is to receive an extra £72m to help deal with pressures in the service.,"Stormont has allocated an additional £200m to health, the health minister has said.",1675,13,19
36526055,politics,one_sentence,The Northern Ireland health service is to receive an extra £72m to help deal with pressures in the service.,Stormont has allocated an additional £200m to health over the next three years.,1675,13,19
36526055,politics,fact_constrained,The Northern Ireland health service is to receive an extra £72m to help deal with pressures in the service.,"Stormont has allocated an additional £200m to health, the finance minister has said.",1675,13,19
13906666,business,tldr,The Winklevoss brothers have re-started their long-running legal dispute with Facebook and its boss Mark Zuckerberg.,The Winklevosses and their business partner Divya Narendra have filed a new lawsuit against Facebook.,1599,15,16
13906666,business,bullet_points,The Winklevoss brothers have re-started their long-running legal dispute with Facebook and its boss Mark Zuckerberg.,"The Winklevosses and their business partner, Cameron Winklevosse, have filed a lawsuit against Facebook alleging that the company hid some crucial information from them during settlement proceedings.",1599,27,16
13906666,business,bullet_points_strict,The Winklevoss brothers have re-started their long-running legal dispute with Facebook and its boss Mark Zuckerberg.,"The Winklevosses and their business partner, Cameron Winklevosses, have filed a new lawsuit against Facebook.",1599,15,16
13906666,business,one_sentence,The Winklevoss brothers have re-started their long-running legal dispute with Facebook and its boss Mark Zuckerberg.,"The Winklevosses and Cameron Winklevosses have filed a fresh lawsuit against Facebook, alleging that the company hid some crucial information from them during settlement proceedings.",1599,25,16
13906666,business,fact_constrained,The Winklevoss brothers have re-started their long-running legal dispute with Facebook and its boss Mark Zuckerberg.,The twins of Facebook founder Mark Zuckerberg have filed a lawsuit against the company.,1599,14,16
38628323,entertainment,tldr,"A 14-year-old boy has been left with ""life-threatening"" injuries after being knocked down by a car.",A teenager has been knocked down by a car in Rotherham.,317,11,16
38628323,entertainment,bullet_points,"A 14-year-old boy has been left with ""life-threatening"" injuries after being knocked down by a car.",A 16-year-old girl has been knocked down by a car in Rotherham.,317,12,16
38628323,entertainment,bullet_points_strict,"A 14-year-old boy has been left with ""life-threatening"" injuries after being knocked down by a car.",A 16-year-old girl has been knocked down by a car in Rotherham.,317,12,16
38628323,entertainment,one_sentence,"A 14-year-old boy has been left with ""life-threatening"" injuries after being knocked down by a car.",A 16-year-old girl has been killed in a crash in Rotherham.,317,11,16
38628323,entertainment,fact_constrained,"A 14-year-old boy has been left with ""life-threatening"" injuries after being knocked down by a car.",A 16-year-old girl has been knocked down by a car in Rotherham.,317,12,16
27209454,tech,tldr,"Chapman Pincher was known as ""the lone wolf of Fleet Street"".","Harry Chapman Pincher's career as a defence reporter, science and medical editor.",6617,12,11
27209454,tech,bullet_points,"Chapman Pincher was known as ""the lone wolf of Fleet Street"".",Harry Chapman Pincher's reputation as a spies soared.,6617,8,11
27209454,tech,bullet_points_strict,"Chapman Pincher was known as ""the lone wolf of Fleet Street"".",Harry Chapman Pincher's career as a journalist spanned more than a century.,6617,12,11
27209454,tech,one_sentence,"Chapman Pincher was known as ""the lone wolf of Fleet Street"".",Harry Chapman Pincher's career as a journalist sparked a slew of scandals.,6617,12,11
27209454,tech,fact_constrained,"Chapman Pincher was known as ""the lone wolf of Fleet Street"".",Harry Chapman Pincher's career begin.,6617,5,11
37037060,sport,tldr,"Birmingham City have signed Dundee forward Greg Stewart on a three-year deal for a fee believed to be around £500,000.",Birmingham City have signed Dundee striker Mark Stewart on a one-year contract.,620,12,20
37037060,sport,bullet_points,"Birmingham City have signed Dundee forward Greg Stewart on a three-year deal for a fee believed to be around £500,000.",Birmingham City have signed Dundee striker Mark Stewart from Dundee United on a one-year contract.,620,15,20
37037060,sport,bullet_points_strict,"Birmingham City have signed Dundee forward Greg Stewart on a three-year deal for a fee believed to be around £500,000.",Birmingham City have signed Dundee striker Mark Stewart on a one-year contract.,620,12,20
37037060,sport,one_sentence,"Birmingham City have signed Dundee forward Greg Stewart on a three-year deal for a fee believed to be around £500,000.",Birmingham City have signed Dundee striker Mark Stewart from Dundee United on a one-year contract.,620,15,20
37037060,sport,fact_constrained,"Birmingham City have signed Dundee forward Greg Stewart on a three-year deal for a fee believed to be around £500,000.",Birmingham City have signed Dundee striker Mark Stewart from Dundee United on a one-year contract.,620,15,20
30591670,business,tldr,"A former soldier who agreed to obtain information from an army barracks for a newspaper will not face a trial, the Crown Prosecution Service has said.",A former soldier has been arrested in connection with a corruption scandal at the News of the World.,1248,18,26
30591670,business,bullet_points,"A former soldier who agreed to obtain information from an army barracks for a newspaper will not face a trial, the Crown Prosecution Service has said.",A woman has been arrested in connection with a corruption scandal at the News of the World newspaper.,1248,18,26
30591670,business,bullet_points_strict,"A former soldier who agreed to obtain information from an army barracks for a newspaper will not face a trial, the Crown Prosecution Service has said.",A former soldier has been arrested in connection with a corruption scandal at the News of the World.,1248,18,26
30591670,business,one_sentence,"A former soldier who agreed to obtain information from an army barracks for a newspaper will not face a trial, the Crown Prosecution Service has said.",A woman has been arrested in connection with a corruption scandal at the News of the World newspaper.,1248,18,26
30591670,business,fact_constrained,"A former soldier who agreed to obtain information from an army barracks for a newspaper will not face a trial, the Crown Prosecution Service has said.",A woman has been arrested in connection with a corruption scandal at the News of the World newspaper.,1248,18,26
26882626,business,tldr,Inspectors have called for major improvements at two privately-run elderly care homes after finding problems during recent visits.,A care home in Glasgow has been given a one-star rating by the Care Inspectorate.,2426,15,18
26882626,business,bullet_points,Inspectors have called for major improvements at two privately-run elderly care homes after finding problems during recent visits.,A care home has been given a one-star rating by the Care Inspectorate for its care and support.,2426,18,18
26882626,business,bullet_points_strict,Inspectors have called for major improvements at two privately-run elderly care homes after finding problems during recent visits.,A care home has been given a one-star rating by the Care Inspectorate for its care and support.,2426,18,18
26882626,business,one_sentence,Inspectors have called for major improvements at two privately-run elderly care homes after finding problems during recent visits.,A care home has been given a one-star rating by the Care Inspectorate.,2426,13,18
26882626,business,fact_constrained,Inspectors have called for major improvements at two privately-run elderly care homes after finding problems during recent visits.,A care home has been given a one-star rating by the Care Inspectorate.,2426,13,18
32105677,entertainment,tldr,"Four men were arrested in north London when police found a gun, a sword and a knife in the car they were travelling in.",Four men have been arrested after a gun was seen in a car in London.,294,15,24
32105677,entertainment,bullet_points,"Four men were arrested in north London when police found a gun, a sword and a knife in the car they were travelling in.",Four men have been arrested in connection with an armed robbery in north London.,294,14,24
32105677,entertainment,bullet_points_strict,"Four men were arrested in north London when police found a gun, a sword and a knife in the car they were travelling in.",Four men have been arrested after a gun was found in a car in London.,294,15,24
32105677,entertainment,one_sentence,"Four men were arrested in north London when police found a gun, a sword and a knife in the car they were travelling in.",Four men have been arrested after a gun was found in a car in north London.,294,16,24
32105677,entertainment,fact_constrained,"Four men were arrested in north London when police found a gun, a sword and a knife in the car they were travelling in.",Four men have been arrested in connection with an armed robbery in north London.,294,14,24
40354917,tech,tldr,"An estimated 63,000 properties in north Lancashire were hit by a power cut, Electricity North West has said.",A substation at a power station in Lancaster has reopened after a power outage.,1173,14,18
40354917,tech,bullet_points,"An estimated 63,000 properties in north Lancashire were hit by a power cut, Electricity North West has said.",A substation at a power station in Lancaster has reopened after a power outage.,1173,14,18
40354917,tech,bullet_points_strict,"An estimated 63,000 properties in north Lancashire were hit by a power cut, Electricity North West has said.",A substation at a power station in Lancaster has reopened after a power outage.,1173,14,18
40354917,tech,one_sentence,"An estimated 63,000 properties in north Lancashire were hit by a power cut, Electricity North West has said.",A substation at a power station in Lancaster has reopened after a power outage.,1173,14,18
40354917,tech,fact_constrained,"An estimated 63,000 properties in north Lancashire were hit by a power cut, Electricity North West has said.",A substation at a power station in Lancaster has reopened after a power outage.,1173,14,18
39862196,business,tldr,Lord Derby has won a key High Court stage of his fight to build 400 homes on his land.,A judge has quashed a refusal by the secretary of state to accept a planning application for a new farm.,1698,20,19
39862196,business,bullet_points,Lord Derby has won a key High Court stage of his fight to build 400 homes on his land.,A court has quashed a refusal by the secretary of state to accept a planning application for a new farm.,1698,20,19
39862196,business,bullet_points_strict,Lord Derby has won a key High Court stage of his fight to build 400 homes on his land.,A court has quashed a refusal by the secretary of state to accept a planning application for a new farm.,1698,20,19
39862196,business,one_sentence,Lord Derby has won a key High Court stage of his fight to build 400 homes on his land.,A court has quashed a refusal by the secretary of state to accept a planning application for a new farm.,1698,20,19
39862196,business,fact_constrained,Lord Derby has won a key High Court stage of his fight to build 400 homes on his land.,A court has quashed a decision by the Secretary of State over a planning application for a new farm.,1698,19,19
40267739,business,tldr,"Shopkeepers near the Isle of Wight's troubled new ""floating bridge"" have asked councillors to consider compensating them for loss of business.",Councillors in Cowes have called for a review of the ferry project at Cowes.,1317,14,21
40267739,business,bullet_points,"Shopkeepers near the Isle of Wight's troubled new ""floating bridge"" have asked councillors to consider compensating them for loss of business.","A ""frustrating and disappointing"" ferry project at Cowes Council has been called off.",1317,13,21
40267739,business,bullet_points_strict,"Shopkeepers near the Isle of Wight's troubled new ""floating bridge"" have asked councillors to consider compensating them for loss of business.",Councillors in Cowes have called for a review of the chain ferry project at Cowes.,1317,15,21
40267739,business,one_sentence,"Shopkeepers near the Isle of Wight's troubled new ""floating bridge"" have asked councillors to consider compensating them for loss of business.","The chain ferry to Cowes is to be free to use until 2 July, a council has said.",1317,18,21
40267739,business,fact_constrained,"Shopkeepers near the Isle of Wight's troubled new ""floating bridge"" have asked councillors to consider compensating them for loss of business.",Councillors in Cowes have called for the closure of a new ferry to the Isle of Wight.,1317,17,21
39831337,sport,tldr,French side Lille have exercised their option to sign Naim Sliti on a permanent deal when his loan move from second-tier side Red Star expires this summer.,Lille have signed Tunisian striker Mohamed Sliti on a three-year contract.,632,11,27
39831337,sport,bullet_points,French side Lille have exercised their option to sign Naim Sliti on a permanent deal when his loan move from second-tier side Red Star expires this summer.,Lille have signed Sedan striker Mohamed Sliti on a one-year contract.,632,11,27
39831337,sport,bullet_points_strict,French side Lille have exercised their option to sign Naim Sliti on a permanent deal when his loan move from second-tier side Red Star expires this summer.,French club Lille have signed Sedan striker Mohamed Sliti on a one-year contract.,632,13,27
39831337,sport,one_sentence,French side Lille have exercised their option to sign Naim Sliti on a permanent deal when his loan move from second-tier side Red Star expires this summer.,Lille midfielder Mohamed Sliti has signed a new three-year contract with the French club.,632,14,27
39831337,sport,fact_constrained,French side Lille have exercised their option to sign Naim Sliti on a permanent deal when his loan move from second-tier side Red Star expires this summer.,Lille have signed Sedan striker Mohamed Sliti on a one-year contract.,632,11,27
35480672,tech,tldr,Children across Britain linked up with Tim Peake on the International Space Station yesterday for a big question and answer session.,Astronaut Leah Osborne has been on a mission to the Moon to help children learn about the solar system.,253,19,21
35480672,tech,bullet_points,Children across Britain linked up with Tim Peake on the International Space Station yesterday for a big question and answer session.,"Astronaut Leah Jones has been on a mission to Mars, where she will be able to talk to children about the space program.",253,23,21
35480672,tech,bullet_points_strict,Children across Britain linked up with Tim Peake on the International Space Station yesterday for a big question and answer session.,Astronaut Leah O'Brien has been in space for six weeks.,253,10,21
35480672,tech,one_sentence,Children across Britain linked up with Tim Peake on the International Space Station yesterday for a big question and answer session.,Astronaut Leah O'Brien has returned to Earth after a six-week stay in space.,253,13,21
35480672,tech,fact_constrained,Children across Britain linked up with Tim Peake on the International Space Station yesterday for a big question and answer session.,Astronaut Leah O'Neill has been on the moon for six weeks.,253,11,21
25455864,sport,tldr,World champion cyclist Martyn Irvine has been named the 2013 BBC Northern Ireland Sports Personality of the Year.,Martyn Irvine has been named BBC Northern Ireland's Sports Personality of the Year for 2013.,2328,15,18
25455864,sport,bullet_points,World champion cyclist Martyn Irvine has been named the 2013 BBC Northern Ireland Sports Personality of the Year.,Martyn Irvine has been named BBC Northern Ireland's Sports Personality of the Year for 2013.,2328,15,18
25455864,sport,bullet_points_strict,World champion cyclist Martyn Irvine has been named the 2013 BBC Northern Ireland Sports Personality of the Year.,Martyn Irvine has been named BBC Northern Ireland's Sports Personality of the Year for 2013.,2328,15,18
25455864,sport,one_sentence,World champion cyclist Martyn Irvine has been named the 2013 BBC Northern Ireland Sports Personality of the Year.,Martyn Irvine has been named BBC Northern Ireland's Sports Personality of the Year for 2013.,2328,15,18
25455864,sport,fact_constrained,World champion cyclist Martyn Irvine has been named the 2013 BBC Northern Ireland Sports Personality of the Year.,Martyn Irvine has been named BBC Northern Ireland's Sports Personality of the Year for 2013.,2328,15,18
32171407,tech,tldr,A civilian cargo aircraft has landed safely after being escorted into Prestwick Airport in Ayrshire after suffering technical problems with its communications equipment.,A civilian aircraft has landed safely at Prestwick Airport.,1147,9,23
32171407,tech,bullet_points,A civilian cargo aircraft has landed safely after being escorted into Prestwick Airport in Ayrshire after suffering technical problems with its communications equipment.,A civilian aircraft has landed at Prestwick Airport after a Typhoon landed at the airport.,1147,15,23
32171407,tech,bullet_points_strict,A civilian cargo aircraft has landed safely after being escorted into Prestwick Airport in Ayrshire after suffering technical problems with its communications equipment.,A civilian aircraft has landed safely at Prestwick Airport.,1147,9,23
32171407,tech,one_sentence,A civilian cargo aircraft has landed safely after being escorted into Prestwick Airport in Ayrshire after suffering technical problems with its communications equipment.,A civilian aircraft has landed at Prestwick Airport after a typhoon landed at the airport.,1147,15,23
32171407,tech,fact_constrained,A civilian cargo aircraft has landed safely after being escorted into Prestwick Airport in Ayrshire after suffering technical problems with its communications equipment.,A civilian aircraft has landed safely at Prestwick Airport in Ayrshire.,1147,11,23
37205717,tech,tldr,Police have been given more time to question five men arrested on suspicion of terrorism offences.,"Five men have been arrested on suspicion of being concerned in the commission, preparation or instigation of terrorism.",1034,18,16
37205717,tech,bullet_points,Police have been given more time to question five men arrested on suspicion of terrorism offences.,Five men have been arrested on suspicion of terrorism offences in the West Midlands.,1034,14,16
37205717,tech,bullet_points_strict,Police have been given more time to question five men arrested on suspicion of terrorism offences.,"Five men have been arrested on suspicion of being concerned in the commission, preparation or instigation of acts of terror.",1034,20,16
37205717,tech,one_sentence,Police have been given more time to question five men arrested on suspicion of terrorism offences.,Five men have been arrested on suspicion of terrorism offences in the West Midlands.,1034,14,16
37205717,tech,fact_constrained,Police have been given more time to question five men arrested on suspicion of terrorism offences.,Five men have been arrested on suspicion of terrorism offences in the West Midlands.,1034,14,16
36135425,sport,tldr,Euro 2016 will be contested by 24 teams over 30 days at 10 different venues in France.,World Cup finals will be a difficult game to predict - because there are 24 teams competing in the finals.,10192,20,17
36135425,sport,bullet_points,Euro 2016 will be contested by 24 teams over 30 days at 10 different venues in France.,World Cup quarter-finals with a 2-0 win over Spain.,10192,9,17
36135425,sport,bullet_points_strict,Euro 2016 will be contested by 24 teams over 30 days at 10 different venues in France.,World Cup quarter-finals with a 2-0 win over Spain.,10192,9,17
36135425,sport,one_sentence,Euro 2016 will be contested by 24 teams over 30 days at 10 different venues in France.,"World Cup finals will take place in Lens on Thursday, 16 June.",10192,12,17
36135425,sport,fact_constrained,Euro 2016 will be contested by 24 teams over 30 days at 10 different venues in France.,World Cup finals - the final of the European Championships - will be a difficult game to predict.,10192,18,17
40965536,sport,tldr,BBC Sport is showing live coverage of the EuroBasket warm-up game between Great Britain and Greece at the Copper Box in London on Saturday 19 August.,Great Britain's EuroBasket opener against Greece at the Copper Box in London on Saturday will be a rematch of last year's EuroBasket final.,1083,23,26
40965536,sport,bullet_points,BBC Sport is showing live coverage of the EuroBasket warm-up game between Great Britain and Greece at the Copper Box in London on Saturday 19 August.,Great Britain's EuroBasket opener against Greece at the Copper Box in London on Saturday will be a rematch of last year's EuroBasket final.,1083,23,26
40965536,sport,bullet_points_strict,BBC Sport is showing live coverage of the EuroBasket warm-up game between Great Britain and Greece at the Copper Box in London on Saturday 19 August.,Great Britain's EuroBasket opener against Greece at the Copper Box in London on Saturday will be a rematch of last year's EuroBasket.,1083,22,26
40965536,sport,one_sentence,BBC Sport is showing live coverage of the EuroBasket warm-up game between Great Britain and Greece at the Copper Box in London on Saturday 19 August.,Great Britain's EuroBasket opener against Greece at the Copper Box in London on Saturday will be a rematch of last year's EuroBasket final.,1083,23,26
40965536,sport,fact_constrained,BBC Sport is showing live coverage of the EuroBasket warm-up game between Great Britain and Greece at the Copper Box in London on Saturday 19 August.,Great Britain's EuroBasket opener against Greece at the Copper Box in London will be a first-team game between the two teams.,1083,21,26
34486992,sport,tldr,Australia weathered a Welsh storm to win World Cup Pool A with a 15-6 victory at Twickenham.,"Wales were beaten by Australia in their final match of the World Cup, but Gareth Davies was a livewire for the whole of the match.",3858,25,17
34486992,sport,bullet_points,Australia weathered a Welsh storm to win World Cup Pool A with a 15-6 victory at Twickenham.,Wales suffered their first defeat of the season as they lost to Australia in the World Cup quarter-finals.,3858,18,17
34486992,sport,bullet_points_strict,Australia weathered a Welsh storm to win World Cup Pool A with a 15-6 victory at Twickenham.,Wales were beaten by Australia in their final match of the World Cup.,3858,13,17
34486992,sport,one_sentence,Australia weathered a Welsh storm to win World Cup Pool A with a 15-6 victory at Twickenham.,Wales suffered their first defeat of the season as they lost to Australia in the final of the World Cup.,3858,20,17
34486992,sport,fact_constrained,Australia weathered a Welsh storm to win World Cup Pool A with a 15-6 victory at Twickenham.,Wales lost to Australia in the World Cup quarter-finals after a narrow defeat by the Wallabies.,3858,16,17
38859551,sport,tldr,Josh Strauss believes Vern Cotter's impending departure will provide added motivation for Scotland to have a successful Six Nations.,"Scotland's squad for the Six Nations opener against Ireland, says Scot Cotter's decision to leave the club is a ""little bit more of an incentive"".",3314,25,19
38859551,sport,bullet_points,Josh Strauss believes Vern Cotter's impending departure will provide added motivation for Scotland to have a successful Six Nations.,"Scotland's squad for the Six Nations opener against Ireland, and they're inexperienced, they're inexperienced.",3314,14,19
38859551,sport,bullet_points_strict,Josh Strauss believes Vern Cotter's impending departure will provide added motivation for Scotland to have a successful Six Nations.,"Scotland's squad for the Six Nations opener against Ireland, says Scot Cotter's decision to leave is a ""little bit more of an incentive"".",3314,23,19
38859551,sport,one_sentence,Josh Strauss believes Vern Cotter's impending departure will provide added motivation for Scotland to have a successful Six Nations.,Scotland's squad for the Six Nations opener against Ireland.,3314,9,19
38859551,sport,fact_constrained,Josh Strauss believes Vern Cotter's impending departure will provide added motivation for Scotland to have a successful Six Nations.,"Scotland's squad for the Six Nations opener against Ireland, and they want to give Cotter a good send-off.",3314,18,19
32950900,politics,tldr,Ex-CIA Director David Petraeus has told the BBC that Islamic State militants can only be defeated through a dual military and political approach.,US Secretary of State John F. Kennedy has said he has no doubt that the Iraqi army will be able to defeat Islamic State.,6077,24,23
32950900,politics,bullet_points,Ex-CIA Director David Petraeus has told the BBC that Islamic State militants can only be defeated through a dual military and political approach.,US Secretary of State John F. Kennedy has said he has no doubt that the Iraqi military will be able to defeat Islamic State.,6077,24,23
32950900,politics,bullet_points_strict,Ex-CIA Director David Petraeus has told the BBC that Islamic State militants can only be defeated through a dual military and political approach.,US General George Petraeus has said he has no doubt that the Iraqi army will be retaken by Islamic State (IS).,6077,21,23
32950900,politics,one_sentence,Ex-CIA Director David Petraeus has told the BBC that Islamic State militants can only be defeated through a dual military and political approach.,US Secretary of State John F. Kennedy has said he has no doubt that the Iraqi army will be retaken by Islamic State (IS).,6077,24,23
32950900,politics,fact_constrained,Ex-CIA Director David Petraeus has told the BBC that Islamic State militants can only be defeated through a dual military and political approach.,US General George W. Bush has said he has no doubt that the Iraqi military will be able to defeat Islamic State.,6077,22,23
33425853,tech,tldr,"More than 13,000 email addresses have been stolen from Edinburgh city council's database following a ""malicious cyber attack"".",A cyber attack on a Scottish council's website has been reported to the Information Commissioner's Office.,1248,16,18
33425853,tech,bullet_points,"More than 13,000 email addresses have been stolen from Edinburgh city council's database following a ""malicious cyber attack"".",A cyber attack on a Scottish council's website has been reported to the Information Commissioner's Office.,1248,16,18
33425853,tech,bullet_points_strict,"More than 13,000 email addresses have been stolen from Edinburgh city council's database following a ""malicious cyber attack"".",A cyber attack on a Scottish council's website has been reported to the Information Commissioner's Office and the UK Government.,1248,20,18
33425853,tech,one_sentence,"More than 13,000 email addresses have been stolen from Edinburgh city council's database following a ""malicious cyber attack"".",A hacking attack on a council website in Edinburgh has been reported to the Information Commissioner's Office.,1248,17,18
33425853,tech,fact_constrained,"More than 13,000 email addresses have been stolen from Edinburgh city council's database following a ""malicious cyber attack"".",A cyber attack on a Scottish council's website has been reported to the Information Commissioner's Office.,1248,16,18
36071608,politics,tldr,Rebels say they have begun a new battle in north-western Syria in response to alleged truce violations by the army.,Syrian rebels have declared the start of a battle in response to escalating fighting in the Syrian city of Aleppo.,4965,20,20
36071608,politics,bullet_points,Rebels say they have begun a new battle in north-western Syria in response to alleged truce violations by the army.,Syrian rebels have declared the start of a battle in response to escalating fighting in the Syrian city of Aleppo.,4965,20,20
36071608,politics,bullet_points_strict,Rebels say they have begun a new battle in north-western Syria in response to alleged truce violations by the army.,Syrian rebels have declared the start of a battle in response to escalating fighting in the north-eastern Syrian city of Aleppo.,4965,21,20
36071608,politics,one_sentence,Rebels say they have begun a new battle in north-western Syria in response to alleged truce violations by the army.,"Syrian rebels have declared the start of a ""battle in response"" to escalating fighting in the north-eastern Syrian city of Aleppo.",4965,21,20
36071608,politics,fact_constrained,Rebels say they have begun a new battle in north-western Syria in response to alleged truce violations by the army.,Syrian rebels have declared the start of a battle in response to escalating fighting in the Syrian city of Aleppo.,4965,20,20
24393387,business,tldr,The photo sharing service Instagram announced it will start placing ads in US users photo streams in a posting on its website.,Instagram has announced that it will introduce advertising in the near future.,1349,12,22
24393387,business,bullet_points,The photo sharing service Instagram announced it will start placing ads in US users photo streams in a posting on its website.,Instagram has announced that it will introduce advertising in the near future.,1349,12,22
24393387,business,bullet_points_strict,The photo sharing service Instagram announced it will start placing ads in US users photo streams in a posting on its website.,Instagram has announced that it will introduce advertising in the near future.,1349,12,22
24393387,business,one_sentence,The photo sharing service Instagram announced it will start placing ads in US users photo streams in a posting on its website.,Instagram has announced that it will introduce advertising in the near future.,1349,12,22
24393387,business,fact_constrained,The photo sharing service Instagram announced it will start placing ads in US users photo streams in a posting on its website.,Instagram has announced that it will introduce advertising in the near future.,1349,12,22
37338508,entertainment,tldr,Actor Michael C Hall is to perform a tribute to David Bowie at this week's Mercury Music Prize ceremony.,David Bowie has been nominated for the 2016 Hyundai Mercury Music Prize.,1403,12,19
37338508,entertainment,bullet_points,Actor Michael C Hall is to perform a tribute to David Bowie at this week's Mercury Music Prize ceremony.,David Bowie has been nominated for the 2016 Hyundai Mercury Music Prize.,1403,12,19
37338508,entertainment,bullet_points_strict,Actor Michael C Hall is to perform a tribute to David Bowie at this week's Mercury Music Prize ceremony.,David Bowie has been nominated for the 2016 Hyundai Mercury Music Prize.,1403,12,19
37338508,entertainment,one_sentence,Actor Michael C Hall is to perform a tribute to David Bowie at this week's Mercury Music Prize ceremony.,David Bowie has been nominated for the 2016 Hyundai Mercury Music Prize.,1403,12,19
37338508,entertainment,fact_constrained,Actor Michael C Hall is to perform a tribute to David Bowie at this week's Mercury Music Prize ceremony.,David Bowie has been nominated for the 2016 Hyundai Mercury Music Prize.,1403,12,19
33733384,business,tldr,A former Metropolitan Police officer has been found not guilty of sexually assaulting a teenage boy in the back of a police van nearly 30 years ago.,A retired police detective has been cleared of assaulting a prisoner and misconduct in public office.,804,16,27
33733384,business,bullet_points,A former Metropolitan Police officer has been found not guilty of sexually assaulting a teenage boy in the back of a police van nearly 30 years ago.,A retired police detective has been cleared of assaulting a prisoner.,804,11,27
33733384,business,bullet_points_strict,A former Metropolitan Police officer has been found not guilty of sexually assaulting a teenage boy in the back of a police van nearly 30 years ago.,A former police detective has been cleared of assaulting a prisoner and misconduct in public office.,804,16,27
33733384,business,one_sentence,A former Metropolitan Police officer has been found not guilty of sexually assaulting a teenage boy in the back of a police van nearly 30 years ago.,A former Metropolitan Police detective has been cleared of assaulting a prisoner and misconduct in public office.,804,17,27
33733384,business,fact_constrained,A former Metropolitan Police officer has been found not guilty of sexually assaulting a teenage boy in the back of a police van nearly 30 years ago.,A retired police detective has been cleared of assaulting a prisoner and misconduct in public office.,804,16,27
40255148,business,tldr,"Welsh Secretary Alun Cairns has rejected calls for a ""softer"" Brexit after the general election result led to a hung parliament.","The Welsh government's Brexit minister has said it would be ""completely wrong"" to stay in the single market after the election.",2129,21,21
40255148,business,bullet_points,"Welsh Secretary Alun Cairns has rejected calls for a ""softer"" Brexit after the general election result led to a hung parliament.",The leader of the Welsh Conservatives has said he wants the UK to stay in the single market despite the election.,2129,21,21
40255148,business,bullet_points_strict,"Welsh Secretary Alun Cairns has rejected calls for a ""softer"" Brexit after the general election result led to a hung parliament.","The Welsh Conservatives' leader, Michael Cairns, has said he wants the UK to stay in the single market but still come out of the EU legally.",2129,26,21
40255148,business,one_sentence,"Welsh Secretary Alun Cairns has rejected calls for a ""softer"" Brexit after the general election result led to a hung parliament.",The Welsh Conservatives have re-elected Labour MP Stephen Cairns as the new leader of the Welsh Government.,2129,17,21
40255148,business,fact_constrained,"Welsh Secretary Alun Cairns has rejected calls for a ""softer"" Brexit after the general election result led to a hung parliament.",The leader of the Welsh Conservatives has said he wants the UK to stay in the single market despite the election.,2129,21,21
36438606,sport,tldr,"Relatives of the 96 people who died at Hillsborough have told the home secretary they want a ""Hillsborough Law"" to compel public officials to tell the truth at inquiries.",The families of the victims of the Hillsborough disaster have spoken to the home secretary about a proposed 'Hillsborough Law'.,2548,20,29
36438606,sport,bullet_points,"Relatives of the 96 people who died at Hillsborough have told the home secretary they want a ""Hillsborough Law"" to compel public officials to tell the truth at inquiries.",The families of the victims of the Hillsborough disaster have spoken to the home secretary about a proposed 'Hillsborough Law'.,2548,20,29
36438606,sport,bullet_points_strict,"Relatives of the 96 people who died at Hillsborough have told the home secretary they want a ""Hillsborough Law"" to compel public officials to tell the truth at inquiries.",The families of the victims of the Hillsborough disaster have spoken to the home secretary about a proposed 'Hillsborough Law'.,2548,20,29
36438606,sport,one_sentence,"Relatives of the 96 people who died at Hillsborough have told the home secretary they want a ""Hillsborough Law"" to compel public officials to tell the truth at inquiries.",The families of the victims of the Hillsborough disaster have called on the home secretary to put a further onus on those in public office.,2548,25,29
36438606,sport,fact_constrained,"Relatives of the 96 people who died at Hillsborough have told the home secretary they want a ""Hillsborough Law"" to compel public officials to tell the truth at inquiries.",The families of the victims of the Hillsborough disaster have called on the home secretary to put a further onus on public office to cooperate positively with investigations.,2548,28,29
37601431,tech,tldr,Internet trolls who create derogatory hashtags or doctored images to humiliate others could face prosecution in England and Wales.,"The CPS has said it will prosecute those who post ""grossly offensive"" material online.",4046,14,19
37601431,tech,bullet_points,Internet trolls who create derogatory hashtags or doctored images to humiliate others could face prosecution in England and Wales.,"The CPS has said it will prosecute those who post ""grossly offensive"" material online.",4046,14,19
37601431,tech,bullet_points_strict,Internet trolls who create derogatory hashtags or doctored images to humiliate others could face prosecution in England and Wales.,"The CPS has said it will prosecute those who post ""grossly offensive"" material online.",4046,14,19
37601431,tech,one_sentence,Internet trolls who create derogatory hashtags or doctored images to humiliate others could face prosecution in England and Wales.,"The CPS has said it will prosecute those who post ""grossly offensive"" material online.",4046,14,19
37601431,tech,fact_constrained,Internet trolls who create derogatory hashtags or doctored images to humiliate others could face prosecution in England and Wales.,"The CPS has said it will prosecute those who post ""grossly offensive"" material online.",4046,14,19
39586912,politics,tldr,"The day 12-year-old Faizan Fayaz Dar died, he woke up in the morning in his hilltop home in Budgam in Indian-administered Kashmir, had a cup of salted tea, recited the Koran and pottered around in the kitchen where his mother prepared breakfast for the family.","Faizan Faizan, a schoolboy from Kashmir, was returning home from school on a bright, nippy morning when paramilitary soldiers shot him in the head.",7434,24,45
39586912,politics,bullet_points,"The day 12-year-old Faizan Fayaz Dar died, he woke up in the morning in his hilltop home in Budgam in Indian-administered Kashmir, had a cup of salted tea, recited the Koran and pottered around in the kitchen where his mother prepared breakfast for the family.","Faizan Faizan, a Kashmiri boy who was killed by paramilitary soldiers at a polling centre in Srinagar on Sunday, was a young boy who had been a pupil at a school.",7434,31,45
39586912,politics,bullet_points_strict,"The day 12-year-old Faizan Fayaz Dar died, he woke up in the morning in his hilltop home in Budgam in Indian-administered Kashmir, had a cup of salted tea, recited the Koran and pottered around in the kitchen where his mother prepared breakfast for the family.","Faizan Faizan, a Kashmiri boy who was killed by paramilitary soldiers at a polling centre in Srinagar on Sunday, was a young boy in his early 20s.",7434,27,45
39586912,politics,one_sentence,"The day 12-year-old Faizan Fayaz Dar died, he woke up in the morning in his hilltop home in Budgam in Indian-administered Kashmir, had a cup of salted tea, recited the Koran and pottered around in the kitchen where his mother prepared breakfast for the family.","Faizan Faizan, a Kashmiri boy who was killed by paramilitary soldiers at a polling centre in Srinagar on Sunday, was a young boy in his early 20s.",7434,27,45
39586912,politics,fact_constrained,"The day 12-year-old Faizan Fayaz Dar died, he woke up in the morning in his hilltop home in Budgam in Indian-administered Kashmir, had a cup of salted tea, recited the Koran and pottered around in the kitchen where his mother prepared breakfast for the family.","Faizan Faizan, a schoolboy from Kashmir, was killed by paramilitary soldiers at a polling centre in Srinagar on Sunday.",7434,19,45
33572386,tech,tldr,An elderly woman has died after being hit by a tipper truck.,A woman has died after being hit by a truck in Gwynedd.,275,12,12
33572386,tech,bullet_points,An elderly woman has died after being hit by a tipper truck.,A woman has died after being hit by a truck in Gwynedd.,275,12,12
33572386,tech,bullet_points_strict,An elderly woman has died after being hit by a tipper truck.,A woman has died after being hit by a truck in Gwynedd.,275,12,12
33572386,tech,one_sentence,An elderly woman has died after being hit by a tipper truck.,A woman has died after being hit by a truck in Gwynedd.,275,12,12
33572386,tech,fact_constrained,An elderly woman has died after being hit by a tipper truck.,A woman has died after being hit by a truck in Gwynedd.,275,12,12
37634693,business,tldr,Four foreign-owned firms are competing to run train services in Wales and create the £600m South Wales Metro.,Four companies have submitted bids for a new rail franchise in Wales.,3189,12,18
37634693,business,bullet_points,Four foreign-owned firms are competing to run train services in Wales and create the £600m South Wales Metro.,Four companies have submitted bids for a new rail franchise in Wales.,3189,12,18
37634693,business,bullet_points_strict,Four foreign-owned firms are competing to run train services in Wales and create the £600m South Wales Metro.,Four companies have submitted bids for a new rail franchise in Wales.,3189,12,18
37634693,business,one_sentence,Four foreign-owned firms are competing to run train services in Wales and create the £600m South Wales Metro.,Four companies have submitted bids for a new rail franchise in Wales.,3189,12,18
37634693,business,fact_constrained,Four foreign-owned firms are competing to run train services in Wales and create the £600m South Wales Metro.,Four companies have submitted bids for a contract to build a new rail network in Wales.,3189,16,18
37320915,entertainment,tldr,Veteran broadcaster Robbie Shepherd is leaving BBC Radio Scotland's Take the Floor after 35 years this weekend.,BBC Scotland's Robbie Robbie has stepped down as host of the Scottish dance music show Take the Floor.,3369,18,17
37320915,entertainment,bullet_points,Veteran broadcaster Robbie Shepherd is leaving BBC Radio Scotland's Take the Floor after 35 years this weekend.,BBC Scotland's Robbie Robbie has announced he will step down as host of the Scottish dance music show this weekend.,3369,20,17
37320915,entertainment,bullet_points_strict,Veteran broadcaster Robbie Shepherd is leaving BBC Radio Scotland's Take the Floor after 35 years this weekend.,BBC Scotland's Robbie Robbie has announced he will step down as host of the Scottish dance music show this weekend.,3369,20,17
37320915,entertainment,one_sentence,Veteran broadcaster Robbie Shepherd is leaving BBC Radio Scotland's Take the Floor after 35 years this weekend.,BBC Scotland's Robbie Robbie has announced he will step down as host of the Scottish dance music show this weekend.,3369,20,17
37320915,entertainment,fact_constrained,Veteran broadcaster Robbie Shepherd is leaving BBC Radio Scotland's Take the Floor after 35 years this weekend.,BBC Scotland's Robbie Robbie has stepped down as host of the Scottish dance music show Take the Floor.,3369,18,17
35162652,sport,tldr,Accrington Stanley manager John Coleman has criticised the Football League for allowing Carlisle United to move their home games because of flooding.,"Carlisle United manager Alan Coleman says the league's handling of the Carlisle floods is ""unfair"" and unfair.",1097,17,22
35162652,sport,bullet_points,Accrington Stanley manager John Coleman has criticised the Football League for allowing Carlisle United to move their home games because of flooding.,"Carlisle United manager Paul Coleman says he is ""shocked"" by the club's handling of the Carlisle floods.",1097,17,22
35162652,sport,bullet_points_strict,Accrington Stanley manager John Coleman has criticised the Football League for allowing Carlisle United to move their home games because of flooding.,"Carlisle United manager Paul Coleman says he is ""shocked"" by the league's handling of the Carlisle floods.",1097,17,22
35162652,sport,one_sentence,Accrington Stanley manager John Coleman has criticised the Football League for allowing Carlisle United to move their home games because of flooding.,"Carlisle United manager Mark Coleman says he is ""shocked"" by the club's handling of the Carlisle floods.",1097,17,22
35162652,sport,fact_constrained,Accrington Stanley manager John Coleman has criticised the Football League for allowing Carlisle United to move their home games because of flooding.,"Carlisle United manager Paul Coleman says he is ""shocked"" by the League Two club's handling of the Carlisle floods.",1097,19,22
38062339,sport,tldr,Two Manchester United fans spent Friday night undetected in an Old Trafford toilet in an attempt to see Saturday's Premier League game against Arsenal.,A pair of Manchester United fans have been arrested after a suspected explosive was found in a toilet in the Emirates Stadium.,742,22,24
38062339,sport,bullet_points,Two Manchester United fans spent Friday night undetected in an Old Trafford toilet in an attempt to see Saturday's Premier League game against Arsenal.,A pair of Manchester United supporters have been arrested in connection with a robbery at the Emirates Stadium.,742,18,24
38062339,sport,bullet_points_strict,Two Manchester United fans spent Friday night undetected in an Old Trafford toilet in an attempt to see Saturday's Premier League game against Arsenal.,A pair of Manchester United fans have been arrested after a suspected explosive was found in a toilet in the Emirates Stadium.,742,22,24
38062339,sport,one_sentence,Two Manchester United fans spent Friday night undetected in an Old Trafford toilet in an attempt to see Saturday's Premier League game against Arsenal.,A pair of Manchester United supporters have been arrested in connection with a robbery at Old Trafford.,742,17,24
38062339,sport,fact_constrained,Two Manchester United fans spent Friday night undetected in an Old Trafford toilet in an attempt to see Saturday's Premier League game against Arsenal.,A pair of Manchester United supporters have been arrested in connection with an incident at Old Trafford.,742,17,24
40785774,sport,tldr,Accrington Stanley secured a dramatic late victory over Championship side Preston North End to seal their place in the second round of the EFL Cup.,Accrington Stanley beat Preston North End to reach the EFL Cup third round.,5190,13,25
40785774,sport,bullet_points,Accrington Stanley secured a dramatic late victory over Championship side Preston North End to seal their place in the second round of the EFL Cup.,Accrington Stanley beat Preston North End to reach the EFL Cup third round.,5190,13,25
40785774,sport,bullet_points_strict,Accrington Stanley secured a dramatic late victory over Championship side Preston North End to seal their place in the second round of the EFL Cup.,Accrington Stanley beat Preston North End to reach the EFL Cup third round.,5190,13,25
40785774,sport,one_sentence,Accrington Stanley secured a dramatic late victory over Championship side Preston North End to seal their place in the second round of the EFL Cup.,Accrington Stanley drew 1-1 with Preston North End in the EFL Cup third round.,5190,14,25
40785774,sport,fact_constrained,Accrington Stanley secured a dramatic late victory over Championship side Preston North End to seal their place in the second round of the EFL Cup.,Accrington Stanley beat Preston North End to reach the EFL Cup third round.,5190,13,25
39403454,entertainment,tldr,An electrician whose £200 worth of tools were mistakenly sold for £1 in a charity shop has had them returned.,"A man who was offered £100 by a magazine for a Facebook post about a mistake in his tools has said he was ""just waiting for the call to go into the jungle"".",993,33,20
39403454,entertainment,bullet_points,An electrician whose £200 worth of tools were mistakenly sold for £1 in a charity shop has had them returned.,"A carpenter has said he was ""just waiting for the phone to go into the jungle"".",993,16,20
39403454,entertainment,bullet_points_strict,An electrician whose £200 worth of tools were mistakenly sold for £1 in a charity shop has had them returned.,"A man has said he was ""just waiting for the phone to go into the jungle"" after he was offered £100 by a magazine for his story.",993,27,20
39403454,entertainment,one_sentence,An electrician whose £200 worth of tools were mistakenly sold for £1 in a charity shop has had them returned.,"A carpenter has said he was ""just waiting"" for a phone call to go into the jungle to collect his tools.",993,21,20
39403454,entertainment,fact_constrained,An electrician whose £200 worth of tools were mistakenly sold for £1 in a charity shop has had them returned.,"A man who made a mistake at a car shop has said he was ""just waiting for the phone to go into the jungle"".",993,24,20
40917946,sport,tldr,"Laura Muir says she'll be ""gutted"" to miss April's Commonwealth Games.","Scotland's Sarah Muir says she is ""gutted"" she will not be able to compete in the Commonwealth Games next year.",1773,20,11
40917946,sport,bullet_points,"Laura Muir says she'll be ""gutted"" to miss April's Commonwealth Games.","Scotland's Heather Muir says she is ""gutted"" she will miss the Commonwealth Games in April.",1773,15,11
40917946,sport,bullet_points_strict,"Laura Muir says she'll be ""gutted"" to miss April's Commonwealth Games.","Scotland's Heather Muir says she is ""gutted"" she will miss the Commonwealth Games in April.",1773,15,11
40917946,sport,one_sentence,"Laura Muir says she'll be ""gutted"" to miss April's Commonwealth Games.","Scotland's Sarah Muir says she is ""gutted"" she will miss the Commonwealth Games in April because of veterinary medicine studies.",1773,20,11
40917946,sport,fact_constrained,"Laura Muir says she'll be ""gutted"" to miss April's Commonwealth Games.","Scotland's Heather Muir says she is ""gutted"" she will miss the Commonwealth Games in April.",1773,15,11
40714975,sport,tldr,Southend United will give striker Nile Ranger a chance to relaunch his career when he is released from prison.,Southend United striker Nile Ranger will be fit for the start of the season after being jailed for eight months.,942,20,19
40714975,sport,bullet_points,Southend United will give striker Nile Ranger a chance to relaunch his career when he is released from prison.,Nile Ranger will be fit for the start of the new season after being jailed for fraud.,942,17,19
40714975,sport,bullet_points_strict,Southend United will give striker Nile Ranger a chance to relaunch his career when he is released from prison.,"Southend United will try to get Nile Ranger back on the pitch before the start of the season, the club have confirmed.",942,22,19
40714975,sport,one_sentence,Southend United will give striker Nile Ranger a chance to relaunch his career when he is released from prison.,Nile Ranger will miss the rest of the season after being jailed for fraud.,942,14,19
40714975,sport,fact_constrained,Southend United will give striker Nile Ranger a chance to relaunch his career when he is released from prison.,Nile Ranger will miss the start of the 2017-18 season at Southend United after being jailed for eight months.,942,19,19
35457886,entertainment,tldr,"Books of condolence have opened for Sir Terry Wogan, as his breakfast show successor Chris Evans paid tribute on air to ""radio's Eric Morecambe"".",A book of condolences has been opened in Limerick to mark the passing of Radio 2 host Sir Terry Evans.,7408,20,24
35457886,entertainment,bullet_points,"Books of condolence have opened for Sir Terry Wogan, as his breakfast show successor Chris Evans paid tribute on air to ""radio's Eric Morecambe"".",A book of condolences has been opened in Limerick to mark the passing of Radio 2 host Sir Terry Evans.,7408,20,24
35457886,entertainment,bullet_points_strict,"Books of condolence have opened for Sir Terry Wogan, as his breakfast show successor Chris Evans paid tribute on air to ""radio's Eric Morecambe"".",A book of condolences to Sir Terry Evans has been opened in Limerick.,7408,13,24
35457886,entertainment,one_sentence,"Books of condolence have opened for Sir Terry Wogan, as his breakfast show successor Chris Evans paid tribute on air to ""radio's Eric Morecambe"".",A book of condolences has been opened in Limerick to mark the passing of Radio 2 host Sir Terry Evans.,7408,20,24
35457886,entertainment,fact_constrained,"Books of condolence have opened for Sir Terry Wogan, as his breakfast show successor Chris Evans paid tribute on air to ""radio's Eric Morecambe"".",A book of condolences has been opened in Limerick to mark the passing of Radio 2 host Sir Terry Evans.,7408,20,24
36119787,business,tldr,"First Minister Nicola Sturgeon has called for ""cast iron assurances"" jobs will not be lost at Clyde shipyards because of contract delays.",The Clyde shipyards are set to build eight Type 26 frigates and two offshore patrol vessels in the next few months.,2992,21,22
36119787,business,bullet_points,"First Minister Nicola Sturgeon has called for ""cast iron assurances"" jobs will not be lost at Clyde shipyards because of contract delays.",The Clyde shipyards are set to build eight Type 26 frigates and two offshore patrol vessels in the next few months.,2992,21,22
36119787,business,bullet_points_strict,"First Minister Nicola Sturgeon has called for ""cast iron assurances"" jobs will not be lost at Clyde shipyards because of contract delays.","The Clyde shipyards are set to build eight Type 26 frigates and two new offshore patrol vessels, the Scottish Conservatives have said.",2992,22,22
36119787,business,one_sentence,"First Minister Nicola Sturgeon has called for ""cast iron assurances"" jobs will not be lost at Clyde shipyards because of contract delays.",The Clyde shipyards are set to build eight Type 26 frigates and two new offshore patrol vessels.,2992,17,22
36119787,business,fact_constrained,"First Minister Nicola Sturgeon has called for ""cast iron assurances"" jobs will not be lost at Clyde shipyards because of contract delays.","The Clyde shipyards are facing a ""famine and famine"" over the future of the Royal Navy's new frigates.",2992,18,22
35665575,politics,tldr,Republican presidential hopefuls Ted Cruz and Marco Rubio have unleashed a barrage of attacks on front-runner Donald Trump in the last debate before next Tuesday's pivotal US primaries.,Donald Trump's campaign has been dominated by a series of attacks on the New York real estate mogul.,4486,18,28
35665575,politics,bullet_points,Republican presidential hopefuls Ted Cruz and Marco Rubio have unleashed a barrage of attacks on front-runner Donald Trump in the last debate before next Tuesday's pivotal US primaries.,"Donald Trump's presidential campaign has been dominated by a series of attacks on the Republican front-runner, with Marco Rubio, Ted Cruz and Marco Rubio arguing that he is a liar.",4486,30,28
35665575,politics,bullet_points_strict,Republican presidential hopefuls Ted Cruz and Marco Rubio have unleashed a barrage of attacks on front-runner Donald Trump in the last debate before next Tuesday's pivotal US primaries.,Donald Trump's presidential campaign has been dominated by a series of attacks on the New York real estate mogul.,4486,19,28
35665575,politics,one_sentence,Republican presidential hopefuls Ted Cruz and Marco Rubio have unleashed a barrage of attacks on front-runner Donald Trump in the last debate before next Tuesday's pivotal US primaries.,Donald Trump's presidential campaign has been dominated by a series of attacks on the New York real estate mogul.,4486,19,28
35665575,politics,fact_constrained,Republican presidential hopefuls Ted Cruz and Marco Rubio have unleashed a barrage of attacks on front-runner Donald Trump in the last debate before next Tuesday's pivotal US primaries.,Donald Trump's presidential campaign has been dominated by a series of attacks on the New York real estate mogul.,4486,19,28
36295366,politics,tldr,So Ukraine confounded the bookmakers and Eurovision commentators who had been convinced that Russia - or possibly Australia - would win.,"Ukraine's chances of winning this year's Eurovision Song Contest"".",3473,9,21
36295366,politics,bullet_points,So Ukraine confounded the bookmakers and Eurovision commentators who had been convinced that Russia - or possibly Australia - would win.,"Ukraine's chances of winning this year's Eurovision Song Contest"".",3473,9,21
36295366,politics,bullet_points_strict,So Ukraine confounded the bookmakers and Eurovision commentators who had been convinced that Russia - or possibly Australia - would win.,"Ukraine's chances of winning this year's Eurovision Song Contest"".",3473,9,21
36295366,politics,one_sentence,So Ukraine confounded the bookmakers and Eurovision commentators who had been convinced that Russia - or possibly Australia - would win.,"Ukraine's chances of winning this year's Eurovision Song Contest"".",3473,9,21
36295366,politics,fact_constrained,So Ukraine confounded the bookmakers and Eurovision commentators who had been convinced that Russia - or possibly Australia - would win.,"Ukraine's chances of winning this year's Eurovision Song Contest"".",3473,9,21
39112583,business,tldr,Lifeguards will patrol a popular beach on the South Coast this summer after seven men drowned last year.,Lifeguards at a beach where five men drowned in a day-trip have been given a boost.,1648,16,18
39112583,business,bullet_points,Lifeguards will patrol a popular beach on the South Coast this summer after seven men drowned last year.,Lifeguards are to be present at a beach at the site of the deaths of five men who drowned at the weekend.,1648,22,18
39112583,business,bullet_points_strict,Lifeguards will patrol a popular beach on the South Coast this summer after seven men drowned last year.,"Lifeguards at a beach where five men drowned have been given a boost, a council has said.",1648,17,18
39112583,business,one_sentence,Lifeguards will patrol a popular beach on the South Coast this summer after seven men drowned last year.,Lifeguards are to be present at a beach at the site of the deaths of five men who drowned at the weekend.,1648,22,18
39112583,business,fact_constrained,Lifeguards will patrol a popular beach on the South Coast this summer after seven men drowned last year.,Lifeguards at a beach where five men drowned have been given a boost by the council.,1648,16,18
40369861,sport,tldr,Partick Thistle captain Abdul Osman says the players are praying manager Alan Archibald stays at the club for another season.,"Partick Thistle midfielder Mark Osman says he would be ""personally disappointed"" to see former Swindon Town manager Paul Archibald leave the club.",1304,22,20
40369861,sport,bullet_points,Partick Thistle captain Abdul Osman says the players are praying manager Alan Archibald stays at the club for another season.,"Partick Thistle midfielder Mark Osman says he would be ""personally disappointed"" to see former Swindon manager Paul Archibald leave the club.",1304,21,20
40369861,sport,bullet_points_strict,Partick Thistle captain Abdul Osman says the players are praying manager Alan Archibald stays at the club for another season.,"Partick Thistle midfielder Shaun Osman says he would be ""personally disappointed"" to see former Swindon manager Paul Archibald leave the club.",1304,21,20
40369861,sport,one_sentence,Partick Thistle captain Abdul Osman says the players are praying manager Alan Archibald stays at the club for another season.,"Partick Thistle midfielder Mark Osman says he is ""disappointed"" by the news that former Swindon Town manager Paul Archibald has left the club.",1304,23,20
40369861,sport,fact_constrained,Partick Thistle captain Abdul Osman says the players are praying manager Alan Archibald stays at the club for another season.,"Partick Thistle midfielder Shaun Osman says he would be ""personally disappointed"" to see former Swindon manager Paul Archibald leave the club.",1304,21,20
32806866,tech,tldr,Ten youths have been arrested by Canadian police on suspicion of planning to travel to Iraq and Syria to join Islamic State.,Canadian police have arrested 10 people suspected of being involved in a plot to terrorise Iraq and Syria.,1196,18,22
32806866,tech,bullet_points,Ten youths have been arrested by Canadian police on suspicion of planning to travel to Iraq and Syria to join Islamic State.,Canadian police have arrested 10 people suspected of being involved in a plot to terrorise Iraq and Syria.,1196,18,22
32806866,tech,bullet_points_strict,Ten youths have been arrested by Canadian police on suspicion of planning to travel to Iraq and Syria to join Islamic State.,Canadian police have arrested 10 people suspected of being behind the spread of Islamic State (IS) in Iraq and Syria.,1196,20,22
32806866,tech,one_sentence,Ten youths have been arrested by Canadian police on suspicion of planning to travel to Iraq and Syria to join Islamic State.,Canadian police have arrested 10 people suspected of involvement in a terror plot in Syria and Iraq.,1196,17,22
32806866,tech,fact_constrained,Ten youths have been arrested by Canadian police on suspicion of planning to travel to Iraq and Syria to join Islamic State.,Canadian police have arrested 10 people suspected of involvement in a terror plot in Syria and Iraq.,1196,17,22
35324257,sport,tldr,League Two side York City have signed Hull City midfielder Matt Dixon on an 18-month deal.,League One side Minstermen have signed midfielder Josh Dixon on a one-year deal.,359,13,16
35324257,sport,bullet_points,League Two side York City have signed Hull City midfielder Matt Dixon on an 18-month deal.,League Two side Minstermen have signed defender James Dixon on a one-year contract.,359,13,16
35324257,sport,bullet_points_strict,League Two side York City have signed Hull City midfielder Matt Dixon on an 18-month deal.,League Two side Minstermen have signed defender James Dixon on a one-year contract.,359,13,16
35324257,sport,one_sentence,League Two side York City have signed Hull City midfielder Matt Dixon on an 18-month deal.,Leicester City have signed midfielder Josh Dixon on a one-year contract.,359,11,16
35324257,sport,fact_constrained,League Two side York City have signed Hull City midfielder Matt Dixon on an 18-month deal.,League Two side Minstermen have signed defender Alex Dixon on a one-year contract.,359,13,16
24616801,politics,tldr,"Up to £500m could be recovered from overseas visitors and migrants using the NHS every year, ministers believe.","Foreign visitors to the UK should be allowed to visit the UK, but they must make a fair contribution to the NHS, a report has suggested.",6386,26,18
24616801,politics,bullet_points,"Up to £500m could be recovered from overseas visitors and migrants using the NHS every year, ministers believe.","Foreign visitors to the UK must make a ""fair contribution"" to the NHS, the government has said.",6386,17,18
24616801,politics,bullet_points_strict,"Up to £500m could be recovered from overseas visitors and migrants using the NHS every year, ministers believe.","Foreign visitors to the UK will be able to benefit from a ""fair contribution"" from the NHS, the government has said.",6386,21,18
24616801,politics,one_sentence,"Up to £500m could be recovered from overseas visitors and migrants using the NHS every year, ministers believe.","Foreign visitors to the UK should be allowed to visit the UK and treated in the same way they are treated in the UK,"" the government has said.",6386,28,18
24616801,politics,fact_constrained,"Up to £500m could be recovered from overseas visitors and migrants using the NHS every year, ministers believe.","Foreign visitors to the UK should be allowed to visit the UK, but they must make a fair contribution to the NHS,' the government has said.",6386,26,18
38440000,sport,tldr,Belfast Giants remain within four points of Elite League leaders Cardiff Devils after earning a 5-1 Boxing Day away win over Braehead Clan.,Belfast Giants beat Coventry Blaze 5-3 in a thrilling game at the SSE Arena.,1115,14,23
38440000,sport,bullet_points,Belfast Giants remain within four points of Elite League leaders Cardiff Devils after earning a 5-1 Boxing Day away win over Braehead Clan.,Belfast Giants beat Coventry Blaze 5-3 in Belfast's final game of the festive period.,1115,14,23
38440000,sport,bullet_points_strict,Belfast Giants remain within four points of Elite League leaders Cardiff Devils after earning a 5-1 Boxing Day away win over Braehead Clan.,Belfast Giants beat Coventry Blaze 5-3 in a thrilling game at the SSE Arena.,1115,14,23
38440000,sport,one_sentence,Belfast Giants remain within four points of Elite League leaders Cardiff Devils after earning a 5-1 Boxing Day away win over Braehead Clan.,Belfast Giants beat Coventry Blaze 5-3 at the SSE Arena in Belfast on Saturday night.,1115,15,23
38440000,sport,fact_constrained,Belfast Giants remain within four points of Elite League leaders Cardiff Devils after earning a 5-1 Boxing Day away win over Braehead Clan.,Belfast Giants beat Coventry Blaze 5-3 in Belfast's final game of the festive period.,1115,14,23
35654307,tech,tldr,BBC Rewind looks at the history of the Flying Scotsman as it prepares to return to the railways.,A historic steam engine from Doncaster will make its first journey in ten years.,451,14,18
35654307,tech,bullet_points,BBC Rewind looks at the history of the Flying Scotsman as it prepares to return to the railways.,The first train to be built on a railway line in the UK has arrived in the UK.,451,18,18
35654307,tech,bullet_points_strict,BBC Rewind looks at the history of the Flying Scotsman as it prepares to return to the railways.,The first train to be built on a railway line in the UK has arrived in London.,451,17,18
35654307,tech,one_sentence,BBC Rewind looks at the history of the Flying Scotsman as it prepares to return to the railways.,The first train to be built on a railway line in more than 50 years has arrived in the UK.,451,20,18
35654307,tech,fact_constrained,BBC Rewind looks at the history of the Flying Scotsman as it prepares to return to the railways.,The first train to be built on a railway line in the UK has arrived in London.,451,17,18
38650041,business,tldr,A man who claimed he was abused at an East Yorkshire Catholic school has lost a legal action for compensation.,"A former chaplain at an East Yorkshire school has been awarded £16,000 in compensation after he was found guilty of sexually abusing boys.",1345,23,20
38650041,business,bullet_points,A man who claimed he was abused at an East Yorkshire Catholic school has lost a legal action for compensation.,A former chaplain at an East Yorkshire school has been convicted of sexually abusing boys.,1345,15,20
38650041,business,bullet_points_strict,A man who claimed he was abused at an East Yorkshire Catholic school has lost a legal action for compensation.,A former head teacher at a school in East Yorkshire has been awarded compensation for sexual abuse at the school.,1345,20,20
38650041,business,one_sentence,A man who claimed he was abused at an East Yorkshire Catholic school has lost a legal action for compensation.,A former head teacher at a school in Leeds has been awarded compensation for sexually abusing boys at the school.,1345,20,20
38650041,business,fact_constrained,A man who claimed he was abused at an East Yorkshire Catholic school has lost a legal action for compensation.,A former head teacher at a school in Leeds has been awarded compensation for sexual abuse at the school.,1345,19,20
38049486,entertainment,tldr,Harry Potter spin-off Fantastic Beasts and Where To Find Them has had the biggest UK box office opening weekend of the year so far.,"Harry Potter: The Twilight Saga has topped the US and Canada box office, taking an estimated $17.7m (£11.3m) over the weekend.",1578,21,24
38049486,entertainment,bullet_points,Harry Potter spin-off Fantastic Beasts and Where To Find Them has had the biggest UK box office opening weekend of the year so far.,"Harry Potter: The Twilight Saga has topped the US and Canada box office, taking an estimated $17.7m (£11.3m) over the weekend.",1578,21,24
38049486,entertainment,bullet_points_strict,Harry Potter spin-off Fantastic Beasts and Where To Find Them has had the biggest UK box office opening weekend of the year so far.,Harry Potter: The Twilight Saga has topped the US and Canada box office at the weekend.,1578,16,24
38049486,entertainment,one_sentence,Harry Potter spin-off Fantastic Beasts and Where To Find Them has had the biggest UK box office opening weekend of the year so far.,"Harry Potter: The Twilight Saga has topped the US and Canada box office, taking an estimated $17m (£18m) over the weekend.",1578,21,24
38049486,entertainment,fact_constrained,Harry Potter spin-off Fantastic Beasts and Where To Find Them has had the biggest UK box office opening weekend of the year so far.,"Harry Potter: The Twilight Saga has topped the US and Canada box office, taking an estimated $17m (£18m) over the weekend.",1578,21,24
35764147,sport,tldr,Britain's Victoria Williamson says she is lucky not to be paralysed after her serious crash at Rotterdam's Zesdaagse.,"Britain's Laura Williamson says she is ""still here to live another day"" after a spinal cord injury at the World Championships in Rotterdam.",1636,23,18
35764147,sport,bullet_points,Britain's Victoria Williamson says she is lucky not to be paralysed after her serious crash at Rotterdam's Zesdaagse.,"Britain's Laura Williamson says she is ""still here to live another day"" after a spinal cord injury suffered at the World Championships in Rotterdam.",1636,24,18
35764147,sport,bullet_points_strict,Britain's Victoria Williamson says she is lucky not to be paralysed after her serious crash at Rotterdam's Zesdaagse.,"Britain's Laura Williamson says she is ""still here to live another day"" after being paralysed in a crash in Rotterdam.",1636,20,18
35764147,sport,one_sentence,Britain's Victoria Williamson says she is lucky not to be paralysed after her serious crash at Rotterdam's Zesdaagse.,"Britain's Laura Williamson says she is ""still here to live another day"" after being paralysed in a crash in Rotterdam.",1636,20,18
35764147,sport,fact_constrained,Britain's Victoria Williamson says she is lucky not to be paralysed after her serious crash at Rotterdam's Zesdaagse.,"Britain's Laura Williamson says she is ""still here to live another day"" after a spinal cord injury suffered at the World Championships in Rotterdam.",1636,24,18
17811732,business,tldr,"The gap between male and female life expectancy is closing and men could catch up by 2030, according to an adviser for the Office for National Statistics.","The gap between life expectancy at 30 and life expectancy at 30 could be narrowing in the next 20 years, according to a new study.",3041,25,27
17811732,business,bullet_points,"The gap between male and female life expectancy is closing and men could catch up by 2030, according to an adviser for the Office for National Statistics.","The gap in life expectancy between men and women has widened in the last 20 years, according to a new study.",3041,21,27
17811732,business,bullet_points_strict,"The gap between male and female life expectancy is closing and men could catch up by 2030, according to an adviser for the Office for National Statistics.","The gap between life expectancy at 30 and life expectancy at 30 could be narrowing in the next 20 years, according to a new study.",3041,25,27
17811732,business,one_sentence,"The gap between male and female life expectancy is closing and men could catch up by 2030, according to an adviser for the Office for National Statistics.","The gap between life expectancy at 30 and life expectancy at 30 could be narrowing in 20 years, according to a new study.",3041,23,27
17811732,business,fact_constrained,"The gap between male and female life expectancy is closing and men could catch up by 2030, according to an adviser for the Office for National Statistics.","The gap in life expectancy between men and women has widened in the last 20 years, according to a new study.",3041,21,27
40101558,politics,tldr,The head of the national body for police commissioners resigned in order to appear on the BBC's Question Time following the Manchester attack.,Former chief prosecutor Nazir Afzal has resigned as chief executive of the country's police and crime commissioners.,1697,17,23
40101558,politics,bullet_points,The head of the national body for police commissioners resigned in order to appear on the BBC's Question Time following the Manchester attack.,A former chief prosecutor has resigned as chief executive of the country's police and crime commissioners after appearing on Question Time.,1697,21,23
40101558,politics,bullet_points_strict,The head of the national body for police commissioners resigned in order to appear on the BBC's Question Time following the Manchester attack.,A former chief prosecutor has resigned as chief executive of the country's police and crime commissioners after appearing on Question Time.,1697,21,23
40101558,politics,one_sentence,The head of the national body for police commissioners resigned in order to appear on the BBC's Question Time following the Manchester attack.,The former chief prosecutor for north-west England has resigned as chief executive of the country's police and crime commissioners.,1697,19,23
40101558,politics,fact_constrained,The head of the national body for police commissioners resigned in order to appear on the BBC's Question Time following the Manchester attack.,A former chief prosecutor has resigned as chief executive of the country's police and crime commissioners after appearing on Question Time.,1697,21,23
40029092,business,tldr,"In his new book Grave New World, Stephen King says: ""For better or worse, China is simply too big to be ignored.""","In a jittery world, China's debt mountain can loom larger than the fundamentals suggest.",3614,14,22
40029092,business,bullet_points,"In his new book Grave New World, Stephen King says: ""For better or worse, China is simply too big to be ignored.""","In a jittery world, China's debt mountain can loom larger than the fundamentals suggest.",3614,14,22
40029092,business,bullet_points_strict,"In his new book Grave New World, Stephen King says: ""For better or worse, China is simply too big to be ignored.""","In a jittery world, China's debt mountain can loom larger than the fundamentals suggest.",3614,14,22
40029092,business,one_sentence,"In his new book Grave New World, Stephen King says: ""For better or worse, China is simply too big to be ignored.""","China's economic growth has been sluggish for the past few years, and the country's debt is growing at an alarming rate.",3614,21,22
40029092,business,fact_constrained,"In his new book Grave New World, Stephen King says: ""For better or worse, China is simply too big to be ignored.""",China's economic growth has been sluggish for the past few years.,3614,11,22
15479709,business,tldr,An expert has claimed controversial plans to build a £3.6bn 'super sewer' in London are motivated by profit.,Thames Water's bid to build a super-sea tunnel in the River Thames has been rejected by a leading academic.,2692,19,18
15479709,business,bullet_points,An expert has claimed controversial plans to build a £3.6bn 'super sewer' in London are motivated by profit.,Thames Water's bid to build a super-sealed tunnel in London's River Thames has been backed by a leading academic.,2692,19,18
15479709,business,bullet_points_strict,An expert has claimed controversial plans to build a £3.6bn 'super sewer' in London are motivated by profit.,Thames Water's bid to build a super-sea tunnel in London has been backed by a water industry expert.,2692,18,18
15479709,business,one_sentence,An expert has claimed controversial plans to build a £3.6bn 'super sewer' in London are motivated by profit.,Thames Water's bid to build a super-sea tunnel in the River Thames has been criticised by a water industry expert.,2692,20,18
15479709,business,fact_constrained,An expert has claimed controversial plans to build a £3.6bn 'super sewer' in London are motivated by profit.,Thames Water's bid to build a super-sea tunnel in the River Thames has been rejected by a leading academic.,2692,19,18
38316455,business,tldr,"The developers of the proposed Swansea Bay tidal lagoon have accused Natural Resources Wales (NRW) of publishing a ""grossly misleading"" analysis of the project's likely impact on fish.","A Swansea tidal lagoon project has been criticised by a Welsh government regulator for its ""grossly misleading"" figures.",2130,18,28
38316455,business,bullet_points,"The developers of the proposed Swansea Bay tidal lagoon have accused Natural Resources Wales (NRW) of publishing a ""grossly misleading"" analysis of the project's likely impact on fish.",The Swansea tidal lagoon project has been criticised by a developer who claims it could kill up to 2% of fish.,2130,21,28
38316455,business,bullet_points_strict,"The developers of the proposed Swansea Bay tidal lagoon have accused Natural Resources Wales (NRW) of publishing a ""grossly misleading"" analysis of the project's likely impact on fish.",Swansea's tidal lagoon project has been criticised by a developer who claims it could kill up to 2% of fish.,2130,20,28
38316455,business,one_sentence,"The developers of the proposed Swansea Bay tidal lagoon have accused Natural Resources Wales (NRW) of publishing a ""grossly misleading"" analysis of the project's likely impact on fish.",Swansea's tidal lagoon project has been criticised by a firm that claims it could kill up to a third of the world's fish.,2130,23,28
38316455,business,fact_constrained,"The developers of the proposed Swansea Bay tidal lagoon have accused Natural Resources Wales (NRW) of publishing a ""grossly misleading"" analysis of the project's likely impact on fish.",Swansea's tidal lagoon project has been criticised by a developer who claims it could kill up to 2% of fish.,2130,20,28
39106827,sport,tldr,Premiership side Sale Sharks will sign Scotland and Glasgow back row forward Josh Strauss on a three-year deal from next season.,Sale Sharks have signed Glasgow Warriors centre Josh Strauss on a one-year contract.,1082,13,21
39106827,sport,bullet_points,Premiership side Sale Sharks will sign Scotland and Glasgow back row forward Josh Strauss on a three-year deal from next season.,Sale Sharks have signed Glasgow Warriors centre Josh Strauss on a one-year contract.,1082,13,21
39106827,sport,bullet_points_strict,Premiership side Sale Sharks will sign Scotland and Glasgow back row forward Josh Strauss on a three-year deal from next season.,Sale Sharks have signed Glasgow Warriors centre Josh Strauss on a one-year contract.,1082,13,21
39106827,sport,one_sentence,Premiership side Sale Sharks will sign Scotland and Glasgow back row forward Josh Strauss on a three-year deal from next season.,Sale Sharks have signed Glasgow Warriors centre Josh Strauss on a one-year contract.,1082,13,21
39106827,sport,fact_constrained,Premiership side Sale Sharks will sign Scotland and Glasgow back row forward Josh Strauss on a three-year deal from next season.,Sale Sharks have signed Glasgow Warriors centre Josh Strauss on a one-year contract.,1082,13,21
40243766,tech,tldr,A China Eastern Airlines plane has had to turn back to Sydney airport after a technical failure which left a hole in an engine casing.,Passengers on a flight from Sydney to Shanghai have reported a hole in the left engine of a plane.,2013,19,25
40243766,tech,bullet_points,A China Eastern Airlines plane has had to turn back to Sydney airport after a technical failure which left a hole in an engine casing.,"Passengers on a Chinese airliner have said they were ""frightened"" by a hole in the left engine of the plane.",2013,20,25
40243766,tech,bullet_points_strict,A China Eastern Airlines plane has had to turn back to Sydney airport after a technical failure which left a hole in an engine casing.,Passengers on a flight from Sydney to Shanghai have reported a hole in the left engine of a plane.,2013,19,25
40243766,tech,one_sentence,A China Eastern Airlines plane has had to turn back to Sydney airport after a technical failure which left a hole in an engine casing.,Passengers on a flight from Sydney to Shanghai have reported a hole in the left engine of a Chinese plane.,2013,20,25
40243766,tech,fact_constrained,A China Eastern Airlines plane has had to turn back to Sydney airport after a technical failure which left a hole in an engine casing.,Passengers on a Chinese airliner have reported a hole in the left engine of a plane.,2013,16,25
35997066,politics,tldr,The government is to reconsider a visa for an American mother facing deportation from the UK.,"A couple who were refused leave to stay in the UK have said they are ""very hopeful"" the government will reconsider their application.",1238,23,16
35997066,politics,bullet_points,The government is to reconsider a visa for an American mother facing deportation from the UK.,"A couple who have been refused leave to stay in the UK have said they are ""very hopeful"" they will be able to return to the UK.",1238,27,16
35997066,politics,bullet_points_strict,The government is to reconsider a visa for an American mother facing deportation from the UK.,"The family of a woman who was refused leave to stay in the UK has said they are ""very hopeful"" the government will reconsider their application.",1238,26,16
35997066,politics,one_sentence,The government is to reconsider a visa for an American mother facing deportation from the UK.,"The mother of a two-year-old girl who was refused leave to stay in the UK has said she is ""very relieved"" that the government will reconsider her application.",1238,28,16
35997066,politics,fact_constrained,The government is to reconsider a visa for an American mother facing deportation from the UK.,"The family of a woman who was refused leave to stay in the UK has said they are ""relieved"" that the government will reconsider their application.",1238,26,16
38880926,entertainment,tldr,Each day we feature a photograph sent in from across England.,"This week's theme is ""love"". If you have a picture you'd like to share, email us.",1376,16,11
38880926,entertainment,bullet_points,Each day we feature a photograph sent in from across England.,England's Big Picture is a gallery of images and videos from around the world.,1376,14,11
38880926,entertainment,bullet_points_strict,Each day we feature a photograph sent in from across England.,England's Big Picture is a gallery of pictures and videos from around the world.,1376,14,11
38880926,entertainment,one_sentence,Each day we feature a photograph sent in from across England.,England's Big Picture is a gallery of images and videos from around the world.,1376,14,11
38880926,entertainment,fact_constrained,Each day we feature a photograph sent in from across England.,"This week's theme is ""love"".",1376,5,11
22051542,sport,tldr,"Scottish football should consider a bigger league to help young talent, according to Czech Republic director of football Dusan Fitzel.","A 16-team Czech First League would be a better option than a 12-12-18 set-up in Scotland, says former Czech football coach and head coach Michael Fitzel.",3020,26,20
22051542,sport,bullet_points,"Scottish football should consider a bigger league to help young talent, according to Czech Republic director of football Dusan Fitzel.","A 16-team Czech First League would be a ""great opportunity"" for young players, says former Czech national coach and head coach Michael Fitzel.",3020,23,20
22051542,sport,bullet_points_strict,"Scottish football should consider a bigger league to help young talent, according to Czech Republic director of football Dusan Fitzel.","A 16-team Czech First League would be a ""great opportunity"" for young players, says former Czech national coach and head coach Michael Fitzel.",3020,23,20
22051542,sport,one_sentence,"Scottish football should consider a bigger league to help young talent, according to Czech Republic director of football Dusan Fitzel.","A 16-team Czech First League would be a ""great opportunity"" for young players, says former Czech football coach and head coach Michael Fitzel.",3020,23,20
22051542,sport,fact_constrained,"Scottish football should consider a bigger league to help young talent, according to Czech Republic director of football Dusan Fitzel.","A 16-team Czech First League would be a ""great opportunity"" for young players, says former Czech football coach and head coach Michael Fitzel.",3020,23,20
39536132,politics,tldr,Democratic Republic of Congo President Joseph Kabila has appointed Bruno Tshibala as the new prime minister of the power-sharing government.,Congolese President Pierre Tshibala has stepped down as the country's interim leader.,1225,12,20
39536132,politics,bullet_points,Democratic Republic of Congo President Joseph Kabila has appointed Bruno Tshibala as the new prime minister of the power-sharing government.,"Congolese President Pierre Tshibala has stepped down as the country's interim president, paving the way for a transitional government.",1225,19,20
39536132,politics,bullet_points_strict,Democratic Republic of Congo President Joseph Kabila has appointed Bruno Tshibala as the new prime minister of the power-sharing government.,Congolese President Pierre-Marie Tshibala has been appointed as the new leader of the country's opposition party.,1225,16,20
39536132,politics,one_sentence,Democratic Republic of Congo President Joseph Kabila has appointed Bruno Tshibala as the new prime minister of the power-sharing government.,Congolese President Pierre Tshibala has stepped down as the country's interim president.,1225,12,20
39536132,politics,fact_constrained,Democratic Republic of Congo President Joseph Kabila has appointed Bruno Tshibala as the new prime minister of the power-sharing government.,"Congolese President Pierre-Claude Tshibala has resigned as the country's interim president, paving the way for a transitional government.",1225,18,20
37459574,sport,tldr,Adebayo Akinfenwa's winner five minutes from time handed Wycombe a hard-fought 1-0 home victory over Exeter in League Two.,Adebayo Akinfenwa scored twice as Wycombe drew 1-1 with Exeter City at Adams Park.,3558,14,19
37459574,sport,bullet_points,Adebayo Akinfenwa's winner five minutes from time handed Wycombe a hard-fought 1-0 home victory over Exeter in League Two.,Adebayo Akinfenwa scored twice as Wycombe beat Exeter City 1-0 at Adams Park.,3558,13,19
37459574,sport,bullet_points_strict,Adebayo Akinfenwa's winner five minutes from time handed Wycombe a hard-fought 1-0 home victory over Exeter in League Two.,Adebayo Akinfenwa scored twice as Wycombe beat Exeter City 1-0 at Adams Park.,3558,13,19
37459574,sport,one_sentence,Adebayo Akinfenwa's winner five minutes from time handed Wycombe a hard-fought 1-0 home victory over Exeter in League Two.,Adebayo Akinfenwa scored twice as Wycombe beat Exeter City 1-0 at Adams Park.,3558,13,19
37459574,sport,fact_constrained,Adebayo Akinfenwa's winner five minutes from time handed Wycombe a hard-fought 1-0 home victory over Exeter in League Two.,Adebayo Akinfenwa scored twice as Wycombe beat Exeter City 1-0 at Adams Park.,3558,13,19
39789511,business,tldr,"Journalists at Fairfax Media, one of Australia's largest publishers, have gone on strike for a week to protest against massive job cuts.",Fairfax Australia has announced plans to cut a quarter of its editorial staff.,1651,13,22
39789511,business,bullet_points,"Journalists at Fairfax Media, one of Australia's largest publishers, have gone on strike for a week to protest against massive job cuts.",Australia's biggest news publisher Fairfax has announced a series of fresh staff cuts.,1651,13,22
39789511,business,bullet_points_strict,"Journalists at Fairfax Media, one of Australia's largest publishers, have gone on strike for a week to protest against massive job cuts.",Australia's biggest news publisher Fairfax has announced a series of fresh staff cuts.,1651,13,22
39789511,business,one_sentence,"Journalists at Fairfax Media, one of Australia's largest publishers, have gone on strike for a week to protest against massive job cuts.",Fairfax Australia has announced a series of new jobs at its Sydney Morning Herald and Melbourne's The Age.,1651,18,22
39789511,business,fact_constrained,"Journalists at Fairfax Media, one of Australia's largest publishers, have gone on strike for a week to protest against massive job cuts.",Australian media publisher Fairfax has announced a series of fresh staff cuts.,1651,12,22
35104859,sport,tldr,Teenager Tom Marquand has been tipped to follow in the footsteps of three-times champion jockey Ryan Moore by his trainer Richard Hannon.,"Jockey Ryan Moore could become a champion jockey one day, says jockey Craig Marquand.",1601,14,22
35104859,sport,bullet_points,Teenager Tom Marquand has been tipped to follow in the footsteps of three-times champion jockey Ryan Moore by his trainer Richard Hannon.,"Jockey Ryan Moore could become a champion jockey one day, according to jockey Craig Marquand.",1601,15,22
35104859,sport,bullet_points_strict,Teenager Tom Marquand has been tipped to follow in the footsteps of three-times champion jockey Ryan Moore by his trainer Richard Hannon.,Jockey Ryan Moore could become a champion jockey if he wins the BBC Young Sports Personality of the Year award.,1601,20,22
35104859,sport,one_sentence,Teenager Tom Marquand has been tipped to follow in the footsteps of three-times champion jockey Ryan Moore by his trainer Richard Hannon.,Jockey Ryan Moore could become a champion jockey if he wins the BBC Young Sports Personality of the Year award.,1601,20,22
35104859,sport,fact_constrained,Teenager Tom Marquand has been tipped to follow in the footsteps of three-times champion jockey Ryan Moore by his trainer Richard Hannon.,"Jockey Ryan Moore could become a champion jockey one day, according to his trainer Paul Hannon.",1601,16,22
30322194,politics,tldr,"The Colombian government and Farc rebels have agreed to resume peace talks, which were suspended last month over the abduction of an army general, mediators say.",The Colombian government and the Farc rebels have agreed to hold a series of talks to end a five-year conflict in the country.,2095,23,26
30322194,politics,bullet_points,"The Colombian government and Farc rebels have agreed to resume peace talks, which were suspended last month over the abduction of an army general, mediators say.",The Colombian government and the Farc rebels have agreed to hold a second round of talks to end a five-year conflict in the country.,2095,24,26
30322194,politics,bullet_points_strict,"The Colombian government and Farc rebels have agreed to resume peace talks, which were suspended last month over the abduction of an army general, mediators say.",Colombian and Farc negotiators have agreed to hold a second round of talks to end a five-year conflict in the country.,2095,21,26
30322194,politics,one_sentence,"The Colombian government and Farc rebels have agreed to resume peace talks, which were suspended last month over the abduction of an army general, mediators say.",The Colombian government and the Farc rebels have agreed to hold talks to end a five-year conflict in the country.,2095,20,26
30322194,politics,fact_constrained,"The Colombian government and Farc rebels have agreed to resume peace talks, which were suspended last month over the abduction of an army general, mediators say.",The Colombian government and the Farc rebels have agreed to hold talks to end a five-year conflict in the country.,2095,20,26
38995337,sport,tldr,The Football Association has charged Blackburn midfielder Hope Akpan with violent conduct after he was sent off for pushing a referee.,Blackburn Rovers have been banned for three matches for violent conduct by referee Scott Akpan.,1021,15,21
38995337,sport,bullet_points,The Football Association has charged Blackburn midfielder Hope Akpan with violent conduct after he was sent off for pushing a referee.,Blackburn Rovers have been banned for three matches for violent conduct by referee Mark Akpan.,1021,15,21
38995337,sport,bullet_points_strict,The Football Association has charged Blackburn midfielder Hope Akpan with violent conduct after he was sent off for pushing a referee.,Blackburn Rovers have been banned for three matches for violent conduct by Blackburn Rovers striker Shahid Akpan.,1021,17,21
38995337,sport,one_sentence,The Football Association has charged Blackburn midfielder Hope Akpan with violent conduct after he was sent off for pushing a referee.,Blackburn Rovers have been banned for three matches for violent conduct by referee Mark Akpan after he pushed a referee to the ground.,1021,23,21
38995337,sport,fact_constrained,The Football Association has charged Blackburn midfielder Hope Akpan with violent conduct after he was sent off for pushing a referee.,Blackburn Rovers have been banned for three matches for violent conduct by Blackburn Rovers midfielder Shahid Akpan.,1021,17,21
35426361,tech,tldr,"Octopuses may have more complex social interactions than previously believed, a new study has found.","An unusual stance of octopuses may be a sign of aggression, a study suggests.",3136,14,15
35426361,tech,bullet_points,"Octopuses may have more complex social interactions than previously believed, a new study has found.","A new study suggests that octopuses are largely solitary creatures, with a ""no particular physiological reason why darkness should be associated with aggression"", say scientists.",3136,25,15
35426361,tech,bullet_points_strict,"Octopuses may have more complex social interactions than previously believed, a new study has found.",A new study has suggested that octopuses are more aggressive than previously thought.,3136,13,15
35426361,tech,one_sentence,"Octopuses may have more complex social interactions than previously believed, a new study has found.",A new study has suggested that octopuses are largely solitary creatures.,3136,11,15
35426361,tech,fact_constrained,"Octopuses may have more complex social interactions than previously believed, a new study has found.",A new study has suggested that octopuses are more aggressive than previously thought.,3136,13,15
36245913,sport,tldr,Former British number one Laura Robson will play at next month's grass-court Wimbledon warm-up event in Nottingham.,Andy Robson has signed a two-year contract extension with the Nottingham Open.,712,12,17
36245913,sport,bullet_points,Former British number one Laura Robson will play at next month's grass-court Wimbledon warm-up event in Nottingham.,Former world number one Andy Robson has returned to Nottingham to play at the Aegon Open.,712,16,17
36245913,sport,bullet_points_strict,Former British number one Laura Robson will play at next month's grass-court Wimbledon warm-up event in Nottingham.,Andy Robson has signed a two-year contract extension with the Nottingham Open.,712,12,17
36245913,sport,one_sentence,Former British number one Laura Robson will play at next month's grass-court Wimbledon warm-up event in Nottingham.,Former world number one Andy Robson has returned to Nottingham for the Aegon Open.,712,14,17
36245913,sport,fact_constrained,Former British number one Laura Robson will play at next month's grass-court Wimbledon warm-up event in Nottingham.,Andy Robson has signed a two-year contract extension with the Nottingham Open.,712,12,17
32197742,politics,tldr,"The Democratic Republic of the Congo has been urged to investigate at least 421 bodies found in an unmarked burial ground in the capital, Kinshasa.","The DR Congo government says all the bodies buried at a cemetery in the capital, Kinshasa, have been found.",1117,19,25
32197742,politics,bullet_points,"The Democratic Republic of the Congo has been urged to investigate at least 421 bodies found in an unmarked burial ground in the capital, Kinshasa.","The DR Congo government has confirmed that all the bodies found in a cemetery in the capital, Kinshasa, have been buried there.",1117,22,25
32197742,politics,bullet_points_strict,"The Democratic Republic of the Congo has been urged to investigate at least 421 bodies found in an unmarked burial ground in the capital, Kinshasa.","DR Congo's government says all the bodies buried in a cemetery in the capital, Kinshasa, have been found.",1117,18,25
32197742,politics,one_sentence,"The Democratic Republic of the Congo has been urged to investigate at least 421 bodies found in an unmarked burial ground in the capital, Kinshasa.","The DR Congo government says all the bodies buried in a cemetery in the capital, Kinshasa, have been found.",1117,19,25
32197742,politics,fact_constrained,"The Democratic Republic of the Congo has been urged to investigate at least 421 bodies found in an unmarked burial ground in the capital, Kinshasa.","The DR Congo government has confirmed that all the bodies found in a cemetery in the capital, Kinshasa, have been buried in individual graves.",1117,24,25
36455355,sport,tldr,Everton have agreed a deal with Premier League rivals Southampton that paves the way for Ronald Koeman to become their new manager.,Everton have agreed a new contract with former Southampton manager Martin Koeman.,2530,12,22
36455355,sport,bullet_points,Everton have agreed a deal with Premier League rivals Southampton that paves the way for Ronald Koeman to become their new manager.,Everton have agreed a new contract with former Southampton manager Martin Koeman.,2530,12,22
36455355,sport,bullet_points_strict,Everton have agreed a deal with Premier League rivals Southampton that paves the way for Ronald Koeman to become their new manager.,Everton have agreed a new deal for former Southampton manager Martin Koeman.,2530,12,22
36455355,sport,one_sentence,Everton have agreed a deal with Premier League rivals Southampton that paves the way for Ronald Koeman to become their new manager.,Everton have agreed a new contract with former Southampton manager Martin Koeman.,2530,12,22
36455355,sport,fact_constrained,Everton have agreed a deal with Premier League rivals Southampton that paves the way for Ronald Koeman to become their new manager.,Everton have agreed a new contract with former Southampton manager Martin Koeman.,2530,12,22
38901296,business,tldr,"Over the last three decades, governments of various stripes have promised radical change to solve England's housing crisis and today's White Paper is no exception.",The government's proposals to build more affordable homes in England's green belt have been mixed.,2093,15,25
38901296,business,bullet_points,"Over the last three decades, governments of various stripes have promised radical change to solve England's housing crisis and today's White Paper is no exception.",The White Paper on England's housing needs has been a thorn in the side of the Conservatives.,2093,17,25
38901296,business,bullet_points_strict,"Over the last three decades, governments of various stripes have promised radical change to solve England's housing crisis and today's White Paper is no exception.",The government's White Paper on housing has been a thorn in the side of the housing market.,2093,17,25
38901296,business,one_sentence,"Over the last three decades, governments of various stripes have promised radical change to solve England's housing crisis and today's White Paper is no exception.",The government's White Paper on England's housing needs has been a slam-dunk.,2093,12,25
38901296,business,fact_constrained,"Over the last three decades, governments of various stripes have promised radical change to solve England's housing crisis and today's White Paper is no exception.",The White Paper on England's housing needs has been a thorn in the side of the Conservatives.,2093,17,25
33750803,politics,tldr,"Two Turkish soldiers have been killed and 31 wounded in a suicide attack by Kurdish PKK militants, the Turkish military says.","A suicide bomber has detonated explosives at a police station in northern Iraq, Turkish state media say.",2747,17,21
33750803,politics,bullet_points,"Two Turkish soldiers have been killed and 31 wounded in a suicide attack by Kurdish PKK militants, the Turkish military says.","A suicide bomber has detonated explosives at a police station in northern Iraq, Turkish state media say.",2747,17,21
33750803,politics,bullet_points_strict,"Two Turkish soldiers have been killed and 31 wounded in a suicide attack by Kurdish PKK militants, the Turkish military says.","A suicide bomber has detonated explosives at a police station in northern Iraq, Turkish state media say.",2747,17,21
33750803,politics,one_sentence,"Two Turkish soldiers have been killed and 31 wounded in a suicide attack by Kurdish PKK militants, the Turkish military says.","A suicide bomber has detonated explosives at a police station in northern Iraq, Turkish state media say.",2747,17,21
33750803,politics,fact_constrained,"Two Turkish soldiers have been killed and 31 wounded in a suicide attack by Kurdish PKK militants, the Turkish military says.","A suicide bomber has detonated explosives at a police station in northern Iraq, the Turkish military says.",2747,17,21
36558816,entertainment,tldr,"A body found near Strathclyde Park in Motherwell is believed to be that of a missing teenager, police have said.",A body found in a wood in Motherwell has been identified as a teenager.,371,14,20
36558816,entertainment,bullet_points,"A body found near Strathclyde Park in Motherwell is believed to be that of a missing teenager, police have said.",A teenager has been found dead in a wooded area of Motherwell.,371,12,20
36558816,entertainment,bullet_points_strict,"A body found near Strathclyde Park in Motherwell is believed to be that of a missing teenager, police have said.",A teenager has been found dead in a wood in Motherwell.,371,11,20
36558816,entertainment,one_sentence,"A body found near Strathclyde Park in Motherwell is believed to be that of a missing teenager, police have said.",The body of a teenager found dead in a wood in Motherwell has been confirmed by police.,371,17,20
36558816,entertainment,fact_constrained,"A body found near Strathclyde Park in Motherwell is believed to be that of a missing teenager, police have said.",A body found in a wood in Motherwell has been identified as a teenager.,371,14,20
38635387,sport,tldr,Neymar is the most valuable player in Europe - worth about £216m - according to a new study which values 10 players at more than 100m euros.,"Cristiano Ronaldo is the most valuable player in the Premier League, according to a new study.",1236,16,27
38635387,sport,bullet_points,Neymar is the most valuable player in Europe - worth about £216m - according to a new study which values 10 players at more than 100m euros.,"Cristiano Ronaldo is the most valuable player in the Premier League, according to a new study.",1236,16,27
38635387,sport,bullet_points_strict,Neymar is the most valuable player in Europe - worth about £216m - according to a new study which values 10 players at more than 100m euros.,"Cristiano Ronaldo is the most valuable player in the Premier League, according to a new study.",1236,16,27
38635387,sport,one_sentence,Neymar is the most valuable player in Europe - worth about £216m - according to a new study which values 10 players at more than 100m euros.,"Cristiano Ronaldo is the most valuable player in the Premier League, according to a new study.",1236,16,27
38635387,sport,fact_constrained,Neymar is the most valuable player in Europe - worth about £216m - according to a new study which values 10 players at more than 100m euros.,"Cristiano Ronaldo is the most valuable player in the Premier League, according to a new study.",1236,16,27
32946874,tech,tldr,"Swiss pilot Andre Borschberg has begun his bid to cross the Pacific, from China to Hawaii, in the zero-fuel Solar Impulse aeroplane.","Solar Impulse, a single-seat propeller-driven aircraft, has taken off from China's Nanjing airport.",3559,13,22
32946874,tech,bullet_points,"Swiss pilot Andre Borschberg has begun his bid to cross the Pacific, from China to Hawaii, in the zero-fuel Solar Impulse aeroplane.","Solar Impulse, a single-seat, propeller-driven aircraft, has taken off from China's Nanjing airport.",3559,13,22
32946874,tech,bullet_points_strict,"Swiss pilot Andre Borschberg has begun his bid to cross the Pacific, from China to Hawaii, in the zero-fuel Solar Impulse aeroplane.","Solar Impulse, a single-seat aircraft, has begun its journey to Hawaii.",3559,11,22
32946874,tech,one_sentence,"Swiss pilot Andre Borschberg has begun his bid to cross the Pacific, from China to Hawaii, in the zero-fuel Solar Impulse aeroplane.","Solar Impulse, a single-seat aircraft, has departed from China's Nanjing airport for Hawaii.",3559,13,22
32946874,tech,fact_constrained,"Swiss pilot Andre Borschberg has begun his bid to cross the Pacific, from China to Hawaii, in the zero-fuel Solar Impulse aeroplane.","Solar Impulse, a single-seat, propeller-driven aircraft, has completed its maiden flight from China to Hawaii.",3559,15,22
38743285,business,tldr,"A row between a Police and Crime Commissioner and his deputy, who was found guilty of serious misconduct, has been resolved following a payout.",A former police and crime commissioner has been cleared of misconduct over a visit to the family of a murder victim.,1763,21,24
38743285,business,bullet_points,"A row between a Police and Crime Commissioner and his deputy, who was found guilty of serious misconduct, has been resolved following a payout.",A former police and crime commissioner has resigned from her post after a disciplinary hearing was postponed.,1763,17,24
38743285,business,bullet_points_strict,"A row between a Police and Crime Commissioner and his deputy, who was found guilty of serious misconduct, has been resolved following a payout.",A former police and crime commissioner has been cleared of misconduct after a dispute over a visit to a victim's family.,1763,21,24
38743285,business,one_sentence,"A row between a Police and Crime Commissioner and his deputy, who was found guilty of serious misconduct, has been resolved following a payout.",A former police and crime commissioner has been re-hired by the Office of the Police and Crime Commissioner (OPC).,1763,19,24
38743285,business,fact_constrained,"A row between a Police and Crime Commissioner and his deputy, who was found guilty of serious misconduct, has been resolved following a payout.",A former police and crime commissioner has been re-hired by the Office of the Police and Crime Commissioner (OPC).,1763,19,24
30655155,entertainment,tldr,"Actor Edward Herrmann, best known for his roles in TV show Gilmore Girls and vampire movie The Lost Boys, has died aged 71.","Ed Herrmann, best known for his role as Richard Gilmore in Gilmore Girls, has died at the age of 84.",2822,20,23
30655155,entertainment,bullet_points,"Actor Edward Herrmann, best known for his roles in TV show Gilmore Girls and vampire movie The Lost Boys, has died aged 71.","Ed Herrmann, best known for his role in Gilmore Girls, has died at the age of 84.",2822,17,23
30655155,entertainment,bullet_points_strict,"Actor Edward Herrmann, best known for his roles in TV show Gilmore Girls and vampire movie The Lost Boys, has died aged 71.","Actor Ed Herrmann has died at the age of 84, his son has said.",2822,14,23
30655155,entertainment,one_sentence,"Actor Edward Herrmann, best known for his roles in TV show Gilmore Girls and vampire movie The Lost Boys, has died aged 71.","Ed Herrmann, best known for his role as Richard Gilmore on Gilmore Girls, has died at the age of 84.",2822,20,23
30655155,entertainment,fact_constrained,"Actor Edward Herrmann, best known for his roles in TV show Gilmore Girls and vampire movie The Lost Boys, has died aged 71.","Actor Ed Herrmann, best known for his role in Gilmore Girls, has died at the age of 84.",2822,18,23
36555197,sport,tldr,"Northern Ireland goalscorer Gareth McAuley says Thursday's 2-0 Euro 2016 win over Ukraine - their first at a European Championship - was ""massive"".",Northern Ireland's hopes of qualifying for the knockout stages of the Euro 2016 finals have been dashed by a goalless draw with Germany.,2193,23,23
36555197,sport,bullet_points,"Northern Ireland goalscorer Gareth McAuley says Thursday's 2-0 Euro 2016 win over Ukraine - their first at a European Championship - was ""massive"".","Northern Ireland manager Mark McAuley says he was ""delighted"" by his side's win over Poland at the Euro 2016 finals.",2193,20,23
36555197,sport,bullet_points_strict,"Northern Ireland goalscorer Gareth McAuley says Thursday's 2-0 Euro 2016 win over Ukraine - their first at a European Championship - was ""massive"".","Northern Ireland manager Mark McAuley says he was ""delighted"" by his side's win over Poland at the Euro 2016 finals.",2193,20,23
36555197,sport,one_sentence,"Northern Ireland goalscorer Gareth McAuley says Thursday's 2-0 Euro 2016 win over Ukraine - their first at a European Championship - was ""massive"".","Northern Ireland manager Mark McAuley said he was ""delighted"" by his side's 3-0 win over Poland at the Euro 2016 finals.",2193,21,23
36555197,sport,fact_constrained,"Northern Ireland goalscorer Gareth McAuley says Thursday's 2-0 Euro 2016 win over Ukraine - their first at a European Championship - was ""massive"".",Northern Ireland's hopes of qualifying for the Euro 2016 finals have been shattered by a 1-0 win over Poland at the Euro 2016.,2193,23,23
37796836,politics,tldr,A landmark legal challenge against Brexit has been rejected at the High Court in Belfast.,The High Court in London has ruled that the UK government cannot trigger the Brexit process without a parliamentary vote.,3924,20,15
37796836,politics,bullet_points,A landmark legal challenge against Brexit has been rejected at the High Court in Belfast.,The High Court in London has ruled that the UK government cannot trigger the Brexit process without a parliamentary vote.,3924,20,15
37796836,politics,bullet_points_strict,A landmark legal challenge against Brexit has been rejected at the High Court in Belfast.,The High Court in London has ruled that the UK government cannot trigger the Brexit process without a parliamentary vote.,3924,20,15
37796836,politics,one_sentence,A landmark legal challenge against Brexit has been rejected at the High Court in Belfast.,The High Court in London has ruled that the UK government cannot trigger the Brexit process without a parliamentary vote.,3924,20,15
37796836,politics,fact_constrained,A landmark legal challenge against Brexit has been rejected at the High Court in Belfast.,The High Court in London has ruled that the UK government cannot trigger the Brexit process without a parliamentary vote.,3924,20,15
39632704,tech,tldr,A student whose mother and teenage brother were stabbed to death is focusing on caring for her father who was also injured in the attack.,An 18-year-old woman has said she will never see her father again after he was stabbed in Birmingham.,1790,18,25
39632704,tech,bullet_points,A student whose mother and teenage brother were stabbed to death is focusing on caring for her father who was also injured in the attack.,An 18-year-old woman has said she will never see her father again after he was stabbed to death in Birmingham.,1790,20,25
39632704,tech,bullet_points_strict,A student whose mother and teenage brother were stabbed to death is focusing on caring for her father who was also injured in the attack.,A teenager has said she will never see her father again after he was stabbed to death in Birmingham.,1790,19,25
39632704,tech,one_sentence,A student whose mother and teenage brother were stabbed to death is focusing on caring for her father who was also injured in the attack.,The daughter of a man who was stabbed to death in Birmingham has said she will never see her father again.,1790,21,25
39632704,tech,fact_constrained,A student whose mother and teenage brother were stabbed to death is focusing on caring for her father who was also injured in the attack.,A teenager has said she will never see her father again after he was stabbed to death in Birmingham.,1790,19,25
22379241,politics,tldr,"North Korea has detained several US citizens - sometimes holding them for years, the BBC explains.","North Korea has sentenced a US citizen to six years' hard labour for allegedly committing a ""crime"" against the communist state.",7273,21,16
22379241,politics,bullet_points,"North Korea has detained several US citizens - sometimes holding them for years, the BBC explains.","North Korean leader Kim Jong-un has said he is ""prepared to violate the law"" of the Democratic People's Republic of Korea.",7273,21,16
22379241,politics,bullet_points_strict,"North Korea has detained several US citizens - sometimes holding them for years, the BBC explains.",The son of a US tourist detained in North Korea has said he prepared to violate the law of the Democratic People's Republic of Korea (DPRK).,7273,26,16
22379241,politics,one_sentence,"North Korea has detained several US citizens - sometimes holding them for years, the BBC explains.","North Korean leader Kim Jong-un has said he is ""prepared to violate the law of the Democratic People's Republic of Korea"".",7273,21,16
22379241,politics,fact_constrained,"North Korea has detained several US citizens - sometimes holding them for years, the BBC explains.","North Korean leader Kim Jong-un has said he is ""prepared to violate the law"" of the Democratic People's Republic of Korea.",7273,21,16
30173084,tech,tldr,South Korea's education minister has apologised after two faulty questions in the national college entrance exam left thousands of students confused.,South Korea's education minister has apologised for a mistake in one of the questions in the College Scholastic Ability Test.,1810,20,21
30173084,tech,bullet_points,South Korea's education minister has apologised after two faulty questions in the national college entrance exam left thousands of students confused.,South Korea's education minister has apologised for a mistake in one of the questions in the College Scholastic Ability Test.,1810,20,21
30173084,tech,bullet_points_strict,South Korea's education minister has apologised after two faulty questions in the national college entrance exam left thousands of students confused.,South Korea's education minister has apologised for a mistake in one of the questions in the College Scholastic Ability Test.,1810,20,21
30173084,tech,one_sentence,South Korea's education minister has apologised after two faulty questions in the national college entrance exam left thousands of students confused.,South Korea's education minister has apologised for a mistake in a science and maths exam.,1810,15,21
30173084,tech,fact_constrained,South Korea's education minister has apologised after two faulty questions in the national college entrance exam left thousands of students confused.,South Korea's education minister has apologised for a mistake in one of the questions in the College Scholastic Ability Test.,1810,20,21
39009863,sport,tldr,National League North side Gloucester City are in talks with rugby league team Gloucestershire All Golds about a potential groundshare.,The owners of Gloucester rugby league club All Golds have agreed to build a new ground for the club.,798,19,20
39009863,sport,bullet_points,National League North side Gloucester City are in talks with rugby league team Gloucestershire All Golds about a potential groundshare.,The owners of Gloucester rugby league club All Golds have said they want to build a new home for the club.,798,21,20
39009863,sport,bullet_points_strict,National League North side Gloucester City are in talks with rugby league team Gloucestershire All Golds about a potential groundshare.,The owners of Gloucester rugby league club All Golds have agreed to build a new home for the club.,798,19,20
39009863,sport,one_sentence,National League North side Gloucester City are in talks with rugby league team Gloucestershire All Golds about a potential groundshare.,The owners of Gloucester rugby league club All Golds have agreed to build a new ground for the club.,798,19,20
39009863,sport,fact_constrained,National League North side Gloucester City are in talks with rugby league team Gloucestershire All Golds about a potential groundshare.,The owners of Gloucester rugby league club All Golds have agreed to build a new home for the club.,798,19,20
37152397,politics,tldr,"A Labour MP who accused Jeremy Corbyn of threatening to use his father - former Sinn Féin mayor Pat McGinn - to ""bully me into submission"" has spoken publicly about the row.",Sinn Féin MP Conor McGinn has said he was told by Jeremy Corbyn's spokesman that he had asked for an apology and retraction.,1336,23,32
37152397,politics,bullet_points,"A Labour MP who accused Jeremy Corbyn of threatening to use his father - former Sinn Féin mayor Pat McGinn - to ""bully me into submission"" has spoken publicly about the row.",Sinn Féin leader Jeremy Corbyn has denied claims he tried to ostracise him from his family.,1336,16,32
37152397,politics,bullet_points_strict,"A Labour MP who accused Jeremy Corbyn of threatening to use his father - former Sinn Féin mayor Pat McGinn - to ""bully me into submission"" has spoken publicly about the row.","Sinn Féin leader Jeremy Corbyn tried to ostracise a Newry MP from his family, a former councillor has said.",1336,19,32
37152397,politics,one_sentence,"A Labour MP who accused Jeremy Corbyn of threatening to use his father - former Sinn Féin mayor Pat McGinn - to ""bully me into submission"" has spoken publicly about the row.",Sinn Féin leader Jeremy Corbyn has denied claims he tried to ostracise him from his family.,1336,16,32
37152397,politics,fact_constrained,"A Labour MP who accused Jeremy Corbyn of threatening to use his father - former Sinn Féin mayor Pat McGinn - to ""bully me into submission"" has spoken publicly about the row.",Sinn Féin leader Jeremy Corbyn has denied claims that he tried to ostracise a Newry MP from his family.,1336,19,32
37262571,sport,tldr,"Sir Bradley Wiggins and Mark Cavendish have been confirmed among 126 riders for the 2016 Tour of Britain, which begins in Glasgow on Sunday.",Great Britain's Bradley Wiggins and Mark Cavendish will race in the Tour of Britain in September.,1444,16,24
37262571,sport,bullet_points,"Sir Bradley Wiggins and Mark Cavendish have been confirmed among 126 riders for the 2016 Tour of Britain, which begins in Glasgow on Sunday.",Great Britain's Bradley Wiggins and Mark Cavendish will race in the Tour of Britain in September.,1444,16,24
37262571,sport,bullet_points_strict,"Sir Bradley Wiggins and Mark Cavendish have been confirmed among 126 riders for the 2016 Tour of Britain, which begins in Glasgow on Sunday.",Great Britain's Bradley Wiggins and Mark Cavendish will race in the Tour of Britain in September.,1444,16,24
37262571,sport,one_sentence,"Sir Bradley Wiggins and Mark Cavendish have been confirmed among 126 riders for the 2016 Tour of Britain, which begins in Glasgow on Sunday.",Great Britain's Bradley Wiggins and Mark Cavendish will race in the Tour of Britain in September.,1444,16,24
37262571,sport,fact_constrained,"Sir Bradley Wiggins and Mark Cavendish have been confirmed among 126 riders for the 2016 Tour of Britain, which begins in Glasgow on Sunday.",British cyclists Bradley Wiggins and Mark Cavendish will race in the Tour of Britain in September.,1444,16,24
40897814,business,tldr,"A former financial controller has admitted stealing more than £440,000 from a hospital charity.",A charity worker has been jailed for four years after admitting fraud and money laundering.,657,15,14
40897814,business,bullet_points,"A former financial controller has admitted stealing more than £440,000 from a hospital charity.",A charity worker has been jailed for four years after admitting fraud and money laundering.,657,15,14
40897814,business,bullet_points_strict,"A former financial controller has admitted stealing more than £440,000 from a hospital charity.",A charity worker has been jailed for four years for fraud and money laundering.,657,14,14
40897814,business,one_sentence,"A former financial controller has admitted stealing more than £440,000 from a hospital charity.",A charity worker has been jailed for four years after admitting fraud and money laundering.,657,15,14
40897814,business,fact_constrained,"A former financial controller has admitted stealing more than £440,000 from a hospital charity.",A charity worker has been jailed for four years after admitting fraud and money laundering.,657,15,14
16523849,politics,tldr,"Police in India's Maharashtra state have arrested five members of an upper caste for beating, stripping and parading naked a low-caste Dalit woman.",A woman has been beaten to death by two women in a village in the Indian state of Tamil Nadu.,883,20,23
16523849,politics,bullet_points,"Police in India's Maharashtra state have arrested five members of an upper caste for beating, stripping and parading naked a low-caste Dalit woman.",A woman has been beaten to death in a village in the Indian state of Karnataka.,883,16,23
16523849,politics,bullet_points_strict,"Police in India's Maharashtra state have arrested five members of an upper caste for beating, stripping and parading naked a low-caste Dalit woman.",A woman has been beaten to death in a village in the Indian state of Karnataka.,883,16,23
16523849,politics,one_sentence,"Police in India's Maharashtra state have arrested five members of an upper caste for beating, stripping and parading naked a low-caste Dalit woman.",A woman has been beaten to death in a village in the Indian state of Karnataka.,883,16,23
16523849,politics,fact_constrained,"Police in India's Maharashtra state have arrested five members of an upper caste for beating, stripping and parading naked a low-caste Dalit woman.",A woman has been beaten to death by two women in a village in the Indian state of Karnataka.,883,19,23
37231760,politics,tldr,Turkey has hit out at the United States over criticism of its ongoing role in the conflict in Syria.,"Turkey's foreign ministry has called on the US to ""stop shooting at each other and focus on the fight against Islamic State"".",2918,22,19
37231760,politics,bullet_points,Turkey has hit out at the United States over criticism of its ongoing role in the conflict in Syria.,Turkey's foreign ministry has called on the US to stop pursuing Kurdish fighters in northern Syria.,2918,16,19
37231760,politics,bullet_points_strict,Turkey has hit out at the United States over criticism of its ongoing role in the conflict in Syria.,Turkey's foreign ministry has called on the US to stop pursuing Kurdish fighters in northern Syria.,2918,16,19
37231760,politics,one_sentence,Turkey has hit out at the United States over criticism of its ongoing role in the conflict in Syria.,Turkey's foreign ministry has called on the US to stop pursuing Kurdish fighters in northern Syria.,2918,16,19
37231760,politics,fact_constrained,Turkey has hit out at the United States over criticism of its ongoing role in the conflict in Syria.,Turkey's foreign ministry has called on the US to stop pursuing Kurdish fighters in northern Syria.,2918,16,19
40594857,politics,tldr,"Yn ei gyfweliad cyntaf â'r BBC ers etholiad Esgob newydd Llandaf mae'r Gwir Barchedig Jeffrey John yn honni bod ""dau esgob wedi cynllunio gyda'i gilydd ymlaen llaw sut i drefnu'r etholiad yn Llandaf"" a hynny er mwyn ei gadw allan.","Mae e-bost yn dweud yn cwrdd ag etholwyr Caerdydd, ddydd Llun siwr o fod, ddydd Llun siwr o fod.",5237,19,40
40594857,politics,bullet_points,"Yn ei gyfweliad cyntaf â'r BBC ers etholiad Esgob newydd Llandaf mae'r Gwir Barchedig Jeffrey John yn honni bod ""dau esgob wedi cynllunio gyda'i gilydd ymlaen llaw sut i drefnu'r etholiad yn Llandaf"" a hynny er mwyn ei gadw allan.","Mae e-bost yn dweud yn cwrdd ag etholwyr Caerdydd, ddydd Llun siwr o fod.",5237,14,40
40594857,politics,bullet_points_strict,"Yn ei gyfweliad cyntaf â'r BBC ers etholiad Esgob newydd Llandaf mae'r Gwir Barchedig Jeffrey John yn honni bod ""dau esgob wedi cynllunio gyda'i gilydd ymlaen llaw sut i drefnu'r etholiad yn Llandaf"" a hynny er mwyn ei gadw allan.","Mae e-bost yn dweud ei anfon gan Esgob Llanelwy, Y Gwir Barchedig John Davies yn dweud: ""Yn eu barn nhw, byddai esgob yn peri gormod o drafferth.""",5237,27,40
40594857,politics,one_sentence,"Yn ei gyfweliad cyntaf â'r BBC ers etholiad Esgob newydd Llandaf mae'r Gwir Barchedig Jeffrey John yn honni bod ""dau esgob wedi cynllunio gyda'i gilydd ymlaen llaw sut i drefnu'r etholiad yn Llandaf"" a hynny er mwyn ei gadw allan.","Mae e-bost yn dweud ei anfon gan Eglwys yng Nghymru gan dweud fod ""yr holl broses o ethol a phenodi Esgob Llandaf wedi bod yn hoyw yn peri gormod o drafferth.""",5237,31,40
40594857,politics,fact_constrained,"Yn ei gyfweliad cyntaf â'r BBC ers etholiad Esgob newydd Llandaf mae'r Gwir Barchedig Jeffrey John yn honni bod ""dau esgob wedi cynllunio gyda'i gilydd ymlaen llaw sut i drefnu'r etholiad yn Llandaf"" a hynny er mwyn ei gadw allan.","Mae e-bost yn dweud ei anfon gan Esgob Llanelwy, Y Gwir Barchedig John Davies yn dweud: ""Yn cwrdd ag etholwyr Caerdydd, ddydd.""",5237,22,40
35713797,business,tldr,Toshiba shares rallied more than 10% on Thursday on reports the firm was about to secure substantial new loans for its restructuring efforts.,"Toshiba, the world's biggest conglomerate, is in talks with lenders over a restructuring plan.",1386,14,23
35713797,business,bullet_points,Toshiba shares rallied more than 10% on Thursday on reports the firm was about to secure substantial new loans for its restructuring efforts.,"Toshiba, the world's biggest conglomerate, is in talks with lenders over its restructuring plans.",1386,14,23
35713797,business,bullet_points_strict,Toshiba shares rallied more than 10% on Thursday on reports the firm was about to secure substantial new loans for its restructuring efforts.,"Toshiba, the world's biggest conglomerate, is in talks with lenders over its restructuring plans.",1386,14,23
35713797,business,one_sentence,Toshiba shares rallied more than 10% on Thursday on reports the firm was about to secure substantial new loans for its restructuring efforts.,"Toshiba, the world's biggest conglomerate, is in talks with lenders over its restructuring plans.",1386,14,23
35713797,business,fact_constrained,Toshiba shares rallied more than 10% on Thursday on reports the firm was about to secure substantial new loans for its restructuring efforts.,"Toshiba, the world's biggest conglomerate, is in talks with lenders over its restructuring plans.",1386,14,23
34724271,sport,tldr,"England's batsmen must ""pull their fingers out"" if they are to win the third Test against Pakistan and draw the series 1-1, says James Anderson.",England will have to bat the whole day to win or draw against Pakistan in Sharjah.,1847,16,25
34724271,sport,bullet_points,"England's batsmen must ""pull their fingers out"" if they are to win the third Test against Pakistan and draw the series 1-1, says James Anderson.","England will have to bat the whole day to win or draw against Pakistan in Sharjah, says captain Joe Anderson.",1847,20,25
34724271,sport,bullet_points_strict,"England's batsmen must ""pull their fingers out"" if they are to win the third Test against Pakistan and draw the series 1-1, says James Anderson.","England will have to bat the whole day to win or draw against Pakistan in Sharjah, says captain Joe Anderson.",1847,20,25
34724271,sport,one_sentence,"England's batsmen must ""pull their fingers out"" if they are to win the third Test against Pakistan and draw the series 1-1, says James Anderson.","England will have to bat the whole day to win or draw against Pakistan in Sharjah, according to captain Joe Anderson.",1847,21,25
34724271,sport,fact_constrained,"England's batsmen must ""pull their fingers out"" if they are to win the third Test against Pakistan and draw the series 1-1, says James Anderson.","England will have to bat the whole day to win or draw against Pakistan in Sharjah, says captain Joe Anderson.",1847,20,25
40116662,sport,tldr,British and Irish Lions head coach Warren Gatland says he will not repeat Graham Henry's 2001 mistake by splitting the squad early in the tour.,World number one Warren Gatland says he lost half of his team on day one of the All Blacks tour of New Zealand.,1577,23,25
40116662,sport,bullet_points,British and Irish Lions head coach Warren Gatland says he will not repeat Graham Henry's 2001 mistake by splitting the squad early in the tour.,"England coach Warren Gatland says he is ""in contention"" to face the All Blacks in their tour opener against New Zealand.",1577,21,25
40116662,sport,bullet_points_strict,British and Irish Lions head coach Warren Gatland says he will not repeat Graham Henry's 2001 mistake by splitting the squad early in the tour.,England coach Warren Gatland says he lost half of his team on day one of the All Blacks tour of New Zealand.,1577,22,25
40116662,sport,one_sentence,British and Irish Lions head coach Warren Gatland says he will not repeat Graham Henry's 2001 mistake by splitting the squad early in the tour.,"England coach Warren Gatland says he is ""in contention"" to face the All Blacks in their tour opener against New Zealand.",1577,21,25
40116662,sport,fact_constrained,British and Irish Lions head coach Warren Gatland says he will not repeat Graham Henry's 2001 mistake by splitting the squad early in the tour.,"England coach Warren Gatland says he is ""in contention"" to face the All Blacks in their tour opener against New Zealand.",1577,21,25
36666760,sport,tldr,Rangers have made right-back Lee Hodson their eighth summer signing on a three-year deal from MK Dons.,Ibrox Rangers have signed midfielder Ryan Hodson on a one-year deal.,494,11,17
36666760,sport,bullet_points,Rangers have made right-back Lee Hodson their eighth summer signing on a three-year deal from MK Dons.,Rangers have signed Ibrox midfielder Ryan Hodson on a one-year deal.,494,11,17
36666760,sport,bullet_points_strict,Rangers have made right-back Lee Hodson their eighth summer signing on a three-year deal from MK Dons.,Ibrox Rangers have signed midfielder Ryan Hodson on a one-year deal.,494,11,17
36666760,sport,one_sentence,Rangers have made right-back Lee Hodson their eighth summer signing on a three-year deal from MK Dons.,Rangers have signed Ibrox midfielder Ryan Hodson on a one-year deal.,494,11,17
36666760,sport,fact_constrained,Rangers have made right-back Lee Hodson their eighth summer signing on a three-year deal from MK Dons.,Rangers have signed Ibrox midfielder Ryan Hodson on a one-year deal.,494,11,17
33880041,tech,tldr,A wine decanter taken from a church during the Highland Clearances and used by evicted families to feed milk to babies has been gifted to a museum.,A relic of the Highland Clearances has been donated to Inverness Museum and Art Gallery.,2807,15,27
33880041,tech,bullet_points,A wine decanter taken from a church during the Highland Clearances and used by evicted families to feed milk to babies has been gifted to a museum.,A relic of the Highland Clearances has been donated to Inverness Museum and Art Gallery.,2807,15,27
33880041,tech,bullet_points_strict,A wine decanter taken from a church during the Highland Clearances and used by evicted families to feed milk to babies has been gifted to a museum.,A relic of the Highland Clearances has been donated to Inverness Museum and Art Gallery.,2807,15,27
33880041,tech,one_sentence,A wine decanter taken from a church during the Highland Clearances and used by evicted families to feed milk to babies has been gifted to a museum.,A relic of the Highland Clearances has been donated to Inverness Museum and Art Gallery.,2807,15,27
33880041,tech,fact_constrained,A wine decanter taken from a church during the Highland Clearances and used by evicted families to feed milk to babies has been gifted to a museum.,A relic of the Highland Clearances has been donated to Inverness Museum and Art Gallery.,2807,15,27
40925574,tech,tldr,"A woman who killed a pensioner while ""high on crystal meth and heroin"" has been given a six-year sentence.",A woman has been jailed for six years for the murder of a man who was stabbed in the chest and suffocated.,2617,22,19
40925574,tech,bullet_points,"A woman who killed a pensioner while ""high on crystal meth and heroin"" has been given a six-year sentence.",A woman has been jailed for six years for the murder of a man stabbed in the chest and suffocated.,2617,20,19
40925574,tech,bullet_points_strict,"A woman who killed a pensioner while ""high on crystal meth and heroin"" has been given a six-year sentence.",A woman has been jailed for six years for the murder of a man stabbed in the chest and suffocated.,2617,20,19
40925574,tech,one_sentence,"A woman who killed a pensioner while ""high on crystal meth and heroin"" has been given a six-year sentence.",A woman has been jailed for six years for the murder of a man stabbed in the chest and suffocated.,2617,20,19
40925574,tech,fact_constrained,"A woman who killed a pensioner while ""high on crystal meth and heroin"" has been given a six-year sentence.",A woman has been jailed for six years for the murder of a man in Northern Ireland.,2617,17,19
40668749,business,tldr,"Criminals and terrorists are using the so-called dark net to buy weapons, a new study has suggested.","Guns and ammunition were sold illegally on the dark net, according to a study.",2380,14,17
40668749,business,bullet_points,"Criminals and terrorists are using the so-called dark net to buy weapons, a new study has suggested.","Guns and ammunition are sold illegally on the dark net, according to a study.",2380,14,17
40668749,business,bullet_points_strict,"Criminals and terrorists are using the so-called dark net to buy weapons, a new study has suggested.","Guns and ammunition were sold illegally on the dark net, according to a study.",2380,14,17
40668749,business,one_sentence,"Criminals and terrorists are using the so-called dark net to buy weapons, a new study has suggested.","Guns and ammunition are sold illegally on the dark net, according to a new study.",2380,15,17
40668749,business,fact_constrained,"Criminals and terrorists are using the so-called dark net to buy weapons, a new study has suggested.","Guns and ammunition were sold illegally on the dark net, according to a study.",2380,14,17
30624894,entertainment,tldr,Chris Rock has announced that he's separating from his wife.,Chris Rock has filed for divorce from his wife Malaak Compton-Rock.,1018,11,10
30624894,entertainment,bullet_points,Chris Rock has announced that he's separating from his wife.,"Chris Rock has filed for divorce from his wife, Malaak Compton-Rock.",1018,11,10
30624894,entertainment,bullet_points_strict,Chris Rock has announced that he's separating from his wife.,"Chris Rock has filed for divorce from his wife, Malaak Compton-Rock.",1018,11,10
30624894,entertainment,one_sentence,Chris Rock has announced that he's separating from his wife.,"Chris Rock has filed for divorce from his wife, Malaak Compton-Rock.",1018,11,10
30624894,entertainment,fact_constrained,Chris Rock has announced that he's separating from his wife.,"Chris Rock has filed for divorce from his wife, Malaak Compton-Rock.",1018,11,10
29422484,business,tldr,A man once dubbed the world's fattest has been granted an American visa so he can have surgery to remove excess skin.,A British man who lost more than 70 stone (440kg) has been granted a visa to the US.,1175,18,22
29422484,business,bullet_points,A man once dubbed the world's fattest has been granted an American visa so he can have surgery to remove excess skin.,A British man who has lost more than a pound of weight has been granted a visa to the US.,1175,20,22
29422484,business,bullet_points_strict,A man once dubbed the world's fattest has been granted an American visa so he can have surgery to remove excess skin.,A British man who has lost more than a stone has been granted a visa to the US.,1175,18,22
29422484,business,one_sentence,A man once dubbed the world's fattest has been granted an American visa so he can have surgery to remove excess skin.,A British man who has lost more than a stone has been granted a visa to the US.,1175,18,22
29422484,business,fact_constrained,A man once dubbed the world's fattest has been granted an American visa so he can have surgery to remove excess skin.,A British weightlifter has been granted a visa to the United States to undergo a series of weight-loss operations.,1175,19,22
36170137,tech,tldr,"A new type of drug could benefit men with aggressive prostate cancer that is no longer responding to treatment, researchers from the Institute of Cancer Research have said.",A new class of drugs targeting androgen receptors in prostate cancer has been developed.,1942,14,28
36170137,tech,bullet_points,"A new type of drug could benefit men with aggressive prostate cancer that is no longer responding to treatment, researchers from the Institute of Cancer Research have said.",A new class of drugs targeting androgen receptors in prostate cancer has been developed.,1942,14,28
36170137,tech,bullet_points_strict,"A new type of drug could benefit men with aggressive prostate cancer that is no longer responding to treatment, researchers from the Institute of Cancer Research have said.",A new class of drugs targeting androgen receptors in prostate cancer has been developed.,1942,14,28
36170137,tech,one_sentence,"A new type of drug could benefit men with aggressive prostate cancer that is no longer responding to treatment, researchers from the Institute of Cancer Research have said.",A new class of drugs targeting androgen receptors in prostate cancer has been developed.,1942,14,28
36170137,tech,fact_constrained,"A new type of drug could benefit men with aggressive prostate cancer that is no longer responding to treatment, researchers from the Institute of Cancer Research have said.",A new class of drugs targeting androgen receptors in prostate cancer has been developed.,1942,14,28
39458057,sport,tldr,European leagues are free to schedule domestic games on the same nights as Champions League and Europa League ties after an agreement with Uefa ended.,The European Football League has signed an agreement with Uefa to allow domestic matches to be played on the same night as European matches.,1028,24,25
39458057,sport,bullet_points,European leagues are free to schedule domestic games on the same nights as Champions League and Europa League ties after an agreement with Uefa ended.,The European Football League (EPL) has agreed to allow domestic matches to be played on the same night as European matches.,1028,21,25
39458057,sport,bullet_points_strict,European leagues are free to schedule domestic games on the same nights as Champions League and Europa League ties after an agreement with Uefa ended.,The European Football League (EPFL) has agreed to allow domestic matches to be played on the same night as European matches.,1028,21,25
39458057,sport,one_sentence,European leagues are free to schedule domestic games on the same nights as Champions League and Europa League ties after an agreement with Uefa ended.,The European Football League (EPL) has signed a deal with Uefa to allow domestic matches to be played on the same night as European matches.,1028,25,25
39458057,sport,fact_constrained,European leagues are free to schedule domestic games on the same nights as Champions League and Europa League ties after an agreement with Uefa ended.,The European Football League (EPL) has signed a deal with Uefa to allow domestic matches to be played on the same night as European matches.,1028,25,25
27050394,politics,tldr,"Teachers should scrutinise the holiday plans of families from communities that practise female genital mutilation (FGM), a conference has heard.","Schools should openly discuss the issue of female genital mutilation (FGM) with parents, campaigners say.",3291,15,20
27050394,politics,bullet_points,"Teachers should scrutinise the holiday plans of families from communities that practise female genital mutilation (FGM), a conference has heard.","The practice of female genital mutilation (FGM) should be eradicated from schools, campaigners say.",3291,14,20
27050394,politics,bullet_points_strict,"Teachers should scrutinise the holiday plans of families from communities that practise female genital mutilation (FGM), a conference has heard.","Teachers and school staff should be vigilant for signs of female genital mutilation (FGM), campaigners say.",3291,16,20
27050394,politics,one_sentence,"Teachers should scrutinise the holiday plans of families from communities that practise female genital mutilation (FGM), a conference has heard.","The practice of female genital mutilation (FGM) is a ""crime of child abuse"", campaigners say.",3291,15,20
27050394,politics,fact_constrained,"Teachers should scrutinise the holiday plans of families from communities that practise female genital mutilation (FGM), a conference has heard.","The practice of female genital mutilation (FGM) should be eradicated, campaigners say.",3291,12,20
38840026,tech,tldr,Police are investigating the rape of a woman in Queens Park in Glasgow's Southside.,A 19-year-old woman has been raped at a park in Glasgow.,270,11,14
38840026,tech,bullet_points,Police are investigating the rape of a woman in Queens Park in Glasgow's Southside.,A 19-year-old woman has been stabbed to death in a park in Glasgow.,270,13,14
38840026,tech,bullet_points_strict,Police are investigating the rape of a woman in Queens Park in Glasgow's Southside.,A 19-year-old woman has been raped at a park in Edinburgh.,270,11,14
38840026,tech,one_sentence,Police are investigating the rape of a woman in Queens Park in Glasgow's Southside.,A 19-year-old woman has been stabbed to death in a park in Glasgow.,270,13,14
38840026,tech,fact_constrained,Police are investigating the rape of a woman in Queens Park in Glasgow's Southside.,A 19-year-old woman has been stabbed to death in a park in Glasgow.,270,13,14
38466308,business,tldr,Swansea's caretaker manager Alan Curtis says there would be no guarantee the club would return to the Premier League if they were relegated this season.,"Swansea City manager Paul Curtis says he is ""not sure"" he will be able to get the club out of trouble if they go down.",2102,25,25
38466308,business,bullet_points,Swansea's caretaker manager Alan Curtis says there would be no guarantee the club would return to the Premier League if they were relegated this season.,"Swansea City manager Paul Curtis says he is ""not sure"" he will be able to bring the club back to the Premier League.",2102,23,25
38466308,business,bullet_points_strict,Swansea's caretaker manager Alan Curtis says there would be no guarantee the club would return to the Premier League if they were relegated this season.,"Swansea City manager Paul Curtis says he is ""not sure"" he will be able to get the club out of trouble if they go down.",2102,25,25
38466308,business,one_sentence,Swansea's caretaker manager Alan Curtis says there would be no guarantee the club would return to the Premier League if they were relegated this season.,"Swansea City manager Paul Curtis says he is ""not sure"" he will be able to bring the club back to the Premier League.",2102,23,25
38466308,business,fact_constrained,Swansea's caretaker manager Alan Curtis says there would be no guarantee the club would return to the Premier League if they were relegated this season.,"Swansea City manager Paul Curtis says he is ""not sure"" he will be able to get the club out of trouble if they go down.",2102,25,25
40304111,tech,tldr,"The overall student loan debt for Welsh students has reached £3.7bn, new figures show.","The number of Welsh domiciled students in higher education in Wales has risen in the past year, according to new data.",1182,21,14
40304111,tech,bullet_points,"The overall student loan debt for Welsh students has reached £3.7bn, new figures show.","The number of Welsh domiciled students in higher education in Wales has risen in the past year, according to new figures.",1182,21,14
40304111,tech,bullet_points_strict,"The overall student loan debt for Welsh students has reached £3.7bn, new figures show.","The number of Welsh domiciled students in higher education in Wales has risen in the past year, according to new figures.",1182,21,14
40304111,tech,one_sentence,"The overall student loan debt for Welsh students has reached £3.7bn, new figures show.","The number of Welsh domiciled students in higher education in Wales has risen in the past year, according to new figures.",1182,21,14
40304111,tech,fact_constrained,"The overall student loan debt for Welsh students has reached £3.7bn, new figures show.","The number of Welsh domiciled students in higher education in Wales has risen in the past year, according to new figures.",1182,21,14
19690725,business,tldr,"Police in Italy have arrested a jobless man who posed as an airline pilot, tricking his way into riding in the cockpit of at least one jet.",A man has been charged with impersonating a Lufthansa pilot.,2291,10,27
19690725,business,bullet_points,"Police in Italy have arrested a jobless man who posed as an airline pilot, tricking his way into riding in the cockpit of at least one jet.","A man has been arrested on suspicion of impersonating a Lufthansa pilot, police say.",2291,14,27
19690725,business,bullet_points_strict,"Police in Italy have arrested a jobless man who posed as an airline pilot, tricking his way into riding in the cockpit of at least one jet.","Police in Italy have arrested a man who sat as a ""third pilot"" in the cockpit of a Lufthansa plane.",2291,20,27
19690725,business,one_sentence,"Police in Italy have arrested a jobless man who posed as an airline pilot, tricking his way into riding in the cockpit of at least one jet.","Police in Italy have arrested a man who sat as a ""third pilot"" in the cockpit of an Air Dolomiti plane.",2291,21,27
19690725,business,fact_constrained,"Police in Italy have arrested a jobless man who posed as an airline pilot, tricking his way into riding in the cockpit of at least one jet.",A man has been arrested on suspicion of impersonating a Lufthansa pilot.,2291,12,27
12344040,politics,tldr,David Cameron has said too many children from immigrant families are not able to speak English when they start at school.,"Prime Minister David Cameron has said he has ""completely agreed"" that parents should make sure their children speak English when they start school.",2164,23,21
12344040,politics,bullet_points,David Cameron has said too many children from immigrant families are not able to speak English when they start at school.,"Prime Minister David Cameron has said he has ""completely agreed"" that the number of people who come to the UK as husbands and wives is ""not happening"".",2164,27,21
12344040,politics,bullet_points_strict,David Cameron has said too many children from immigrant families are not able to speak English when they start at school.,"Prime Minister David Cameron has said he has ""completely agreed"" that the number of people who come to the UK as husbands and wives is ""not happening"".",2164,27,21
12344040,politics,one_sentence,David Cameron has said too many children from immigrant families are not able to speak English when they start at school.,"Prime Minister David Cameron has said he has ""completely agreed"" that children from outside the EU should learn English when they start school.",2164,23,21
12344040,politics,fact_constrained,David Cameron has said too many children from immigrant families are not able to speak English when they start at school.,"Prime Minister David Cameron has said he is ""fully committed"" to making sure British children learn English when they come to the UK.",2164,23,21
34196763,business,tldr,"Low pay and scarce hours are pushing working families and young people into poverty in Wales, a new report claims.","The number of children in Wales in poverty has risen by 22,000 between 2003 and 2013, according to the Joseph Rowntree Foundation.",1057,22,20
34196763,business,bullet_points,"Low pay and scarce hours are pushing working families and young people into poverty in Wales, a new report claims.","The number of children in Wales in poverty has risen by more than a third, according to a charity.",1057,19,20
34196763,business,bullet_points_strict,"Low pay and scarce hours are pushing working families and young people into poverty in Wales, a new report claims.","The number of children in Wales in poverty has risen by more than a third between 2003 and 2013, according to a charity.",1057,23,20
34196763,business,one_sentence,"Low pay and scarce hours are pushing working families and young people into poverty in Wales, a new report claims.","The number of children living in poverty in Wales has risen by more than a third between 2003 and 2013, according to a charity.",1057,24,20
34196763,business,fact_constrained,"Low pay and scarce hours are pushing working families and young people into poverty in Wales, a new report claims.","The number of children in Wales in poverty has risen by more than a third, according to a charity.",1057,19,20
34217549,business,tldr,"Time spent travelling to and from first and last jobs by workers who do not have a fixed office should be regarded as work, European judges have ruled.",The European Court of Justice has ruled that those without a fixed or habitual office should consider the time they spend travelling between their homes and the premises of their first and last jobs as part of their hours for the day.,6100,42,28
34217549,business,bullet_points,"Time spent travelling to and from first and last jobs by workers who do not have a fixed office should be regarded as work, European judges have ruled.",The European Court of Justice has ruled that those without a fixed office should consider the time they spend travelling between their homes and the premises of their first and last jobs as part of their hours for the day.,6100,40,28
34217549,business,bullet_points_strict,"Time spent travelling to and from first and last jobs by workers who do not have a fixed office should be regarded as work, European judges have ruled.",The European Court of Justice has ruled that those without a fixed office should consider the time they spend travelling between their homes and the premises of their first and last jobs as part of their hours for the day.,6100,40,28
34217549,business,one_sentence,"Time spent travelling to and from first and last jobs by workers who do not have a fixed office should be regarded as work, European judges have ruled.",The European Court of Justice has ruled that those without a fixed office should consider the time they spend travelling between their homes and the premises of their first and last jobs as part of their hours for the day.,6100,40,28
34217549,business,fact_constrained,"Time spent travelling to and from first and last jobs by workers who do not have a fixed office should be regarded as work, European judges have ruled.",The European Court of Justice has ruled that those without a fixed office should consider the time they spend travelling between their homes and the premises of their first and last jobs as part of their hours for the day.,6100,40,28
30879937,tech,tldr,Schools have been reopening in Guinea after a five-month closure because of the deadly Ebola outbreak.,Guinea's government has reopened schools in the country hit by the Ebola outbreak.,1312,13,16
30879937,tech,bullet_points,Schools have been reopening in Guinea after a five-month closure because of the deadly Ebola outbreak.,Guinea's government has reopened schools in the country hit by the Ebola outbreak.,1312,13,16
30879937,tech,bullet_points_strict,Schools have been reopening in Guinea after a five-month closure because of the deadly Ebola outbreak.,Guinea's government has reopened schools in the country hit by the Ebola outbreak.,1312,13,16
30879937,tech,one_sentence,Schools have been reopening in Guinea after a five-month closure because of the deadly Ebola outbreak.,Guinea's government has reopened schools in the country hit by the Ebola outbreak.,1312,13,16
30879937,tech,fact_constrained,Schools have been reopening in Guinea after a five-month closure because of the deadly Ebola outbreak.,Guinea's government has reopened schools in the country hit by the Ebola outbreak.,1312,13,16
34015798,business,tldr,London's FTSE 100 index has recorded its biggest weekly loss this year after poor manufacturing figures in China exacerbated global economic fears.,"(Close): The London Stock Exchange's (FTSE) share index plunged more than 4% on Friday, triggering another sell-off in Chinese shares.",3747,20,22
34015798,business,bullet_points,London's FTSE 100 index has recorded its biggest weekly loss this year after poor manufacturing figures in China exacerbated global economic fears.,(Close): The London Stock Exchange's (FTSE) share index plunged more than 4% on Friday.,3747,14,22
34015798,business,bullet_points_strict,London's FTSE 100 index has recorded its biggest weekly loss this year after poor manufacturing figures in China exacerbated global economic fears.,"(Close): The FTSE 100 has plunged more than 4% in the past three days, triggering a sell-off in shares.",3747,19,22
34015798,business,one_sentence,London's FTSE 100 index has recorded its biggest weekly loss this year after poor manufacturing figures in China exacerbated global economic fears.,"(Close): The London Stock Exchange's (FTSE) share index plunged more than 4% on Friday, triggering a sell-off in global shares.",3747,20,22
34015798,business,fact_constrained,London's FTSE 100 index has recorded its biggest weekly loss this year after poor manufacturing figures in China exacerbated global economic fears.,"(Close): The London Stock Exchange (FTSE 100) has plunged more than 4% on Friday, triggering a sell-off in global shares.",3747,20,22
40490738,tech,tldr,"The sister of a teenager who was murdered, cut up and buried by her boyfriend says she is afraid after discovering he has been out of prison.","The victim of a murder in County Fermanagh has said she is ""angry"" and ""fearful"" that a life-sentence prisoner will be released.",2396,22,27
40490738,tech,bullet_points,"The sister of a teenager who was murdered, cut up and buried by her boyfriend says she is afraid after discovering he has been out of prison.","The family of a woman who was murdered in County Fermanagh have said they are ""angry and fearful"" about a prisoner's release.",2396,22,27
40490738,tech,bullet_points_strict,"The sister of a teenager who was murdered, cut up and buried by her boyfriend says she is afraid after discovering he has been out of prison.","The family of a woman who was murdered in County Fermanagh have said they are ""angry and fearful"" about a prisoner's release.",2396,22,27
40490738,tech,one_sentence,"The sister of a teenager who was murdered, cut up and buried by her boyfriend says she is afraid after discovering he has been out of prison.","The victim of the murder of a pregnant woman in Foyle has said she is ""angry and fearful"" that he will be released.",2396,23,27
40490738,tech,fact_constrained,"The sister of a teenager who was murdered, cut up and buried by her boyfriend says she is afraid after discovering he has been out of prison.","The victim of a murder in Foyle has said she is ""angry"" and ""fearful"" that a life prisoner will be released.",2396,21,27
35476818,politics,tldr,"Russian politician Mikhail Kasyanov has accused President Vladimir Putin of ""silently encouraging"" intimidation as a row over a menacing video continues.","Russian opposition leader Ramzan Kasyanov says he is ""silently encouraging"" Russian President Vladimir Putin over a sniper video.",2804,18,21
35476818,politics,bullet_points,"Russian politician Mikhail Kasyanov has accused President Vladimir Putin of ""silently encouraging"" intimidation as a row over a menacing video continues.","Russian opposition leader Vladimir Kasyanov has said he is ""silently encouraging"" Russian President Vladimir Putin to stop a sniper video.",2804,20,21
35476818,politics,bullet_points_strict,"Russian politician Mikhail Kasyanov has accused President Vladimir Putin of ""silently encouraging"" intimidation as a row over a menacing video continues.",Russian opposition leader Ramzan Kasyanov says he has no reaction to a sniper video he posted on Instagram.,2804,18,21
35476818,politics,one_sentence,"Russian politician Mikhail Kasyanov has accused President Vladimir Putin of ""silently encouraging"" intimidation as a row over a menacing video continues.","Russian opposition leader Vladimir Kasyanov has said he is ""silently encouraging"" Russian President Vladimir Putin to stop his actions.",2804,19,21
35476818,politics,fact_constrained,"Russian politician Mikhail Kasyanov has accused President Vladimir Putin of ""silently encouraging"" intimidation as a row over a menacing video continues.",Former Chechen leader Vladimir Kasyanov has said he has no reaction to a sniper video he posted on Instagram.,2804,19,21
30165675,entertainment,tldr,"Perhaps predictably, Louis van Gaal delivered the best line of the day as he reflected on how his side survived an early storm to beat Arsenal 2-1.",Manchester United manager Louis van Gaal said he was astonished by his side's win over Arsenal.,4755,16,27
30165675,entertainment,bullet_points,"Perhaps predictably, Louis van Gaal delivered the best line of the day as he reflected on how his side survived an early storm to beat Arsenal 2-1.","Arsene Wenger said: ""It's not a different game. It's not a different game. It's a different game.""",4755,17,27
30165675,entertainment,bullet_points_strict,"Perhaps predictably, Louis van Gaal delivered the best line of the day as he reflected on how his side survived an early storm to beat Arsenal 2-1.",Arsene Wenger said he was astonished by his side's win over Arsenal at the Emirates Stadium.,4755,16,27
30165675,entertainment,one_sentence,"Perhaps predictably, Louis van Gaal delivered the best line of the day as he reflected on how his side survived an early storm to beat Arsenal 2-1.","Manchester United manager Louis van Gaal said he was ""shocked"" by his side's win over Arsenal.",4755,16,27
30165675,entertainment,fact_constrained,"Perhaps predictably, Louis van Gaal delivered the best line of the day as he reflected on how his side survived an early storm to beat Arsenal 2-1.","Arsene Wenger said he was ""not surprised"" by his side's win over Arsenal.",4755,13,27
37024028,business,tldr,"Craft brewer BrewDog has raised $1m (£770,000) from US investors within the first three days of a new funding round, according to the company.",BrewDog has raised more than £25m in a crowdfunding round in the US.,1348,13,24
37024028,business,bullet_points,"Craft brewer BrewDog has raised $1m (£770,000) from US investors within the first three days of a new funding round, according to the company.",BrewDog has raised more than £20m in a crowdfunding round in the US.,1348,13,24
37024028,business,bullet_points_strict,"Craft brewer BrewDog has raised $1m (£770,000) from US investors within the first three days of a new funding round, according to the company.",BrewDog has raised more than £25m in a crowdfunding round in the US.,1348,13,24
37024028,business,one_sentence,"Craft brewer BrewDog has raised $1m (£770,000) from US investors within the first three days of a new funding round, according to the company.",BrewDog has raised more than £25m in a crowdfunding round in the US.,1348,13,24
37024028,business,fact_constrained,"Craft brewer BrewDog has raised $1m (£770,000) from US investors within the first three days of a new funding round, according to the company.",BrewDog has raised more than £20m in a crowdfunding round in the US.,1348,13,24
33541704,business,tldr,An industrial dispute at Tata Steel has ended after workers voted to accept changes to their pension scheme.,Tata Steel has agreed a settlement with unions in a dispute over the company's pension scheme.,1374,16,18
33541704,business,bullet_points,An industrial dispute at Tata Steel has ended after workers voted to accept changes to their pension scheme.,Tata Steel has agreed a deal with unions in a dispute over its pension scheme.,1374,15,18
33541704,business,bullet_points_strict,An industrial dispute at Tata Steel has ended after workers voted to accept changes to their pension scheme.,Tata Steel has withdrawn plans to strike in a dispute over the company's pension scheme.,1374,15,18
33541704,business,one_sentence,An industrial dispute at Tata Steel has ended after workers voted to accept changes to their pension scheme.,Tata Steel has withdrawn plans to strike in a dispute over the company's pension scheme.,1374,15,18
33541704,business,fact_constrained,An industrial dispute at Tata Steel has ended after workers voted to accept changes to their pension scheme.,Tata Steel has agreed a settlement with unions in a dispute over the company's pension scheme.,1374,16,18
35034099,business,tldr,"Keurig Green Mountain, which makes K-cups single-serve coffee pods, said it has accepted a $13.9bn (£9.2bn) bid.","Keurig Green Mountain, the maker of the K-cup coffee pod, has agreed a deal to buy the company.",2009,18,17
35034099,business,bullet_points,"Keurig Green Mountain, which makes K-cups single-serve coffee pods, said it has accepted a $13.9bn (£9.2bn) bid.","Keurig Green Mountain, the maker of the K-cup coffee pod, has agreed a deal to buy the US coffeemaker.",2009,19,17
35034099,business,bullet_points_strict,"Keurig Green Mountain, which makes K-cups single-serve coffee pods, said it has accepted a $13.9bn (£9.2bn) bid.","Coca-Cola has agreed to buy Keurig Green Mountain, the maker of the K-cup coffee machine.",2009,15,17
35034099,business,one_sentence,"Keurig Green Mountain, which makes K-cups single-serve coffee pods, said it has accepted a $13.9bn (£9.2bn) bid.","Shares in Keurig Green Mountain, the maker of the Keurig Green Mountain coffee pod, have soared more than 7% after a deal was struck.",2009,24,17
35034099,business,fact_constrained,"Keurig Green Mountain, which makes K-cups single-serve coffee pods, said it has accepted a $13.9bn (£9.2bn) bid.","Coca-Cola has agreed to buy Keurig Green Mountain, the maker of the K-cup coffee machine.",2009,15,17
30377462,tech,tldr,A university has withdrawn a poster which appeared to ridicule Hollywood star Jennifer Lawrence after her nude pictures were leaked on the internet.,The University of Strathclyde has apologised for a poster claiming Jennifer Lawrence wishes she'd used a password.,1135,17,23
30377462,tech,bullet_points,A university has withdrawn a poster which appeared to ridicule Hollywood star Jennifer Lawrence after her nude pictures were leaked on the internet.,A university has apologised after a poster of Jennifer Lawrence claiming she wishes she'd used a StR0nG_Pas5w0Rd% has been removed from campus.,1135,22,23
30377462,tech,bullet_points_strict,A university has withdrawn a poster which appeared to ridicule Hollywood star Jennifer Lawrence after her nude pictures were leaked on the internet.,"The University of Strathclyde has apologised after a poster of Jennifer Lawrence's ""wish she'd used a StR0nG_Pas5w0Rd%"".",1135,17,23
30377462,tech,one_sentence,A university has withdrawn a poster which appeared to ridicule Hollywood star Jennifer Lawrence after her nude pictures were leaked on the internet.,The University of Strathclyde has apologised for a poster claiming Jennifer Lawrence wishes she'd used a password.,1135,17,23
30377462,tech,fact_constrained,A university has withdrawn a poster which appeared to ridicule Hollywood star Jennifer Lawrence after her nude pictures were leaked on the internet.,The University of Strathclyde has apologised for a poster claiming Jennifer Lawrence wishes she'd used a password.,1135,17,23
35923205,tech,tldr,A man has been stabbed to death in a street in north London.,A man has died after being stabbed in a street in London.,1209,12,13
35923205,tech,bullet_points,A man has been stabbed to death in a street in north London.,A man has died after being stabbed in a street in London.,1209,12,13
35923205,tech,bullet_points_strict,A man has been stabbed to death in a street in north London.,A man has died after being stabbed in a street in London.,1209,12,13
35923205,tech,one_sentence,A man has been stabbed to death in a street in north London.,A man has died after being stabbed in a street in London.,1209,12,13
35923205,tech,fact_constrained,A man has been stabbed to death in a street in north London.,A man has died after being stabbed in a street in London.,1209,12,13
38984254,sport,tldr,"Exeter head coach Rob Baxter says his side need to perform consistently at a ""high intensity"" if they are to earn more international recognition.","Exeter Chiefs head coach Mark Baxter says he was ""not particularly surprised"" by the number of players in his team's squads.",1009,21,24
38984254,sport,bullet_points,"Exeter head coach Rob Baxter says his side need to perform consistently at a ""high intensity"" if they are to earn more international recognition.","Exeter Chiefs head coach Mark Baxter says he is ""not surprised"" by the lack of international selections for the Six Nations.",1009,21,24
38984254,sport,bullet_points_strict,"Exeter head coach Rob Baxter says his side need to perform consistently at a ""high intensity"" if they are to earn more international recognition.","Exeter Chiefs head coach Mark Baxter says he was ""not particularly surprised"" by the lack of international selection.",1009,18,24
38984254,sport,one_sentence,"Exeter head coach Rob Baxter says his side need to perform consistently at a ""high intensity"" if they are to earn more international recognition.","Exeter Chiefs head coach Mark Baxter says he was ""not surprised"" by the number of players in his team's Six Nations squads.",1009,22,24
38984254,sport,fact_constrained,"Exeter head coach Rob Baxter says his side need to perform consistently at a ""high intensity"" if they are to earn more international recognition.","Chiefs head coach Mark Baxter says he was ""not particularly surprised"" by the lack of international selection for the Six Nations.",1009,21,24
39966693,sport,tldr,"Brendan Rodgers says it would be a ""remarkable achievement"" for Celtic to complete an unbeaten league season.","Celtic manager Brendan Rodgers says he is ""one behind"" in the Scottish Premiership's record for most wins in a season.",2963,20,17
39966693,sport,bullet_points,"Brendan Rodgers says it would be a ""remarkable achievement"" for Celtic to complete an unbeaten league season.","Celtic manager Brendan Rodgers says he is ""one behind"" in the Scottish Premiership record for goals scored in a season.",2963,20,17
39966693,sport,bullet_points_strict,"Brendan Rodgers says it would be a ""remarkable achievement"" for Celtic to complete an unbeaten league season.","Celtic manager Brendan Rodgers says he is ""one behind"" in the Scottish Premiership's record for most wins in a season.",2963,20,17
39966693,sport,one_sentence,"Brendan Rodgers says it would be a ""remarkable achievement"" for Celtic to complete an unbeaten league season.","Celtic manager Brendan Rodgers says he is ""one behind"" in the Scottish Premiership record for goals scored in a season.",2963,20,17
39966693,sport,fact_constrained,"Brendan Rodgers says it would be a ""remarkable achievement"" for Celtic to complete an unbeaten league season.","Celtic manager Brendan Rodgers says he is ""one behind"" in the Scottish Premiership's record for most wins in a season.",2963,20,17
34231916,entertainment,tldr,Hundreds of rooms at a £45m student halls development at Aberystwyth University will not be ready for the new term.,Developers have confirmed the remaining 300 unfinished rooms will be let to students during the 2015-16 academic year.,327,18,20
34231916,entertainment,bullet_points,Hundreds of rooms at a £45m student halls development at Aberystwyth University will not be ready for the new term.,Students at the University of Oxford have been told they will not be allowed to stay at a new home until the end of the academic year.,327,27,20
34231916,entertainment,bullet_points_strict,Hundreds of rooms at a £45m student halls development at Aberystwyth University will not be ready for the new term.,Students at the University of Oxford have been told they will not be allowed to stay at a new home until the end of the academic year.,327,27,20
34231916,entertainment,one_sentence,Hundreds of rooms at a £45m student halls development at Aberystwyth University will not be ready for the new term.,"The University of Oxford has announced plans to build a new 1,500-student house at its Penglais Farm campus.",327,18,20
34231916,entertainment,fact_constrained,Hundreds of rooms at a £45m student halls development at Aberystwyth University will not be ready for the new term.,The University of Oxford has announced plans to build a new dormitory at the site of a Grade I listed building.,327,21,20
38025198,entertainment,tldr,Characters based on a Nickelodeon cartoon were dropped from a Northern Ireland council's Christmas celebrations - after it emerged they were unauthorised.,PAW Patrol's Skye and Marshall will not appear at a Christmas lights switch-on in Londonderry.,1246,15,22
38025198,entertainment,bullet_points,Characters based on a Nickelodeon cartoon were dropped from a Northern Ireland council's Christmas celebrations - after it emerged they were unauthorised.,PAW Patrol's Paw Patrol characters have not been authorised to appear at a Christmas lights switch-on in Londonderry.,1246,18,22
38025198,entertainment,bullet_points_strict,Characters based on a Nickelodeon cartoon were dropped from a Northern Ireland council's Christmas celebrations - after it emerged they were unauthorised.,The PAW Patrol's Paw Patrol characters have not been used at a Christmas lights switch-on in the UK or Ireland.,1246,20,22
38025198,entertainment,one_sentence,Characters based on a Nickelodeon cartoon were dropped from a Northern Ireland council's Christmas celebrations - after it emerged they were unauthorised.,PAW Patrol's Skye and Marshall will not appear at a Christmas lights switch-on in Londonderry.,1246,15,22
38025198,entertainment,fact_constrained,Characters based on a Nickelodeon cartoon were dropped from a Northern Ireland council's Christmas celebrations - after it emerged they were unauthorised.,A council has apologised after a Paw Patrol character did not appear at a Christmas lights switch-on.,1246,17,22
38021312,business,tldr,Aston Villa have appointed former Brighton coach Colin Calderwood as their assistant manager to Steve Bruce.,Brighton manager Colin Calderwood has joined Aston Villa on a one-year contract.,1589,12,16
38021312,business,bullet_points,Aston Villa have appointed former Brighton coach Colin Calderwood as their assistant manager to Steve Bruce.,Aston Villa manager Colin Calderwood has joined Brighton and Hove Albion on a one-year contract.,1589,15,16
38021312,business,bullet_points_strict,Aston Villa have appointed former Brighton coach Colin Calderwood as their assistant manager to Steve Bruce.,Brighton manager Colin Calderwood has joined Aston Villa on a one-year contract.,1589,12,16
38021312,business,one_sentence,Aston Villa have appointed former Brighton coach Colin Calderwood as their assistant manager to Steve Bruce.,Aston Villa manager Colin Calderwood has joined Brighton and Hove Albion on a one-year contract.,1589,15,16
38021312,business,fact_constrained,Aston Villa have appointed former Brighton coach Colin Calderwood as their assistant manager to Steve Bruce.,Aston Villa manager Colin Calderwood has joined Brighton and Hove Albion on a one-year contract.,1589,15,16
39884746,sport,tldr,Jamie Roberts intends to use his disappointment at being overlooked by the British and Irish Lions as motivation when he captains Wales.,"Wales captain Mark Roberts says he was ""gutted"" to be dropped from Wales' squad for the 2016 Six Nations tour.",2517,20,22
39884746,sport,bullet_points,Jamie Roberts intends to use his disappointment at being overlooked by the British and Irish Lions as motivation when he captains Wales.,"Wales captain Mark Roberts says he was ""gutted"" to be dropped from Wales' squad for the 2016 Six Nations tour.",2517,20,22
39884746,sport,bullet_points_strict,Jamie Roberts intends to use his disappointment at being overlooked by the British and Irish Lions as motivation when he captains Wales.,"Wales captain Mark Roberts says he was ""gutted"" to be dropped from Wales' squad for the first Test against Tonga.",2517,20,22
39884746,sport,one_sentence,Jamie Roberts intends to use his disappointment at being overlooked by the British and Irish Lions as motivation when he captains Wales.,"Wales captain Mark Roberts says he was ""gutted"" to be dropped from Wales' squad for the Six Nations tour of New Zealand.",2517,22,22
39884746,sport,fact_constrained,Jamie Roberts intends to use his disappointment at being overlooked by the British and Irish Lions as motivation when he captains Wales.,"Wales captain Mark Roberts says he was ""gutted"" by the Six Nations defeat by Australia in the autumn series.",2517,19,22
35516834,business,tldr,In terms of what England wanted out of the game with Scotland I think they got everything.,England's last game of the season was a resounding victory over Scotland.,4170,12,17
35516834,business,bullet_points,In terms of what England wanted out of the game with Scotland I think they got everything.,England's last game of the season was a resounding victory over Scotland.,4170,12,17
35516834,business,bullet_points_strict,In terms of what England wanted out of the game with Scotland I think they got everything.,England's game at Murrayfield was one of the best in the history of the game.,4170,15,17
35516834,business,one_sentence,In terms of what England wanted out of the game with Scotland I think they got everything.,England's last game of the season was a resounding victory over Scotland.,4170,12,17
35516834,business,fact_constrained,In terms of what England wanted out of the game with Scotland I think they got everything.,England's game against Scotland at Murrayfield was a good one.,4170,10,17
18916143,sport,tldr,Great Britain will miss the men's Olympic 4x100m relay final after being disqualified in their semi-final.,Great Britain lost to Jamaica in the final of the Women's World Cup qualifying final at the Rio Olympics.,1262,19,16
18916143,sport,bullet_points,Great Britain will miss the men's Olympic 4x100m relay final after being disqualified in their semi-final.,Great Britain's hopes of qualifying for the Rio Olympics have been dashed after a tense first leg.,1262,17,16
18916143,sport,bullet_points_strict,Great Britain will miss the men's Olympic 4x100m relay final after being disqualified in their semi-final.,Great Britain's men's olympic final was halted by a boton error in the final of the men's olympics.,1262,18,16
18916143,sport,one_sentence,Great Britain will miss the men's Olympic 4x100m relay final after being disqualified in their semi-final.,Great Britain have been disqualified from the men's final of the Women's World Rowing Championships after a tense first leg.,1262,20,16
18916143,sport,fact_constrained,Great Britain will miss the men's Olympic 4x100m relay final after being disqualified in their semi-final.,Great Britain's men's olympic final was halted by a botched handover in the first leg of the men's olympic final at the Rio Olympics.,1262,24,16
28783748,business,tldr,Police are appealing for witnesses following a head-on crash between a car and a bus in West Lothian.,A man has been seriously injured in a crash between a car and a bus in Falkirk.,1239,17,18
28783748,business,bullet_points,Police are appealing for witnesses following a head-on crash between a car and a bus in West Lothian.,A passenger has been seriously injured in a crash between a car and a bus in Falkirk.,1239,17,18
28783748,business,bullet_points_strict,Police are appealing for witnesses following a head-on crash between a car and a bus in West Lothian.,A passenger has been seriously injured in a crash between a car and a bus in Falkirk.,1239,17,18
28783748,business,one_sentence,Police are appealing for witnesses following a head-on crash between a car and a bus in West Lothian.,A passenger has been taken to hospital after a Vauxhall Zafira crashed into a bus in Falkirk.,1239,17,18
28783748,business,fact_constrained,Police are appealing for witnesses following a head-on crash between a car and a bus in West Lothian.,A car and a bus have been involved in a collision in Falkirk.,1239,13,18
36754530,tech,tldr,Police have named a 52-year-old man who died after the forklift truck he was driving toppled over.,A man has died after being trapped underneath a forklift in East Kilbride.,491,13,17
36754530,tech,bullet_points,Police have named a 52-year-old man who died after the forklift truck he was driving toppled over.,A man has died after being trapped underneath a forklift in East Kilbride.,491,13,17
36754530,tech,bullet_points_strict,Police have named a 52-year-old man who died after the forklift truck he was driving toppled over.,A man has died after being trapped underneath a forklift in East Kilbride.,491,13,17
36754530,tech,one_sentence,Police have named a 52-year-old man who died after the forklift truck he was driving toppled over.,A man has died after being trapped underneath a forklift in East Kilbride.,491,13,17
36754530,tech,fact_constrained,Police have named a 52-year-old man who died after the forklift truck he was driving toppled over.,A man has died after being trapped underneath a forklift in East Kilbride.,491,13,17
39537604,sport,tldr,Great Britain's double gold medallist Nicola Adams believes new trainer Virgil Hunter will play a key part in success as a professional.,"Olympic champion Victoria Adams says she is ""in awe"" by the world's best boxer, Andre Ward.",1017,16,22
39537604,sport,bullet_points,Great Britain's double gold medallist Nicola Adams believes new trainer Virgil Hunter will play a key part in success as a professional.,"Britain's Sarah Adams says she is ""in awe"" by the world's best boxer, Andre Ward, as she prepares for her first professional fight.",1017,23,22
39537604,sport,bullet_points_strict,Great Britain's double gold medallist Nicola Adams believes new trainer Virgil Hunter will play a key part in success as a professional.,"Britain's Sarah Adams says she is ""in awe"" by the world's best boxer, Andre Ward, as she prepares for her first professional fight.",1017,23,22
39537604,sport,one_sentence,Great Britain's double gold medallist Nicola Adams believes new trainer Virgil Hunter will play a key part in success as a professional.,"Britain's Sarah Adams says she is ""in awe"" of the world's best boxer, Andre Ward, as she prepares for her first professional fight.",1017,23,22
39537604,sport,fact_constrained,Great Britain's double gold medallist Nicola Adams believes new trainer Virgil Hunter will play a key part in success as a professional.,"Britain's Sarah Adams says she is ""in awe"" by the world's best boxer, Andre Ward.",1017,15,22
33365674,politics,tldr,"We're fast approaching the 70th anniversary next month of the dropping of the first nuclear bomb, on Hiroshima.",Ayatollah Khomeini's triumphant return to Tehran - on 1 February 1979 - symbolises the moment when the US and its allies lost control of Iran.,6386,25,18
33365674,politics,bullet_points,"We're fast approaching the 70th anniversary next month of the dropping of the first nuclear bomb, on Hiroshima.",Ayatollah Khomeini - a Shia scholar - took power on 1 February 1979.,6386,13,18
33365674,politics,bullet_points_strict,"We're fast approaching the 70th anniversary next month of the dropping of the first nuclear bomb, on Hiroshima.",Ayatollah Khomeini's triumphant return to Tehran in 1979 marks the moment when the US and its allies lost control of Iran.,6386,21,18
33365674,politics,one_sentence,"We're fast approaching the 70th anniversary next month of the dropping of the first nuclear bomb, on Hiroshima.",Ayatollah Khomeini's triumphant return to Tehran on 1 February 1979 marked the end of the Cold War.,6386,17,18
33365674,politics,fact_constrained,"We're fast approaching the 70th anniversary next month of the dropping of the first nuclear bomb, on Hiroshima.",Ayatollah Khomeini's triumphant return to Tehran - on 1 February 1979 - symbolises the moment when the US and its allies lost control of Iran.,6386,25,18
35800561,business,tldr,"David Drumm, former boss of the Anglo Irish Bank, has been granted bail by an Irish court after he was extradited from the US to face fraud charges.",Irish police have charged former Anglo Irish Bank chief executive Michael Drumm with fraud and tax evasion.,2773,17,28
35800561,business,bullet_points,"David Drumm, former boss of the Anglo Irish Bank, has been granted bail by an Irish court after he was extradited from the US to face fraud charges.",Irish police have arrested former Anglo Irish Bank chief executive Michael Drumm on suspicion of fraud and tax evasion.,2773,19,28
35800561,business,bullet_points_strict,"David Drumm, former boss of the Anglo Irish Bank, has been granted bail by an Irish court after he was extradited from the US to face fraud charges.",Irish police have charged former Anglo Irish Bank chief executive Michael Drumm with fraud and tax evasion.,2773,17,28
35800561,business,one_sentence,"David Drumm, former boss of the Anglo Irish Bank, has been granted bail by an Irish court after he was extradited from the US to face fraud charges.",Irish police have arrested former Anglo Irish Bank chief executive Michael Drumm on suspicion of fraud and tax evasion.,2773,19,28
35800561,business,fact_constrained,"David Drumm, former boss of the Anglo Irish Bank, has been granted bail by an Irish court after he was extradited from the US to face fraud charges.",Irish police have arrested former Anglo Irish Bank chief executive Michael Drumm on suspicion of fraud and tax evasion.,2773,19,28
29748134,entertainment,tldr,"Lala Njava's music is grounded in Madagascan tradition but is enriched with jazz, trance and afrobeat.","Lala Njava, a Malagasy blues singer, has performed at a music festival in Belgium.",666,14,16
29748134,entertainment,bullet_points,"Lala Njava's music is grounded in Madagascan tradition but is enriched with jazz, trance and afrobeat.","Lala Njava, a Malagasy blues singer, has performed at a concert in Belgium.",666,13,16
29748134,entertainment,bullet_points_strict,"Lala Njava's music is grounded in Madagascan tradition but is enriched with jazz, trance and afrobeat.","Lala Njava, a Malagasy blues singer, performs in a performance for Africa Beats.",666,13,16
29748134,entertainment,one_sentence,"Lala Njava's music is grounded in Madagascan tradition but is enriched with jazz, trance and afrobeat.","Lala Njava, a Malagasy blues singer, has performed at a concert in Belgium.",666,13,16
29748134,entertainment,fact_constrained,"Lala Njava's music is grounded in Madagascan tradition but is enriched with jazz, trance and afrobeat.","Lala Njava, a Malagasy blues singer, has performed at a concert in Belgium.",666,13,16
37172014,politics,tldr,There haven't been many good moments for Myanmar's Rohingya Muslims in the last four years.,Aung San Suu Kyi's new Advisory Commission on Rakhine State could be a game-changer.,3593,14,15
37172014,politics,bullet_points,There haven't been many good moments for Myanmar's Rohingya Muslims in the last four years.,Aung San Suu Kyi's new Advisory Commission on Rakhine State is a rare glimmer of hope.,3593,16,15
37172014,politics,bullet_points_strict,There haven't been many good moments for Myanmar's Rohingya Muslims in the last four years.,Aung San Suu Kyi's new Advisory Commission on Rakhine State could be a game-changer.,3593,14,15
37172014,politics,one_sentence,There haven't been many good moments for Myanmar's Rohingya Muslims in the last four years.,Aung San Suu Kyi has set up an advisory commission to help the Rohingya in Myanmar.,3593,16,15
37172014,politics,fact_constrained,There haven't been many good moments for Myanmar's Rohingya Muslims in the last four years.,Aung San Suu Kyi has set up an advisory commission on Rakhine State.,3593,13,15
36523133,sport,tldr,Ivan Lendl is definitely more of a handshake than a hug kind of guy.,Ivan Radwanska and Ivan Delgado will spend time together over the next few days on the grass.,3326,17,14
36523133,sport,bullet_points,Ivan Lendl is definitely more of a handshake than a hug kind of guy.,Ivan Rodrguez and Ivan Delgado met at the Queen's Club on Tuesday morning - the first time they'd met since the US Open.,3326,23,14
36523133,sport,bullet_points_strict,Ivan Lendl is definitely more of a handshake than a hug kind of guy.,"Ivan Rodrguez has greeted his new coach, Ivan Delgado, with a straight handshake.",3326,13,14
36523133,sport,one_sentence,Ivan Lendl is definitely more of a handshake than a hug kind of guy.,"Ivan Rodrguez, the world number one in the world by a decent distance in terms of ranking points, won his fifth title at Queen's Club this week.",3326,27,14
36523133,sport,fact_constrained,Ivan Lendl is definitely more of a handshake than a hug kind of guy.,Ivan Rodrguez and Ivan Delgado met at Queen's Club on Tuesday morning - the first time they'd met since the US Open.,3326,22,14
29279384,politics,tldr,How did it go for the 16 and 17-year-olds who were allowed to vote for the first time ever in the UK?,"16 to 17-year-olds voted for independence in the Scottish referendum, a survey has shown.",3122,14,22
29279384,politics,bullet_points,How did it go for the 16 and 17-year-olds who were allowed to vote for the first time ever in the UK?,Almost half of 16 to 17-year-olds voted in the Scottish independence referendum.,3122,12,22
29279384,politics,bullet_points_strict,How did it go for the 16 and 17-year-olds who were allowed to vote for the first time ever in the UK?,"16 to 17-year-olds voted for independence in the Scottish referendum, according to a survey.",3122,14,22
29279384,politics,one_sentence,How did it go for the 16 and 17-year-olds who were allowed to vote for the first time ever in the UK?,Young people in Scotland have voted to leave the UK after a referendum on independence.,3122,15,22
29279384,politics,fact_constrained,How did it go for the 16 and 17-year-olds who were allowed to vote for the first time ever in the UK?,"The Scottish independence referendum has been a success for young people, with a record number of young people voting for independence.",3122,21,22
38185491,sport,tldr,Mercedes Formula 1 boss Toto Wolff admits that Nico Rosberg's decision to retire took him completely by surprise - but it is only the start of his problems.,Wolff is looking for a replacement for Sebastian Vettel after a disappointing 2016 season.,5857,14,28
38185491,sport,bullet_points,Mercedes Formula 1 boss Toto Wolff admits that Nico Rosberg's decision to retire took him completely by surprise - but it is only the start of his problems.,Wolff has a long list of potential replacements for Mercedes driver Sebastian Vettel.,5857,13,28
38185491,sport,bullet_points_strict,Mercedes Formula 1 boss Toto Wolff admits that Nico Rosberg's decision to retire took him completely by surprise - but it is only the start of his problems.,Wolff has a long list of potential replacements for Mercedes driver Sebastian Vettel.,5857,13,28
38185491,sport,one_sentence,Mercedes Formula 1 boss Toto Wolff admits that Nico Rosberg's decision to retire took him completely by surprise - but it is only the start of his problems.,"Lewis Hamilton is preparing for his first Formula 1 race of the year, but he hasn't been able to find a team-mate.",5857,22,28
38185491,sport,fact_constrained,Mercedes Formula 1 boss Toto Wolff admits that Nico Rosberg's decision to retire took him completely by surprise - but it is only the start of his problems.,"Wolff is preparing for the 2016 Formula 1 season, and he's looking for a new team-mate.",5857,16,28
33464480,tech,tldr,"Smoking could play a direct role in the development of schizophrenia and needs to be investigated, researchers say.","Smoking may increase the risk of developing schizophrenia, a study suggests.",2309,11,18
33464480,tech,bullet_points,"Smoking could play a direct role in the development of schizophrenia and needs to be investigated, researchers say.","Smoking may increase the risk of developing schizophrenia, a study suggests.",2309,11,18
33464480,tech,bullet_points_strict,"Smoking could play a direct role in the development of schizophrenia and needs to be investigated, researchers say.","Smokers are more likely to develop schizophrenia than non-smokers, a study suggests.",2309,12,18
33464480,tech,one_sentence,"Smoking could play a direct role in the development of schizophrenia and needs to be investigated, researchers say.","Smokers are more likely to develop schizophrenia than non-smokers, a study suggests.",2309,12,18
33464480,tech,fact_constrained,"Smoking could play a direct role in the development of schizophrenia and needs to be investigated, researchers say.","Smoking may increase the risk of developing schizophrenia, a study suggests.",2309,11,18
34692640,tech,tldr,"A family of five, including three young children, had to be rescued from a Somerset beach after their car got stuck in the mud on Saturday evening.",Two adults and three children have been rescued from a beach in Avon.,324,13,27
34692640,tech,bullet_points,"A family of five, including three young children, had to be rescued from a Somerset beach after their car got stuck in the mud on Saturday evening.",Three people have been rescued from a beach in Avon after a tidal wave hit the area.,324,17,27
34692640,tech,bullet_points_strict,"A family of five, including three young children, had to be rescued from a Somerset beach after their car got stuck in the mud on Saturday evening.",Three people have been rescued from a beach in Avon after a high tide.,324,14,27
34692640,tech,one_sentence,"A family of five, including three young children, had to be rescued from a Somerset beach after their car got stuck in the mud on Saturday evening.",Three people have been rescued from a beach in Avon after a storm swept through the area.,324,17,27
34692640,tech,fact_constrained,"A family of five, including three young children, had to be rescued from a Somerset beach after their car got stuck in the mud on Saturday evening.",Three people have been rescued from a beach in Avon after a tidal surge.,324,14,27
28274531,politics,tldr,Former Archbishop of Canterbury Lord Carey says he will support legislation that would make it legal for terminally ill people in England and Wales to receive help to end their lives.,Lord Carey has said he has changed his mind on a bill to allow people to end their own lives at the end of their lives.,7250,26,31
28274531,politics,bullet_points,Former Archbishop of Canterbury Lord Carey says he will support legislation that would make it legal for terminally ill people in England and Wales to receive help to end their lives.,The Archbishop of Canterbury has said he has changed his mind about a bill to allow people to end their own lives.,7250,22,31
28274531,politics,bullet_points_strict,Former Archbishop of Canterbury Lord Carey says he will support legislation that would make it legal for terminally ill people in England and Wales to receive help to end their lives.,The Archbishop of Canterbury has said he has changed his mind about a bill to allow people to end their own lives.,7250,22,31
28274531,politics,one_sentence,Former Archbishop of Canterbury Lord Carey says he will support legislation that would make it legal for terminally ill people in England and Wales to receive help to end their lives.,The Archbishop of Canterbury has said he has changed his mind about a bill to allow people to end their own lives at the end of their lives.,7250,28,31
28274531,politics,fact_constrained,Former Archbishop of Canterbury Lord Carey says he will support legislation that would make it legal for terminally ill people in England and Wales to receive help to end their lives.,Lord Carey has said he has changed his mind about allowing people to die at the end of their lives.,7250,20,31
39072867,sport,tldr,"Leicester's decision to sack Claudio Ranieri nine months after winning the Premier League made former Foxes striker Gary Lineker ""shed a tear"".",Leicester City manager Claudio Ranieri has been sacked by Leicester City owner Vichai Srivaddhanaprabha.,8970,14,22
39072867,sport,bullet_points,"Leicester's decision to sack Claudio Ranieri nine months after winning the Premier League made former Foxes striker Gary Lineker ""shed a tear"".","Leicester City manager Claudio Ranieri's sacking is ""inexplicable"" and ""inexplicable"" to a lot of football fans, says Match of the Day presenter Mark Lineker.",8970,24,22
39072867,sport,bullet_points_strict,"Leicester's decision to sack Claudio Ranieri nine months after winning the Premier League made former Foxes striker Gary Lineker ""shed a tear"".","Leicester City manager Claudio Ranieri's sacking is ""inexplicable"" and ""inexplicable"" to football fans, says Match of the Day presenter Mark Lineker.",8970,21,22
39072867,sport,one_sentence,"Leicester's decision to sack Claudio Ranieri nine months after winning the Premier League made former Foxes striker Gary Lineker ""shed a tear"".","Leicester City manager Claudio Ranieri's sacking is ""inexplicable"" and ""inexplicable to a lot of football fans"", says Match of the Day presenter Mark Lineker.",8970,24,22
39072867,sport,fact_constrained,"Leicester's decision to sack Claudio Ranieri nine months after winning the Premier League made former Foxes striker Gary Lineker ""shed a tear"".","Leicester City manager Claudio Ranieri's sacking is ""inexplicable"" and ""inexplicable to a lot football fans"", says Match of the Day presenter Mark Lineker.",8970,23,22
22325779,tech,tldr,Rescuers are frantically trying to save about nine people located in the wreckage of a collapsed factory complex in the Bangladeshi capital Dhaka.,"At least nine people have been rescued from the rubble of a collapsed garment factory in Pakistan, officials say.",4181,19,23
22325779,tech,bullet_points,Rescuers are frantically trying to save about nine people located in the wreckage of a collapsed factory complex in the Bangladeshi capital Dhaka.,"At least nine people have been rescued from the rubble of a collapsed garment factory in the Indian city of Mumbai, officials say.",4181,23,23
22325779,tech,bullet_points_strict,Rescuers are frantically trying to save about nine people located in the wreckage of a collapsed factory complex in the Bangladeshi capital Dhaka.,"At least nine people have been rescued from the rubble of a collapsed garment factory in the Indian city of Savar, officials say.",4181,23,23
22325779,tech,one_sentence,Rescuers are frantically trying to save about nine people located in the wreckage of a collapsed factory complex in the Bangladeshi capital Dhaka.,"At least nine people have been rescued from the rubble of a collapsed garment factory in the Indian state of Maharashtra, officials say.",4181,23,23
22325779,tech,fact_constrained,Rescuers are frantically trying to save about nine people located in the wreckage of a collapsed factory complex in the Bangladeshi capital Dhaka.,"At least nine people have been rescued from the rubble of the collapsed Rana Plaza building in the Indian city of Mumbai, officials say.",4181,24,23
40617914,sport,tldr,Dundee United have signed their second goalkeeper in a week by bringing in Harry Lewis on loan from Southampton.,Tannadice United have signed Southampton goalkeeper Harry Lewis on a one-year deal.,1697,12,19
40617914,sport,bullet_points,Dundee United have signed their second goalkeeper in a week by bringing in Harry Lewis on loan from Southampton.,Tannadice United have signed Southampton goalkeeper Harry Lewis on a one-year deal.,1697,12,19
40617914,sport,bullet_points_strict,Dundee United have signed their second goalkeeper in a week by bringing in Harry Lewis on loan from Southampton.,Tannadice United have signed Southampton goalkeeper Harry Lewis on a one-year deal.,1697,12,19
40617914,sport,one_sentence,Dundee United have signed their second goalkeeper in a week by bringing in Harry Lewis on loan from Southampton.,Tannadice United have signed Southampton goalkeeper Harry Lewis on a one-year deal.,1697,12,19
40617914,sport,fact_constrained,Dundee United have signed their second goalkeeper in a week by bringing in Harry Lewis on loan from Southampton.,Tannadice United have signed Southampton goalkeeper Harry Lewis on a one-year deal.,1697,12,19
38125603,sport,tldr,Celtic cruised to a 3-0 win over Aberdeen at Hampden Park as Brendan Rodgers secured his first trophy as the Scottish Premiership leaders' manager.,Celtic goalkeeper Pat Bonner looks at the victors' performance in the Scottish League Cup final.,4564,15,24
38125603,sport,bullet_points,Celtic cruised to a 3-0 win over Aberdeen at Hampden Park as Brendan Rodgers secured his first trophy as the Scottish Premiership leaders' manager.,Celtic goalkeeper's mark out of 10 for the victors in the Scottish League Cup final,4564,15,24
38125603,sport,bullet_points_strict,Celtic cruised to a 3-0 win over Aberdeen at Hampden Park as Brendan Rodgers secured his first trophy as the Scottish Premiership leaders' manager.,Celtic goalkeeper Pat Bonner looks at the victors' performance in the Scottish League Cup final.,4564,15,24
38125603,sport,one_sentence,Celtic cruised to a 3-0 win over Aberdeen at Hampden Park as Brendan Rodgers secured his first trophy as the Scottish Premiership leaders' manager.,Celtic goalkeeper's hat-trick in the final of the Scottish League Cup final.,4564,12,24
38125603,sport,fact_constrained,Celtic cruised to a 3-0 win over Aberdeen at Hampden Park as Brendan Rodgers secured his first trophy as the Scottish Premiership leaders' manager.,Brendan O'Connor header into the bottom corner of the net to give Celtic a 3-0 lead at the top of the table.,4564,22,24
30992607,politics,tldr,For three weeks Alexander Litvinenko desperately tried to fight off the radiation that was destroying his body from within.,Alexander Litvinenko was poisoned by radioactive Polonium 210.,5154,8,19
30992607,politics,bullet_points,For three weeks Alexander Litvinenko desperately tried to fight off the radiation that was destroying his body from within.,"Alexander Litvinenko, a former FSB officer who had become a fierce critic of Vladimir Putin, was killed by radioactive Polonium 210.",5154,21,19
30992607,politics,bullet_points_strict,For three weeks Alexander Litvinenko desperately tried to fight off the radiation that was destroying his body from within.,Alexander Litvinenko's death was not a'state sponsored nuclear terrorism' - it was an act of state sponsored nuclear terrorism on the streets of London.,5154,24,19
30992607,politics,one_sentence,For three weeks Alexander Litvinenko desperately tried to fight off the radiation that was destroying his body from within.,"Alexander Litvinenko, a former FSB officer, was poisoned by radioactive Polonium 210.",5154,12,19
30992607,politics,fact_constrained,For three weeks Alexander Litvinenko desperately tried to fight off the radiation that was destroying his body from within.,Alexander Litvinenko was poisoned by radioactive Polonium 210.,5154,8,19
38252691,business,tldr,Auditors have questioned the way a health board handled funding awarded to a celebrity-led charity event.,A health board has been criticised for failing to properly manage its funding for an event to raise awareness of organ donation laws.,2388,23,16
38252691,business,bullet_points,Auditors have questioned the way a health board handled funding awarded to a celebrity-led charity event.,A Welsh health board has been criticised by auditors over its handling of a fundraising event to raise awareness of organ donation laws.,2388,23,16
38252691,business,bullet_points_strict,Auditors have questioned the way a health board handled funding awarded to a celebrity-led charity event.,"Auditors have questioned a Welsh health board's handling of a charity event which raised more than £150,000.",2388,17,16
38252691,business,one_sentence,Auditors have questioned the way a health board handled funding awarded to a celebrity-led charity event.,A Welsh health board has been criticised by auditors over its handling of a fundraising event to raise awareness of organ donation laws.,2388,23,16
38252691,business,fact_constrained,Auditors have questioned the way a health board handled funding awarded to a celebrity-led charity event.,A health board has been criticised for failing to properly manage its funding for a charity raising awareness of organ donation.,2388,21,16
36066329,entertainment,tldr,An 85-year-old woman has died after being struck by a bin lorry in Edinburgh.,A woman has been injured in a bin lorry accident in Glasgow.,536,12,14
36066329,entertainment,bullet_points,An 85-year-old woman has died after being struck by a bin lorry in Edinburgh.,A woman has died after a bin lorry smashed into a woman's car.,536,13,14
36066329,entertainment,bullet_points_strict,An 85-year-old woman has died after being struck by a bin lorry in Edinburgh.,A bin lorry driver has been arrested after a woman was spotted walking with a wheeled walking aid.,536,18,14
36066329,entertainment,one_sentence,An 85-year-old woman has died after being struck by a bin lorry in Edinburgh.,A woman has been taken to hospital after a bin lorry smashed into her car.,536,15,14
36066329,entertainment,fact_constrained,An 85-year-old woman has died after being struck by a bin lorry in Edinburgh.,A bin lorry driver has been arrested after a woman was spotted walking with a wheeled walking aid.,536,18,14
38872959,tech,tldr,"A tractor being driven by a 15-year-old boy ""as a taxi for his drunk mates"" has been stopped by police in North Yorkshire.",A 15-year-old boy has been arrested on suspicion of driving a tractor as a taxi.,523,15,23
38872959,tech,bullet_points,"A tractor being driven by a 15-year-old boy ""as a taxi for his drunk mates"" has been stopped by police in North Yorkshire.",A 15-year-old boy has been arrested on suspicion of driving a tractor as a taxi for his drunk mates.,523,19,23
38872959,tech,bullet_points_strict,"A tractor being driven by a 15-year-old boy ""as a taxi for his drunk mates"" has been stopped by police in North Yorkshire.",A 15-year-old boy has been arrested on suspicion of driving a tractor as a taxi.,523,15,23
38872959,tech,one_sentence,"A tractor being driven by a 15-year-old boy ""as a taxi for his drunk mates"" has been stopped by police in North Yorkshire.",A 15-year-old boy has been arrested on suspicion of driving a tractor as a taxi for his drunk mates.,523,19,23
38872959,tech,fact_constrained,"A tractor being driven by a 15-year-old boy ""as a taxi for his drunk mates"" has been stopped by police in North Yorkshire.",A 15-year-old boy has been arrested on suspicion of driving a tractor as a taxi for his drunk mates.,523,19,23
40754122,tech,tldr,"A man accused of claiming almost Â£10,000 after allegedly pretending his family died in the Grenfell Tower fire has denied two counts of fraud.",A man accused of defrauding charities and Kensington and Chelsea Council has appeared in court.,850,15,24
40754122,tech,bullet_points,"A man accused of claiming almost Â£10,000 after allegedly pretending his family died in the Grenfell Tower fire has denied two counts of fraud.",A man has appeared in court charged with fraud after claiming to be a victim of the London Tower block fire.,850,21,24
40754122,tech,bullet_points_strict,"A man accused of claiming almost Â£10,000 after allegedly pretending his family died in the Grenfell Tower fire has denied two counts of fraud.",A man has appeared in court charged with fraud after claiming to be a victim of a London tower block fire.,850,21,24
40754122,tech,one_sentence,"A man accused of claiming almost Â£10,000 after allegedly pretending his family died in the Grenfell Tower fire has denied two counts of fraud.",A man has appeared in court charged with fraud after claiming to be a victim of the London Tower block fire.,850,21,24
40754122,tech,fact_constrained,"A man accused of claiming almost Â£10,000 after allegedly pretending his family died in the Grenfell Tower fire has denied two counts of fraud.",A man has appeared in court charged with fraud after he claimed to have lived in a block of flats after a tower block fire.,850,25,24
38458406,politics,tldr,"In our series of letters from African journalists, media and communications trainer Joseph Warungu gives a personal guide to some of the key people, places and events to watch out for in Africa in 2017.","Africa will go through six human actions this year - stand, kneel, squat, bow, fall and then rise again.",7770,19,35
38458406,politics,bullet_points,"In our series of letters from African journalists, media and communications trainer Joseph Warungu gives a personal guide to some of the key people, places and events to watch out for in Africa in 2017.",Africa is going into a squat position.,7770,7,35
38458406,politics,bullet_points_strict,"In our series of letters from African journalists, media and communications trainer Joseph Warungu gives a personal guide to some of the key people, places and events to watch out for in Africa in 2017.","Africa will go through six human actions this year - stand, kneel, squat, bow, fall and then rise again.",7770,19,35
38458406,politics,one_sentence,"In our series of letters from African journalists, media and communications trainer Joseph Warungu gives a personal guide to some of the key people, places and events to watch out for in Africa in 2017.",Nigerians are going into depression and d,7770,7,35
38458406,politics,fact_constrained,"In our series of letters from African journalists, media and communications trainer Joseph Warungu gives a personal guide to some of the key people, places and events to watch out for in Africa in 2017.",Africa is going through six human actions this year.,7770,9,35
36462386,business,tldr,"A farmer told to demolish a mock Tudor castle that was built without planning permission has vowed to rebuild ""the work of art"" elsewhere.","A man who built a ""work of art"" has told a judge he will ""fully comply"" with council enforcement notices.",1611,20,24
36462386,business,bullet_points,"A farmer told to demolish a mock Tudor castle that was built without planning permission has vowed to rebuild ""the work of art"" elsewhere.","A man who built a ""work of art"" has told a judge he will not be jailed.",1611,17,24
36462386,business,bullet_points_strict,"A farmer told to demolish a mock Tudor castle that was built without planning permission has vowed to rebuild ""the work of art"" elsewhere.","A man who built a ""work of art"" has told a judge he will ""fully comply"" with council enforcement notices.",1611,20,24
36462386,business,one_sentence,"A farmer told to demolish a mock Tudor castle that was built without planning permission has vowed to rebuild ""the work of art"" elsewhere.","A man who built a ""work of art"" has told a judge he will not be jailed.",1611,17,24
36462386,business,fact_constrained,"A farmer told to demolish a mock Tudor castle that was built without planning permission has vowed to rebuild ""the work of art"" elsewhere.","A man who built a ""work of art"" has told a judge he will ""fully comply"" with council enforcement notices.",1611,20,24
34043497,business,tldr,"Full services on Nottingham's new tram lines have started, eight months behind schedule.",The first public trams to open in Nottingham have started running.,2237,11,13
34043497,business,bullet_points,"Full services on Nottingham's new tram lines have started, eight months behind schedule.",The first public trams to open in Nottingham have opened at 06:00 BST.,2237,13,13
34043497,business,bullet_points_strict,"Full services on Nottingham's new tram lines have started, eight months behind schedule.",The first public trams to open in Nottingham have started running.,2237,11,13
34043497,business,one_sentence,"Full services on Nottingham's new tram lines have started, eight months behind schedule.",The first public trams to open in Nottingham have opened at 06:00 BST.,2237,13,13
34043497,business,fact_constrained,"Full services on Nottingham's new tram lines have started, eight months behind schedule.",The first public trams to open in Nottingham have started running.,2237,11,13
40729647,tech,tldr,Thieves broke into vans and stole tools being used by a team working on a life-changing project for TV show DIY SOS.,Two vans have been stolen from a project to extend the home of a mother who died from cancer.,1169,19,22
40729647,tech,bullet_points,Thieves broke into vans and stole tools being used by a team working on a life-changing project for TV show DIY SOS.,"Two vans have been stolen from a DIY SOS project in Birmingham, the BBC has said.",1169,16,22
40729647,tech,bullet_points_strict,Thieves broke into vans and stole tools being used by a team working on a life-changing project for TV show DIY SOS.,Two vans and a Mercedes Sprinter have been stolen from a DIY SOS project in Birmingham.,1169,16,22
40729647,tech,one_sentence,Thieves broke into vans and stole tools being used by a team working on a life-changing project for TV show DIY SOS.,Two vans and tools have been stolen from a project to extend the home of a mother who died from cancer.,1169,21,22
40729647,tech,fact_constrained,Thieves broke into vans and stole tools being used by a team working on a life-changing project for TV show DIY SOS.,Two vans have been stolen from a project to extend the home of a mother-of-two in Birmingham.,1169,17,22
35538968,business,tldr,Oil and gas exploration firm Tullow Oil has reported a pre-tax loss of £1.3bn for the year to 31 December as low oil prices bit into revenues.,Tullow Oil has reported a loss of £1.6bn in the first half of the year.,1410,15,27
35538968,business,bullet_points,Oil and gas exploration firm Tullow Oil has reported a pre-tax loss of £1.3bn for the year to 31 December as low oil prices bit into revenues.,Tullow Oil has reported a loss of £1.5bn in the first half of the year.,1410,15,27
35538968,business,bullet_points_strict,Oil and gas exploration firm Tullow Oil has reported a pre-tax loss of £1.3bn for the year to 31 December as low oil prices bit into revenues.,Tullow Oil has reported a loss of £1.5bn in the first half of the year.,1410,15,27
35538968,business,one_sentence,Oil and gas exploration firm Tullow Oil has reported a pre-tax loss of £1.3bn for the year to 31 December as low oil prices bit into revenues.,Tullow Oil has reported a loss of £1.2bn in the first half of the year.,1410,15,27
35538968,business,fact_constrained,Oil and gas exploration firm Tullow Oil has reported a pre-tax loss of £1.3bn for the year to 31 December as low oil prices bit into revenues.,Tullow Oil has reported a loss of £1.5bn in the first half of the year.,1410,15,27
26546100,tech,tldr,EE has come out on top and Vodafone last in one of the UK's most comprehensive tests of mobile networks.,"EE and Three have been rated ""very well"" in a new survey of mobile operators in the UK.",3559,18,20
26546100,tech,bullet_points,EE has come out on top and Vodafone last in one of the UK's most comprehensive tests of mobile networks.,"EE and Three have been rated ""very well"" in a new survey of mobile operators in the UK.",3559,18,20
26546100,tech,bullet_points_strict,EE has come out on top and Vodafone last in one of the UK's most comprehensive tests of mobile networks.,"EE and Three have been rated ""very well"" in a new survey of mobile operators in the UK.",3559,18,20
26546100,tech,one_sentence,EE has come out on top and Vodafone last in one of the UK's most comprehensive tests of mobile networks.,"EE has been rated the best mobile operator in the UK in a series of tests, the BBC has learned.",3559,20,20
26546100,tech,fact_constrained,EE has come out on top and Vodafone last in one of the UK's most comprehensive tests of mobile networks.,"EE and Three have been rated as the best mobile operators in the UK, according to a new study.",3559,19,20
37949101,tech,tldr,A man who tried to get home on a 2.5 tonne road roller after a night out drinking in Dumfries has received a 15-month driving ban.,A man has been given a driving ban after taking a roller from Brooms Road to Dumfries.,684,17,26
37949101,tech,bullet_points,A man who tried to get home on a 2.5 tonne road roller after a night out drinking in Dumfries has received a 15-month driving ban.,A Dumfries man has been given a driving ban after admitting stealing a rollercoaster from a homeless accommodation.,684,18,26
37949101,tech,bullet_points_strict,A man who tried to get home on a 2.5 tonne road roller after a night out drinking in Dumfries has received a 15-month driving ban.,A Dumfries man has been given a driving ban after admitting taking a roller from Brooms Road to Dumfries.,684,19,26
37949101,tech,one_sentence,A man who tried to get home on a 2.5 tonne road roller after a night out drinking in Dumfries has received a 15-month driving ban.,A Dumfries man has been given a driving ban after admitting taking a roller from Brooms Road to Dumfries.,684,19,26
37949101,tech,fact_constrained,A man who tried to get home on a 2.5 tonne road roller after a night out drinking in Dumfries has received a 15-month driving ban.,A Dumfries man has been given a driving ban after he took a roller from Brooms Road to Dumfries.,684,19,26
31090761,politics,tldr,"Nearly all of the chaotically built homes in the small community of Vila Uniao in the west of Rio have ""SMH"" painted onto their walls.",Rio de Janeiro's Vila Uniao neighbourhood has been saved from demolition.,4504,11,25
31090761,politics,bullet_points,"Nearly all of the chaotically built homes in the small community of Vila Uniao in the west of Rio have ""SMH"" painted onto their walls.","Vila Uniao, a neighbourhood in Rio de Janeiro, has been renamed Vila Uniao.",4504,13,25
31090761,politics,bullet_points_strict,"Nearly all of the chaotically built homes in the small community of Vila Uniao in the west of Rio have ""SMH"" painted onto their walls.","Vila Uniao, a neighbourhood in Rio de Janeiro, has been saved from demolition by the government.",4504,16,25
31090761,politics,one_sentence,"Nearly all of the chaotically built homes in the small community of Vila Uniao in the west of Rio have ""SMH"" painted onto their walls.","Vila Uniao, a neighbourhood in Rio de Janeiro, has been saved from demolition by the government.",4504,16,25
31090761,politics,fact_constrained,"Nearly all of the chaotically built homes in the small community of Vila Uniao in the west of Rio have ""SMH"" painted onto their walls.","Vila Uniao, a neighbourhood in Rio de Janeiro, has been saved from demolition.",4504,13,25
27691207,business,tldr,"A key safety limit at one of Britain's nuclear power stations is being raised to allow the life of the reactor to be extended, the BBC has learned.","A nuclear power station could have breached its safety margins if it failed to lose its graphite bricks, the Office for Nuclear Regulation (ONR) says.",3728,25,28
27691207,business,bullet_points,"A key safety limit at one of Britain's nuclear power stations is being raised to allow the life of the reactor to be extended, the BBC has learned.",A nuclear power station could have breached its safety margins if it had not heeded the warnings from the Office for Nuclear Regulation.,3728,23,28
27691207,business,bullet_points_strict,"A key safety limit at one of Britain's nuclear power stations is being raised to allow the life of the reactor to be extended, the BBC has learned.","A nuclear power station could have breached its safety margins if it failed to lose its graphite bricks, the Office for Nuclear Regulation (ONR) says.",3728,25,28
27691207,business,one_sentence,"A key safety limit at one of Britain's nuclear power stations is being raised to allow the life of the reactor to be extended, the BBC has learned.",UK regulators have agreed to raise the safety margin for a nuclear reactor that is cracking and starting to lose weight.,3728,21,28
27691207,business,fact_constrained,"A key safety limit at one of Britain's nuclear power stations is being raised to allow the life of the reactor to be extended, the BBC has learned.","The Office for Nuclear Regulation (ONR) has said it is ""making good progress"" in a bid to raise the safety margin at a nuclear reactor.",3728,25,28
33719206,sport,tldr,"A US dentist has killed a lion in Zimbabwe, Africa.","Cecil Palmer's death has prompted a huge reaction from many on social media, with tens of thousands of people signing a petition asking for Cecil's killer to be punished for what he did",2675,33,10
33719206,sport,bullet_points,"A US dentist has killed a lion in Zimbabwe, Africa.","Cecil Palmer's death has prompted a huge reaction from many on social media, with tens of thousands of people signing a petition calling for the killer to be punished.",2675,29,10
33719206,sport,bullet_points_strict,"A US dentist has killed a lion in Zimbabwe, Africa.",Hundreds of people have signed a petition calling for Cecil Palmer's killer to be punished for what he did.,2675,19,10
33719206,sport,one_sentence,"A US dentist has killed a lion in Zimbabwe, Africa.","Cecil Palmer, a lion hunter from Minnesota, has been shot dead by a lion.",2675,14,10
33719206,sport,fact_constrained,"A US dentist has killed a lion in Zimbabwe, Africa.","Cecil Palmer's death has prompted a huge reaction from many on social media, with tens of thousands of people signing a petition asking for Cecil's killer to be punished for what he did.",2675,33,10
38484254,business,tldr,"A whisky distillery plans to invest £580,000 in community projects to mark its 200 years on the island of Islay.",The Lagavulin 200 Legacy is raising money for Islay's heritage.,2354,10,20
38484254,business,bullet_points,"A whisky distillery plans to invest £580,000 in community projects to mark its 200 years on the island of Islay.",The Lagavulin distillery is celebrating its 200th anniversary with a whisky tribute to the island.,2354,15,20
38484254,business,bullet_points_strict,"A whisky distillery plans to invest £580,000 in community projects to mark its 200 years on the island of Islay.",The Lagavulin distillery on Islay is celebrating its 200th anniversary.,2354,10,20
38484254,business,one_sentence,"A whisky distillery plans to invest £580,000 in community projects to mark its 200 years on the island of Islay.",Lagavulin is celebrating 200 years of whisky production on Islay.,2354,10,20
38484254,business,fact_constrained,"A whisky distillery plans to invest £580,000 in community projects to mark its 200 years on the island of Islay.",The Lagavulin distillery on Islay is celebrating its 200th anniversary.,2354,10,20
23885509,entertainment,tldr,"David Hockney's assistant died after drinking acid at the painter's home, an inquest has heard.","A ""Jekyll and Hyde"" artist died after he drank acid, an inquest has heard.",3901,14,15
23885509,entertainment,bullet_points,"David Hockney's assistant died after drinking acid at the painter's home, an inquest has heard.","A ""Jekyll and Hyde"" artist died after he drank acid, an inquest has heard.",3901,14,15
23885509,entertainment,bullet_points_strict,"David Hockney's assistant died after drinking acid at the painter's home, an inquest has heard.","A ""Jekyll and Hyde"" artist died after he drank acid, an inquest has heard.",3901,14,15
23885509,entertainment,one_sentence,"David Hockney's assistant died after drinking acid at the painter's home, an inquest has heard.","A ""Jekyll and Hyde"" artist died after he drank acid, an inquest has heard.",3901,14,15
23885509,entertainment,fact_constrained,"David Hockney's assistant died after drinking acid at the painter's home, an inquest has heard.",The death of a painter whose body was charred by acid has been described by a coroner at an inquest.,3901,20,15
37144514,sport,tldr,"Nigeria's Olympic rower Chierika Ukogu has an inspirational story - but without the mistaken promotion of US rapper Snoop Dogg, she is likely to have sunk without trace.",Nigerian rower Chierika Ukogu has won a silver medal at the Rio Olympics.,2923,13,28
37144514,sport,bullet_points,"Nigeria's Olympic rower Chierika Ukogu has an inspirational story - but without the mistaken promotion of US rapper Snoop Dogg, she is likely to have sunk without trace.",Nigerian rower Chierika Ukogu has won a gold medal in the women's single sculls at the Olympics.,2923,17,28
37144514,sport,bullet_points_strict,"Nigeria's Olympic rower Chierika Ukogu has an inspirational story - but without the mistaken promotion of US rapper Snoop Dogg, she is likely to have sunk without trace.",Nigerian rower Chierika Ukogu has won a silver medal at the Rio Olympics.,2923,13,28
37144514,sport,one_sentence,"Nigeria's Olympic rower Chierika Ukogu has an inspirational story - but without the mistaken promotion of US rapper Snoop Dogg, she is likely to have sunk without trace.",Nigerian rower Chierika Ukogu has won a gold medal in the women's single sculls at the Olympics.,2923,17,28
37144514,sport,fact_constrained,"Nigeria's Olympic rower Chierika Ukogu has an inspirational story - but without the mistaken promotion of US rapper Snoop Dogg, she is likely to have sunk without trace.",Nigerian rower Chierika Ukogu has won a gold medal in the women's single sculls at the Olympics.,2923,17,28
36785899,business,tldr,A plane bound for Chicago has been forced to make an emergency landing for the second time in two days.,A United Airlines flight from Edinburgh to Chicago has diverted after a fuel leak problem.,691,15,20
36785899,business,bullet_points,A plane bound for Chicago has been forced to make an emergency landing for the second time in two days.,A United Airlines flight from Edinburgh to Chicago has been diverted after a fuel leak problem.,691,16,20
36785899,business,bullet_points_strict,A plane bound for Chicago has been forced to make an emergency landing for the second time in two days.,A United Airlines flight from Edinburgh to Chicago has returned to Edinburgh Airport after a mechanical issue.,691,17,20
36785899,business,one_sentence,A plane bound for Chicago has been forced to make an emergency landing for the second time in two days.,A United Airlines flight from Edinburgh to Chicago has been diverted after a fuel leak.,691,15,20
36785899,business,fact_constrained,A plane bound for Chicago has been forced to make an emergency landing for the second time in two days.,A United Airlines flight from Edinburgh to Chicago has diverted after a fuel leak problem.,691,15,20
40012848,sport,tldr,Sporting events and venues in England are conducting major security reviews after 22 people were killed in an attack at Manchester Arena.,"Manchester United and Ajax will hold a minute's silence at Headingley cricket ground ahead of the Europa League final, a minute's silence and a minute's silence at Headingley cricket ground.",8676,30,22
40012848,sport,bullet_points,Sporting events and venues in England are conducting major security reviews after 22 people were killed in an attack at Manchester Arena.,Manchester United and Ajax will hold a minute's silence at Headingley cricket ground ahead of the Euro 2016 final.,8676,19,22
40012848,sport,bullet_points_strict,Sporting events and venues in England are conducting major security reviews after 22 people were killed in an attack at Manchester Arena.,Manchester United and Ajax will hold a minute's silence at Headingley cricket ground ahead of the Europa League final.,8676,19,22
40012848,sport,one_sentence,Sporting events and venues in England are conducting major security reviews after 22 people were killed in an attack at Manchester Arena.,Manchester United and Ajax will hold a minute's silence at Headingley cricket ground ahead of the Euro 2016 final.,8676,19,22
40012848,sport,fact_constrained,Sporting events and venues in England are conducting major security reviews after 22 people were killed in an attack at Manchester Arena.,"Manchester United, Manchester United and Ajax are to hold a minute's silence in honour of the victims of the Manchester Arena bombing.",8676,22,22
20434319,business,tldr,"A tenfold increase in the number of English schools converting to academies has meant £1bn in extra costs, says the government's spending watchdog.","The Department for Education spent £8.3bn on academies in England in the last two years, a report says.",4014,18,23
20434319,business,bullet_points,"A tenfold increase in the number of English schools converting to academies has meant £1bn in extra costs, says the government's spending watchdog.","The Department for Education spent £8.3bn on academies in England in the last two years, a report says.",4014,18,23
20434319,business,bullet_points_strict,"A tenfold increase in the number of English schools converting to academies has meant £1bn in extra costs, says the government's spending watchdog.","The Department for Education spent £8.3bn on academies in England in the last two years, a report says.",4014,18,23
20434319,business,one_sentence,"A tenfold increase in the number of English schools converting to academies has meant £1bn in extra costs, says the government's spending watchdog.","The Department for Education spent £8.3bn on academies in England in the last two years, a report says.",4014,18,23
20434319,business,fact_constrained,"A tenfold increase in the number of English schools converting to academies has meant £1bn in extra costs, says the government's spending watchdog.","The Department for Education spent £8.3bn to set up and run academies in England last year, a report says.",4014,19,23
36719081,sport,tldr,"Russell Knox has every right to beam from ear to ear, as he did for the majority of his 15-minute media gathering, after flying in from his base in the United States to a sodden Castle Stuart.","Russell Knox, Scotland's top-ranked golfer, arrived at the Scottish Open in Inverness.",3589,12,37
36719081,sport,bullet_points,"Russell Knox has every right to beam from ear to ear, as he did for the majority of his 15-minute media gathering, after flying in from his base in the United States to a sodden Castle Stuart.","Russell Knox, the world's top-ranked golfer, said he was delighted to be here.",3589,13,37
36719081,sport,bullet_points_strict,"Russell Knox has every right to beam from ear to ear, as he did for the majority of his 15-minute media gathering, after flying in from his base in the United States to a sodden Castle Stuart.",Russell Knox greeted us at the Scottish Open in Inverness.,3589,10,37
36719081,sport,one_sentence,"Russell Knox has every right to beam from ear to ear, as he did for the majority of his 15-minute media gathering, after flying in from his base in the United States to a sodden Castle Stuart.",Russell Knox greeted us at the Scottish Open in Inverness.,3589,10,37
36719081,sport,fact_constrained,"Russell Knox has every right to beam from ear to ear, as he did for the majority of his 15-minute media gathering, after flying in from his base in the United States to a sodden Castle Stuart.",Russell Knox greeted us at the Scottish Open in Inverness on Thursday.,3589,12,37
40674872,business,tldr,The mother of missing teenager Charlene Downes said she is going to sue police over mishandling her murder case.,The mother of a teenager who disappeared 13 years ago has said she wants the police to do their job.,1623,20,19
40674872,business,bullet_points,The mother of missing teenager Charlene Downes said she is going to sue police over mishandling her murder case.,"The mother of teenage girl Charlene Downes has said she wants the police to ""teach a lesson"" in the case of her disappearance.",1623,23,19
40674872,business,bullet_points_strict,The mother of missing teenager Charlene Downes said she is going to sue police over mishandling her murder case.,The mother of missing teenager Charlene Downes has said she wants to get a memorial for her.,1623,17,19
40674872,business,one_sentence,The mother of missing teenager Charlene Downes said she is going to sue police over mishandling her murder case.,The mother of a teenager who went missing in Lancashire in 2003 has said she wants to get the police to do their job.,1623,24,19
40674872,business,fact_constrained,The mother of missing teenager Charlene Downes said she is going to sue police over mishandling her murder case.,"The mother of missing teenager Charlene Downes has said she wants the police to ""teach a lesson"".",1623,17,19
37314622,sport,tldr,Brazilian police say they want to speak to International Olympic Committee (IOC) president Thomas Bach about an alleged scheme to resell tickets during last month's Rio Olympics.,The International Olympic Committee (IOC) has accused the president of the Olympic Council of Ireland of being influenced by a former IOC official.,2193,23,27
37314622,sport,bullet_points,Brazilian police say they want to speak to International Olympic Committee (IOC) president Thomas Bach about an alleged scheme to resell tickets during last month's Rio Olympics.,"The International Olympic Committee (IOC) president, Martin Bach, has been questioned by police in Rio about his influence over Olympic ticketing policy.",2193,22,27
37314622,sport,bullet_points_strict,Brazilian police say they want to speak to International Olympic Committee (IOC) president Thomas Bach about an alleged scheme to resell tickets during last month's Rio Olympics.,The International Olympic Committee (IOC) president has been questioned by police in Rio about his influence over Olympic ticketing policy.,2193,20,27
37314622,sport,one_sentence,Brazilian police say they want to speak to International Olympic Committee (IOC) president Thomas Bach about an alleged scheme to resell tickets during last month's Rio Olympics.,The International Olympic Committee (IOC) has suspended the president of the International Olympic Committee (IOC) after a series of emails from the president of the organisation.,2193,26,27
37314622,sport,fact_constrained,Brazilian police say they want to speak to International Olympic Committee (IOC) president Thomas Bach about an alleged scheme to resell tickets during last month's Rio Olympics.,"The International Olympic Committee (IOC) president, Martin Bach, has been questioned by police in Rio about his influence over Olympic ticketing policy.",2193,22,27
17662916,politics,tldr,"Joyce Banda, who has made history becoming Malawi's first female president and only the second woman to lead a country in Africa, has a track record of fighting for women's rights.",Joyce Banda has become Malawi's first female vice-president.,4423,8,31
17662916,politics,bullet_points,"Joyce Banda, who has made history becoming Malawi's first female president and only the second woman to lead a country in Africa, has a track record of fighting for women's rights.",Joyce Banda has been Malawi's vice-president since 2009.,4423,8,31
17662916,politics,bullet_points_strict,"Joyce Banda, who has made history becoming Malawi's first female president and only the second woman to lead a country in Africa, has a track record of fighting for women's rights.",Joyce Banda has become Malawi's first female vice-president.,4423,8,31
17662916,politics,one_sentence,"Joyce Banda, who has made history becoming Malawi's first female president and only the second woman to lead a country in Africa, has a track record of fighting for women's rights.","Malawi's first female vice-president, Joyce Banda, has been sworn in as the country's new vice-president.",4423,15,31
17662916,politics,fact_constrained,"Joyce Banda, who has made history becoming Malawi's first female president and only the second woman to lead a country in Africa, has a track record of fighting for women's rights.",Joyce Banda has become Malawi's first female vice-president.,4423,8,31
40302299,tech,tldr,Relegated Sunderland will travel to Bury in the EFL Cup first round.,Forest Green Rovers will host Wolves in the first round of the EFL Cup first round draw in Bangkok.,3134,19,12
40302299,tech,bullet_points,Relegated Sunderland will travel to Bury in the EFL Cup first round.,Forest Green Rovers will play Wolves in the first round of the EFL Cup first round draw in Bangkok.,3134,19,12
40302299,tech,bullet_points_strict,Relegated Sunderland will travel to Bury in the EFL Cup first round.,Forest Green Rovers will host Wolves in the first round of the EFL Cup first round draw in Bangkok.,3134,19,12
40302299,tech,one_sentence,Relegated Sunderland will travel to Bury in the EFL Cup first round.,Forest Green Rovers will play Wolves in the first round of the EFL Cup first round draw in Bangkok.,3134,19,12
40302299,tech,fact_constrained,Relegated Sunderland will travel to Bury in the EFL Cup first round.,Forest Green Rovers will play in the first round of the EFL Cup first round draw at Wembley.,3134,18,12
38135155,business,tldr,"Three rare pygmy marmosets have been rescued and are set to be reunited, after being stolen from a Sydney zoo at the weekend.",A pygmy marmoset has been reunited with its mother after being stolen from a Sydney zoo.,1707,16,23
38135155,business,bullet_points,"Three rare pygmy marmosets have been rescued and are set to be reunited, after being stolen from a Sydney zoo at the weekend.",A pygmy marmoset has been found at a Sydney zoo after being stolen from its enclosure.,1707,16,23
38135155,business,bullet_points_strict,"Three rare pygmy marmosets have been rescued and are set to be reunited, after being stolen from a Sydney zoo at the weekend.",A pygmy marmoset has been reunited with its mother after being stolen from a Sydney zoo.,1707,16,23
38135155,business,one_sentence,"Three rare pygmy marmosets have been rescued and are set to be reunited, after being stolen from a Sydney zoo at the weekend.",A pygmy marmoset has been found at a Sydney zoo after being stolen from its enclosure.,1707,16,23
38135155,business,fact_constrained,"Three rare pygmy marmosets have been rescued and are set to be reunited, after being stolen from a Sydney zoo at the weekend.",A pygmy marmoset has been found at a Sydney zoo after being stolen from its enclosure.,1707,16,23
31753961,business,tldr,"Forget James Bond, when it comes to recruiting spies needed to protect Britain there aren't enough Jane Bonds.","Women in the intelligence services are being held back by a ""very traditional male mentality and outlook"".",1394,17,18
31753961,business,bullet_points,"Forget James Bond, when it comes to recruiting spies needed to protect Britain there aren't enough Jane Bonds.","There are more female spies than males in the intelligence services, according to a new report.",1394,16,18
31753961,business,bullet_points_strict,"Forget James Bond, when it comes to recruiting spies needed to protect Britain there aren't enough Jane Bonds.","Women in the intelligence services are being held back by a ""very traditional male mentality and outlook"", according to a report.",1394,21,18
31753961,business,one_sentence,"Forget James Bond, when it comes to recruiting spies needed to protect Britain there aren't enough Jane Bonds.","The number of female spies in the intelligence services has fallen by more than a third in the last decade, according to a report.",1394,24,18
31753961,business,fact_constrained,"Forget James Bond, when it comes to recruiting spies needed to protect Britain there aren't enough Jane Bonds.","There are more female spies in the intelligence services than males, according to a report.",1394,15,18
39392583,politics,tldr,"The world leader of millions of Muslims has condemned the Westminster terror attack calling it an ""affront to the teachings of Islam"".","The caliph of the Ahmadiyya Muslim community has said the attack on a mosque in central London was a ""barbaric atrocity"".",1140,21,22
39392583,politics,bullet_points,"The world leader of millions of Muslims has condemned the Westminster terror attack calling it an ""affront to the teachings of Islam"".","The caliph of the Ahmadiyya Muslim community has said he is ""deeply saddened"" by the attack on a mosque in central London.",1140,22,22
39392583,politics,bullet_points_strict,"The world leader of millions of Muslims has condemned the Westminster terror attack calling it an ""affront to the teachings of Islam"".","The caliph of the Ahmadiyya Muslim community has said he is ""deeply saddened"" by the death of five people in the Westminster attack.",1140,23,22
39392583,politics,one_sentence,"The world leader of millions of Muslims has condemned the Westminster terror attack calling it an ""affront to the teachings of Islam"".","The caliph of the Ahmadiyya Muslim community has said he is ""deeply saddened"" by the attack on a mosque in central London.",1140,22,22
39392583,politics,fact_constrained,"The world leader of millions of Muslims has condemned the Westminster terror attack calling it an ""affront to the teachings of Islam"".","The caliph of the Ahmadiyya Muslim community has said he is ""deeply saddened"" by the attack on a mosque in central London.",1140,22,22
40411756,tech,tldr,"Singer Charlotte Church has lost her unborn baby, she has announced.","Charlotte Gainsbourg has said she is ""very sad"" she has lost her baby.",540,13,11
40411756,tech,bullet_points,"Singer Charlotte Church has lost her unborn baby, she has announced.","Charlotte Gainsbourg has said she is ""very sad"" she has lost her baby.",540,13,11
40411756,tech,bullet_points_strict,"Singer Charlotte Church has lost her unborn baby, she has announced.","Charlotte Gainsbourg has said she is ""very sad"" to announce she has lost her baby.",540,15,11
40411756,tech,one_sentence,"Singer Charlotte Church has lost her unborn baby, she has announced.","Charlotte Gainsbourg has said she is ""very sad"" she has lost her baby.",540,13,11
40411756,tech,fact_constrained,"Singer Charlotte Church has lost her unborn baby, she has announced.","Charlotte Gainsbourg has said she is ""very sad"" she has lost her baby.",540,13,11
39291943,tech,tldr,A man who admitted causing a fatal crash while being pursued by an unmarked police car has been jailed for nine years.,A man has been jailed for life for causing the death of two men in a car crash.,1276,18,22
39291943,tech,bullet_points,A man who admitted causing a fatal crash while being pursued by an unmarked police car has been jailed for nine years.,A man has been jailed for 15 years for causing the death of two men in a car crash.,1276,19,22
39291943,tech,bullet_points_strict,A man who admitted causing a fatal crash while being pursued by an unmarked police car has been jailed for nine years.,A man has been jailed for 15 years for causing the death of two men in a car crash.,1276,19,22
39291943,tech,one_sentence,A man who admitted causing a fatal crash while being pursued by an unmarked police car has been jailed for nine years.,A man has been jailed for 15 years for causing the death of two men in a car crash.,1276,19,22
39291943,tech,fact_constrained,A man who admitted causing a fatal crash while being pursued by an unmarked police car has been jailed for nine years.,A man has been jailed for 15 years for causing the death of two men in a car crash.,1276,19,22
38134212,tech,tldr,"A pensioner who underwent gender re-assignment surgery at the age of 69 says she lived ""in the wrong body"" for most of her life because she feared the reaction of her friends and family.",A transgender woman has said she is happy she has had a transgender operation.,2290,14,34
38134212,tech,bullet_points,"A pensioner who underwent gender re-assignment surgery at the age of 69 says she lived ""in the wrong body"" for most of her life because she feared the reaction of her friends and family.",A transgender woman in Northern Ireland has said she is happy she has had a transgender operation.,2290,17,34
38134212,tech,bullet_points_strict,"A pensioner who underwent gender re-assignment surgery at the age of 69 says she lived ""in the wrong body"" for most of her life because she feared the reaction of her friends and family.",A transgender woman in Northern Ireland has said she is happy she has had a transgender operation.,2290,17,34
38134212,tech,one_sentence,"A pensioner who underwent gender re-assignment surgery at the age of 69 says she lived ""in the wrong body"" for most of her life because she feared the reaction of her friends and family.",A transgender woman in Northern Ireland has said she is happy she has had a transgender operation.,2290,17,34
38134212,tech,fact_constrained,"A pensioner who underwent gender re-assignment surgery at the age of 69 says she lived ""in the wrong body"" for most of her life because she feared the reaction of her friends and family.",A transgender woman in Northern Ireland has said she is happy she has had a transgender operation.,2290,17,34
33945501,tech,tldr,Astronomers have discovered a baby planet which looks like a young version of Jupiter.,"A new world has been discovered beyond our Solar System, 100 light-years away.",1466,13,14
33945501,tech,bullet_points,Astronomers have discovered a baby planet which looks like a young version of Jupiter.,Astronomers have discovered a new world far away from our Solar System.,1466,12,14
33945501,tech,bullet_points_strict,Astronomers have discovered a baby planet which looks like a young version of Jupiter.,Astronomers have discovered a new world beyond our Solar System.,1466,10,14
33945501,tech,one_sentence,Astronomers have discovered a baby planet which looks like a young version of Jupiter.,Astronomers have discovered a new world beyond our Solar System.,1466,10,14
33945501,tech,fact_constrained,Astronomers have discovered a baby planet which looks like a young version of Jupiter.,Astronomers have discovered a new world beyond our Solar System.,1466,10,14
28972309,politics,tldr,Campaigners have opened a camp with thousands of protesters due in Newport ahead of next week's Nato summit.,Campaigners have set up a camping camp in Newport ahead of the Nato World Summit.,2196,15,18
28972309,politics,bullet_points,Campaigners have opened a camp with thousands of protesters due in Newport ahead of next week's Nato summit.,Campaigners have set up a camping camp in Newport ahead of the Nato World Summit.,2196,15,18
28972309,politics,bullet_points_strict,Campaigners have opened a camp with thousands of protesters due in Newport ahead of next week's Nato summit.,Campaigners have set up a camping camp in Newport ahead of the Nato World Summit.,2196,15,18
28972309,politics,one_sentence,Campaigners have opened a camp with thousands of protesters due in Newport ahead of next week's Nato summit.,Campaigners have set up a camping camp in Newport ahead of the Nato World Summit.,2196,15,18
28972309,politics,fact_constrained,Campaigners have opened a camp with thousands of protesters due in Newport ahead of next week's Nato summit.,Campaigners have set up a camping camp in Newport ahead of the Nato World Summit.,2196,15,18
37496318,tech,tldr,The High Court has banned publication of photographs allegedly stolen from Pippa Middleton's iCloud account.,"A 35-year-old man has been arrested in connection with a ""genuine"" phishing attack on the Sun.",1473,16,15
37496318,tech,bullet_points,The High Court has banned publication of photographs allegedly stolen from Pippa Middleton's iCloud account.,A 35-year-old man has been arrested on suspicion of stealing private pictures from Miss Middleton's iCloud account.,1473,17,15
37496318,tech,bullet_points_strict,The High Court has banned publication of photographs allegedly stolen from Pippa Middleton's iCloud account.,A 35-year-old man has been arrested on suspicion of stealing private pictures from the Sun's iCloud account.,1473,17,15
37496318,tech,one_sentence,The High Court has banned publication of photographs allegedly stolen from Pippa Middleton's iCloud account.,A man has been arrested on suspicion of stealing private pictures from the Sun's iCloud account.,1473,16,15
37496318,tech,fact_constrained,The High Court has banned publication of photographs allegedly stolen from Pippa Middleton's iCloud account.,A man has been arrested on suspicion of stealing private pictures of the Duchess of Cambridge's iCloud account.,1473,18,15
36642047,politics,tldr,The Metropolitan Police are on heightened alert for a rise in hate crime following the European referendum result.,"London's mayor has called on police to be ""extra vigilant"" following reports of racist incidents.",3223,15,18
36642047,politics,bullet_points,The Metropolitan Police are on heightened alert for a rise in hate crime following the European referendum result.,"Police are investigating reports of racist incidents in London and Cambridgeshire, the Met has said.",3223,15,18
36642047,politics,bullet_points_strict,The Metropolitan Police are on heightened alert for a rise in hate crime following the European referendum result.,"Police are investigating reports of xenophobic abuse directed at Polish communities, the Met has said.",3223,15,18
36642047,politics,one_sentence,The Metropolitan Police are on heightened alert for a rise in hate crime following the European referendum result.,"London's mayor has called on police to be ""extra vigilant"" following reports of racist incidents.",3223,15,18
36642047,politics,fact_constrained,The Metropolitan Police are on heightened alert for a rise in hate crime following the European referendum result.,"Police are investigating reports of racist incidents in London and Cambridgeshire, the Met has said.",3223,15,18
37025796,sport,tldr,Ospreys have signed former Scarlets and Wales back-rower Rob McCusker on a short-term contract as injury cover.,Ospreys have signed Scarlets flanker Rob McCusker on a one-year contract.,799,11,17
37025796,sport,bullet_points,Ospreys have signed former Scarlets and Wales back-rower Rob McCusker on a short-term contract as injury cover.,Rob McCusker has joined Ospreys from Scarlets on a one-year contract.,799,11,17
37025796,sport,bullet_points_strict,Ospreys have signed former Scarlets and Wales back-rower Rob McCusker on a short-term contract as injury cover.,Ospreys have signed Scarlets flanker Rob McCusker on a two-year deal.,799,11,17
37025796,sport,one_sentence,Ospreys have signed former Scarlets and Wales back-rower Rob McCusker on a short-term contract as injury cover.,Ospreys have signed Scarlets wing Rob McCusker on a one-year contract.,799,11,17
37025796,sport,fact_constrained,Ospreys have signed former Scarlets and Wales back-rower Rob McCusker on a short-term contract as injury cover.,Rob McCusker has joined Ospreys from Scarlets on a one-year contract.,799,11,17
28832868,business,tldr,"Heavily armed men have attacked a convoy of cars belonging to a Saudi prince, stealing 250,000 euros (£200,000; $330,000), police say.",Gunmen armed with Kalashnikov rifles have ambushed a convoy of Saudi Arabians in Paris.,1657,14,21
28832868,business,bullet_points,"Heavily armed men have attacked a convoy of cars belonging to a Saudi prince, stealing 250,000 euros (£200,000; $330,000), police say.","Gunmen have ambushed a convoy of Saudi Arabians in Paris, armed with Kalashnikov rifles.",1657,14,21
28832868,business,bullet_points_strict,"Heavily armed men have attacked a convoy of cars belonging to a Saudi prince, stealing 250,000 euros (£200,000; $330,000), police say.","Gunmen ambushed a convoy carrying cash and documents from the Saudi embassy in Paris, police say.",1657,16,21
28832868,business,one_sentence,"Heavily armed men have attacked a convoy of cars belonging to a Saudi prince, stealing 250,000 euros (£200,000; $330,000), police say.",Gunmen have ambushed a convoy of Saudi Arabians on a ring road in the French city of Paris.,1657,18,21
28832868,business,fact_constrained,"Heavily armed men have attacked a convoy of cars belonging to a Saudi prince, stealing 250,000 euros (£200,000; $330,000), police say.",Gunmen have ambushed a convoy of Saudi Arabians in Paris.,1657,10,21
36766971,sport,tldr,"""Dedicated"" and ""hungry for success"" are phrases used a lot in connection with athletes heading to compete in an Olympic Games.","If you're a rugby fan, you'll know that rugby is a game of respect - and it's a game of respect.",2305,21,21
36766971,sport,bullet_points,"""Dedicated"" and ""hungry for success"" are phrases used a lot in connection with athletes heading to compete in an Olympic Games.","It's a sport of respect, but it's also a game of respect.",2305,12,21
36766971,sport,bullet_points_strict,"""Dedicated"" and ""hungry for success"" are phrases used a lot in connection with athletes heading to compete in an Olympic Games.","When you meet a woman in a man's world, the answer is 'I don't see myself any different to my male counterparts'.",2305,22,21
36766971,sport,one_sentence,"""Dedicated"" and ""hungry for success"" are phrases used a lot in connection with athletes heading to compete in an Olympic Games.","The Olympics are a great sporting event, but it's also a great opportunity for women's rugby.",2305,16,21
36766971,sport,fact_constrained,"""Dedicated"" and ""hungry for success"" are phrases used a lot in connection with athletes heading to compete in an Olympic Games.","If you're a rugby fan, you'll know that rugby is a game of respect - and it's a game of respect.",2305,21,21
33665939,tech,tldr,Mobile and landline telephone services have been restored in Shetland after coverage was lost for several hours causing disruption.,"Hundreds of flights have been cancelled in Shetland after a ""blown rectifiers and fuses"" at a radio transmitter on Orkney.",864,20,19
33665939,tech,bullet_points,Mobile and landline telephone services have been restored in Shetland after coverage was lost for several hours causing disruption.,Hundreds of people have been evacuated from the Isle of Shetland after a power outage at a radio transmitter on Orkney.,864,21,19
33665939,tech,bullet_points_strict,Mobile and landline telephone services have been restored in Shetland after coverage was lost for several hours causing disruption.,Hundreds of people have been stranded on the Isle of Shetland after a power failure at a radio transmitter.,864,19,19
33665939,tech,one_sentence,Mobile and landline telephone services have been restored in Shetland after coverage was lost for several hours causing disruption.,Hundreds of people have been stranded on the Isle of Shetland after a power outage at a radio transmitter on Orkney.,864,21,19
33665939,tech,fact_constrained,Mobile and landline telephone services have been restored in Shetland after coverage was lost for several hours causing disruption.,Hundreds of people have been stranded on the Isle of Shetland after a power failure at a transmitter on Orkney.,864,20,19
34873930,business,tldr,"A girls' school has scrapped its end of year prom claiming it is too much of a ""distraction"" to pupils.","Proms at a Catholic school have been described as ""unacceptable and sometimes crushing"" by parents.",1729,15,20
34873930,business,bullet_points,"A girls' school has scrapped its end of year prom claiming it is too much of a ""distraction"" to pupils.","Proms at a Catholic school have been described as ""unwelcome"" and ""crushing"" by parents.",1729,14,20
34873930,business,bullet_points_strict,"A girls' school has scrapped its end of year prom claiming it is too much of a ""distraction"" to pupils.","Proms at a Catholic school have been described as ""unwelcome and crushing"" by parents, a school has said.",1729,18,20
34873930,business,one_sentence,"A girls' school has scrapped its end of year prom claiming it is too much of a ""distraction"" to pupils.","Proms at a Catholic school have been criticised by parents for being ""unwelcome"" and ""crushing"", the school has said.",1729,19,20
34873930,business,fact_constrained,"A girls' school has scrapped its end of year prom claiming it is too much of a ""distraction"" to pupils.","Proms at a Catholic school have been described as ""unwelcome and crushing"" by parents, a school has said.",1729,18,20
34337476,tech,tldr,"""If they knew I was talking to you, I'd be killed,"" says Mohamed.","As a Syrian refugee, he says, he wants to live in a ""caliphate"".",2961,13,13
34337476,tech,bullet_points,"""If they knew I was talking to you, I'd be killed,"" says Mohamed.","As I write this, I'm surrounded by a group of young Syrians who are trying to cross Turkey's border with Greece.",2961,21,13
34337476,tech,bullet_points_strict,"""If they knew I was talking to you, I'd be killed,"" says Mohamed.","As a Syrian refugee, he says he has a ""crack to my throat"" - a clamp to his throat.",2961,19,13
34337476,tech,one_sentence,"""If they knew I was talking to you, I'd be killed,"" says Mohamed.",The Syrian Observatory for Human Rights (OCHA) has released a video of a Syrian man attempting to cross Turkey's border with Greece. The video shows a Syrian man attempting to cross Turkey's border with Greece. The video shows a Syrian man attempting to cross Turkey's border with Greece.,2961,48,13
34337476,tech,fact_constrained,"""If they knew I was talking to you, I'd be killed,"" says Mohamed.",The Syrian Observatory for Human Rights (OCHA) has compiled a list of the world's most wanted asylum seekers.,2961,18,13
40424712,sport,tldr,Leyton Orient have appointed former chief executive Matt Porter to their board of directors following Nigel Travis' takeover on 22 June.,Darts boss Gary Porter has stepped down as the club's chief executive.,418,12,21
40424712,sport,bullet_points,Leyton Orient have appointed former chief executive Matt Porter to their board of directors following Nigel Travis' takeover on 22 June.,Darts boss Gary Porter has resigned from the O's after a three-year spell at the club.,418,16,21
40424712,sport,bullet_points_strict,Leyton Orient have appointed former chief executive Matt Porter to their board of directors following Nigel Travis' takeover on 22 June.,Darts boss Gary Porter has stepped down as the club's chief executive.,418,12,21
40424712,sport,one_sentence,Leyton Orient have appointed former chief executive Matt Porter to their board of directors following Nigel Travis' takeover on 22 June.,Darts boss Gary Porter has stepped down as the club's chief executive.,418,12,21
40424712,sport,fact_constrained,Leyton Orient have appointed former chief executive Matt Porter to their board of directors following Nigel Travis' takeover on 22 June.,Darts boss Gary Porter has stepped down as the club's chief executive.,418,12,21
31469644,entertainment,tldr,US Supreme Court Justice Ruth Bader Ginsburg has admitted there is a reason she was seen nodding off at the president's State of the Union address.,"Justice Ginsburg said she was ""not 100% sober"" at the State of the Union speech in January.",1389,17,26
31469644,entertainment,bullet_points,US Supreme Court Justice Ruth Bader Ginsburg has admitted there is a reason she was seen nodding off at the president's State of the Union address.,"Justice Ginsburg has said she was ""not 100% sober"" at the State of the Union speech.",1389,16,26
31469644,entertainment,bullet_points_strict,US Supreme Court Justice Ruth Bader Ginsburg has admitted there is a reason she was seen nodding off at the president's State of the Union address.,"Justice Ginsburg has said she was ""not 100% sober"" at the State of the Union speech.",1389,16,26
31469644,entertainment,one_sentence,US Supreme Court Justice Ruth Bader Ginsburg has admitted there is a reason she was seen nodding off at the president's State of the Union address.,"Justice Ginsburg has said she was ""not 100% sober"" at the State of the Union dinner in Washington, DC.",1389,19,26
31469644,entertainment,fact_constrained,US Supreme Court Justice Ruth Bader Ginsburg has admitted there is a reason she was seen nodding off at the president's State of the Union address.,"Justice Ginsburg has said she was ""not 100% sober"" at the State of the Union speech.",1389,16,26
30579130,tech,tldr,A man is being held in Manchester on suspicion of terrorism offences.,A 26-year-old man has been arrested on suspicion of terrorism offences.,357,11,12
30579130,tech,bullet_points,A man is being held in Manchester on suspicion of terrorism offences.,A man has been arrested on suspicion of terrorism offences.,357,10,12
30579130,tech,bullet_points_strict,A man is being held in Manchester on suspicion of terrorism offences.,A man has been arrested on suspicion of terrorism offences.,357,10,12
30579130,tech,one_sentence,A man is being held in Manchester on suspicion of terrorism offences.,A 26-year-old man has been arrested on suspicion of terrorism offences.,357,11,12
30579130,tech,fact_constrained,A man is being held in Manchester on suspicion of terrorism offences.,A man has been arrested on suspicion of terrorism offences.,357,10,12
38204424,politics,tldr,"John Key has announced that he will resign as prime minister of New Zealand, after eight years in the job, citing family reasons.",John Key has resigned as New Zealand's new Prime Minister.,2826,10,23
38204424,politics,bullet_points,"John Key has announced that he will resign as prime minister of New Zealand, after eight years in the job, citing family reasons.",New Zealand's former Prime Minister John Key has resigned from the National Party.,2826,13,23
38204424,politics,bullet_points_strict,"John Key has announced that he will resign as prime minister of New Zealand, after eight years in the job, citing family reasons.",John Key has resigned as New Zealand's new Prime Minister.,2826,10,23
38204424,politics,one_sentence,"John Key has announced that he will resign as prime minister of New Zealand, after eight years in the job, citing family reasons.",John Key has resigned as New Zealand's new Prime Minister.,2826,10,23
38204424,politics,fact_constrained,"John Key has announced that he will resign as prime minister of New Zealand, after eight years in the job, citing family reasons.",New Zealand's former Prime Minister John Key has resigned from the National Party.,2826,13,23
40577325,politics,tldr,"Labour has accused the Conservatives of putting ""vitriolic personal attacks"" at the heart of their election campaign.","Labour has accused the Conservative Party of promoting ""personal attacks"" on candidates on social media.",2998,15,17
40577325,politics,bullet_points,"Labour has accused the Conservatives of putting ""vitriolic personal attacks"" at the heart of their election campaign.","The Conservative Party has accused the Tories of promoting ""personal attacks"" on candidates on social media.",2998,16,17
40577325,politics,bullet_points_strict,"Labour has accused the Conservatives of putting ""vitriolic personal attacks"" at the heart of their election campaign.","Labour has accused the Conservative Party of promoting ""personal attacks"" on candidates on social media.",2998,15,17
40577325,politics,one_sentence,"Labour has accused the Conservatives of putting ""vitriolic personal attacks"" at the heart of their election campaign.","Labour has accused the Conservative Party of ""promoting personal attacks"" on candidates on social media.",2998,15,17
40577325,politics,fact_constrained,"Labour has accused the Conservatives of putting ""vitriolic personal attacks"" at the heart of their election campaign.","The Conservative Party has accused the Conservatives of promoting ""personal attacks"" on candidates on social media.",2998,16,17
34453610,tech,tldr,Detectives investigating the alleged attempted kidnap of a baby are appealing for a taxi driver to contact them.,A teenage girl has been charged with attempted kidnap of a child in Derbyshire.,682,14,18
34453610,tech,bullet_points,Detectives investigating the alleged attempted kidnap of a baby are appealing for a taxi driver to contact them.,A teenage girl has been charged with attempted kidnap of a child in Derbyshire.,682,14,18
34453610,tech,bullet_points_strict,Detectives investigating the alleged attempted kidnap of a baby are appealing for a taxi driver to contact them.,A teenage girl has been charged with attempted kidnap of a child in Derbyshire.,682,14,18
34453610,tech,one_sentence,Detectives investigating the alleged attempted kidnap of a baby are appealing for a taxi driver to contact them.,A teenage girl has been charged with attempted kidnap of a child in Derbyshire.,682,14,18
34453610,tech,fact_constrained,Detectives investigating the alleged attempted kidnap of a baby are appealing for a taxi driver to contact them.,A taxi driver has been charged with attempting to kidnap a teenage girl.,682,13,18
38678509,business,tldr,"Offenders with a violent history are to be offered a new chance to change their lives, following the success of an American-style training project.",A food truck has been set up in Glasgow to help offenders with criminal convictions.,3108,15,24
38678509,business,bullet_points,"Offenders with a violent history are to be offered a new chance to change their lives, following the success of an American-style training project.",A social enterprise that provides training and mentoring for offenders with criminal convictions is to be expanded across Scotland.,3108,19,24
38678509,business,bullet_points_strict,"Offenders with a violent history are to be offered a new chance to change their lives, following the success of an American-style training project.",A food truck has been set up in Glasgow to help offenders with criminal convictions.,3108,15,24
38678509,business,one_sentence,"Offenders with a violent history are to be offered a new chance to change their lives, following the success of an American-style training project.",A social enterprise that provides training and mentoring for offenders with criminal convictions is to open its doors to the public.,3108,21,24
38678509,business,fact_constrained,"Offenders with a violent history are to be offered a new chance to change their lives, following the success of an American-style training project.",A food truck has been set up in Glasgow to help offenders with criminal convictions.,3108,15,24
35755536,tech,tldr,One of Scotland's most wanted fugitives is still believed to be hiding in the Netherlands almost 10 years after he raped a woman in Glasgow.,A man accused of raping a woman in the Netherlands has been named in a most-wanted list of UK suspects.,596,20,25
35755536,tech,bullet_points,One of Scotland's most wanted fugitives is still believed to be hiding in the Netherlands almost 10 years after he raped a woman in Glasgow.,A man convicted of raping a woman in the Netherlands has been named in a list of UK suspects.,596,19,25
35755536,tech,bullet_points_strict,One of Scotland's most wanted fugitives is still believed to be hiding in the Netherlands almost 10 years after he raped a woman in Glasgow.,A man convicted of raping a woman in the Netherlands has been named in a most-wanted list.,596,17,25
35755536,tech,one_sentence,One of Scotland's most wanted fugitives is still believed to be hiding in the Netherlands almost 10 years after he raped a woman in Glasgow.,A man convicted of raping a woman in the Netherlands has been named in the UK's most wanted list of suspects.,596,21,25
35755536,tech,fact_constrained,One of Scotland's most wanted fugitives is still believed to be hiding in the Netherlands almost 10 years after he raped a woman in Glasgow.,A man convicted of raping a woman in the Netherlands has been named in a list of UK suspects who are thought to be in the Netherlands.,596,27,25
36757060,politics,tldr,"Dallas police have given the all clear, hours after security levels were raised at their headquarters in the city.","Dallas police have said they have taken ""precautionary measures"" to increase security at its headquarters in the US city of Dallas.",2766,21,19
36757060,politics,bullet_points,"Dallas police have given the all clear, hours after security levels were raised at their headquarters in the city.","Dallas police have said they have taken ""precautionary measures"" to increase security at its headquarters in the US city of Dallas.",2766,21,19
36757060,politics,bullet_points_strict,"Dallas police have given the all clear, hours after security levels were raised at their headquarters in the city.","Dallas police have said they have taken ""precautionary measures"" to increase security at its headquarters in the US city of Dallas.",2766,21,19
36757060,politics,one_sentence,"Dallas police have given the all clear, hours after security levels were raised at their headquarters in the city.","Dallas police have said they have taken ""precautionary measures"" to increase security at its headquarters in the US city of Dallas.",2766,21,19
36757060,politics,fact_constrained,"Dallas police have given the all clear, hours after security levels were raised at their headquarters in the city.","Dallas police have said they have taken ""precautionary measures"" to ""highen security"" after the shooting of five police officers in Dallas.",2766,21,19
39593375,entertainment,tldr,A paedophile who raped a 12-year-old boy after grooming him online has been jailed for 13 years.,A paedophile who sexually assaulted a 13-year-old boy has been jailed for life.,1523,13,17
39593375,entertainment,bullet_points,A paedophile who raped a 12-year-old boy after grooming him online has been jailed for 13 years.,A paedophile who sexually assaulted a 13-year-old boy has been jailed for life.,1523,13,17
39593375,entertainment,bullet_points_strict,A paedophile who raped a 12-year-old boy after grooming him online has been jailed for 13 years.,A paedophile who sexually assaulted a 13-year-old boy has been jailed for life.,1523,13,17
39593375,entertainment,one_sentence,A paedophile who raped a 12-year-old boy after grooming him online has been jailed for 13 years.,A paedophile who sexually assaulted a 13-year-old boy has been jailed for life.,1523,13,17
39593375,entertainment,fact_constrained,A paedophile who raped a 12-year-old boy after grooming him online has been jailed for 13 years.,A paedophile who sexually assaulted a 13-year-old boy has been jailed for life.,1523,13,17
30194628,tech,tldr,"Italy's first female astronaut, Samantha Cristoforetti, is spending almost six months on the International Space Station.",The European Space Agency astronaut will be doing scientific experiments on the International Space Station.,1823,15,16
30194628,tech,bullet_points,"Italy's first female astronaut, Samantha Cristoforetti, is spending almost six months on the International Space Station.",The European Space Agency astronaut has arrived at the International Space Station.,1823,12,16
30194628,tech,bullet_points_strict,"Italy's first female astronaut, Samantha Cristoforetti, is spending almost six months on the International Space Station.",The European Space Agency astronaut will be doing scientific experiments on the International Space Station.,1823,15,16
30194628,tech,one_sentence,"Italy's first female astronaut, Samantha Cristoforetti, is spending almost six months on the International Space Station.","The European Space Agency has announced the launch of a new space station, the International Space Station (ISS). The space station is located on the International Space Station (ISS) in the International Space Station (ISS). The space station is the only space station in the world to have a microgravity environment. The space station is the only space station in the world to have a microgravity environment. The space station is the only space station in the world to have a microgravity environment. The space station is the only space station in the world to have a microgravity environment.",1823,99,16
30194628,tech,fact_constrained,"Italy's first female astronaut, Samantha Cristoforetti, is spending almost six months on the International Space Station.",The European Space Agency astronaut has arrived at the International Space Station.,1823,12,16
40417519,politics,tldr,A council is to seek a civil injunction and damages against one of its own councillors and other members of the public.,A councillor who protested against the removal of street trees in Sheffield has been given a legal notice.,1834,18,22
40417519,politics,bullet_points,A council is to seek a civil injunction and damages against one of its own councillors and other members of the public.,A councillor who protested against the removal of street trees in Sheffield has been given a legal notice.,1834,18,22
40417519,politics,bullet_points_strict,A council is to seek a civil injunction and damages against one of its own councillors and other members of the public.,A councillor who protested against the removal of street trees in Sheffield has been given a legal notice.,1834,18,22
40417519,politics,one_sentence,A council is to seek a civil injunction and damages against one of its own councillors and other members of the public.,A councillor who protested against the removal of street trees in Sheffield has been given a legal notice.,1834,18,22
40417519,politics,fact_constrained,A council is to seek a civil injunction and damages against one of its own councillors and other members of the public.,A councillor has been ordered to stop protesting against the removal of street trees in Sheffield.,1834,16,22
39185863,sport,tldr,"Team Sky riders are ""100%"" behind team principal Sir Dave Brailsford, according to Geraint Thomas.","Former Team Sky doctor Dave Brailsford has tweeted his support for Sir Dave Brailsford, saying he ""wouldn't want anyone else leading Team Sky"".",3930,23,15
39185863,sport,bullet_points,"Team Sky riders are ""100%"" behind team principal Sir Dave Brailsford, according to Geraint Thomas.","Former Team Sky doctor Dave Brailsford has said he is ""completely behind"" Sir Dave Brailsford.",3930,15,15
39185863,sport,bullet_points_strict,"Team Sky riders are ""100%"" behind team principal Sir Dave Brailsford, according to Geraint Thomas.","Former Team Sky doctor Dave Brailsford has said he is ""completely behind"" Sir Dave Brailsford.",3930,15,15
39185863,sport,one_sentence,"Team Sky riders are ""100%"" behind team principal Sir Dave Brailsford, according to Geraint Thomas.","Former Team Sky doctor Dave Brailsford has said he is ""completely behind"" Team Sky boss Dave Brailsford.",3930,17,15
39185863,sport,fact_constrained,"Team Sky riders are ""100%"" behind team principal Sir Dave Brailsford, according to Geraint Thomas.","Former Team Sky doctor Dave Brailsford has said he is ""completely behind"" Sir Dave Brailsford.",3930,15,15
37460682,tech,tldr,Messaging app firm Snapchat has announced its first gadget - sunglasses with a built-in camera.,Snapchat has unveiled a new device that will allow users to record their own videos.,3308,15,15
37460682,tech,bullet_points,Messaging app firm Snapchat has announced its first gadget - sunglasses with a built-in camera.,Snapchat has unveiled a new device that will allow users to record their own videos.,3308,15,15
37460682,tech,bullet_points_strict,Messaging app firm Snapchat has announced its first gadget - sunglasses with a built-in camera.,Snapchat has unveiled a new product - broken Glass Spectacles.,3308,10,15
37460682,tech,one_sentence,Messaging app firm Snapchat has announced its first gadget - sunglasses with a built-in camera.,Snapchat has unveiled a new device that will allow users to record their own videos.,3308,15,15
37460682,tech,fact_constrained,Messaging app firm Snapchat has announced its first gadget - sunglasses with a built-in camera.,Snapchat has unveiled a new device that will allow users to record their own videos.,3308,15,15
38574544,sport,tldr,"Guinea-Bissau's players have ended their strike after being paid outstanding wages, four days before the start of the Africa Cup of Nations.",Guinea-Bissau's national football team has been relegated to the Africa Cup of Nations.,1431,13,22
38574544,sport,bullet_points,"Guinea-Bissau's players have ended their strike after being paid outstanding wages, four days before the start of the Africa Cup of Nations.",Guinea-Bissau's national football team has been relegated from the Africa Cup of Nations after the country's president stepped down on Sunday.,1431,21,22
38574544,sport,bullet_points_strict,"Guinea-Bissau's players have ended their strike after being paid outstanding wages, four days before the start of the Africa Cup of Nations.",Guinea-Bissau's national football team has won their first Nations Cup qualifier since a series of coups broke out last year.,1431,20,22
38574544,sport,one_sentence,"Guinea-Bissau's players have ended their strike after being paid outstanding wages, four days before the start of the Africa Cup of Nations.",Guinea-Bissau's national football team has been relegated from the Africa Cup of Nations after a dispute over their fees.,1431,19,22
38574544,sport,fact_constrained,"Guinea-Bissau's players have ended their strike after being paid outstanding wages, four days before the start of the Africa Cup of Nations.",Guinea-Bissau's national football team has been relegated from the Africa Cup of Nations after the country's president re-elected them.,1431,19,22
31508030,politics,tldr,"David Cameron has voiced his ""strong support"" for the expansion of grammar schools during a visit to the South East.",Prime Minister David Cameron has said he strongly supports the right of grammar schools to expand.,1650,16,20
31508030,politics,bullet_points,"David Cameron has voiced his ""strong support"" for the expansion of grammar schools during a visit to the South East.",Prime Minister David Cameron has said he strongly supports the right of grammar schools to expand.,1650,16,20
31508030,politics,bullet_points_strict,"David Cameron has voiced his ""strong support"" for the expansion of grammar schools during a visit to the South East.",David Cameron has said he strongly supports the right of grammar schools to expand.,1650,14,20
31508030,politics,one_sentence,"David Cameron has voiced his ""strong support"" for the expansion of grammar schools during a visit to the South East.",Prime Minister David Cameron has said he strongly supports the right of grammar schools to expand.,1650,16,20
31508030,politics,fact_constrained,"David Cameron has voiced his ""strong support"" for the expansion of grammar schools during a visit to the South East.",Prime Minister David Cameron has said he strongly supports the right of grammar schools to expand.,1650,16,20
40932205,sport,tldr,Championship side Bristol City came from behind to beat Premier League Watford in the EFL Cup second round.,Watford drew 1-1 with Bristol City in the National League on Sunday as they lost 2-0 to Watford.,3716,18,18
40932205,sport,bullet_points,Championship side Bristol City came from behind to beat Premier League Watford in the EFL Cup second round.,Watford were held to a goalless draw by Bristol City as they lost 2-0 to Watford.,3716,16,18
40932205,sport,bullet_points_strict,Championship side Bristol City came from behind to beat Premier League Watford in the EFL Cup second round.,Watford drew 1-1 with Bristol City in the National League on Sunday as they lost 2-0 to Watford.,3716,18,18
40932205,sport,one_sentence,Championship side Bristol City came from behind to beat Premier League Watford in the EFL Cup second round.,Watford drew 1-1 with Bristol City in the National League on Sunday as they lost 2-0 to Watford.,3716,18,18
40932205,sport,fact_constrained,Championship side Bristol City came from behind to beat Premier League Watford in the EFL Cup second round.,Watford drew 1-1 with Bristol City in the Premier League on Sunday.,3716,12,18
36517711,tech,tldr,"A disturbance at a prison saw 130 inmates transferred to nearby jails after two wings were put ""out of commission"", a union has said.","Prisoners at a Hampshire prison have been locked in their cells for three days without hot food, hot water and no prison officers on some wings.",1551,26,24
36517711,tech,bullet_points,"A disturbance at a prison saw 130 inmates transferred to nearby jails after two wings were put ""out of commission"", a union has said.","Prisoners at a Hampshire prison have been locked in their cells for three days without hot food and hot water, the BBC has learned.",1551,24,24
36517711,tech,bullet_points_strict,"A disturbance at a prison saw 130 inmates transferred to nearby jails after two wings were put ""out of commission"", a union has said.","Three prisoners at a Hampshire prison have been locked in their cells for three days without hot food and hot water, the BBC has learned.",1551,25,24
36517711,tech,one_sentence,"A disturbance at a prison saw 130 inmates transferred to nearby jails after two wings were put ""out of commission"", a union has said.","Prisoners at a Hampshire prison have been locked in their cells for three days without hot food, hot water and no prison officers on some wings.",1551,26,24
36517711,tech,fact_constrained,"A disturbance at a prison saw 130 inmates transferred to nearby jails after two wings were put ""out of commission"", a union has said.","Prisoners at a Derbyshire prison have been locked in their cells for three days without hot food and hot water, the BBC has learned.",1551,24,24
32788950,sport,tldr,Batsman Joe Root has credited sacked coach Peter Moores with the form that resulted in him being named England's player of the year.,"England all-rounder Joe Root says he has ""got the best out of"" coach Peter Moores over the past year.",1632,19,23
32788950,sport,bullet_points,Batsman Joe Root has credited sacked coach Peter Moores with the form that resulted in him being named England's player of the year.,"England's Peter Moores has given Root the best of his coaching staff, he says.",1632,14,23
32788950,sport,bullet_points_strict,Batsman Joe Root has credited sacked coach Peter Moores with the form that resulted in him being named England's player of the year.,"England's Peter Root says he has ""got the best out of me"" under England's new vice-captain Peter Moores.",1632,18,23
32788950,sport,one_sentence,Batsman Joe Root has credited sacked coach Peter Moores with the form that resulted in him being named England's player of the year.,"England all-rounder Joe Root says he has ""got the best out of"" coach Peter Moores.",1632,15,23
32788950,sport,fact_constrained,Batsman Joe Root has credited sacked coach Peter Moores with the form that resulted in him being named England's player of the year.,England's Peter Moores has given Root a lot of credit for his coaching staff's success.,1632,15,23
39050812,sport,tldr,Manager Grant McCann has apologised to the fans for Peterborough United's 4-1 home defeat by fellow League One play-off hopefuls Southend United.,Peter McCann says he believes he is five points off the play-offs after his side's 1-0 win over Cambridgeshire.,1264,19,22
39050812,sport,bullet_points,Manager Grant McCann has apologised to the fans for Peterborough United's 4-1 home defeat by fellow League One play-off hopefuls Southend United.,Peter McCann says he believes he is five points off the play-offs after his side's 1-0 win over Posh at the ABAX Stadium.,1264,23,22
39050812,sport,bullet_points_strict,Manager Grant McCann has apologised to the fans for Peterborough United's 4-1 home defeat by fellow League One play-off hopefuls Southend United.,Peter McCann says he believes he is five points off the play-offs after his side's 4-0 win over Cambridgeshire.,1264,19,22
39050812,sport,one_sentence,Manager Grant McCann has apologised to the fans for Peterborough United's 4-1 home defeat by fellow League One play-off hopefuls Southend United.,Peter McCann says he believes he is five points off the play-offs after his side's 1-0 win over Cambridgeshire at the ABAX Stadium.,1264,23,22
39050812,sport,fact_constrained,Manager Grant McCann has apologised to the fans for Peterborough United's 4-1 home defeat by fellow League One play-off hopefuls Southend United.,Peter McCann says he believes he is five points off the play-offs after his side's 1-0 win over Posh at the ABAX Stadium.,1264,23,22
32974091,politics,tldr,An public inquiry is under way into plans for up to 500 new homes in an area of open land in Kent.,A public inquiry into plans to build a new road on a Grade II listed site in Maidstone has been launched.,1035,21,22
32974091,politics,bullet_points,An public inquiry is under way into plans for up to 500 new homes in an area of open land in Kent.,A public inquiry into plans to build a new road on a Grade II listed site in Maidstone has been launched.,1035,21,22
32974091,politics,bullet_points_strict,An public inquiry is under way into plans for up to 500 new homes in an area of open land in Kent.,A public inquiry into plans to build a new road on a Grade II listed site in Maidstone has been launched.,1035,21,22
32974091,politics,one_sentence,An public inquiry is under way into plans for up to 500 new homes in an area of open land in Kent.,A public inquiry into plans to build a new road on a Grade II listed site in Maidstone has been launched.,1035,21,22
32974091,politics,fact_constrained,An public inquiry is under way into plans for up to 500 new homes in an area of open land in Kent.,A public inquiry into plans to build a new road on a Grade II listed site in Maidstone has been launched.,1035,21,22
36171772,tech,tldr,"A railway line which was closed due to a landslip is to reopen next week, Network Rail has announced.",The Farnham to Alton line has reopened after the track collapsed.,427,11,19
36171772,tech,bullet_points,"A railway line which was closed due to a landslip is to reopen next week, Network Rail has announced.",Network Rail has warned of possible future closures after a railway line collapsed.,427,13,19
36171772,tech,bullet_points_strict,"A railway line which was closed due to a landslip is to reopen next week, Network Rail has announced.",Network Rail has warned of possible closures after a collapsed track on the Farnham to Alton line.,427,17,19
36171772,tech,one_sentence,"A railway line which was closed due to a landslip is to reopen next week, Network Rail has announced.",Rail services on the Farnham to Alton line are due to reopen on 4 May.,427,15,19
36171772,tech,fact_constrained,"A railway line which was closed due to a landslip is to reopen next week, Network Rail has announced.",Network Rail has said it will reopen the Farnham to Alton railway line after a three-month delay.,427,17,19
39885289,business,tldr,"An Asian police officer who raised concerns about a ""racist"" toy monkey at work was accused of gross misconduct, BBC News has learned.",A Metropolitan Police detective who claimed he saw a monkey toy on a colleague's desk has been cleared of misconduct.,4746,20,23
39885289,business,bullet_points,"An Asian police officer who raised concerns about a ""racist"" toy monkey at work was accused of gross misconduct, BBC News has learned.",A Metropolitan Police detective who claimed he saw a monkey toy on a colleague's desk has been cleared of misconduct.,4746,20,23
39885289,business,bullet_points_strict,"An Asian police officer who raised concerns about a ""racist"" toy monkey at work was accused of gross misconduct, BBC News has learned.",A Metropolitan Police detective who claimed he saw a monkey toy in a police station has been cleared of misconduct.,4746,20,23
39885289,business,one_sentence,"An Asian police officer who raised concerns about a ""racist"" toy monkey at work was accused of gross misconduct, BBC News has learned.",A Metropolitan Police detective has been cleared of misconduct after claiming a monkey toy was a racist toy.,4746,18,23
39885289,business,fact_constrained,"An Asian police officer who raised concerns about a ""racist"" toy monkey at work was accused of gross misconduct, BBC News has learned.",A Metropolitan Police detective who claimed he saw a monkey toy in a police station has been cleared of misconduct.,4746,20,23
36423329,politics,tldr,Philippine President-elect Rodrigo Duterte has been condemned by media groups for saying some of the many journalists killed in the country had deserved to die.,"Philippine President Rodrigo Duterte has said he will ""kill"" journalists if they ""don't do something wrong"".",3678,16,25
36423329,politics,bullet_points,Philippine President-elect Rodrigo Duterte has been condemned by media groups for saying some of the many journalists killed in the country had deserved to die.,"Philippine President Rodrigo Duterte has said he will ""kill"" journalists if they do something wrong.",3678,15,25
36423329,politics,bullet_points_strict,Philippine President-elect Rodrigo Duterte has been condemned by media groups for saying some of the many journalists killed in the country had deserved to die.,"Philippine President Rodrigo Duterte has said he will ""kill"" journalists if they do something wrong.",3678,15,25
36423329,politics,one_sentence,Philippine President-elect Rodrigo Duterte has been condemned by media groups for saying some of the many journalists killed in the country had deserved to die.,"Philippine President Rodrigo Duterte has said he will ""kill"" journalists if they do something wrong.",3678,15,25
36423329,politics,fact_constrained,Philippine President-elect Rodrigo Duterte has been condemned by media groups for saying some of the many journalists killed in the country had deserved to die.,"Philippine President Rodrigo Duterte has said he will ""kill"" journalists if they do something wrong.",3678,15,25
40912459,tech,tldr,A jet skier has been airlifted to hospital after a crash involving a speedboat during an event off Anglesey.,A lifeboat crew has been rescued after a lifeboat sank in Gwynedd Bay.,781,13,19
40912459,tech,bullet_points,A jet skier has been airlifted to hospital after a crash involving a speedboat during an event off Anglesey.,A lifeboat crew has been rescued after a lifeboat sank in the Gwynedd Bay.,781,14,19
40912459,tech,bullet_points_strict,A jet skier has been airlifted to hospital after a crash involving a speedboat during an event off Anglesey.,A lifeboat crew has been rescued after a lifeboat sank in Gwynedd Bay.,781,13,19
40912459,tech,one_sentence,A jet skier has been airlifted to hospital after a crash involving a speedboat during an event off Anglesey.,A lifeboat crew has been rescued after a lifeboat sank in Gwynedd Bay.,781,13,19
40912459,tech,fact_constrained,A jet skier has been airlifted to hospital after a crash involving a speedboat during an event off Anglesey.,A lifeboat crew has been rescued after a lifeboat sank in Gwynedd Bay.,781,13,19
30546498,business,tldr,"In Africa, Botswana is often seen as a diamond in the rough.",Botswana is one of Africa's richest countries.,6755,7,12
30546498,business,bullet_points,"In Africa, Botswana is often seen as a diamond in the rough.",Botswana is one of Africa's richest countries.,6755,7,12
30546498,business,bullet_points_strict,"In Africa, Botswana is often seen as a diamond in the rough.",Botswana is one of Africa's richest countries.,6755,7,12
30546498,business,one_sentence,"In Africa, Botswana is often seen as a diamond in the rough.",Botswana is one of Africa's richest countries.,6755,7,12
30546498,business,fact_constrained,"In Africa, Botswana is often seen as a diamond in the rough.",Botswana is one of Africa's richest countries.,6755,7,12
35987432,tech,tldr,"A mother-of-four battered a toddler to death months after she was made the child's legal guardian, a court has heard.","A toddler who died from septicaemia, infection and head injuries has been found dead, a court has heard.",1656,18,20
35987432,tech,bullet_points,"A mother-of-four battered a toddler to death months after she was made the child's legal guardian, a court has heard.","A toddler who died from septicaemia and a ""terrible"" head injury has been found dead, a court has heard.",1656,19,20
35987432,tech,bullet_points_strict,"A mother-of-four battered a toddler to death months after she was made the child's legal guardian, a court has heard.","A toddler who died from septicaemia, infection and head injuries has been found dead, a court has heard.",1656,18,20
35987432,tech,one_sentence,"A mother-of-four battered a toddler to death months after she was made the child's legal guardian, a court has heard.","The body of a toddler who died from septicaemia, infection and head injuries has been found.",1656,16,20
35987432,tech,fact_constrained,"A mother-of-four battered a toddler to death months after she was made the child's legal guardian, a court has heard.","A toddler who died from septicaemia, infection and head injuries has been found dead, a court has heard.",1656,18,20
40291028,tech,tldr,"A man has been found guilty of murdering his ""on-off partner"" by bludgeoning her to death.",A man has been found guilty of murdering a woman in a row over an ex-girlfriend.,1613,16,16
40291028,tech,bullet_points,"A man has been found guilty of murdering his ""on-off partner"" by bludgeoning her to death.",A man has been jailed for life for the murder of a woman in a flat.,1613,16,16
40291028,tech,bullet_points_strict,"A man has been found guilty of murdering his ""on-off partner"" by bludgeoning her to death.",A man has been found guilty of murdering a woman in a row over an ex-girlfriend.,1613,16,16
40291028,tech,one_sentence,"A man has been found guilty of murdering his ""on-off partner"" by bludgeoning her to death.",A man has been jailed for life for the murder of a woman in a flat.,1613,16,16
40291028,tech,fact_constrained,"A man has been found guilty of murdering his ""on-off partner"" by bludgeoning her to death.",A man has been jailed for life for the murder of a woman in a flat.,1613,16,16
32918499,tech,tldr,Three nightclub doormen have told how they helped rescue a man trapped in an upturned car in a water-filled ditch.,Three men have rescued a man trapped in a car in a dyke.,1541,13,20
32918499,tech,bullet_points,Three nightclub doormen have told how they helped rescue a man trapped in an upturned car in a water-filled ditch.,Three men have helped rescue a man trapped in a car in a dyke.,1541,14,20
32918499,tech,bullet_points_strict,Three nightclub doormen have told how they helped rescue a man trapped in an upturned car in a water-filled ditch.,Three men have helped rescue a man trapped in a car in a dyke.,1541,14,20
32918499,tech,one_sentence,Three nightclub doormen have told how they helped rescue a man trapped in an upturned car in a water-filled ditch.,Three men have helped rescue a man trapped in a car in a dyke.,1541,14,20
32918499,tech,fact_constrained,Three nightclub doormen have told how they helped rescue a man trapped in an upturned car in a water-filled ditch.,Three men have rescued a man trapped in a car in a dyke.,1541,13,20
36961338,tech,tldr,"More armed police are to be seen on patrol in London, Metropolitan Police commissioner Sir Bernard Hogan-Howe and Mayor of London Sadiq Khan have said.","More armed police officers will be in place across England and Wales, the Metropolitan Police commissioner has said.",5141,18,25
36961338,tech,bullet_points,"More armed police are to be seen on patrol in London, Metropolitan Police commissioner Sir Bernard Hogan-Howe and Mayor of London Sadiq Khan have said.","Londoners are reassured that the police service, the security service, is doing their bit to keep London safe.",5141,18,25
36961338,tech,bullet_points_strict,"More armed police are to be seen on patrol in London, Metropolitan Police commissioner Sir Bernard Hogan-Howe and Mayor of London Sadiq Khan have said.","More armed police officers are to be deployed across England and Wales, the Metropolitan Police commissioner has said.",5141,18,25
36961338,tech,one_sentence,"More armed police are to be seen on patrol in London, Metropolitan Police commissioner Sir Bernard Hogan-Howe and Mayor of London Sadiq Khan have said.","Londoners are reassured that the police service, the security service, is doing their bit to keep London safe.",5141,18,25
36961338,tech,fact_constrained,"More armed police are to be seen on patrol in London, Metropolitan Police commissioner Sir Bernard Hogan-Howe and Mayor of London Sadiq Khan have said.","Londoners are reassured that the police service, the security service, is doing their bit to keep London safe.",5141,18,25
32584708,politics,tldr,The Italian parliament has approved a long-debated and extensive electoral reform that aims to give the country more political stability.,Italy's lower house of parliament has approved a law that grants a majority of seats to parties that win more than 40% of the national vote.,1586,26,20
32584708,politics,bullet_points,The Italian parliament has approved a long-debated and extensive electoral reform that aims to give the country more political stability.,Italy's lower house of parliament has approved a law that grants a majority of seats to parties that win more than 40% of the national vote.,1586,26,20
32584708,politics,bullet_points_strict,The Italian parliament has approved a long-debated and extensive electoral reform that aims to give the country more political stability.,Italy's lower house of parliament has approved a law that grants a majority of seats to parties that win more than 40% of the national vote.,1586,26,20
32584708,politics,one_sentence,The Italian parliament has approved a long-debated and extensive electoral reform that aims to give the country more political stability.,Italy's lower house of parliament has approved a law that grants seats to parties that win more than 40% of the national vote.,1586,23,20
32584708,politics,fact_constrained,The Italian parliament has approved a long-debated and extensive electoral reform that aims to give the country more political stability.,Italy's lower house of parliament has approved a law that grants seats to parties that win more than 40% of the national vote.,1586,23,20
38221487,business,tldr,(Close) The Dow Jones Industrial Average closed at a fresh high for a second consecutive day after a rally in financial shares boosted the index.,(Close): Stocks on Wall Street soared after the US presidential election.,1576,11,25
38221487,business,bullet_points,(Close) The Dow Jones Industrial Average closed at a fresh high for a second consecutive day after a rally in financial shares boosted the index.,(Close): Stocks on Wall Street soared after the US presidential election.,1576,11,25
38221487,business,bullet_points_strict,(Close) The Dow Jones Industrial Average closed at a fresh high for a second consecutive day after a rally in financial shares boosted the index.,(Close): Stocks on Wall Street soared after the US presidential election.,1576,11,25
38221487,business,one_sentence,(Close) The Dow Jones Industrial Average closed at a fresh high for a second consecutive day after a rally in financial shares boosted the index.,(Close): Stocks on Wall Street soared after the US presidential election.,1576,11,25
38221487,business,fact_constrained,(Close) The Dow Jones Industrial Average closed at a fresh high for a second consecutive day after a rally in financial shares boosted the index.,(Close): Stocks on Wall Street soared after the US presidential election.,1576,11,25
39575575,tech,tldr,"A driver whose car hit another in a head-on crash, killing his five-year-old stepson, has been jailed for six years.",A man has been jailed for eight years for causing the death of a three-year-old boy in a car crash.,3413,20,20
39575575,tech,bullet_points,"A driver whose car hit another in a head-on crash, killing his five-year-old stepson, has been jailed for six years.",A man has been jailed for life for causing the death of a three-year-old boy in a car crash.,3413,19,20
39575575,tech,bullet_points_strict,"A driver whose car hit another in a head-on crash, killing his five-year-old stepson, has been jailed for six years.",A man has been jailed for eight years for causing the death of a three-year-old boy in a car crash.,3413,20,20
39575575,tech,one_sentence,"A driver whose car hit another in a head-on crash, killing his five-year-old stepson, has been jailed for six years.",A man has been jailed for eight years for causing the death of a three-year-old boy in a car crash.,3413,20,20
39575575,tech,fact_constrained,"A driver whose car hit another in a head-on crash, killing his five-year-old stepson, has been jailed for six years.",A man has been jailed for life for causing the death of a three-year-old boy in a car crash.,3413,19,20
29905025,politics,tldr,The president of Afghanistan has told an emotional husband that a group of men accused of gang raping his wife would be brought to justice.,The father of a woman raped in Afghanistan says he has been unable to get the alleged perpetrators arrested because they are politically powerful.,2437,24,25
29905025,politics,bullet_points,The president of Afghanistan has told an emotional husband that a group of men accused of gang raping his wife would be brought to justice.,The father of a woman allegedly raped in Afghanistan has told the BBC that he has been unable to get the alleged perpetrators arrested.,2437,24,25
29905025,politics,bullet_points_strict,The president of Afghanistan has told an emotional husband that a group of men accused of gang raping his wife would be brought to justice.,The father of a woman raped by a gang in Afghanistan has told the BBC that he wants justice to save other women from such a fate.,2437,27,25
29905025,politics,one_sentence,The president of Afghanistan has told an emotional husband that a group of men accused of gang raping his wife would be brought to justice.,The father of a woman allegedly raped in Afghanistan has told the BBC that he has been unable to get the alleged perpetrators arrested.,2437,24,25
29905025,politics,fact_constrained,The president of Afghanistan has told an emotional husband that a group of men accused of gang raping his wife would be brought to justice.,The father of a man accused of raping his wife has told the BBC that he has been unable to get the alleged rapists arrested.,2437,25,25
35346992,entertainment,tldr,A man who sparked a drug-fuelled roof-top siege after breaking up with his partner has been given a suspended prison sentence.,A man has been charged with burglary after he broke into his girlfriend's flat.,349,14,21
35346992,entertainment,bullet_points,A man who sparked a drug-fuelled roof-top siege after breaking up with his partner has been given a suspended prison sentence.,A man has been charged with burglary after he broke into his girlfriend's flat.,349,14,21
35346992,entertainment,bullet_points_strict,A man who sparked a drug-fuelled roof-top siege after breaking up with his partner has been given a suspended prison sentence.,A man has been charged with burglary after he broke into his girlfriend's flat.,349,14,21
35346992,entertainment,one_sentence,A man who sparked a drug-fuelled roof-top siege after breaking up with his partner has been given a suspended prison sentence.,A man has been charged with burglary after he broke into his girlfriend's flat.,349,14,21
35346992,entertainment,fact_constrained,A man who sparked a drug-fuelled roof-top siege after breaking up with his partner has been given a suspended prison sentence.,A man has been charged with burglary after he broke into his girlfriend's flat.,349,14,21
30139832,politics,tldr,"Emily Thornberry has resigned from Labour's front bench after sending a tweet during the Rochester and Strood by-election which was branded ""snobby"".",Labour MP Jo Thornberry has apologised after posting a tweet about Labour's defeat in the Rochester by-election.,4526,17,22
30139832,politics,bullet_points,"Emily Thornberry has resigned from Labour's front bench after sending a tweet during the Rochester and Strood by-election which was branded ""snobby"".","Labour's Ed Miliband has apologised after posting a tweet describing her as a ""snob"" and describing her as a ""snob"".",4526,20,22
30139832,politics,bullet_points_strict,"Emily Thornberry has resigned from Labour's front bench after sending a tweet during the Rochester and Strood by-election which was branded ""snobby"".",Labour MP Jo Thornberry has apologised after posting a picture of herself and a white van outside her home in Rochester.,4526,21,22
30139832,politics,one_sentence,"Emily Thornberry has resigned from Labour's front bench after sending a tweet during the Rochester and Strood by-election which was branded ""snobby"".",Labour MP Jo Thornberry has apologised after posting a picture of herself and a white van outside her home in Rochester.,4526,21,22
30139832,politics,fact_constrained,"Emily Thornberry has resigned from Labour's front bench after sending a tweet during the Rochester and Strood by-election which was branded ""snobby"".",Labour MP Jo Thornberry has apologised after posting a picture of herself and a white van outside her home in Rochester.,4526,21,22
38584606,business,tldr,"Richard Carpenter has said he is owed at least $2m (Â£1.6m) in royalties for the hits he recorded in The Carpenters, including Yesterday Once More.",The Carpenters singer Richard Carpenter has filed a lawsuit against Universal Music.,2411,12,25
38584606,business,bullet_points,"Richard Carpenter has said he is owed at least $2m (Â£1.6m) in royalties for the hits he recorded in The Carpenters, including Yesterday Once More.","The Carpenters singer Richard Carpenter has filed a legal claim against Universal Music, alleging that the record labels misclassified the revenue from digital downloads.",2411,24,25
38584606,business,bullet_points_strict,"Richard Carpenter has said he is owed at least $2m (Â£1.6m) in royalties for the hits he recorded in The Carpenters, including Yesterday Once More.",The Carpenters singer Richard Carpenter has filed a lawsuit against Universal Music.,2411,12,25
38584606,business,one_sentence,"Richard Carpenter has said he is owed at least $2m (Â£1.6m) in royalties for the hits he recorded in The Carpenters, including Yesterday Once More.","The Carpenters singer Richard Carpenter has filed a lawsuit against Universal Music, alleging that the record labels misclassified the revenue from digital downloads.",2411,23,25
38584606,business,fact_constrained,"Richard Carpenter has said he is owed at least $2m (Â£1.6m) in royalties for the hits he recorded in The Carpenters, including Yesterday Once More.","The Carpenters singer Richard Carpenter has filed a legal claim against Universal Music, alleging that the record labels misclassified the revenue from digital downloads.",2411,24,25
36426365,business,tldr,A delegation of Scottish companies is heading to Myanmar this week in an effort to tap into opportunities in the country's oil and gas sector.,Myanmar has invited a delegation of oil and gas companies to visit the country.,3751,14,25
36426365,business,bullet_points,A delegation of Scottish companies is heading to Myanmar this week in an effort to tap into opportunities in the country's oil and gas sector.,Myanmar has invited a delegation of oil and gas companies to visit the country.,3751,14,25
36426365,business,bullet_points_strict,A delegation of Scottish companies is heading to Myanmar this week in an effort to tap into opportunities in the country's oil and gas sector.,Myanmar has invited a delegation of oil and gas companies to visit the country.,3751,14,25
36426365,business,one_sentence,A delegation of Scottish companies is heading to Myanmar this week in an effort to tap into opportunities in the country's oil and gas sector.,Myanmar has invited a delegation of oil and gas companies to visit the country.,3751,14,25
36426365,business,fact_constrained,A delegation of Scottish companies is heading to Myanmar this week in an effort to tap into opportunities in the country's oil and gas sector.,Myanmar has invited a delegation of oil and gas companies to visit the country.,3751,14,25
36896016,politics,tldr,"Immigration has long been a divisive issue on Hispaniola, the Caribbean island shared by Haiti and the Dominican Republic.",The Catholic Church has played a key role in the migration crisis.,5670,12,19
36896016,politics,bullet_points,"Immigration has long been a divisive issue on Hispaniola, the Caribbean island shared by Haiti and the Dominican Republic.","Haitian Catholic Church has played a key role in the migration crisis, with some priests defending the rights of the returnees while others have been criticised for promoting a policy of division.",5670,32,19
36896016,politics,bullet_points_strict,"Immigration has long been a divisive issue on Hispaniola, the Caribbean island shared by Haiti and the Dominican Republic.","Haitian Catholic Church has played a key role in the migration crisis, with some priests defending the rights of the returnees while others have been criticised for promoting a policy of division.",5670,32,19
36896016,politics,one_sentence,"Immigration has long been a divisive issue on Hispaniola, the Caribbean island shared by Haiti and the Dominican Republic.","Catholic Church has played a key role in the migration crisis, with some priests defending the rights of the returnees.",5670,20,19
36896016,politics,fact_constrained,"Immigration has long been a divisive issue on Hispaniola, the Caribbean island shared by Haiti and the Dominican Republic.","Catholic Church has played a key role in the migration crisis, with some priests defending the rights of the returnees.",5670,20,19
30157987,business,tldr,An artist's impression of how an expanded primary school in Addlestone will look has been unveiled.,"Surrey County Council says it needs to ""bridge a £215m funding gap"" for 13,000 schools.",320,15,16
30157987,business,bullet_points,An artist's impression of how an expanded primary school in Addlestone will look has been unveiled.,Surrey County Council has announced plans to increase the number of children's services at Sayes Court.,320,16,16
30157987,business,bullet_points_strict,An artist's impression of how an expanded primary school in Addlestone will look has been unveiled.,"Surrey County Council has said it needs to ""bridge a £215m funding gap"" for 13,000 children's services.",320,17,16
30157987,business,one_sentence,An artist's impression of how an expanded primary school in Addlestone will look has been unveiled.,Surrey County Council has announced plans to increase the number of children's services at Sayes Court.,320,16,16
30157987,business,fact_constrained,An artist's impression of how an expanded primary school in Addlestone will look has been unveiled.,Surrey County Council has announced plans to increase the number of children's services at Sayes Court.,320,16,16
37034774,business,tldr,New Portsmouth recruit Amine Linganzi is determined to secure a long-term contract with the club.,Portsmouth have signed Congolese striker Luis Linganzi on a one-month contract.,530,11,15
37034774,business,bullet_points,New Portsmouth recruit Amine Linganzi is determined to secure a long-term contract with the club.,Portsmouth have signed Congolese striker Luis Linganzi on a one-year contract.,530,11,15
37034774,business,bullet_points_strict,New Portsmouth recruit Amine Linganzi is determined to secure a long-term contract with the club.,Portsmouth have signed Congolese striker Luis Linganzi on a one-year contract.,530,11,15
37034774,business,one_sentence,New Portsmouth recruit Amine Linganzi is determined to secure a long-term contract with the club.,Portsmouth have signed Congolese striker Luis Linganzi on a one-year contract.,530,11,15
37034774,business,fact_constrained,New Portsmouth recruit Amine Linganzi is determined to secure a long-term contract with the club.,Portsmouth have signed Congolese striker Luis Linganzi on a one-year contract.,530,11,15
32162170,business,tldr,More than 400 people have attended a meeting to oppose plans for a supermarket.,Residents in Brecon Beacons have voted in favour of a plan to turn a pub into a convenience store.,483,19,14
32162170,business,bullet_points,More than 400 people have attended a meeting to oppose plans for a supermarket.,A council meeting has been held in Brecon Beacons to discuss plans to turn a pub into a convenience store.,483,20,14
32162170,business,bullet_points_strict,More than 400 people have attended a meeting to oppose plans for a supermarket.,Brecon Beacons councillors have voted to scrap plans to turn a pub into a convenience store.,483,16,14
32162170,business,one_sentence,More than 400 people have attended a meeting to oppose plans for a supermarket.,The Brecon Beacons National Park Authority has voted in favour of a plan to turn a pub into a convenience store.,483,21,14
32162170,business,fact_constrained,More than 400 people have attended a meeting to oppose plans for a supermarket.,A council meeting has been held in Brecon Beacons to discuss plans to turn a pub into a convenience store.,483,20,14
34171019,politics,tldr,Australia's Prime Minister Tony Abbott is under pressure to increase the country's total refugee intake.,Australia's Prime Minister Tony Abbott has called on the government to do more to help refugees from the Middle East.,2724,20,15
34171019,politics,bullet_points,Australia's Prime Minister Tony Abbott is under pressure to increase the country's total refugee intake.,Australia's Prime Minister Tony Abbott has called on the government to do more to help refugees from the Middle East.,2724,20,15
34171019,politics,bullet_points_strict,Australia's Prime Minister Tony Abbott is under pressure to increase the country's total refugee intake.,Australia's Prime Minister Tony Abbott has urged the government to do more to help refugees from the Middle East.,2724,19,15
34171019,politics,one_sentence,Australia's Prime Minister Tony Abbott is under pressure to increase the country's total refugee intake.,Australia's Prime Minister Tony Abbott has said he will accept an extra 500 Syrian and Iraqi refugees from the Middle East.,2724,21,15
34171019,politics,fact_constrained,Australia's Prime Minister Tony Abbott is under pressure to increase the country's total refugee intake.,Australia's Prime Minister Tony Abbott has called on the government to do more to help refugees from the Middle East.,2724,20,15
33959450,politics,tldr,"A ban on growing genetically-modified crops in Scotland could threaten the country's contribution to scientific research, according to scientists, universities and farming leaders.","Genetically modified crops (GM) can be cultivated in Scotland, the Scottish government has said.",3262,14,23
33959450,politics,bullet_points,"A ban on growing genetically-modified crops in Scotland could threaten the country's contribution to scientific research, according to scientists, universities and farming leaders.","Genetically modified crops (GM) can be cultivated in Scotland, the Scottish government has said.",3262,14,23
33959450,politics,bullet_points_strict,"A ban on growing genetically-modified crops in Scotland could threaten the country's contribution to scientific research, according to scientists, universities and farming leaders.","Genetically modified crops (GM) can be cultivated in Scotland, the Scottish government has said.",3262,14,23
33959450,politics,one_sentence,"A ban on growing genetically-modified crops in Scotland could threaten the country's contribution to scientific research, according to scientists, universities and farming leaders.","Genetically modified crops (GM) can be cultivated in Scotland, the Scottish government has said.",3262,14,23
33959450,politics,fact_constrained,"A ban on growing genetically-modified crops in Scotland could threaten the country's contribution to scientific research, according to scientists, universities and farming leaders.","Genetically modified crops (GM) can be cultivated in Scotland, the Scottish government has said.",3262,14,23
38734043,politics,tldr,A school has been accused of breaching anti-discrimination laws after claims a four-year-old Muslim pupil was told she could not wear a headscarf.,A school has been accused of violating the Equality Act after a four-year-old girl in a headscarf wore a headscarf.,1970,20,23
38734043,politics,bullet_points,A school has been accused of breaching anti-discrimination laws after claims a four-year-old Muslim pupil was told she could not wear a headscarf.,The head teacher of a school in the Black Country has apologised for wearing a headscarf in a school uniform.,1970,20,23
38734043,politics,bullet_points_strict,A school has been accused of breaching anti-discrimination laws after claims a four-year-old Muslim pupil was told she could not wear a headscarf.,A school has been accused of violating the Equality Act by refusing to wear a headscarf in school.,1970,18,23
38734043,politics,one_sentence,A school has been accused of breaching anti-discrimination laws after claims a four-year-old Muslim pupil was told she could not wear a headscarf.,The head teacher of a four-year-old school has apologised for wearing a headscarf in a school uniform.,1970,17,23
38734043,politics,fact_constrained,A school has been accused of breaching anti-discrimination laws after claims a four-year-old Muslim pupil was told she could not wear a headscarf.,A school has been accused of violating the Equality Act by refusing to wear a headscarf in its uniform.,1970,19,23
37949489,business,tldr,"A man who fraudulently claimed nearly £40,000 in benefits over the course of almost 11 years has been jailed for 18 months.",A Dundee man has been jailed for 10 years for fraud.,727,11,22
37949489,business,bullet_points,"A man who fraudulently claimed nearly £40,000 in benefits over the course of almost 11 years has been jailed for 18 months.",A Dundee man has been jailed for 10 years for fraud.,727,11,22
37949489,business,bullet_points_strict,"A man who fraudulently claimed nearly £40,000 in benefits over the course of almost 11 years has been jailed for 18 months.",A Dundee man has been jailed for 12 months for fraud.,727,11,22
37949489,business,one_sentence,"A man who fraudulently claimed nearly £40,000 in benefits over the course of almost 11 years has been jailed for 18 months.","A Dundee man has been jailed for a year for claiming £39,808.",727,12,22
37949489,business,fact_constrained,"A man who fraudulently claimed nearly £40,000 in benefits over the course of almost 11 years has been jailed for 18 months.",A Dundee man has been jailed for 10 years for fraud.,727,11,22
36305405,tech,tldr,A man who stabbed a retired solicitor 39 times after a crash between their cars has been cleared of murder but convicted of his manslaughter.,A man who fatally stabbed a great-grandfather to death has been jailed for life.,2767,14,25
36305405,tech,bullet_points,A man who stabbed a retired solicitor 39 times after a crash between their cars has been cleared of murder but convicted of his manslaughter.,A man who fatally stabbed a great-grandfather to death has been jailed for life.,2767,14,25
36305405,tech,bullet_points_strict,A man who stabbed a retired solicitor 39 times after a crash between their cars has been cleared of murder but convicted of his manslaughter.,A man who fatally stabbed a great-grandfather to death has been jailed for life.,2767,14,25
36305405,tech,one_sentence,A man who stabbed a retired solicitor 39 times after a crash between their cars has been cleared of murder but convicted of his manslaughter.,A man who fatally stabbed his great-grandfather to death has been jailed for life.,2767,14,25
36305405,tech,fact_constrained,A man who stabbed a retired solicitor 39 times after a crash between their cars has been cleared of murder but convicted of his manslaughter.,A man who fatally stabbed a great-grandfather to death has been sentenced to life in prison.,2767,16,25
40726833,business,tldr,"The UK economy grew by 0.3% in the three months to June, driven in part by a booming film industry, said the Office for National Statistics (ONS).","UK GDP growth in the second quarter of this year was below expectations, according to the Office for National Statistics (ONS).",2382,21,27
40726833,business,bullet_points,"The UK economy grew by 0.3% in the three months to June, driven in part by a booming film industry, said the Office for National Statistics (ONS).","UK GDP growth in the second quarter of this year has slowed, the Office for National Statistics (ONS) has said.",2382,20,27
40726833,business,bullet_points_strict,"The UK economy grew by 0.3% in the three months to June, driven in part by a booming film industry, said the Office for National Statistics (ONS).","UK GDP growth in the second quarter of this year has slowed, according to the Office for National Statistics (ONS).",2382,20,27
40726833,business,one_sentence,"The UK economy grew by 0.3% in the three months to June, driven in part by a booming film industry, said the Office for National Statistics (ONS).","UK GDP growth in the second quarter of this year has risen by 0.2%, the Office for National Statistics (ONS) has said.",2382,22,27
40726833,business,fact_constrained,"The UK economy grew by 0.3% in the three months to June, driven in part by a booming film industry, said the Office for National Statistics (ONS).","UK GDP growth in the first half of the year has slowed to a record low, the Office for National Statistics (ONS) has said.",2382,24,27
36285503,politics,tldr,Neil Hamilton has rejected suggestions by UKIP leader Nigel Farage that he is too old for frontline politics.,"Nigel Farage says Nigel Hamilton is ""utterly committed to this EU cause"" and has been since the 1960s.",2454,18,18
36285503,politics,bullet_points,Neil Hamilton has rejected suggestions by UKIP leader Nigel Farage that he is too old for frontline politics.,"Nigel Farage has said Nigel Hamilton will ""surprise"" Nigel Hamilton by saying he is ""utterly committed to this EU cause"".",2454,20,18
36285503,politics,bullet_points_strict,Neil Hamilton has rejected suggestions by UKIP leader Nigel Farage that he is too old for frontline politics.,"Nigel Farage says Nigel Hamilton is ""utterly committed to this EU cause"" and has been since the 1960s.",2454,18,18
36285503,politics,one_sentence,Neil Hamilton has rejected suggestions by UKIP leader Nigel Farage that he is too old for frontline politics.,"Nigel Farage says Nigel Hamilton is ""utterly committed to this EU cause"" and has been since the 1960s.",2454,18,18
36285503,politics,fact_constrained,Neil Hamilton has rejected suggestions by UKIP leader Nigel Farage that he is too old for frontline politics.,"Nigel Farage has said Nigel Hamilton will ""surprise"" Nigel Hamilton by saying he is ""utterly committed to this EU cause"".",2454,20,18
32370432,business,tldr,"Chelsea boss Jose Mourinho said Manchester United's important players were ""in our pockets"" in a match that went ""exactly"" as they wanted.","Chelsea manager Jose Mourinho says his side are ""almost there"" after beating Manchester United.",1896,14,22
32370432,business,bullet_points,"Chelsea boss Jose Mourinho said Manchester United's important players were ""in our pockets"" in a match that went ""exactly"" as they wanted.","Chelsea manager Jose Mourinho says his side are ""almost there"" after beating Manchester United in the Premier League.",1896,18,22
32370432,business,bullet_points_strict,"Chelsea boss Jose Mourinho said Manchester United's important players were ""in our pockets"" in a match that went ""exactly"" as they wanted.","Chelsea manager Jose Mourinho says his side are ""almost there"" after beating Manchester United.",1896,14,22
32370432,business,one_sentence,"Chelsea boss Jose Mourinho said Manchester United's important players were ""in our pockets"" in a match that went ""exactly"" as they wanted.","Chelsea manager Jose Mourinho says his side are ""almost there"" after beating Manchester United in the Premier League.",1896,18,22
32370432,business,fact_constrained,"Chelsea boss Jose Mourinho said Manchester United's important players were ""in our pockets"" in a match that went ""exactly"" as they wanted.","Chelsea manager Jose Mourinho says his side are ""almost there"" after beating Manchester United in the Premier League.",1896,18,22
24522070,tech,tldr,A review team looking at the quality of life of older people is to swoop unannounced on 100 care homes.,Elderly people living in residential care in Wales will be given a voice in a review into the quality of care they receive.,2400,23,20
24522070,tech,bullet_points,A review team looking at the quality of life of older people is to swoop unannounced on 100 care homes.,Elderly people living in residential care in Wales are to be given a voice in a review into the quality of care they receive.,2400,24,20
24522070,tech,bullet_points_strict,A review team looking at the quality of life of older people is to swoop unannounced on 100 care homes.,Elderly people living in residential care in Wales are to be given a voice in a review into the quality of care they receive.,2400,24,20
24522070,tech,one_sentence,A review team looking at the quality of life of older people is to swoop unannounced on 100 care homes.,Elderly people living in residential care in Wales will be given a voice in a review into the quality of care they receive.,2400,23,20
24522070,tech,fact_constrained,A review team looking at the quality of life of older people is to swoop unannounced on 100 care homes.,Elderly people living in residential care in Wales are to be given a voice in a review into the quality of care they receive.,2400,24,20
39928086,business,tldr,Owen Evans has been appointed as the new chief executive of Welsh language television broadcaster S4C.,"S4C has appointed a new chief executive, Jeremy Evans, as its new chief executive.",471,14,16
39928086,business,bullet_points,Owen Evans has been appointed as the new chief executive of Welsh language television broadcaster S4C.,"S4C has appointed a new chief executive, Nicola Evans, as its new chief executive.",471,14,16
39928086,business,bullet_points_strict,Owen Evans has been appointed as the new chief executive of Welsh language television broadcaster S4C.,"The Welsh Government has appointed a new chief executive, Simon Evans, as its new chief executive.",471,16,16
39928086,business,one_sentence,Owen Evans has been appointed as the new chief executive of Welsh language television broadcaster S4C.,"S4C has appointed a new chief executive, Nicola Evans, as its new chief executive.",471,14,16
39928086,business,fact_constrained,Owen Evans has been appointed as the new chief executive of Welsh language television broadcaster S4C.,S4C has appointed Jeremy Evans as its new chief executive.,471,10,16
39628590,politics,tldr,Mae'r Prif Weinidog Theresa May wedi cyhoeddi y bydd yn gofyn i Dŷ'r Cyffredin bleidleisio o blaid cynnal etholiad cyffredinol ar fyr rybudd ar 8 Mehefin.,Etholiad cyffredinol ym mehefin yn sicrhau arweinyddiaeth gref a chadarn wrth i'r llywodraeth gynnal trafodaethau gyda'r Undeb Ewropeaidd.,4305,18,26
39628590,politics,bullet_points,Mae'r Prif Weinidog Theresa May wedi cyhoeddi y bydd yn gofyn i Dŷ'r Cyffredin bleidleisio o blaid cynnal etholiad cyffredinol ar fyr rybudd ar 8 Mehefin.,Bydd i Theresa May dderbyn cefnogaeth y senedd i gwleidyddion y gwrthbleidiau yn San Steffan wedi gwneud hynny.,4305,18,26
39628590,politics,bullet_points_strict,Mae'r Prif Weinidog Theresa May wedi cyhoeddi y bydd yn gofyn i Dŷ'r Cyffredin bleidleisio o blaid cynnal etholiad cyffredinol ar fyr rybudd ar 8 Mehefin.,Bydd i Theresa May dderbyn cefnogaeth y senedd i gwleidyddion y gwrthbleidiau yn San Steffan wedi gwneud hynny.,4305,18,26
39628590,politics,one_sentence,Mae'r Prif Weinidog Theresa May wedi cyhoeddi y bydd yn gofyn i Dŷ'r Cyffredin bleidleisio o blaid cynnal etholiad cyffredinol ar fyr rybudd ar 8 Mehefin.,"Etholiad cyffredinol wedi gwneud hynny, meddai Theresa May dderbyn cefnogaeth i gwleidyddion y gwrthbleidiau yn San Steffan.",4305,17,26
39628590,politics,fact_constrained,Mae'r Prif Weinidog Theresa May wedi cyhoeddi y bydd yn gofyn i Dŷ'r Cyffredin bleidleisio o blaid cynnal etholiad cyffredinol ar fyr rybudd ar 8 Mehefin.,Etholiad cyffredinol yn dyw San Steffan wedi gwneud hynny.,4305,9,26
18160673,tech,tldr,A UK-Swiss team will use DNA testing to investigate the origins of remains claimed to be from yeti and bigfoot.,Scientists in Switzerland have launched a project to examine alleged yeti remains in the wilds.,3196,15,20
18160673,tech,bullet_points,A UK-Swiss team will use DNA testing to investigate the origins of remains claimed to be from yeti and bigfoot.,Scientists in Switzerland have launched a project to examine alleged yeti remains in the wilds.,3196,15,20
18160673,tech,bullet_points_strict,A UK-Swiss team will use DNA testing to investigate the origins of remains claimed to be from yeti and bigfoot.,Scientists in Switzerland are to conduct a systematic review of alleged yeti and orang pendek remains in the Swiss Alps.,3196,20,20
18160673,tech,one_sentence,A UK-Swiss team will use DNA testing to investigate the origins of remains claimed to be from yeti and bigfoot.,Scientists in Switzerland have launched a project to examine alleged yeti and orang pendek.,3196,14,20
18160673,tech,fact_constrained,A UK-Swiss team will use DNA testing to investigate the origins of remains claimed to be from yeti and bigfoot.,Scientists in Switzerland have launched a project to examine alleged yeti remains in the wilds.,3196,15,20
26554969,politics,tldr,"A new report on genetically modified (GM) crops, commissioned by the prime minister, calls for more UK field trials and fewer EU restrictions.","GM crops are safe - and may be necessary in the future for Britain to grow its own food supply, says a group of leading plant scientists.",6145,27,23
26554969,politics,bullet_points,"A new report on genetically modified (GM) crops, commissioned by the prime minister, calls for more UK field trials and fewer EU restrictions.","Genetically-modified crops should be grown and tested in the UK, a new report says.",6145,14,23
26554969,politics,bullet_points_strict,"A new report on genetically modified (GM) crops, commissioned by the prime minister, calls for more UK field trials and fewer EU restrictions.","Genetically modified crops should be allowed to grow in the UK, a group of leading plant scientists has said.",6145,19,23
26554969,politics,one_sentence,"A new report on genetically modified (GM) crops, commissioned by the prime minister, calls for more UK field trials and fewer EU restrictions.","Genetically-modified crops should be allowed to grow in the UK, a group of leading plant scientists says.",6145,17,23
26554969,politics,fact_constrained,"A new report on genetically modified (GM) crops, commissioned by the prime minister, calls for more UK field trials and fewer EU restrictions.","Genetically-modified crops should be allowed to grow in the UK, a new report says.",6145,14,23
35935320,tech,tldr,Each day we feature a photograph sent in from across England - the gallery will grow during the week.,"If you have a picture you'd like to share, email us at england@bbc.co.uk. If you submit a picture, you agree to grant us a royalty-free, non-exclusive licence to publish and otherwise use the material in any way that we want, and in any media worldwide.",1232,45,19
35935320,tech,bullet_points,Each day we feature a photograph sent in from across England - the gallery will grow during the week.,"If you have a picture you'd like to share, email us at england@bbc.co.uk. If you submit a picture, you agree to grant us a royalty-free, non-exclusive licence to publish and otherwise use the material in any way that we want, and in any media worldwide.",1232,45,19
35935320,tech,bullet_points_strict,Each day we feature a photograph sent in from across England - the gallery will grow during the week.,"If you have a picture you'd like to share, email us at england@bbc.co.uk or post it on Facebook or tweet it to @BBCEngland. If you submit a picture, you do so in accordance with the BBC's Terms and Conditions.",1232,39,19
35935320,tech,one_sentence,Each day we feature a photograph sent in from across England - the gallery will grow during the week.,"Share a picture of England's Big Picture on Facebook, Twitter or Instagram.",1232,12,19
35935320,tech,fact_constrained,Each day we feature a photograph sent in from across England - the gallery will grow during the week.,"If you have a picture you'd like to share, email us at england@bbc.co.uk. If you submit a picture, you agree to grant us a royalty-free, non-exclusive licence to publish and otherwise use the material in any way that we want, and in any media worldwide.",1232,45,19
36241210,politics,tldr,Israeli PM Benjamin Netanyahu has issued a stern public rebuke to the military deputy chief of staff.,Israeli Prime Minister Benjamin Netanyahu has criticised a deputy chief of staff for comparing Nazi Germany to the Holocaust.,2397,19,17
36241210,politics,bullet_points,Israeli PM Benjamin Netanyahu has issued a stern public rebuke to the military deputy chief of staff.,Israeli Prime Minister Benjamin Netanyahu has criticised a deputy chief of staff for comparing Nazi Germany to the Holocaust.,2397,19,17
36241210,politics,bullet_points_strict,Israeli PM Benjamin Netanyahu has issued a stern public rebuke to the military deputy chief of staff.,Israeli Prime Minister Benjamin Netanyahu has criticised a deputy chief of staff for comparing Nazi Germany to the Holocaust.,2397,19,17
36241210,politics,one_sentence,Israeli PM Benjamin Netanyahu has issued a stern public rebuke to the military deputy chief of staff.,Israeli Prime Minister Benjamin Netanyahu has criticised a deputy chief of staff for comparing Nazi Germany to the Holocaust.,2397,19,17
36241210,politics,fact_constrained,Israeli PM Benjamin Netanyahu has issued a stern public rebuke to the military deputy chief of staff.,Israeli Prime Minister Benjamin Netanyahu has criticised a deputy chief of staff for comparing Nazi Germany to the Holocaust.,2397,19,17
35291436,business,tldr,"The main tunnel serving Scotland's third busiest rail station is to close for 20 weeks, causing major disruption.",ScotRail's main Edinburgh-Glasgow train service will be closed after a major engineering project.,2052,13,18
35291436,business,bullet_points,"The main tunnel serving Scotland's third busiest rail station is to close for 20 weeks, causing major disruption.",ScotRail's main Edinburgh-Glasgow railway will be closed for the first time since it was built.,2052,15,18
35291436,business,bullet_points_strict,"The main tunnel serving Scotland's third busiest rail station is to close for 20 weeks, causing major disruption.",ScotRail's main Edinburgh-Glasgow train line will be closed for the first time in more than a year.,2052,17,18
35291436,business,one_sentence,"The main tunnel serving Scotland's third busiest rail station is to close for 20 weeks, causing major disruption.",ScotRail's main Edinburgh-Glasgow route will be closed for the first time in more than a year.,2052,16,18
35291436,business,fact_constrained,"The main tunnel serving Scotland's third busiest rail station is to close for 20 weeks, causing major disruption.",ScotRail's main Edinburgh-Glasgow train line will be closed after a major engineering project.,2052,13,18
34007864,business,tldr,"The results have been published for more than five million GCSE entries - which will be five million different stories of exam dreams, dramas and disasters.",This year's GCSE results aren't exactly the same as last year's.,4838,11,26
34007864,business,bullet_points,"The results have been published for more than five million GCSE entries - which will be five million different stories of exam dreams, dramas and disasters.",The national exam results are a work of design rather than nature.,4838,12,26
34007864,business,bullet_points_strict,"The results have been published for more than five million GCSE entries - which will be five million different stories of exam dreams, dramas and disasters.",The national exam results are a work of design rather than nature.,4838,12,26
34007864,business,one_sentence,"The results have been published for more than five million GCSE entries - which will be five million different stories of exam dreams, dramas and disasters.","This year's GCSE results have been a huge success, with the proportion of GCSEs getting A* to C grades up from 68.8% last year.",4838,24,26
34007864,business,fact_constrained,"The results have been published for more than five million GCSE entries - which will be five million different stories of exam dreams, dramas and disasters.",This year's GCSE results show that there is a lot of work to be done.,4838,15,26
36066252,business,tldr,"Key countries in the International Monetary Fund (IMF) have pledged to pursue ""growth-friendly"" policies to kickstart the slowing world economy.",The International Monetary Fund (IMF) has warned that the outlook for the global economy is gloomy.,1448,16,20
36066252,business,bullet_points,"Key countries in the International Monetary Fund (IMF) have pledged to pursue ""growth-friendly"" policies to kickstart the slowing world economy.",The International Monetary Fund (IMF) has warned that the outlook for the global economy is gloomy.,1448,16,20
36066252,business,bullet_points_strict,"Key countries in the International Monetary Fund (IMF) have pledged to pursue ""growth-friendly"" policies to kickstart the slowing world economy.",The International Monetary Fund (IMF) has warned that the outlook for the global economy is gloomy.,1448,16,20
36066252,business,one_sentence,"Key countries in the International Monetary Fund (IMF) have pledged to pursue ""growth-friendly"" policies to kickstart the slowing world economy.",The International Monetary Fund (IMF) has warned that the outlook for the global economy is gloomy.,1448,16,20
36066252,business,fact_constrained,"Key countries in the International Monetary Fund (IMF) have pledged to pursue ""growth-friendly"" policies to kickstart the slowing world economy.",The International Monetary Fund (IMF) has warned that the outlook for the global economy is gloomy.,1448,16,20
33782863,politics,tldr,"Rick Perry, the former governor of Texas, is not among the 10 Republicans running for president who will take part in the first primetime TV debate.","Republican presidential hopefuls Donald Trump, Jeb Bush and Scott Walker will take part in a debate in Cleveland on Thursday night.",1625,21,26
33782863,politics,bullet_points,"Rick Perry, the former governor of Texas, is not among the 10 Republicans running for president who will take part in the first primetime TV debate.","Republican presidential hopefuls Donald Trump, Mitt Romney and Mitt Romney have been omitted from the main debate in the US presidential election.",1625,22,26
33782863,politics,bullet_points_strict,"Rick Perry, the former governor of Texas, is not among the 10 Republicans running for president who will take part in the first primetime TV debate.","Republican presidential hopefuls Donald Trump, Mitt Romney and Mitt Romney are to take part in a debate in Cleveland.",1625,19,26
33782863,politics,one_sentence,"Rick Perry, the former governor of Texas, is not among the 10 Republicans running for president who will take part in the first primetime TV debate.","Republican presidential hopefuls Donald Trump, Mitt Romney and Mitt Romney are among the contenders for the 2016 presidential nomination.",1625,19,26
33782863,politics,fact_constrained,"Rick Perry, the former governor of Texas, is not among the 10 Republicans running for president who will take part in the first primetime TV debate.","Republican presidential hopefuls Donald Trump, Mitt Romney and Mitt Romney are among the contenders for the 2016 presidential nomination.",1625,19,26
25567298,business,tldr,"Staff at Swansea's DVLA offices will be redeployed rather than face redundancy after changes to the way motorists pay their car tax, a UK transport minister has confirmed.","The DVLA's chief executive has said there will be a ""natural reduction in the amount of refunds received"" after the new system is scrapped.",1590,24,28
25567298,business,bullet_points,"Staff at Swansea's DVLA offices will be redeployed rather than face redundancy after changes to the way motorists pay their car tax, a UK transport minister has confirmed.","The DVLA's chief executive has said there will be a ""natural reduction"" in the number of jobs needed at the centre.",1590,21,28
25567298,business,bullet_points_strict,"Staff at Swansea's DVLA offices will be redeployed rather than face redundancy after changes to the way motorists pay their car tax, a UK transport minister has confirmed.","The DVLA's chief executive has said there will be a ""natural reduction"" in the number of jobs needed at the centre.",1590,21,28
25567298,business,one_sentence,"Staff at Swansea's DVLA offices will be redeployed rather than face redundancy after changes to the way motorists pay their car tax, a UK transport minister has confirmed.","The DVLA's chief executive has said there will be a ""natural reduction"" in the number of jobs at the centre.",1590,20,28
25567298,business,fact_constrained,"Staff at Swansea's DVLA offices will be redeployed rather than face redundancy after changes to the way motorists pay their car tax, a UK transport minister has confirmed.","The DVLA's chief executive has said there will be a ""natural reduction"" in the number of jobs needed at the centre.",1590,21,28
31312884,tech,tldr,Some people say they are addicted to Facebook and can't go for long without checking their status.,Facebook has bought up more than 200 acres of Silicon Valley.,1649,11,17
31312884,tech,bullet_points,Some people say they are addicted to Facebook and can't go for long without checking their status.,Facebook has bought up more than 200 acres of Silicon Valley.,1649,11,17
31312884,tech,bullet_points_strict,Some people say they are addicted to Facebook and can't go for long without checking their status.,Facebook has bought up more than 200 acres of Silicon Valley.,1649,11,17
31312884,tech,one_sentence,Some people say they are addicted to Facebook and can't go for long without checking their status.,"Facebook has bought up more than 200 acres of Silicon Valley land near Menlo Park, California.",1649,16,17
31312884,tech,fact_constrained,Some people say they are addicted to Facebook and can't go for long without checking their status.,Facebook has bought up more than 200 acres of Silicon Valley.,1649,11,17
34746286,tech,tldr,"A teenage boy has appeared in court for a second time charged with murdering 16-year-old Bailey Gwynne, who was stabbed at his Aberdeen school.",A 16-year-old boy has appeared in court charged with the murder of a pupil at a school in Aberdeen.,497,19,24
34746286,tech,bullet_points,"A teenage boy has appeared in court for a second time charged with murdering 16-year-old Bailey Gwynne, who was stabbed at his Aberdeen school.",A 16-year-old boy has appeared in court charged with murdering a pupil at a school in Aberdeen.,497,17,24
34746286,tech,bullet_points_strict,"A teenage boy has appeared in court for a second time charged with murdering 16-year-old Bailey Gwynne, who was stabbed at his Aberdeen school.",A 16-year-old boy has appeared in court charged with the murder of a pupil at a school in Aberdeen.,497,19,24
34746286,tech,one_sentence,"A teenage boy has appeared in court for a second time charged with murdering 16-year-old Bailey Gwynne, who was stabbed at his Aberdeen school.",A 16-year-old boy has appeared in court charged with the murder of a pupil at a school in Aberdeen.,497,19,24
34746286,tech,fact_constrained,"A teenage boy has appeared in court for a second time charged with murdering 16-year-old Bailey Gwynne, who was stabbed at his Aberdeen school.",A 16-year-old boy has appeared in court charged with the murder of a pupil at a school in Aberdeen.,497,19,24
38016521,tech,tldr,Two men from High Wycombe jailed for a fatal stabbing have had their sentences increased by the Court of Appeal.,Three men have been jailed for life for the murder of a teenager who was stabbed while walking home from a carnival.,1704,22,20
38016521,tech,bullet_points,Two men from High Wycombe jailed for a fatal stabbing have had their sentences increased by the Court of Appeal.,Three men have been jailed for life for the murder of a teenager who was stabbed while walking home from a carnival.,1704,22,20
38016521,tech,bullet_points_strict,Two men from High Wycombe jailed for a fatal stabbing have had their sentences increased by the Court of Appeal.,Three men have been jailed for life for the murder of a teenager who was stabbed while walking home from a carnival.,1704,22,20
38016521,tech,one_sentence,Two men from High Wycombe jailed for a fatal stabbing have had their sentences increased by the Court of Appeal.,Three men have been jailed for life for the murder of a teenager who was stabbed in the street.,1704,19,20
38016521,tech,fact_constrained,Two men from High Wycombe jailed for a fatal stabbing have had their sentences increased by the Court of Appeal.,Three men have been jailed for life for the murder of a teenager who died after being stabbed at a carnival.,1704,21,20
36300224,politics,tldr,"Reaching its centenary amidst a general chorus of vilification around the region, the legacy of the secret Sykes-Picot agreement of 1916 has never looked more under assault.",Sykes-Picot's legacy - it's over.,6148,5,27
36300224,politics,bullet_points,"Reaching its centenary amidst a general chorus of vilification around the region, the legacy of the secret Sykes-Picot agreement of 1916 has never looked more under assault.",Sykes-Picot.,6148,1,27
36300224,politics,bullet_points_strict,"Reaching its centenary amidst a general chorus of vilification around the region, the legacy of the secret Sykes-Picot agreement of 1916 has never looked more under assault.","Sykes-Picot - a document drawn by British diplomats Mark Sykes and Francois Georges-Picot in 1916 - has become the label for the whole era in which outside powers imposed their will, drew borders and installed client local leaders.",6148,38,27
36300224,politics,one_sentence,"Reaching its centenary amidst a general chorus of vilification around the region, the legacy of the secret Sykes-Picot agreement of 1916 has never looked more under assault.",Sykes-Picot.,6148,1,27
36300224,politics,fact_constrained,"Reaching its centenary amidst a general chorus of vilification around the region, the legacy of the secret Sykes-Picot agreement of 1916 has never looked more under assault.",Sykes-Picot.,6148,1,27
40810771,tech,tldr,"When Roger Dingledine talks about the dark web, he waves his hands in the air - as if not quite convinced of its existence.","Dingledine says: ""It's not like there's a new set of bad people in the world who exist because Tor exists.""",5435,20,24
40810771,tech,bullet_points,"When Roger Dingledine talks about the dark web, he waves his hands in the air - as if not quite convinced of its existence.",Dingledine says.,5435,2,24
40810771,tech,bullet_points_strict,"When Roger Dingledine talks about the dark web, he waves his hands in the air - as if not quite convinced of its existence.",Dingledine says.,5435,2,24
40810771,tech,one_sentence,"When Roger Dingledine talks about the dark web, he waves his hands in the air - as if not quite convinced of its existence.",Dingledine says.,5435,2,24
40810771,tech,fact_constrained,"When Roger Dingledine talks about the dark web, he waves his hands in the air - as if not quite convinced of its existence.","Dingledine says: ""It's not like there's a new set of bad people.""",5435,12,24
32220975,tech,tldr,"A man shot his ill wife before killing himself in a suicide pact, an inquest has heard.","A man has been found guilty of unlawfully killing his wife, a coroner has said.",1372,15,17
32220975,tech,bullet_points,"A man shot his ill wife before killing himself in a suicide pact, an inquest has heard.","A man has been found guilty of unlawfully killing his wife, a coroner has said.",1372,15,17
32220975,tech,bullet_points_strict,"A man shot his ill wife before killing himself in a suicide pact, an inquest has heard.","A man has been found guilty of unlawfully killing his wife, a coroner has said.",1372,15,17
32220975,tech,one_sentence,"A man shot his ill wife before killing himself in a suicide pact, an inquest has heard.",An inquest into the death of a couple who were found dead in a garage has been adjourned.,1372,18,17
32220975,tech,fact_constrained,"A man shot his ill wife before killing himself in a suicide pact, an inquest has heard.","A man has been found guilty of unlawfully killing his wife, a coroner has found.",1372,15,17
33798779,politics,tldr,Australia has confirmed it sent 46 asylum seekers back to Vietnam after intercepting their boat off the coast of Western Australia last month.,The Australian government has scuttled a Vietnamese boat that arrived in Australia from Vietnam.,1360,14,23
33798779,politics,bullet_points,Australia has confirmed it sent 46 asylum seekers back to Vietnam after intercepting their boat off the coast of Western Australia last month.,The Australian government has scuttled a Vietnamese boat that arrived in Australia from Vietnam.,1360,14,23
33798779,politics,bullet_points_strict,Australia has confirmed it sent 46 asylum seekers back to Vietnam after intercepting their boat off the coast of Western Australia last month.,The Australian government has scuttled a Vietnamese boat that arrived in Australia from Vietnam.,1360,14,23
33798779,politics,one_sentence,Australia has confirmed it sent 46 asylum seekers back to Vietnam after intercepting their boat off the coast of Western Australia last month.,The Australian government has scuttled a Vietnamese boat that arrived in Australia from Vietnam.,1360,14,23
33798779,politics,fact_constrained,Australia has confirmed it sent 46 asylum seekers back to Vietnam after intercepting their boat off the coast of Western Australia last month.,The Australian government has scuttled a Vietnamese boat that arrived in Australia from Vietnam.,1360,14,23
32904368,politics,tldr,Nick Clegg has accused the new Tory government of abandoning the values he said had been at the coalition's core.,Nick Clegg has criticised the Conservatives' lack of commitment to civil liberties.,1863,12,20
32904368,politics,bullet_points,Nick Clegg has accused the new Tory government of abandoning the values he said had been at the coalition's core.,"Nick Clegg has said his party's ""mission is clearer than ever"" after the election.",1863,14,20
32904368,politics,bullet_points_strict,Nick Clegg has accused the new Tory government of abandoning the values he said had been at the coalition's core.,Nick Clegg has criticised the Conservatives' lack of commitment to civil liberties.,1863,12,20
32904368,politics,one_sentence,Nick Clegg has accused the new Tory government of abandoning the values he said had been at the coalition's core.,"Lib Dem leader Nick Clegg has said the Conservatives are ""disturbing"" the UK's civil liberties.",1863,15,20
32904368,politics,fact_constrained,Nick Clegg has accused the new Tory government of abandoning the values he said had been at the coalition's core.,Nick Clegg has criticised the Conservatives' lack of commitment to civil liberties.,1863,12,20
22508472,business,tldr,"Industrial production in China recorded a smaller-than-expected rise in April, underlining worries that the economy may be losing steam.","China's economy expanded at an annual rate of 7.7% in the first three months of the year, down from 7.7% in the previous quarter.",1395,24,19
22508472,business,bullet_points,"Industrial production in China recorded a smaller-than-expected rise in April, underlining worries that the economy may be losing steam.","China's economy expanded at an annual rate of 7.7% in the first three months of the year, down from 7.7% in the previous quarter.",1395,24,19
22508472,business,bullet_points_strict,"Industrial production in China recorded a smaller-than-expected rise in April, underlining worries that the economy may be losing steam.","China's economy expanded at an annual rate of 7.7% in the first three months of the year, down from 7.7% in the previous quarter.",1395,24,19
22508472,business,one_sentence,"Industrial production in China recorded a smaller-than-expected rise in April, underlining worries that the economy may be losing steam.","China's economy expanded at an annual rate of 7.7% in the first three months of the year, down from 7.7% in the previous quarter.",1395,24,19
22508472,business,fact_constrained,"Industrial production in China recorded a smaller-than-expected rise in April, underlining worries that the economy may be losing steam.","China's economy expanded at an annual rate of 7.7% in the first three months of the year, down from 7.7% in the previous quarter.",1395,24,19
12570045,business,tldr,"If you spent $9bn a year on research and development and employed 900 of the world's top computer scientists to come up with new ideas, what would you expect in return?",Microsoft's XBox Kinect is a game controller that turns a player's body into a games controller.,5040,16,31
12570045,business,bullet_points,"If you spent $9bn a year on research and development and employed 900 of the world's top computer scientists to come up with new ideas, what would you expect in return?",Microsoft is a company that spends a lot of money on R&D.,5040,12,31
12570045,business,bullet_points_strict,"If you spent $9bn a year on research and development and employed 900 of the world's top computer scientists to come up with new ideas, what would you expect in return?",Microsoft's XBox Kinect system - which turns a player's body into a games controller - has racked up 8m sales.,5040,20,31
12570045,business,one_sentence,"If you spent $9bn a year on research and development and employed 900 of the world's top computer scientists to come up with new ideas, what would you expect in return?",Microsoft is a company that spends a lot of money on R&D.,5040,12,31
12570045,business,fact_constrained,"If you spent $9bn a year on research and development and employed 900 of the world's top computer scientists to come up with new ideas, what would you expect in return?",Microsoft's XBox Kinect system is a game changer.,5040,8,31
40213181,politics,tldr,It has been a dramatic night that has confounded expectations of political parties and commentators.,Labour have outperformed every Welsh-only poll over the course of the campaign - and the exit poll - achieving their highest share of the vote in Wales since 1997.,2886,29,15
40213181,politics,bullet_points,It has been a dramatic night that has confounded expectations of political parties and commentators.,Labour and the Conservatives have both won their share of the vote in Wales in the general election.,2886,18,15
40213181,politics,bullet_points_strict,It has been a dramatic night that has confounded expectations of political parties and commentators.,"Labour, Conservatives, Plaid Cymru, Plaid Cymru, Plaid Cymru, Plaid Cymru, Plaid Cymru, Plaid Cymru, Plaid Cymru, Plaid Cymru",2886,18,15
40213181,politics,one_sentence,It has been a dramatic night that has confounded expectations of political parties and commentators.,"Labour's win over the Conservatives in the Welsh general election was a surprise, but Labour's win over Plaid Cymru was a surprise.",2886,22,15
40213181,politics,fact_constrained,It has been a dramatic night that has confounded expectations of political parties and commentators.,"Labour's victory in the general election in Wales is a big win for the party, with the Conservatives gaining three seats from the Conservatives.",2886,24,15
32610327,politics,tldr,People are voting across Merseyside in the general and local council elections.,Voters in Merseyside will be able to cast their ballots after midnight on Tuesday.,321,14,12
32610327,politics,bullet_points,People are voting across Merseyside in the general and local council elections.,Voters in Merseyside have been able to cast their ballots for the upcoming general election.,321,15,12
32610327,politics,bullet_points_strict,People are voting across Merseyside in the general and local council elections.,Voters in Merseyside have been able to cast their ballots for the upcoming general election.,321,15,12
32610327,politics,one_sentence,People are voting across Merseyside in the general and local council elections.,Voters in Merseyside will be able to cast their ballots in the general election on Sunday.,321,16,12
32610327,politics,fact_constrained,People are voting across Merseyside in the general and local council elections.,Voters in Merseyside have been able to cast their ballots in the general election.,321,14,12
31111562,tech,tldr,"A large billboard has been puzzling residents of a County Down town, and commuters on the main route between Bangor and Belfast.",A billboard with the phrase #prayforjosh has gone viral in County Down.,2267,12,22
31111562,tech,bullet_points,"A large billboard has been puzzling residents of a County Down town, and commuters on the main route between Bangor and Belfast.",A massive billboard has been erected at a County Down church in support of a teenager who was diagnosed with cancer.,2267,21,22
31111562,tech,bullet_points_strict,"A large billboard has been puzzling residents of a County Down town, and commuters on the main route between Bangor and Belfast.",A massive billboard has been erected at a church in County Down in support of a teenager who was diagnosed with cancer.,2267,22,22
31111562,tech,one_sentence,"A large billboard has been puzzling residents of a County Down town, and commuters on the main route between Bangor and Belfast.",A massive billboard with the phrase #prayforjosh has been erected in County Down.,2267,13,22
31111562,tech,fact_constrained,"A large billboard has been puzzling residents of a County Down town, and commuters on the main route between Bangor and Belfast.",A massive billboard has been erected in County Down in support of a teenager who was diagnosed with cancer.,2267,19,22
36628793,politics,tldr,Tens of thousands of people have joined the Pride parade through central London.,London's Pride parade has gathered to mark the anniversary of the shootings in Orlando.,3290,14,13
36628793,politics,bullet_points,Tens of thousands of people have joined the Pride parade through central London.,London's Pride parade has gathered to mark the centenary of the shootings in Orlando.,3290,14,13
36628793,politics,bullet_points_strict,Tens of thousands of people have joined the Pride parade through central London.,London's Pride parade has gathered in Trafalgar Square to mark the centenary of the shootings in Orlando.,3290,17,13
36628793,politics,one_sentence,Tens of thousands of people have joined the Pride parade through central London.,London's Pride parade has gathered to mark the anniversary of the shootings in Orlando.,3290,14,13
36628793,politics,fact_constrained,Tens of thousands of people have joined the Pride parade through central London.,London's Pride parade has gathered to mark the anniversary of the Orlando shootings.,3290,13,13
37585804,business,tldr,"Hundreds of aerospace jobs could be lost if a factory is forced to ""significantly downsize"" or close, it has been claimed.","GKN Aerospace, which makes helicopters, has said it is ""no longer a sustainable business"" after Leonardo's decision to close its Yeovil branch.",1267,22,21
37585804,business,bullet_points,"Hundreds of aerospace jobs could be lost if a factory is forced to ""significantly downsize"" or close, it has been claimed.","A helicopter manufacturer has said it is ""no longer a sustainable business"" after Leonardo's decision to close its Yeovil branch.",1267,20,21
37585804,business,bullet_points_strict,"Hundreds of aerospace jobs could be lost if a factory is forced to ""significantly downsize"" or close, it has been claimed.","A helicopter manufacturer has said it is ""no longer a sustainable business"" after Leonardo's decision to close its Yeovil branch.",1267,20,21
37585804,business,one_sentence,"Hundreds of aerospace jobs could be lost if a factory is forced to ""significantly downsize"" or close, it has been claimed.","GKN Aerospace, which makes helicopters, has said it is ""no longer a sustainable business"" after Leonardo's decision to close its Yeovil branch.",1267,22,21
37585804,business,fact_constrained,"Hundreds of aerospace jobs could be lost if a factory is forced to ""significantly downsize"" or close, it has been claimed.","A helicopter manufacturer has said it is ""no longer viable"" to close its Yeovil branch after Leonardo's decision to take production in-house.",1267,22,21
32231034,tech,tldr,"A man accused of kidnapping his partner allegedly drove at a police officer who tried to save her, a court has heard.",A man has denied kidnapping and assaulting a woman in east Belfast.,1701,12,22
32231034,tech,bullet_points,"A man accused of kidnapping his partner allegedly drove at a police officer who tried to save her, a court has heard.",A man has denied kidnapping and assaulting a woman in east Belfast.,1701,12,22
32231034,tech,bullet_points_strict,"A man accused of kidnapping his partner allegedly drove at a police officer who tried to save her, a court has heard.",A man has denied kidnapping and assaulting a woman in east Belfast.,1701,12,22
32231034,tech,one_sentence,"A man accused of kidnapping his partner allegedly drove at a police officer who tried to save her, a court has heard.",A man has denied kidnapping and assaulting a woman in east Belfast.,1701,12,22
32231034,tech,fact_constrained,"A man accused of kidnapping his partner allegedly drove at a police officer who tried to save her, a court has heard.",A man has denied kidnapping and assaulting a woman in east Belfast.,1701,12,22
39920686,politics,tldr,Declassified documents reveal concerns of the UK government 60 years ago that Rockall could become a base for spying on a missile test site.,"Nato documents show that the UK government feared that it could be used by ""hostile agents"" to monitor the South Uist range.",1783,22,24
39920686,politics,bullet_points,Declassified documents reveal concerns of the UK government 60 years ago that Rockall could become a base for spying on a missile test site.,"Nato documents reveal the UK government's decision to set up a guided missile range in South Uist, in the Outer Hebrides.",1783,21,24
39920686,politics,bullet_points_strict,Declassified documents reveal concerns of the UK government 60 years ago that Rockall could become a base for spying on a missile test site.,Nato documents reveal the UK government's decision to set up a guided missile range in the Outer Hebrides.,1783,18,24
39920686,politics,one_sentence,Declassified documents reveal concerns of the UK government 60 years ago that Rockall could become a base for spying on a missile test site.,Nato documents reveal the UK government's decision to set up a guided missile range in the Outer Hebrides.,1783,18,24
39920686,politics,fact_constrained,Declassified documents reveal concerns of the UK government 60 years ago that Rockall could become a base for spying on a missile test site.,Rockall is a remote North Atlantic rock that has been claimed by the UK government.,1783,15,24
39680509,entertainment,tldr,The artist who created the album cover for The Beatles' Sgt Pepper album has been given a top honour in the band's home city.,Liverpool's most famous artist has been recognised for his contribution to the city's cultural life.,1538,15,24
39680509,entertainment,bullet_points,The artist who created the album cover for The Beatles' Sgt Pepper album has been given a top honour in the band's home city.,Liverpool's most famous artist has been honoured with a lifetime achievement award.,1538,12,24
39680509,entertainment,bullet_points_strict,The artist who created the album cover for The Beatles' Sgt Pepper album has been given a top honour in the band's home city.,Liverpool's most famous artist has been honoured with a Citizen of Honour award.,1538,13,24
39680509,entertainment,one_sentence,The artist who created the album cover for The Beatles' Sgt Pepper album has been given a top honour in the band's home city.,Liverpool's most famous artist has been recognised for his contribution to the city's cultural life.,1538,15,24
39680509,entertainment,fact_constrained,The artist who created the album cover for The Beatles' Sgt Pepper album has been given a top honour in the band's home city.,A Liverpool man has been recognised for his contribution to the city's cultural life.,1538,14,24
19962775,politics,tldr,Generation of electricity and heat from plant material is listed in the suite of renewable energy technologies that the UK governments think can help deliver 15% of the nations' energy consumption by 2020.,Bioenergy crops are being rolled out in the UK.,5364,9,33
19962775,politics,bullet_points,Generation of electricity and heat from plant material is listed in the suite of renewable energy technologies that the UK governments think can help deliver 15% of the nations' energy consumption by 2020.,"Bioenergy is a key part of the UK's energy mix, but it is also a key part of the UK's energy strategy.",5364,22,33
19962775,politics,bullet_points_strict,Generation of electricity and heat from plant material is listed in the suite of renewable energy technologies that the UK governments think can help deliver 15% of the nations' energy consumption by 2020.,"Bioenergy is a key part of the UK's strategy for decarbonising the energy mix, says the government.",5364,17,33
19962775,politics,one_sentence,Generation of electricity and heat from plant material is listed in the suite of renewable energy technologies that the UK governments think can help deliver 15% of the nations' energy consumption by 2020.,Bioenergy is a very important part of the UK's energy mix - it's a very important part of the UK's energy mix.,5364,22,33
19962775,politics,fact_constrained,Generation of electricity and heat from plant material is listed in the suite of renewable energy technologies that the UK governments think can help deliver 15% of the nations' energy consumption by 2020.,Bioenergy crops are being introduced into the UK's energy mix.,5364,10,33
32327177,politics,tldr,The International Monetary Fund has today highlighted the challenge to be faced by the next government in returning the public finances to balance.,The International Monetary Fund (IMF) has said that the gap between spending and taxes will remain a deficit of £7bn in 2020.,1917,22,23
32327177,politics,bullet_points,The International Monetary Fund has today highlighted the challenge to be faced by the next government in returning the public finances to balance.,The International Monetary Fund (IMF) has warned that the next government may be forced to increase taxes or cut spending a bit more than currently planned.,1917,26,23
32327177,politics,bullet_points_strict,The International Monetary Fund has today highlighted the challenge to be faced by the next government in returning the public finances to balance.,The International Monetary Fund (IMF) has warned that the next government may be forced to increase taxes or cut spending a bit more than planned.,1917,25,23
32327177,politics,one_sentence,The International Monetary Fund has today highlighted the challenge to be faced by the next government in returning the public finances to balance.,The International Monetary Fund (IMF) has warned that the Tories will be forced to increase taxes or cut spending a bit more than they originally planned.,1917,26,23
32327177,politics,fact_constrained,The International Monetary Fund has today highlighted the challenge to be faced by the next government in returning the public finances to balance.,The International Monetary Fund (IMF) has warned that the next government may be forced to increase taxes or cut spending a bit more than currently planned.,1917,26,23
34356851,tech,tldr,BBC newsreader Sophie Raworth is to be part of Watchdog's new presenting team.,Two former journalists have joined the BBC's new series of Watchdog.,1077,11,13
34356851,tech,bullet_points,BBC newsreader Sophie Raworth is to be part of Watchdog's new presenting team.,Two former BBC presenters have joined the BBC's new series of Watchdog.,1077,12,13
34356851,tech,bullet_points_strict,BBC newsreader Sophie Raworth is to be part of Watchdog's new presenting team.,Two former BBC presenters have joined the new line-up of Watchdog.,1077,11,13
34356851,tech,one_sentence,BBC newsreader Sophie Raworth is to be part of Watchdog's new presenting team.,Two former BBC presenters have joined the new line-up of Watchdog.,1077,11,13
34356851,tech,fact_constrained,BBC newsreader Sophie Raworth is to be part of Watchdog's new presenting team.,Two former BBC presenters have joined the new line-up of Watchdog.,1077,11,13
36794901,tech,tldr,A man who described himself in court as looking like John Travolta has been found guilty of the rape and murder of a teenager 34 years ago.,A man has been jailed for life for the murder of a schoolgirl.,2980,13,27
36794901,tech,bullet_points,A man who described himself in court as looking like John Travolta has been found guilty of the rape and murder of a teenager 34 years ago.,"A man has been found guilty of murdering a schoolgirl who was a virgin before the attack, a court has heard.",2980,21,27
36794901,tech,bullet_points_strict,A man who described himself in court as looking like John Travolta has been found guilty of the rape and murder of a teenager 34 years ago.,A former tiler has been jailed for life for murdering a schoolgirl.,2980,12,27
36794901,tech,one_sentence,A man who described himself in court as looking like John Travolta has been found guilty of the rape and murder of a teenager 34 years ago.,A man has been jailed for life for the murder of a schoolgirl.,2980,13,27
36794901,tech,fact_constrained,A man who described himself in court as looking like John Travolta has been found guilty of the rape and murder of a teenager 34 years ago.,A man has been jailed for life for the murder of a schoolgirl.,2980,13,27
21041587,business,tldr,"The BBC generated more than £8bn for the UK economy in 2011-12, almost twice its licence fee spend.","The BBC's spending on licence money has a multiplier effect on the economy, according to a report.",2456,17,18
21041587,business,bullet_points,"The BBC generated more than £8bn for the UK economy in 2011-12, almost twice its licence fee spend.","The BBC's spending on licence money is'multiplied' as it creates value elsewhere in the economy, according to a report.",2456,19,18
21041587,business,bullet_points_strict,"The BBC generated more than £8bn for the UK economy in 2011-12, almost twice its licence fee spend.","The BBC's spending on licence money is'multiplied' as it ripples through the economy from region to region and sector to sector, according to a new report.",2456,26,18
21041587,business,one_sentence,"The BBC generated more than £8bn for the UK economy in 2011-12, almost twice its licence fee spend.","The BBC's spending on licence money has been'multiplied', according to a new report.",2456,13,18
21041587,business,fact_constrained,"The BBC generated more than £8bn for the UK economy in 2011-12, almost twice its licence fee spend.","The BBC's spending on licence money has been'multiplied', according to a new report.",2456,13,18
33322212,politics,tldr,The US has said that it will resume aid to the military in Bahrain.,"Bahrain's government has lifted restrictions on the release of political prisoners, the US has said.",1713,15,14
33322212,politics,bullet_points,The US has said that it will resume aid to the military in Bahrain.,"Bahrain's government has lifted restrictions on the release of political prisoners, the US has said.",1713,15,14
33322212,politics,bullet_points_strict,The US has said that it will resume aid to the military in Bahrain.,"Bahrain's government has lifted restrictions on the release of political prisoners, the US has said.",1713,15,14
33322212,politics,one_sentence,The US has said that it will resume aid to the military in Bahrain.,"The US has lifted restrictions on Bahrain's government on human rights reforms and reconciliation, the US has said.",1713,18,14
33322212,politics,fact_constrained,The US has said that it will resume aid to the military in Bahrain.,"Bahrain's government has lifted restrictions on the release of political prisoners, the US has said.",1713,15,14
18532395,business,tldr,"A signed Beatles ticket from a concert in Norfolk in 1963 is expected to fetch up to £2,000 at auction in London.",The Beatles have sold a ticket to a gig at the Grosvenor in Norwich.,626,14,22
18532395,business,bullet_points,"A signed Beatles ticket from a concert in Norfolk in 1963 is expected to fetch up to £2,000 at auction in London.",The Beatles have sold a ticket to a sold-out gig at the Grosvenor in Norwich.,626,15,22
18532395,business,bullet_points_strict,"A signed Beatles ticket from a concert in Norfolk in 1963 is expected to fetch up to £2,000 at auction in London.",The Beatles have sold a ticket to a gig at the Grosvenor Theatre in Norwich.,626,15,22
18532395,business,one_sentence,"A signed Beatles ticket from a concert in Norfolk in 1963 is expected to fetch up to £2,000 at auction in London.",The Beatles have sold a ticket to a sold-out gig at the Grosvenor Theatre in Norwich.,626,16,22
18532395,business,fact_constrained,"A signed Beatles ticket from a concert in Norfolk in 1963 is expected to fetch up to £2,000 at auction in London.",The Beatles have sold a ticket to a sold-out gig at the Grosvenor in Norwich.,626,15,22
34667481,politics,tldr,"Too many of the most vulnerable young people in England are ""cut adrift when they need help the most"", says the head of a powerful committee of MPs.","A lack of support for care leavers is a ""systemic issue"", MPs say.",3089,13,28
34667481,politics,bullet_points,"Too many of the most vulnerable young people in England are ""cut adrift when they need help the most"", says the head of a powerful committee of MPs.","The quality and cost of care leavers' support is ""unacceptable"", MPs say.",3089,12,28
34667481,politics,bullet_points_strict,"Too many of the most vulnerable young people in England are ""cut adrift when they need help the most"", says the head of a powerful committee of MPs.","The quality and cost of care leavers' support is ""unacceptable"" in some local authorities, MPs say.",3089,16,28
34667481,politics,one_sentence,"Too many of the most vulnerable young people in England are ""cut adrift when they need help the most"", says the head of a powerful committee of MPs.","The quality and cost of support for care leavers is ""unacceptable"", MPs say.",3089,13,28
34667481,politics,fact_constrained,"Too many of the most vulnerable young people in England are ""cut adrift when they need help the most"", says the head of a powerful committee of MPs.","The quality and cost of care leavers' support is ""unacceptable"", MPs say.",3089,12,28
32120583,politics,tldr,"Teachers should ignore rules on promoting ""fundamental British values"", a teachers' union conference has heard.","The government's new requirement for schools to promote ""fundamental British values"" is ""deeply ill-considered"" and ""political posturing"", says a head teacher.",3146,21,15
32120583,politics,bullet_points,"Teachers should ignore rules on promoting ""fundamental British values"", a teachers' union conference has heard.","Teachers should disengage from a requirement for schools to promote ""fundamental British values"", a head teacher has warned.",3146,18,15
32120583,politics,bullet_points_strict,"Teachers should ignore rules on promoting ""fundamental British values"", a teachers' union conference has heard.","Teachers should disengage from a requirement for schools to promote ""fundamental British values"", a head teacher has warned.",3146,18,15
32120583,politics,one_sentence,"Teachers should ignore rules on promoting ""fundamental British values"", a teachers' union conference has heard.","Teachers have urged teachers to disengage from a requirement for schools to promote ""fundamental British values"".",3146,16,15
32120583,politics,fact_constrained,"Teachers should ignore rules on promoting ""fundamental British values"", a teachers' union conference has heard.","Teachers are being asked to disengage from a law requiring schools to promote ""fundamental British values"".",3146,16,15
30996686,politics,tldr,"David Oyelowo has defended fellow British actor and friend, Benedict Cumberbatch, for using the term ""coloured"" during an interview.","Actor David Oyelowo says he thinks Benedict Cumberbatch's use of the word 'coloured' is ""disingenuous"".",2670,15,19
30996686,politics,bullet_points,"David Oyelowo has defended fellow British actor and friend, Benedict Cumberbatch, for using the term ""coloured"" during an interview.","Actor David Oyelowo says he thinks Benedict Cumberbatch's use of the word 'coloured' is ""disingenuous"".",2670,15,19
30996686,politics,bullet_points_strict,"David Oyelowo has defended fellow British actor and friend, Benedict Cumberbatch, for using the term ""coloured"" during an interview.","Actor David Oyelowo says he thinks Benedict Cumberbatch's use of the word 'coloured' is ""disingenuous"".",2670,15,19
30996686,politics,one_sentence,"David Oyelowo has defended fellow British actor and friend, Benedict Cumberbatch, for using the term ""coloured"" during an interview.","Actor David Oyelowo says he is ""disingenuous"" to attack Benedict Cumberbatch for using the word 'coloured'.",2670,16,19
30996686,politics,fact_constrained,"David Oyelowo has defended fellow British actor and friend, Benedict Cumberbatch, for using the term ""coloured"" during an interview.","Actor David Oyelowo has said he is ""disingenuous"" to attack Benedict Cumberbatch for using the word 'coloured'.",2670,17,19
39248779,business,tldr,"People with dementia and learning difficulties are being detained in care without checks due to a 'failing' law, the Law Commission has said.","The current system of deprivation of liberty safeguards in England and Wales is not working, the Law Commission has said.",4102,20,23
39248779,business,bullet_points,"People with dementia and learning difficulties are being detained in care without checks due to a 'failing' law, the Law Commission has said.","The current system of deprivation of liberty in care homes and hospitals in England is failing, the Law Commission has said.",4102,21,23
39248779,business,bullet_points_strict,"People with dementia and learning difficulties are being detained in care without checks due to a 'failing' law, the Law Commission has said.","The current system of deprivation of liberty in care homes and hospitals in England is not working, the Law Commission has said.",4102,22,23
39248779,business,one_sentence,"People with dementia and learning difficulties are being detained in care without checks due to a 'failing' law, the Law Commission has said.","The current system of deprivation of liberty in care homes and hospitals in England has become ""inadequate"", the Law Commission has said.",4102,22,23
39248779,business,fact_constrained,"People with dementia and learning difficulties are being detained in care without checks due to a 'failing' law, the Law Commission has said.","The current system of deprivation of liberty in care homes and hospitals in England is failing, the Law Commission has said.",4102,21,23
14761190,entertainment,tldr,An actress who appeared in the Oscar-winning film Slumdog Millionaire is to attend a special screening of the movie in Kingussie later.,Film director Janet de Vigne is due to attend a screening of Slumdog Millionaire at the Kingussie Film Festival.,653,19,22
14761190,entertainment,bullet_points,An actress who appeared in the Oscar-winning film Slumdog Millionaire is to attend a special screening of the movie in Kingussie later.,"Slumdog Millionaire, directed by Danny Boyle, has been shown at the Kingussie Film Festival.",653,14,22
14761190,entertainment,bullet_points_strict,An actress who appeared in the Oscar-winning film Slumdog Millionaire is to attend a special screening of the movie in Kingussie later.,Slumdog Millionaire is to be shown at the Kingussie Film Festival on Friday.,653,13,22
14761190,entertainment,one_sentence,An actress who appeared in the Oscar-winning film Slumdog Millionaire is to attend a special screening of the movie in Kingussie later.,The film Slumdog Millionaire has been shown at the Kingussie Film Festival.,653,12,22
14761190,entertainment,fact_constrained,An actress who appeared in the Oscar-winning film Slumdog Millionaire is to attend a special screening of the movie in Kingussie later.,The film Slumdog Millionaire is to be shown at the Kingussie Film Festival on Friday.,653,15,22
28349706,politics,tldr,"A leaked report into the so-called ""Trojan Horse"" plot has found evidence there was an agenda to introduce ""an intolerant and aggressive Islamist ethos"" into some Birmingham schools.","The government's ""Trojan Horse"" letter to Birmingham schools was a hoax, it has emerged.",4868,14,28
28349706,politics,bullet_points,"A leaked report into the so-called ""Trojan Horse"" plot has found evidence there was an agenda to introduce ""an intolerant and aggressive Islamist ethos"" into some Birmingham schools.","The government's ""Trojan Horse"" letter to Birmingham schools was a hoax, he said.",4868,13,28
28349706,politics,bullet_points_strict,"A leaked report into the so-called ""Trojan Horse"" plot has found evidence there was an agenda to introduce ""an intolerant and aggressive Islamist ethos"" into some Birmingham schools.","The government's ""Trojan Horse"" letter to Birmingham schools was a hoax, it has emerged.",4868,14,28
28349706,politics,one_sentence,"A leaked report into the so-called ""Trojan Horse"" plot has found evidence there was an agenda to introduce ""an intolerant and aggressive Islamist ethos"" into some Birmingham schools.","The government's ""Trojan Horse"" letter to Birmingham schools was a hoax, he said.",4868,13,28
28349706,politics,fact_constrained,"A leaked report into the so-called ""Trojan Horse"" plot has found evidence there was an agenda to introduce ""an intolerant and aggressive Islamist ethos"" into some Birmingham schools.","The government's ""Trojan Horse"" letter to Birmingham schools was a hoax, it has emerged.",4868,14,28
37720369,politics,tldr,A power cut left Venezuela's parliament in the dark as it discussed a law dedicated to the energy sector.,Opposition MPs in Venezuela's National Assembly have suspended a parliament session because of a power outage.,1333,16,19
37720369,politics,bullet_points,A power cut left Venezuela's parliament in the dark as it discussed a law dedicated to the energy sector.,Opposition MPs in Venezuela's National Assembly have suspended a parliament session because of a power outage.,1333,16,19
37720369,politics,bullet_points_strict,A power cut left Venezuela's parliament in the dark as it discussed a law dedicated to the energy sector.,"Opposition MPs have suspended a parliament session in the capital, Caracas, after the country's energy sector was hit by power cuts.",1333,21,19
37720369,politics,one_sentence,A power cut left Venezuela's parliament in the dark as it discussed a law dedicated to the energy sector.,Opposition MPs in Venezuela's National Assembly have suspended a parliament session after the country's energy sector was hit by power cuts.,1333,21,19
37720369,politics,fact_constrained,A power cut left Venezuela's parliament in the dark as it discussed a law dedicated to the energy sector.,"Opposition MPs in Venezuela's National Assembly have suspended a parliament session in the country's capital, Caracas.",1333,16,19
32354222,politics,tldr,Argentina has begun legal proceedings against three British and two US companies for drilling oil near the Falkland Islands.,The Argentine government says it intends to prosecute five British oil companies in the Falkland Islands.,3021,16,19
32354222,politics,bullet_points,Argentina has begun legal proceedings against three British and two US companies for drilling oil near the Falkland Islands.,The Argentine government has said it intends to prosecute five British oil companies in the Falkland Islands.,3021,17,19
32354222,politics,bullet_points_strict,Argentina has begun legal proceedings against three British and two US companies for drilling oil near the Falkland Islands.,The Argentine government says it intends to prosecute five British oil companies in the Falkland Islands.,3021,16,19
32354222,politics,one_sentence,Argentina has begun legal proceedings against three British and two US companies for drilling oil near the Falkland Islands.,The Argentine government has said it intends to use the law to stop oil companies drilling in the Falkland Islands.,3021,20,19
32354222,politics,fact_constrained,Argentina has begun legal proceedings against three British and two US companies for drilling oil near the Falkland Islands.,The Argentine government has said it intends to prosecute five oil companies operating in the Falkland Islands.,3021,17,19
27579235,politics,tldr,"French President Francois Hollande has said the EU must reform and scale back its power, amid a surge in support for Eurosceptic and far-right parties.","Europe must be simple, clear, to be effective where it is needed and to withdraw from where it is not necessary"", says Jean-Claude Hollande.",5370,24,25
27579235,politics,bullet_points,"French President Francois Hollande has said the EU must reform and scale back its power, amid a surge in support for Eurosceptic and far-right parties.","France's Socialists have said they will ""return to where it is not necessary"" in the European Union.",5370,17,25
27579235,politics,bullet_points_strict,"French President Francois Hollande has said the EU must reform and scale back its power, amid a surge in support for Eurosceptic and far-right parties.","Europe must be simple, clear, to be effective where it is needed and to withdraw from where it is not necessary"", says Francois Hollande.",5370,24,25
27579235,politics,one_sentence,"French President Francois Hollande has said the EU must reform and scale back its power, amid a surge in support for Eurosceptic and far-right parties.","Europe must be simple, clear, to be effective where it is needed and to withdraw from where it is not necessary"", says Jean-Claude Hollande.",5370,24,25
27579235,politics,fact_constrained,"French President Francois Hollande has said the EU must reform and scale back its power, amid a surge in support for Eurosceptic and far-right parties.","France's Francois Hollande has said that the EU has become ""remote and incomprehensible"" and that it needs to be ""simple and clear"".",5370,22,25
32129312,politics,tldr,"David Cameron was ""wilfully dishonest"" when he pledged to cap immigration to the tens of thousands, UKIP leader Nigel Farage has said.","UKIP leader Nigel Farage has called for a ""return to normality"" after a blustery press conference in Dover.",4981,18,22
32129312,politics,bullet_points,"David Cameron was ""wilfully dishonest"" when he pledged to cap immigration to the tens of thousands, UKIP leader Nigel Farage has said.","UKIP leader Nigel Farage has called for a ""return to normality"" after a press conference in Dover.",4981,17,22
32129312,politics,bullet_points_strict,"David Cameron was ""wilfully dishonest"" when he pledged to cap immigration to the tens of thousands, UKIP leader Nigel Farage has said.","UKIP leader Nigel Farage has called for a ""return to normality"" after a blustery press conference in Dover.",4981,18,22
32129312,politics,one_sentence,"David Cameron was ""wilfully dishonest"" when he pledged to cap immigration to the tens of thousands, UKIP leader Nigel Farage has said.","UKIP leader Nigel Farage has called for a ""return to normality"" after a press conference in Dover.",4981,17,22
32129312,politics,fact_constrained,"David Cameron was ""wilfully dishonest"" when he pledged to cap immigration to the tens of thousands, UKIP leader Nigel Farage has said.","UKIP leader Nigel Farage has called for a ""return to normality"" after a press conference in Dover.",4981,17,22
36710731,politics,tldr,"There should be a vote in the House of Commons on replacing Trident before the summer recess, Theresa May has said.","Theresa May has said it would be ""sheer madness"" to give up Britain's nuclear deterrent if she is elected leader of the Conservatives.",3946,23,21
36710731,politics,bullet_points,"There should be a vote in the House of Commons on replacing Trident before the summer recess, Theresa May has said.","Theresa May has said it would be ""sheer madness"" to give up Britain's nuclear deterrent if she is elected leader of the Conservatives.",3946,23,21
36710731,politics,bullet_points_strict,"There should be a vote in the House of Commons on replacing Trident before the summer recess, Theresa May has said.","Theresa May has said it would be ""sheer madness"" to give up Britain's nuclear deterrent if she is elected leader of the Conservatives.",3946,23,21
36710731,politics,one_sentence,"There should be a vote in the House of Commons on replacing Trident before the summer recess, Theresa May has said.","Theresa May has said it would be ""sheer madness"" to give up the UK's Trident nuclear deterrent.",3946,17,21
36710731,politics,fact_constrained,"There should be a vote in the House of Commons on replacing Trident before the summer recess, Theresa May has said.","Theresa May has said it would be ""sheer madness"" to give up Britain's nuclear deterrent if she is elected leader of the Conservatives.",3946,23,21
27591562,entertainment,tldr,Actor Sir Christopher Lee is marking his 92nd birthday by releasing an album of heavy metal cover versions.,"Actor Sir Christopher Lee has released a new album, titled Metal Knight, a collaboration with Italian metal band Rhapsody Of Fire.",1541,21,18
27591562,entertainment,bullet_points,Actor Sir Christopher Lee is marking his 92nd birthday by releasing an album of heavy metal cover versions.,"Actor Sir Christopher Lee has released a new album, titled Metal Knight.",1541,12,18
27591562,entertainment,bullet_points_strict,Actor Sir Christopher Lee is marking his 92nd birthday by releasing an album of heavy metal cover versions.,"Actor Sir Christopher Lee has released a new album, titled Metal Knight.",1541,12,18
27591562,entertainment,one_sentence,Actor Sir Christopher Lee is marking his 92nd birthday by releasing an album of heavy metal cover versions.,"Actor Sir Christopher Lee has released a new album, titled Metal Knight.",1541,12,18
27591562,entertainment,fact_constrained,Actor Sir Christopher Lee is marking his 92nd birthday by releasing an album of heavy metal cover versions.,"Actor Sir Christopher Lee has released a new album, titled Metal Knight.",1541,12,18
35998405,politics,tldr,Labour's Barry Coppinger has been re-elected as Cleveland Police and Crime Commissioner.,The Cleveland Constabulary election was held on Sunday.,562,8,12
35998405,politics,bullet_points,Labour's Barry Coppinger has been re-elected as Cleveland Police and Crime Commissioner.,The Conservative candidate for the Cleveland Constabulary seat has been re-elected.,562,11,12
35998405,politics,bullet_points_strict,Labour's Barry Coppinger has been re-elected as Cleveland Police and Crime Commissioner.,The Conservative candidate for the Cleveland Constabulary seat has been re-elected.,562,11,12
35998405,politics,one_sentence,Labour's Barry Coppinger has been re-elected as Cleveland Police and Crime Commissioner.,Elections in the Cleveland Constabulary have been held for the first time since the 2012 general election.,562,17,12
35998405,politics,fact_constrained,Labour's Barry Coppinger has been re-elected as Cleveland Police and Crime Commissioner.,Elections in the Cleveland Constabulary have been held for the first time since the 2012 general election.,562,17,12
36783979,entertainment,tldr,The Queen has been spotted having an evening meal at an Edinburgh pub.,The Queen and her companions have sat down at a restaurant in Duddingston.,946,13,13
36783979,entertainment,bullet_points,The Queen has been spotted having an evening meal at an Edinburgh pub.,The Queen and her companions have been spotted eating at a restaurant in Scotland.,946,14,13
36783979,entertainment,bullet_points_strict,The Queen has been spotted having an evening meal at an Edinburgh pub.,The Queen and her companions have sat down at a restaurant in Edinburgh.,946,13,13
36783979,entertainment,one_sentence,The Queen has been spotted having an evening meal at an Edinburgh pub.,The Queen and her companions have enjoyed a meal at a restaurant in Edinburgh.,946,14,13
36783979,entertainment,fact_constrained,The Queen has been spotted having an evening meal at an Edinburgh pub.,The Queen and her companions have been dining at a restaurant in Edinburgh.,946,13,13
35858101,politics,tldr,Prime Minister David Cameron will later attempt to halt the civil war in his party caused by Iain Duncan Smith's resignation from the cabinet.,"David Cameron is expected to reaffirm his commitment to ""compassionate Conservatism"" following the resignation of Tory leader Tim Duncan Smith.",5020,20,24
35858101,politics,bullet_points,Prime Minister David Cameron will later attempt to halt the civil war in his party caused by Iain Duncan Smith's resignation from the cabinet.,"David Cameron is expected to resign over the resignation of Tory leader Ed Miliband, despite criticisms of his style of government.",5020,21,24
35858101,politics,bullet_points_strict,Prime Minister David Cameron will later attempt to halt the civil war in his party caused by Iain Duncan Smith's resignation from the cabinet.,"David Cameron is expected to reaffirm his commitment to ""compassionate Conservatism"" following the resignation of Tory leader Tim Duncan Smith.",5020,20,24
35858101,politics,one_sentence,Prime Minister David Cameron will later attempt to halt the civil war in his party caused by Iain Duncan Smith's resignation from the cabinet.,David Cameron is expected to resign from his post as Tory leader if he refuses to resign.,5020,17,24
35858101,politics,fact_constrained,Prime Minister David Cameron will later attempt to halt the civil war in his party caused by Iain Duncan Smith's resignation from the cabinet.,David Cameron is expected to resign over the resignation of Tory Labour leader Ed Miliband following the resignation of Tory shadow chancellor David Duncan Smith.,5020,25,24
38469828,entertainment,tldr,Disney has become the first film studio to take $7bn (Â£5.7bn) in global ticket sales for 2016.,Disney has become a household name in the US.,454,9,17
38469828,entertainment,bullet_points,Disney has become the first film studio to take $7bn (Â£5.7bn) in global ticket sales for 2016.,Disney has become the world's biggest film company.,454,8,17
38469828,entertainment,bullet_points_strict,Disney has become the first film studio to take $7bn (Â£5.7bn) in global ticket sales for 2016.,Disney has become a household name in the US - and it's not just Disney that's making a comeback.,454,19,17
38469828,entertainment,one_sentence,Disney has become the first film studio to take $7bn (Â£5.7bn) in global ticket sales for 2016.,Disney has become a household name in the US - and it's not just Disney that's making a comeback.,454,19,17
38469828,entertainment,fact_constrained,Disney has become the first film studio to take $7bn (Â£5.7bn) in global ticket sales for 2016.,Disney has become a household name in the US - and it's not just Disney that's making a comeback.,454,19,17
33896209,politics,tldr,Canadian Prime Minister Stephen Harper has announced plans to track foreign homeownership and raised the possibility of eventually enacting limits on buying.,Canada's Prime Minister Justin Trudeau has said he wants to make sure foreign non-resident buyers aren't driving up the cost of real estate.,1509,23,22
33896209,politics,bullet_points,Canadian Prime Minister Stephen Harper has announced plans to track foreign homeownership and raised the possibility of eventually enacting limits on buying.,Canada's Prime Minister Justin Trudeau has called for a ban on foreign non-resident buyers from buying homes in Canada.,1509,19,22
33896209,politics,bullet_points_strict,Canadian Prime Minister Stephen Harper has announced plans to track foreign homeownership and raised the possibility of eventually enacting limits on buying.,Canadian Prime Minister Justin Trudeau has said he wants to make sure foreign non-resident buyers aren't driving up the cost of real estate.,1509,23,22
33896209,politics,one_sentence,Canadian Prime Minister Stephen Harper has announced plans to track foreign homeownership and raised the possibility of eventually enacting limits on buying.,Canada's Prime Minister Justin Trudeau has called for a ban on foreign non-residents from buying homes in Canada.,1509,18,22
33896209,politics,fact_constrained,Canadian Prime Minister Stephen Harper has announced plans to track foreign homeownership and raised the possibility of eventually enacting limits on buying.,Canada's Prime Minister Justin Trudeau has called for a ban on foreign non-resident buyers from buying homes in Canada.,1509,19,22
39220755,entertainment,tldr,"People who have been flocking to Fife to see a whale which has been breaching in the Firth of Forth are being warned from ""making any attempts to approach or actively pursue"" it.",A humpback whale has been spotted up the Forth estuary.,1494,10,33
39220755,entertainment,bullet_points,"People who have been flocking to Fife to see a whale which has been breaching in the Firth of Forth are being warned from ""making any attempts to approach or actively pursue"" it.",A humpback whale has been spotted on the Forth estuary.,1494,10,33
39220755,entertainment,bullet_points_strict,"People who have been flocking to Fife to see a whale which has been breaching in the Firth of Forth are being warned from ""making any attempts to approach or actively pursue"" it.",A humpback whale has been spotted on the Forth estuary.,1494,10,33
39220755,entertainment,one_sentence,"People who have been flocking to Fife to see a whale which has been breaching in the Firth of Forth are being warned from ""making any attempts to approach or actively pursue"" it.",A humpback whale has been spotted on the Forth estuary.,1494,10,33
39220755,entertainment,fact_constrained,"People who have been flocking to Fife to see a whale which has been breaching in the Firth of Forth are being warned from ""making any attempts to approach or actively pursue"" it.",A humpback whale has been spotted up the Forth estuary.,1494,10,33
34243809,entertainment,tldr,"Organisers of the Miss America pageant have apologised to actress Vanessa Williams, 32 years after she was forced to hand back her title.",Miss America Helen Williams has apologised for resigning from the pageant.,2389,11,23
34243809,entertainment,bullet_points,"Organisers of the Miss America pageant have apologised to actress Vanessa Williams, 32 years after she was forced to hand back her title.",Miss America Helen Williams has apologised for resigning from the pageant in 1984.,2389,13,23
34243809,entertainment,bullet_points_strict,"Organisers of the Miss America pageant have apologised to actress Vanessa Williams, 32 years after she was forced to hand back her title.",Miss America Helen Williams has apologised for resigning from the pageant.,2389,11,23
34243809,entertainment,one_sentence,"Organisers of the Miss America pageant have apologised to actress Vanessa Williams, 32 years after she was forced to hand back her title.",Miss America Helen Williams has apologised for resigning from the pageant.,2389,11,23
34243809,entertainment,fact_constrained,"Organisers of the Miss America pageant have apologised to actress Vanessa Williams, 32 years after she was forced to hand back her title.",Miss America Helen Williams has apologised for resigning from the pageant.,2389,11,23
30358562,entertainment,tldr,British artists have scooped several nominations for the 2015 Grammys.,Singer Sam Smith has been nominated for a Grammy for his song Stay With Me.,310,15,10
30358562,entertainment,bullet_points,British artists have scooped several nominations for the 2015 Grammys.,Singer Sam Smith has been nominated for the Grammy Award for Best Pop Performance at the Grammy Awards.,310,18,10
30358562,entertainment,bullet_points_strict,British artists have scooped several nominations for the 2015 Grammys.,Singer Sam Smith has been nominated for a Grammy for his song Stay With Me.,310,15,10
30358562,entertainment,one_sentence,British artists have scooped several nominations for the 2015 Grammys.,Singer Sam Smith has been nominated for a Grammy for his song Stay With Me.,310,15,10
30358562,entertainment,fact_constrained,British artists have scooped several nominations for the 2015 Grammys.,Singer Sam Smith has been nominated for a Grammy for his song Stay With Me at the Grammy Awards.,310,19,10
40396901,entertainment,tldr,Millions of Muslims all around the world will be celebrating Eid al-Fitr this week to mark the end of Ramadan.,Eid al-Fitr is one of the biggest celebrations in the Islamic year.,2049,12,20
40396901,entertainment,bullet_points,Millions of Muslims all around the world will be celebrating Eid al-Fitr this week to mark the end of Ramadan.,Eid al-Fitr is celebrated on Sunday evening.,2049,7,20
40396901,entertainment,bullet_points_strict,Millions of Muslims all around the world will be celebrating Eid al-Fitr this week to mark the end of Ramadan.,Eid al-Fitr is celebrated on Sunday evening.,2049,7,20
40396901,entertainment,one_sentence,Millions of Muslims all around the world will be celebrating Eid al-Fitr this week to mark the end of Ramadan.,Eid al-Fitr is a festival of Eid al-Fitr in the Islamic calendar.,2049,12,20
40396901,entertainment,fact_constrained,Millions of Muslims all around the world will be celebrating Eid al-Fitr this week to mark the end of Ramadan.,Eid al-Fitr is a celebration of the breaking of the fast.,2049,11,20
30814192,entertainment,tldr,A tweet from One Direction's Louis Tomlinson to Harry Styles has become the second most retweeted post of all time.,"The One Direction tweet from 2011 in which Louis said Harry was ""always in my heart"" has been retweeted more than 780,000 times.",676,23,20
30814192,entertainment,bullet_points,A tweet from One Direction's Louis Tomlinson to Harry Styles has become the second most retweeted post of all time.,Harry Styles has been retweeted more than 3 million times.,676,10,20
30814192,entertainment,bullet_points_strict,A tweet from One Direction's Louis Tomlinson to Harry Styles has become the second most retweeted post of all time.,Harry Styles has been retweeted more than a million times.,676,10,20
30814192,entertainment,one_sentence,A tweet from One Direction's Louis Tomlinson to Harry Styles has become the second most retweeted post of all time.,Harry Styles has been retweeted more than a million times in less than a week.,676,15,20
30814192,entertainment,fact_constrained,A tweet from One Direction's Louis Tomlinson to Harry Styles has become the second most retweeted post of all time.,Harry Styles has been retweeted more than a million times.,676,10,20
39144005,entertainment,tldr,A country pub saved from closure after villagers stepped in to buy it has been named national pub of the year.,A pub in a rural village has been voted the UK's best pub of the year.,1223,16,21
39144005,entertainment,bullet_points,A country pub saved from closure after villagers stepped in to buy it has been named national pub of the year.,A pub in a rural village has been voted the best pub in the UK.,1223,15,21
39144005,entertainment,bullet_points_strict,A country pub saved from closure after villagers stepped in to buy it has been named national pub of the year.,A pub in a rural village has been voted the best pub in the UK.,1223,15,21
39144005,entertainment,one_sentence,A country pub saved from closure after villagers stepped in to buy it has been named national pub of the year.,A pub in a rural village has been voted the best pub in the UK.,1223,15,21
39144005,entertainment,fact_constrained,A country pub saved from closure after villagers stepped in to buy it has been named national pub of the year.,A pub in a rural village has been voted the best pub in the UK.,1223,15,21
32282102,entertainment,tldr,"Vin Diesel sang, Channing Tatum danced and Zac Efron showed off his abs, yes - again, at the 2015 MTV Movie Awards.",Oscar-nominated actor Efron has won the Oscar for Best Actress at this year's Golden Globe Awards.,1956,16,22
32282102,entertainment,bullet_points,"Vin Diesel sang, Channing Tatum danced and Zac Efron showed off his abs, yes - again, at the 2015 MTV Movie Awards.",Star Efron has won the Oscar for Best Actress at this year's Golden Globe Awards.,1956,15,22
32282102,entertainment,bullet_points_strict,"Vin Diesel sang, Channing Tatum danced and Zac Efron showed off his abs, yes - again, at the 2015 MTV Movie Awards.",Star Efron has won the Oscars for his role as the late Chris Kyle in American Sniper.,1956,17,22
32282102,entertainment,one_sentence,"Vin Diesel sang, Channing Tatum danced and Zac Efron showed off his abs, yes - again, at the 2015 MTV Movie Awards.",Oscar-nominated actor Efron has won the Oscar for Best Actress at this year's Golden Globe Awards.,1956,16,22
32282102,entertainment,fact_constrained,"Vin Diesel sang, Channing Tatum danced and Zac Efron showed off his abs, yes - again, at the 2015 MTV Movie Awards.",Oscar-nominated actor Efron has won the Best Actress award at this year's Oscars.,1956,13,22
38358729,entertainment,tldr,Two men have been assaulted by an armed gang in south Belfast.,"Two men have been arrested after a gang armed with a knife, hammer and batons attacked a house in Glasgow.",432,20,12
38358729,entertainment,bullet_points,Two men have been assaulted by an armed gang in south Belfast.,"Two men have been arrested after a gang armed with a knife, hammer and batons attacked a house in Glasgow.",432,20,12
38358729,entertainment,bullet_points_strict,Two men have been assaulted by an armed gang in south Belfast.,"Two men have been arrested after a gang armed with a knife, hammer and batons attacked a house in Glasgow.",432,20,12
38358729,entertainment,one_sentence,Two men have been assaulted by an armed gang in south Belfast.,"Two men have been arrested after a gang armed with a knife, hammer and batons attacked a house in Glasgow.",432,20,12
38358729,entertainment,fact_constrained,Two men have been assaulted by an armed gang in south Belfast.,"Two men have been arrested after a gang armed with a knife, hammer and batons attacked a house in Glasgow.",432,20,12
35182226,entertainment,tldr,A man has been stabbed to death in Mottingham in the early hours of Boxing Day.,A man has been arrested on suspicion of murder after a man was found dead in a street.,378,18,16
35182226,entertainment,bullet_points,A man has been stabbed to death in Mottingham in the early hours of Boxing Day.,A man has been arrested on suspicion of murder after a man was found dead in a street.,378,18,16
35182226,entertainment,bullet_points_strict,A man has been stabbed to death in Mottingham in the early hours of Boxing Day.,A man has been arrested on suspicion of murder after a man was found dead in a street.,378,18,16
35182226,entertainment,one_sentence,A man has been stabbed to death in Mottingham in the early hours of Boxing Day.,A man has been arrested on suspicion of murder after a man was found dead in a street.,378,18,16
35182226,entertainment,fact_constrained,A man has been stabbed to death in Mottingham in the early hours of Boxing Day.,A man has been arrested on suspicion of murder after a man was found dead in a street.,378,18,16
19032928,entertainment,tldr,"Coronation Street and Keeping up Appearances actor Geoffrey Hughes has died aged 68, his agent has said.","Geoffrey Hughes, who played Eddie Yeats in Coronation Street, has died at the age of 84.",1915,16,17
19032928,entertainment,bullet_points,"Coronation Street and Keeping up Appearances actor Geoffrey Hughes has died aged 68, his agent has said.","Geoffrey Hughes, who played Eddie Yeats in Coronation Street, has died at the age of 84.",1915,16,17
19032928,entertainment,bullet_points_strict,"Coronation Street and Keeping up Appearances actor Geoffrey Hughes has died aged 68, his agent has said.","Geoffrey Hughes, who played Eddie Yeats in Coronation Street, has died at the age of 84.",1915,16,17
19032928,entertainment,one_sentence,"Coronation Street and Keeping up Appearances actor Geoffrey Hughes has died aged 68, his agent has said.","Geoffrey Hughes, who played Eddie Yeats in Coronation Street, has died at the age of 84.",1915,16,17
19032928,entertainment,fact_constrained,"Coronation Street and Keeping up Appearances actor Geoffrey Hughes has died aged 68, his agent has said.","Geoffrey Hughes, who played Eddie Yeats in Coronation Street, has died at the age of 84.",1915,16,17
36836957,entertainment,tldr,A 1969 Led Zeppelin session for the BBC that was thought to have been lost when archives were wiped has been recovered from a recording made by a fan.,Led Zeppelin have released a live recording of the band's first album.,1128,12,29
36836957,entertainment,bullet_points,A 1969 Led Zeppelin session for the BBC that was thought to have been lost when archives were wiped has been recovered from a recording made by a fan.,Led Zeppelin have released a live recording of the band's first live show in more than a decade.,1128,18,29
36836957,entertainment,bullet_points_strict,A 1969 Led Zeppelin session for the BBC that was thought to have been lost when archives were wiped has been recovered from a recording made by a fan.,"Led Zeppelin have released a remastered version of their 1971 album, The Complete BBC Sessions.",1128,15,29
36836957,entertainment,one_sentence,A 1969 Led Zeppelin session for the BBC that was thought to have been lost when archives were wiped has been recovered from a recording made by a fan.,Led Zeppelin have released a live recording of the band's first live show in more than 40 years.,1128,18,29
36836957,entertainment,fact_constrained,A 1969 Led Zeppelin session for the BBC that was thought to have been lost when archives were wiped has been recovered from a recording made by a fan.,"Led Zeppelin have released a live recording of the band's first studio album, ""Stairway To Heaven"".",1128,16,29
39091271,entertainment,tldr,A man has been arrested after a car was stolen with two young children inside.,A man has been arrested on suspicion of stealing a car from a woman and two children.,335,17,15
39091271,entertainment,bullet_points,A man has been arrested after a car was stolen with two young children inside.,A man has been arrested on suspicion of stealing a car from a woman and two children.,335,17,15
39091271,entertainment,bullet_points_strict,A man has been arrested after a car was stolen with two young children inside.,A man has been arrested on suspicion of stealing a car from a woman and two children.,335,17,15
39091271,entertainment,one_sentence,A man has been arrested after a car was stolen with two young children inside.,Two children have been taken to hospital after a man stole a car.,335,13,15
39091271,entertainment,fact_constrained,A man has been arrested after a car was stolen with two young children inside.,A man has been arrested on suspicion of stealing a car from a woman and two children.,335,17,15
30278082,entertainment,tldr,"The number of empty shops on Scotland's high streets has fallen in the past year, according to a new report.","Scotland's town vacancy rates have fallen by more than a third in the last three years, according to a new study.",1964,21,20
30278082,entertainment,bullet_points,"The number of empty shops on Scotland's high streets has fallen in the past year, according to a new report.","Town vacancy rates in Scotland's most deprived towns have improved, according to a new study.",1964,15,20
30278082,entertainment,bullet_points_strict,"The number of empty shops on Scotland's high streets has fallen in the past year, according to a new report.","Scotland's town vacancy rates have fallen by more than a third in the last three years, according to a new study.",1964,21,20
30278082,entertainment,one_sentence,"The number of empty shops on Scotland's high streets has fallen in the past year, according to a new report.","Town vacancy rates in Scotland's most deprived towns have fallen, according to a new study.",1964,15,20
30278082,entertainment,fact_constrained,"The number of empty shops on Scotland's high streets has fallen in the past year, according to a new report.","Town vacancy rates in Scotland's most deprived towns have fallen in the last three years, according to new research.",1964,19,20
40875640,entertainment,tldr,"Three different 999 services had to be stood down after a ""body in the water"" turned out to be a bronze sculpture.","A ""body"" has been found in a river after a ""body"" was spotted in the water.",1659,16,22
40875640,entertainment,bullet_points,"Three different 999 services had to be stood down after a ""body in the water"" turned out to be a bronze sculpture.","A ""body"" has been found in a river after a ""body"" was spotted in the water.",1659,16,22
40875640,entertainment,bullet_points_strict,"Three different 999 services had to be stood down after a ""body in the water"" turned out to be a bronze sculpture.","A ""body"" has been found in a river after a ""body"" was spotted in the water.",1659,16,22
40875640,entertainment,one_sentence,"Three different 999 services had to be stood down after a ""body in the water"" turned out to be a bronze sculpture.","A ""body"" has been found in a river after a ""body"" was spotted in the water.",1659,16,22
40875640,entertainment,fact_constrained,"Three different 999 services had to be stood down after a ""body in the water"" turned out to be a bronze sculpture.","A ""body"" has been found in a river after a ""body"" was spotted in the water.",1659,16,22
29713830,entertainment,tldr,A Royal Navy chef has spent hours melting chocolate buttons to create a small fleet of ships in commemoration of the Battle of Trafalgar.,Hundreds of replica cannon balls have been created for the Trafalgar Day dinner in Portsmouth.,378,15,24
29713830,entertainment,bullet_points,A Royal Navy chef has spent hours melting chocolate buttons to create a small fleet of ships in commemoration of the Battle of Trafalgar.,The first batch of replica cannonballs to be made at the Trafalgar Day dinner in Portsmouth have been made.,378,19,24
29713830,entertainment,bullet_points_strict,A Royal Navy chef has spent hours melting chocolate buttons to create a small fleet of ships in commemoration of the Battle of Trafalgar.,Hundreds of replica cannonballs have been created to mark the 209th anniversary of the Battle of Trafalgar.,378,17,24
29713830,entertainment,one_sentence,A Royal Navy chef has spent hours melting chocolate buttons to create a small fleet of ships in commemoration of the Battle of Trafalgar.,The Royal Navy is celebrating the centenary of the Battle of Trafalgar Square in Portsmouth.,378,15,24
29713830,entertainment,fact_constrained,A Royal Navy chef has spent hours melting chocolate buttons to create a small fleet of ships in commemoration of the Battle of Trafalgar.,A series of homemade cannonballs have been created to commemorate the Battle of Trafalgar.,378,14,24
35943076,entertainment,tldr,"The owner of a cat which visits a supermarket every day, has had to ask people to stop feeding his pet because he was putting on weight.",A dog who eats a lot of treats at Sainsbury's has been named Garfield.,933,14,27
35943076,entertainment,bullet_points,"The owner of a cat which visits a supermarket every day, has had to ask people to stop feeding his pet because he was putting on weight.",A dog who eats a lot of treats at a supermarket has been given a new home.,933,17,27
35943076,entertainment,bullet_points_strict,"The owner of a cat which visits a supermarket every day, has had to ask people to stop feeding his pet because he was putting on weight.",A dog who eats a lot of treats at a supermarket has been found to be overweight.,933,17,27
35943076,entertainment,one_sentence,"The owner of a cat which visits a supermarket every day, has had to ask people to stop feeding his pet because he was putting on weight.",The owner of a dog who eats treats at Sainsbury's has apologised after he was found to be overweight.,933,19,27
35943076,entertainment,fact_constrained,"The owner of a cat which visits a supermarket every day, has had to ask people to stop feeding his pet because he was putting on weight.",A dog who eats a lot of treats at a supermarket has been found to be overweight.,933,17,27
30392522,entertainment,tldr,YouTube star Connor Franta has revealed to his fans that he is gay.,Connor Franta has revealed that he's gay.,2534,7,13
30392522,entertainment,bullet_points,YouTube star Connor Franta has revealed to his fans that he is gay.,Connor Franta has revealed that he's gay.,2534,7,13
30392522,entertainment,bullet_points_strict,YouTube star Connor Franta has revealed to his fans that he is gay.,Connor Franta has revealed that he's gay.,2534,7,13
30392522,entertainment,one_sentence,YouTube star Connor Franta has revealed to his fans that he is gay.,Connor Franta has revealed that he's gay.,2534,7,13
30392522,entertainment,fact_constrained,YouTube star Connor Franta has revealed to his fans that he is gay.,Connor Franta has revealed that he's gay.,2534,7,13
36939395,entertainment,tldr,Snakes on planes are old hat - it's zombies on trains you need to worry about this year.,'Train to Busan' stars Yeon Sang-ho and Gong Yoo as hordes of zombies on board a bullet train from Seoul.,3806,20,18
36939395,entertainment,bullet_points,Snakes on planes are old hat - it's zombies on trains you need to worry about this year.,'Train to Busan' is a horror film set in a Korean bullet train.,3806,13,18
36939395,entertainment,bullet_points_strict,Snakes on planes are old hat - it's zombies on trains you need to worry about this year.,"'Train to Busan' stars Gong Yoo, Gong Yoo's estranged daughter and actor Gong Yoo.",3806,14,18
36939395,entertainment,one_sentence,Snakes on planes are old hat - it's zombies on trains you need to worry about this year.,'Train to Busan' stars Gong Yoo and Som Yong-ho as hordes of zombies on board a bullet train from Seoul.,3806,20,18
36939395,entertainment,fact_constrained,Snakes on planes are old hat - it's zombies on trains you need to worry about this year.,'Train to Busan' stars Som Yong-ho and Som Yong-ho as hordes of zombies on board a bullet train from Seoul.,3806,20,18
36892967,entertainment,tldr,"Musician Koffi Olomide has been taken into custody in the Democratic Republic of Congo, days after he was deported from Kenya for allegedly kicking one of his dancers at an airport in Nairobi.",Congolese rumba singer Olomide has been deported from Kenya to DR Congo.,1074,12,33
36892967,entertainment,bullet_points,"Musician Koffi Olomide has been taken into custody in the Democratic Republic of Congo, days after he was deported from Kenya for allegedly kicking one of his dancers at an airport in Nairobi.",Congolese rumba singer Olomide has been deported from Kenya to DR Congo.,1074,12,33
36892967,entertainment,bullet_points_strict,"Musician Koffi Olomide has been taken into custody in the Democratic Republic of Congo, days after he was deported from Kenya for allegedly kicking one of his dancers at an airport in Nairobi.",Congolese rumba singer Olomide has been deported from Kenya to DR Congo.,1074,12,33
36892967,entertainment,one_sentence,"Musician Koffi Olomide has been taken into custody in the Democratic Republic of Congo, days after he was deported from Kenya for allegedly kicking one of his dancers at an airport in Nairobi.",Congolese rumba singer Olomide has been deported from Kenya to DR Congo.,1074,12,33
36892967,entertainment,fact_constrained,"Musician Koffi Olomide has been taken into custody in the Democratic Republic of Congo, days after he was deported from Kenya for allegedly kicking one of his dancers at an airport in Nairobi.",Congolese rumba singer Olomide has been deported from Kenya to DR Congo.,1074,12,33
36338244,entertainment,tldr,Celtic have appointed Brendan Rodgers as their new manager.,Brendan Rodgers has appointed Brendan Sutton as Celtic's new manager.,3712,10,9
36338244,entertainment,bullet_points,Celtic have appointed Brendan Rodgers as their new manager.,"Brendan Rodgers says he will ""give everything"" to bring Celtic to the top of the Premiership.",3712,16,9
36338244,entertainment,bullet_points_strict,Celtic have appointed Brendan Rodgers as their new manager.,"Brendan Rodgers says he will ""give everything he has"" to bring Celtic to the top of the Scottish Premiership.",3712,19,9
36338244,entertainment,one_sentence,Celtic have appointed Brendan Rodgers as their new manager.,"Brendan Rodgers says he will ""give everything"" to bring Celtic to the top of the Premiership.",3712,16,9
36338244,entertainment,fact_constrained,Celtic have appointed Brendan Rodgers as their new manager.,Brendan Rodgers has appointed Brendan Sutton as Celtic's new manager.,3712,10,9
36939619,entertainment,tldr,Rapper Kanye West has declared he wants to work with Ikea on a new range of furniture.,"Kanye West says he wants to create a ""minimalist apartment"" inside a college dorm.",2320,14,17
36939619,entertainment,bullet_points,Rapper Kanye West has declared he wants to work with Ikea on a new range of furniture.,"Kanye West says he wants to create a ""minimalist apartment"" in his college dorm.",2320,14,17
36939619,entertainment,bullet_points_strict,Rapper Kanye West has declared he wants to work with Ikea on a new range of furniture.,"Kanye West says he wants to create a ""minimalist apartment"" inside a college dorm.",2320,14,17
36939619,entertainment,one_sentence,Rapper Kanye West has declared he wants to work with Ikea on a new range of furniture.,"Kanye West says he wants to create a ""minimalist apartment"" in his college dorm.",2320,14,17
36939619,entertainment,fact_constrained,Rapper Kanye West has declared he wants to work with Ikea on a new range of furniture.,"Kanye West has said he wants to create a ""minimalist apartment"" in his college dorm.",2320,15,17
37822094,entertainment,tldr,A female polar bear at a Scottish zoo has been temporarily put off limits to visitors as a precaution in case she is pregnant.,Polar bear cubs were last born in the UK almost 25 years ago.,739,13,24
37822094,entertainment,bullet_points,A female polar bear at a Scottish zoo has been temporarily put off limits to visitors as a precaution in case she is pregnant.,A polar bear cub has been born at a wildlife park in Scotland.,739,13,24
37822094,entertainment,bullet_points_strict,A female polar bear at a Scottish zoo has been temporarily put off limits to visitors as a precaution in case she is pregnant.,"Polar bear cubs are likely to be born in December or January, according to the Royal Zoological Society of Scotland.",739,20,24
37822094,entertainment,one_sentence,A female polar bear at a Scottish zoo has been temporarily put off limits to visitors as a precaution in case she is pregnant.,A polar bear cub has been born at a wildlife park in Scotland.,739,13,24
37822094,entertainment,fact_constrained,A female polar bear at a Scottish zoo has been temporarily put off limits to visitors as a precaution in case she is pregnant.,A polar bear cub has been born at a wildlife park in Scotland.,739,13,24
34696691,entertainment,tldr,The death of a man who twice apparently jumped from a building has been referred to the Independent Police Complaints Commission.,A man has died after falling from a building in Nottingham.,369,11,21
34696691,entertainment,bullet_points,The death of a man who twice apparently jumped from a building has been referred to the Independent Police Complaints Commission.,A man has died after falling from a building in Nottingham.,369,11,21
34696691,entertainment,bullet_points_strict,The death of a man who twice apparently jumped from a building has been referred to the Independent Police Complaints Commission.,A man has died after falling from a building in Nottingham.,369,11,21
34696691,entertainment,one_sentence,The death of a man who twice apparently jumped from a building has been referred to the Independent Police Complaints Commission.,Police are investigating the death of a man who fell from a block of flats.,369,15,21
34696691,entertainment,fact_constrained,The death of a man who twice apparently jumped from a building has been referred to the Independent Police Complaints Commission.,A 29-year-old man has died after falling from a building in Nottingham.,369,12,21
39913154,entertainment,tldr,A person has been taken to hospital by air ambulance following a serious crash on a major road in Monmouthshire.,A patient has been taken to Bristol Royal Infirmary after a road was closed for four hours.,305,17,20
39913154,entertainment,bullet_points,A person has been taken to hospital by air ambulance following a serious crash on a major road in Monmouthshire.,A patient has been taken to Bristol Royal Infirmary after a road was closed in Monmouthshire.,305,16,20
39913154,entertainment,bullet_points_strict,A person has been taken to hospital by air ambulance following a serious crash on a major road in Monmouthshire.,A patient has been taken to Bristol Royal Infirmary after a crash in Monmouthshire.,305,14,20
39913154,entertainment,one_sentence,A person has been taken to hospital by air ambulance following a serious crash on a major road in Monmouthshire.,A patient has been taken to Bristol Royal Infirmary after a road was closed in Monmouthshire.,305,16,20
39913154,entertainment,fact_constrained,A person has been taken to hospital by air ambulance following a serious crash on a major road in Monmouthshire.,A patient has been taken to Bristol Royal Infirmary after a road was closed for four hours.,305,17,20
35709407,entertainment,tldr,"Once upon a time, there was a bedtime story - and it was the start of a long career for TV and film producer Mike Young.",SuperTed creator Mike Young is making a feature film about a former Cardiff City footballer.,3507,15,26
35709407,entertainment,bullet_points,"Once upon a time, there was a bedtime story - and it was the start of a long career for TV and film producer Mike Young.","SuperTed is a Welsh-language TV series created by Mike Young, a former advertising copywriter.",3507,14,26
35709407,entertainment,bullet_points_strict,"Once upon a time, there was a bedtime story - and it was the start of a long career for TV and film producer Mike Young.","SuperTed is a story about a Cardiff City fan, Mike Young, who has created a feature-length animated feature film.",3507,19,26
35709407,entertainment,one_sentence,"Once upon a time, there was a bedtime story - and it was the start of a long career for TV and film producer Mike Young.","SuperTed, a Welsh-language TV series created by Mike Young, has been adapted into a film.",3507,15,26
35709407,entertainment,fact_constrained,"Once upon a time, there was a bedtime story - and it was the start of a long career for TV and film producer Mike Young.","Mike Young, a former advertising copywriter, has created a new animated feature film about a Cardiff City football club legend.",3507,20,26
35851500,entertainment,tldr,"Nineteen people have been killed after a bus carrying Egyptian pilgrims crashed in Saudi Arabia, Egypt's state-run Mena news agency says.","A bus carrying a group of Egyptian pilgrims has crashed into a road in Mecca, officials said.",398,17,21
35851500,entertainment,bullet_points,"Nineteen people have been killed after a bus carrying Egyptian pilgrims crashed in Saudi Arabia, Egypt's state-run Mena news agency says.","A bus carrying a group of Egyptian pilgrims has crashed into a road in the Egyptian city of Mecca, officials say.",398,21,21
35851500,entertainment,bullet_points_strict,"Nineteen people have been killed after a bus carrying Egyptian pilgrims crashed in Saudi Arabia, Egypt's state-run Mena news agency says.","A bus carrying a group of Egyptian pilgrims has crashed on the road between Mecca and Medina, an official says.",398,20,21
35851500,entertainment,one_sentence,"Nineteen people have been killed after a bus carrying Egyptian pilgrims crashed in Saudi Arabia, Egypt's state-run Mena news agency says.","A bus carrying a group of Egyptian pilgrims has crashed into a road in the Egyptian city of Mecca, a police spokesman said.",398,23,21
35851500,entertainment,fact_constrained,"Nineteen people have been killed after a bus carrying Egyptian pilgrims crashed in Saudi Arabia, Egypt's state-run Mena news agency says.","A bus carrying a group of Egyptian pilgrims has crashed into a road in the Egyptian city of Mecca, officials say.",398,21,21
31613782,entertainment,tldr,"Disabled pensioner Alan Barnes has said he is ""ready to move on with his life"" after a man appeared in court to admit assaulting him.",A man who was knocked to the ground by a drug lord in Gateshead has said he is not yet ready to meet his attacker.,480,25,25
31613782,entertainment,bullet_points,"Disabled pensioner Alan Barnes has said he is ""ready to move on with his life"" after a man appeared in court to admit assaulting him.",A man who was stabbed to death by a drug lord in Gateshead has said he is not yet ready to return to his home.,480,25,25
31613782,entertainment,bullet_points_strict,"Disabled pensioner Alan Barnes has said he is ""ready to move on with his life"" after a man appeared in court to admit assaulting him.",A man who was knocked to the ground by a drug lord in Gateshead has said he is not yet ready to meet his attacker.,480,25,25
31613782,entertainment,one_sentence,"Disabled pensioner Alan Barnes has said he is ""ready to move on with his life"" after a man appeared in court to admit assaulting him.",A man who was stabbed to death by a drug lord in Gateshead has said he is not ready to return to his home.,480,24,25
31613782,entertainment,fact_constrained,"Disabled pensioner Alan Barnes has said he is ""ready to move on with his life"" after a man appeared in court to admit assaulting him.",A man who was knocked to the ground by a drug lord in Gateshead has said he is not yet ready to meet his attacker.,480,25,25
16441633,entertainment,tldr,A couple from Bradford who tied the knot in 1925 could be the UK's longest married husband and wife.,"Kartari Chand and Karam Chand are the longest married couple in the UK, how old are they?",3401,17,19
16441633,entertainment,bullet_points,A couple from Bradford who tied the knot in 1925 could be the UK's longest married husband and wife.,"Kartari Chand and Karm Chand are the longest married couple in the UK, they are the longest married couple in the UK.",3401,22,19
16441633,entertainment,bullet_points_strict,A couple from Bradford who tied the knot in 1925 could be the UK's longest married husband and wife.,"Kartari Chand and Karam Chand are the longest married couple in the UK, they are the longest married couple in the UK.",3401,22,19
16441633,entertainment,one_sentence,A couple from Bradford who tied the knot in 1925 could be the UK's longest married husband and wife.,"Kartari Chand and Karm Chand are the longest married couple in the UK, they are the longest married couple in the UK.",3401,22,19
16441633,entertainment,fact_constrained,A couple from Bradford who tied the knot in 1925 could be the UK's longest married husband and wife.,"Karam Chand and Kartari Chand are the longest married couple in the UK, they will be ready to go when it's time",3401,22,19
38586981,entertainment,tldr,Four hillwalkers who got into difficulties during severe weather on Ben Lomond have been rescued.,Two people have been rescued after a snowfall on the Munro mountain range in western Scotland.,299,16,15
38586981,entertainment,bullet_points,Four hillwalkers who got into difficulties during severe weather on Ben Lomond have been rescued.,Two mountain rescuers have been rescued from a snowstorm at the summit of Munro in the Scottish Highlands.,299,18,15
38586981,entertainment,bullet_points_strict,Four hillwalkers who got into difficulties during severe weather on Ben Lomond have been rescued.,Two mountain rescuers have been rescued from a mountain in the Scottish Highlands.,299,13,15
38586981,entertainment,one_sentence,Four hillwalkers who got into difficulties during severe weather on Ben Lomond have been rescued.,Two people have been rescued from a mountain in the Scottish Highlands.,299,12,15
38586981,entertainment,fact_constrained,Four hillwalkers who got into difficulties during severe weather on Ben Lomond have been rescued.,Two people have been rescued from a mountain in the Scottish Highlands.,299,12,15
30144985,entertainment,tldr,A lorry driver has smashed through the front wall of a pub in Wiltshire.,A man has been taken to hospital after a car crashed into a pub in Bath.,477,16,14
30144985,entertainment,bullet_points,A lorry driver has smashed through the front wall of a pub in Wiltshire.,A man has been taken to hospital after a car crashed into a pub in Bath.,477,16,14
30144985,entertainment,bullet_points_strict,A lorry driver has smashed through the front wall of a pub in Wiltshire.,A man has been taken to hospital after a car crashed into a pub in Bath.,477,16,14
30144985,entertainment,one_sentence,A lorry driver has smashed through the front wall of a pub in Wiltshire.,A man has been taken to hospital after a car crashed into a pub in Bath.,477,16,14
30144985,entertainment,fact_constrained,A lorry driver has smashed through the front wall of a pub in Wiltshire.,A man has been taken to hospital after a car crashed into a pub in Bath.,477,16,14
38223694,entertainment,tldr,"Beyonce has scooped nine nominations for the 2017 Grammy Awards, extending her lead as the most-nominated woman in Grammys history.",Beyonce has been nominated for the best album of the year at this year's Grammy Awards.,2390,16,20
38223694,entertainment,bullet_points,"Beyonce has scooped nine nominations for the 2017 Grammy Awards, extending her lead as the most-nominated woman in Grammys history.","Beyonce has been nominated for the 2017 Grammy Awards, which will be held in Los Angeles on Sunday.",2390,18,20
38223694,entertainment,bullet_points_strict,"Beyonce has scooped nine nominations for the 2017 Grammy Awards, extending her lead as the most-nominated woman in Grammys history.",Beyonce has been shortlisted for the 2017 Grammy Awards.,2390,9,20
38223694,entertainment,one_sentence,"Beyonce has scooped nine nominations for the 2017 Grammy Awards, extending her lead as the most-nominated woman in Grammys history.",Beyonce has been shortlisted for the 2017 Grammy Awards.,2390,9,20
38223694,entertainment,fact_constrained,"Beyonce has scooped nine nominations for the 2017 Grammy Awards, extending her lead as the most-nominated woman in Grammys history.","Beyonce has been nominated for the 2017 Grammy Awards, which will be held on Sunday, 12 February.",2390,17,20
32531686,entertainment,tldr,A castle has welcomed 20 chicks to its grounds after hens nested next to a lifelike replica boar.,A hen has hatched two chicks at a castle in Hampshire.,630,11,18
32531686,entertainment,bullet_points,A castle has welcomed 20 chicks to its grounds after hens nested next to a lifelike replica boar.,A hens have hatched a pair of chicks at a castle in Hampshire.,630,13,18
32531686,entertainment,bullet_points_strict,A castle has welcomed 20 chicks to its grounds after hens nested next to a lifelike replica boar.,A boar has been hatched at a castle in Hampshire.,630,10,18
32531686,entertainment,one_sentence,A castle has welcomed 20 chicks to its grounds after hens nested next to a lifelike replica boar.,A boar has been hatched at a castle in Lincolnshire.,630,10,18
32531686,entertainment,fact_constrained,A castle has welcomed 20 chicks to its grounds after hens nested next to a lifelike replica boar.,A boar has been hatched at a castle in Lincolnshire.,630,10,18
18177049,entertainment,tldr,Planned cuts to library services in a West Yorkshire town have been scrapped following campaigns by residents.,Protesters have gathered outside a council meeting in Huddersfield against plans to replace libraries with volunteers.,765,16,17
18177049,entertainment,bullet_points,Planned cuts to library services in a West Yorkshire town have been scrapped following campaigns by residents.,Protesters have gathered outside a council meeting to oppose plans to replace libraries with volunteers.,765,15,17
18177049,entertainment,bullet_points_strict,Planned cuts to library services in a West Yorkshire town have been scrapped following campaigns by residents.,Protesters have gathered outside a council meeting to oppose plans to replace libraries with volunteers.,765,15,17
18177049,entertainment,one_sentence,Planned cuts to library services in a West Yorkshire town have been scrapped following campaigns by residents.,Protesters have gathered outside a council meeting in Kirklees to oppose plans to replace libraries with volunteers.,765,17,17
18177049,entertainment,fact_constrained,Planned cuts to library services in a West Yorkshire town have been scrapped following campaigns by residents.,Protesters have gathered outside a council meeting to oppose plans to replace libraries with volunteers.,765,15,17
36527119,entertainment,tldr,"Six centuries ago Henry V walked from Shrewsbury to Holywell in Flintshire, to give thanks for his famous victory over the French at Agincourt.","Holywell has been a place of pilgrimage for more than 1,300 years.",6062,12,24
36527119,entertainment,bullet_points,"Six centuries ago Henry V walked from Shrewsbury to Holywell in Flintshire, to give thanks for his famous victory over the French at Agincourt.","Holywell has been a place of pilgrimage for more than 1,300 years.",6062,12,24
36527119,entertainment,bullet_points_strict,"Six centuries ago Henry V walked from Shrewsbury to Holywell in Flintshire, to give thanks for his famous victory over the French at Agincourt.","Holywell has been a place of pilgrimage for more than 1,300 years.",6062,12,24
36527119,entertainment,one_sentence,"Six centuries ago Henry V walked from Shrewsbury to Holywell in Flintshire, to give thanks for his famous victory over the French at Agincourt.","Holywell has been a pilgrimage site for more than 1,300 years.",6062,11,24
36527119,entertainment,fact_constrained,"Six centuries ago Henry V walked from Shrewsbury to Holywell in Flintshire, to give thanks for his famous victory over the French at Agincourt.","Holywell has been a pilgrimage site for more than 1,300 years.",6062,11,24
36466630,entertainment,tldr,"Five people have been injured following a crash between a bin lorry, a bus and two cars.","A woman has been taken to hospital with a ""serious leg injury"" after a bus hit a tree.",451,18,17
36466630,entertainment,bullet_points,"Five people have been injured following a crash between a bin lorry, a bus and two cars.",A woman has been taken to hospital after being hit by a bus on a dual carriageway in Edinburgh.,451,19,17
36466630,entertainment,bullet_points_strict,"Five people have been injured following a crash between a bin lorry, a bus and two cars.",A woman has been taken to hospital with a serious leg injury after a bus was hit by a car.,451,20,17
36466630,entertainment,one_sentence,"Five people have been injured following a crash between a bin lorry, a bus and two cars.",A woman has been taken to hospital with a serious leg injury after a bus was struck by a car.,451,20,17
36466630,entertainment,fact_constrained,"Five people have been injured following a crash between a bin lorry, a bus and two cars.",A woman has been taken to hospital after being hit by a bus on a dual carriageway in Edinburgh.,451,19,17
40697552,entertainment,tldr,Two men were rescued after becoming stranded on a crag on Snowdon's narrow Crib Goch ridge.,A pair of mountain rescuers have been rescued from a ridge in north Wales.,375,14,16
40697552,entertainment,bullet_points,Two men were rescued after becoming stranded on a crag on Snowdon's narrow Crib Goch ridge.,"A pair of mountain rescuers have been rescued from a ridge in Llanberis, north Wales.",375,15,16
40697552,entertainment,bullet_points_strict,Two men were rescued after becoming stranded on a crag on Snowdon's narrow Crib Goch ridge.,A pair of mountain rescuers have been rescued from a ridge in Glamorgan.,375,13,16
40697552,entertainment,one_sentence,Two men were rescued after becoming stranded on a crag on Snowdon's narrow Crib Goch ridge.,A pair of mountain rescuers have been rescued from a ridge in Llanberis.,375,13,16
40697552,entertainment,fact_constrained,Two men were rescued after becoming stranded on a crag on Snowdon's narrow Crib Goch ridge.,A pair of mountain rescuers have been rescued from a ridge in Glamorgan.,375,13,16
36536773,entertainment,tldr,Two men arrested in connection with the suspected murder of a missing man have been released on bail.,A man has been arrested on suspicion of murdering a man who was last seen at his home in Kelvedon.,412,20,18
36536773,entertainment,bullet_points,Two men arrested in connection with the suspected murder of a missing man have been released on bail.,Two men have been arrested on suspicion of murdering a man who was last seen at his home in Kelvedon.,412,20,18
36536773,entertainment,bullet_points_strict,Two men arrested in connection with the suspected murder of a missing man have been released on bail.,Two men have been released pending further inquiries into the murder of a man who was last seen at his home in Kelvedon.,412,23,18
36536773,entertainment,one_sentence,Two men arrested in connection with the suspected murder of a missing man have been released on bail.,Two men have been arrested on suspicion of murdering a man who was last seen at his home in Kelvedon.,412,20,18
36536773,entertainment,fact_constrained,Two men arrested in connection with the suspected murder of a missing man have been released on bail.,Two men have been arrested on suspicion of murdering a man who was last seen at his home in Kelvedon.,412,20,18
35718290,entertainment,tldr,"A second dog seized by police was kept locked in kennels for two years without exercise, the BBC has been told.",Devon and Cornwall Police's kennel has been destroyed after a dog was kept in a cage for two years without human contact.,3255,22,21
35718290,entertainment,bullet_points,"A second dog seized by police was kept locked in kennels for two years without exercise, the BBC has been told.",Devon and Cornwall kennel.,3255,4,21
35718290,entertainment,bullet_points_strict,"A second dog seized by police was kept locked in kennels for two years without exercise, the BBC has been told.",Devon and Cornwall Police's kennel has been seized after a dog was deemed too dangerous to be exercised.,3255,18,21
35718290,entertainment,one_sentence,"A second dog seized by police was kept locked in kennels for two years without exercise, the BBC has been told.",Devon and Cornwall kennel.,3255,4,21
35718290,entertainment,fact_constrained,"A second dog seized by police was kept locked in kennels for two years without exercise, the BBC has been told.",Devon and Cornwall Police's kennel has been destroyed after a dog was deemed too dangerous to be exercised.,3255,18,21
39039170,entertainment,tldr,A member of Texas' House of Representatives has filed a resolution to urge Texans to stop using an emoji representing the Chilean flag when they really mean to use the Texan flag.,US lawmakers have passed a bill urging Texans not to use the Chilean flag emoji when referring to the Texas flag.,2151,21,32
39039170,entertainment,bullet_points,A member of Texas' House of Representatives has filed a resolution to urge Texans to stop using an emoji representing the Chilean flag when they really mean to use the Texan flag.,A bill to ban the use of the Chilean flag emoji has been passed by the US House of Representatives.,2151,20,32
39039170,entertainment,bullet_points_strict,A member of Texas' House of Representatives has filed a resolution to urge Texans to stop using an emoji representing the Chilean flag when they really mean to use the Texan flag.,US lawmakers have passed a bill urging Texans not to use the Chilean flag emoji.,2151,15,32
39039170,entertainment,one_sentence,A member of Texas' House of Representatives has filed a resolution to urge Texans to stop using an emoji representing the Chilean flag when they really mean to use the Texan flag.,The US House of Representatives has passed a bill to ban the use of the Chilean flag emoji.,2151,18,32
39039170,entertainment,fact_constrained,A member of Texas' House of Representatives has filed a resolution to urge Texans to stop using an emoji representing the Chilean flag when they really mean to use the Texan flag.,US lawmakers have passed a bill urging Texans not to use the Chilean flag emoji when referring to the Texas flag.,2151,21,32
30664993,entertainment,tldr,A multi-million pound refurbishment of a Denbighshire leisure centre which was closed because of council cutbacks is due to start.,Work to revamp a Denbighshire centre has started.,374,8,20
30664993,entertainment,bullet_points,A multi-million pound refurbishment of a Denbighshire leisure centre which was closed because of council cutbacks is due to start.,Work on a Denbighshire leisure centre is to start on Monday.,374,11,20
30664993,entertainment,bullet_points_strict,A multi-million pound refurbishment of a Denbighshire leisure centre which was closed because of council cutbacks is due to start.,Work to revamp a Denbighshire centre has begun.,374,8,20
30664993,entertainment,one_sentence,A multi-million pound refurbishment of a Denbighshire leisure centre which was closed because of council cutbacks is due to start.,Denbighshire council has announced plans to reopen a Denbighshire leisure centre.,374,11,20
30664993,entertainment,fact_constrained,A multi-million pound refurbishment of a Denbighshire leisure centre which was closed because of council cutbacks is due to start.,Work on a Denbighshire leisure centre is to start on Monday.,374,11,20
34021188,entertainment,tldr,A unique perspective on a landmark social event is to be unveiled as part of Nottingham's Caribbean Carnival.,An exhibition of African-Caribbean belongings has opened in Nottingham.,1349,9,18
34021188,entertainment,bullet_points,A unique perspective on a landmark social event is to be unveiled as part of Nottingham's Caribbean Carnival.,A display of African-Caribbean belongings has been unveiled in Nottingham.,1349,10,18
34021188,entertainment,bullet_points_strict,A unique perspective on a landmark social event is to be unveiled as part of Nottingham's Caribbean Carnival.,An exhibition of African-Caribbean belongings has opened in Nottingham.,1349,9,18
34021188,entertainment,one_sentence,A unique perspective on a landmark social event is to be unveiled as part of Nottingham's Caribbean Carnival.,An exhibition of African-Caribbean belongings has opened in Nottingham.,1349,9,18
34021188,entertainment,fact_constrained,A unique perspective on a landmark social event is to be unveiled as part of Nottingham's Caribbean Carnival.,An exhibition of African-Caribbean belongings has opened in Nottingham.,1349,9,18
36434692,entertainment,tldr,A police sergeant called out to deal with a brawl in a Glasgow pub ended up giving an arresting performance of Gloria Gaynor's I Will Survive.,A Glasgow police officer has performed a karaoke performance at a Glasgow pub.,1986,13,26
36434692,entertainment,bullet_points,A police sergeant called out to deal with a brawl in a Glasgow pub ended up giving an arresting performance of Gloria Gaynor's I Will Survive.,A police sergeant has performed a karaoke performance in a Glasgow city centre pub.,1986,14,26
36434692,entertainment,bullet_points_strict,A police sergeant called out to deal with a brawl in a Glasgow pub ended up giving an arresting performance of Gloria Gaynor's I Will Survive.,A police sergeant who performed karaoke in a Glasgow city centre pub has been arrested.,1986,15,26
36434692,entertainment,one_sentence,A police sergeant called out to deal with a brawl in a Glasgow pub ended up giving an arresting performance of Gloria Gaynor's I Will Survive.,A police sergeant has performed a karaoke performance in a Glasgow city centre pub.,1986,14,26
36434692,entertainment,fact_constrained,A police sergeant called out to deal with a brawl in a Glasgow pub ended up giving an arresting performance of Gloria Gaynor's I Will Survive.,A police officer has been arrested after he performed karaoke in a Glasgow pub.,1986,14,26
35272307,entertainment,tldr,French mosques have invited non-Muslims in to try to create greater understanding of Islam in France.,"French mosques are taking part in a ""brotherly cup of tea"" to mark the anniversary of the Charlie Hebdo attacks.",1350,20,16
35272307,entertainment,bullet_points,French mosques have invited non-Muslims in to try to create greater understanding of Islam in France.,"French Muslims are taking part in a ""brotherly cup of tea"" to mark the anniversary of the Charlie Hebdo attacks.",1350,20,16
35272307,entertainment,bullet_points_strict,French mosques have invited non-Muslims in to try to create greater understanding of Islam in France.,"French mosques are taking part in a ""brotherly cup of tea"" to mark the anniversary of the Charlie Hebdo attacks.",1350,20,16
35272307,entertainment,one_sentence,French mosques have invited non-Muslims in to try to create greater understanding of Islam in France.,"French Muslims are taking part in a ""brotherly cup of tea"" to mark the anniversary of the Charlie Hebdo attacks.",1350,20,16
35272307,entertainment,fact_constrained,French mosques have invited non-Muslims in to try to create greater understanding of Islam in France.,"French Muslims are taking part in a ""brotherly cup of tea"" to mark the anniversary of the Charlie Hebdo attacks.",1350,20,16
33551138,entertainment,tldr,A London council has withdrawn an order forcing a mother to send her home educated child to school.,"Home schooled children should be allowed to attend school, and should not be subject to a school attendance order.",3318,19,18
33551138,entertainment,bullet_points,A London council has withdrawn an order forcing a mother to send her home educated child to school.,"Home schooled children should not be subjected to a school attendance order, and should not be subjected to a school attendance order.",3318,22,18
33551138,entertainment,bullet_points_strict,A London council has withdrawn an order forcing a mother to send her home educated child to school.,"Home schooled children should be allowed to attend school at home, rather than at a public school"".",3318,17,18
33551138,entertainment,one_sentence,A London council has withdrawn an order forcing a mother to send her home educated child to school.,"Home schooled children should not be subjected to a school attendance order unless there is evidence that they are receiving a good education"".",3318,23,18
33551138,entertainment,fact_constrained,A London council has withdrawn an order forcing a mother to send her home educated child to school.,"Home schooled children should not be subjected to a school attendance order, and should not be subjected to truancy.",3318,19,18
32433447,entertainment,tldr,Four silver coins dating from the 14th Century that were found on County Down farmland have been declared to be treasure at an inquest in Belfast.,A treasure trove in County Antrim has been uncovered by a metal detector.,1760,13,26
32433447,entertainment,bullet_points,Four silver coins dating from the 14th Century that were found on County Down farmland have been declared to be treasure at an inquest in Belfast.,A treasure trove in County Antrim has been uncovered by a metal detector enthusiast.,1760,14,26
32433447,entertainment,bullet_points_strict,Four silver coins dating from the 14th Century that were found on County Down farmland have been declared to be treasure at an inquest in Belfast.,"The first person to touch a hoard of coins in 700 years has said he was ""the first person to touch something in 700 years"".",1760,25,26
32433447,entertainment,one_sentence,Four silver coins dating from the 14th Century that were found on County Down farmland have been declared to be treasure at an inquest in Belfast.,A treasure trove in County Antrim has been uncovered by a metal detector enthusiast.,1760,14,26
32433447,entertainment,fact_constrained,Four silver coins dating from the 14th Century that were found on County Down farmland have been declared to be treasure at an inquest in Belfast.,"A hoard of 3,000-year-old bronze axes has been unearthed in County Antrim.",1760,12,26
40324675,entertainment,tldr,"Fetch, sit and roll over - all the kinds of normal things that you would say to your dog.","If your dog doesn't understand what you're saying, it's not a good idea.",251,13,19
40324675,entertainment,bullet_points,"Fetch, sit and roll over - all the kinds of normal things that you would say to your dog.","If your dog isn't able to understand what you're saying, it's a good idea to ask him or her for help.",251,21,19
40324675,entertainment,bullet_points_strict,"Fetch, sit and roll over - all the kinds of normal things that you would say to your dog.","If your dog doesn't understand what you're saying, it's a sign that you're having trouble.",251,15,19
40324675,entertainment,one_sentence,"Fetch, sit and roll over - all the kinds of normal things that you would say to your dog.",It's been a long time since we've seen a dog with a different language.,251,14,19
40324675,entertainment,fact_constrained,"Fetch, sit and roll over - all the kinds of normal things that you would say to your dog.",It's been a long time since we've seen a dog with a language problem.,251,14,19
35182485,entertainment,tldr,A man is to appear in court over the suspicious death of a 34-year-old in Dundee.,A 24-year-old man has been charged with the murder of a man in Dundee.,379,14,16
35182485,entertainment,bullet_points,A man is to appear in court over the suspicious death of a 34-year-old in Dundee.,A man has been charged with murder following the death of a man in Dundee.,379,15,16
35182485,entertainment,bullet_points_strict,A man is to appear in court over the suspicious death of a 34-year-old in Dundee.,A 24-year-old man has been charged with the murder of a man in Dundee.,379,14,16
35182485,entertainment,one_sentence,A man is to appear in court over the suspicious death of a 34-year-old in Dundee.,A 24-year-old man has been charged with the murder of a man in Dundee.,379,14,16
35182485,entertainment,fact_constrained,A man is to appear in court over the suspicious death of a 34-year-old in Dundee.,A man has been charged with murder following the death of a man in Dundee.,379,15,16
26865843,entertainment,tldr,It is a day when women from Merseyside are encouraged to dress in their finest clothes and enjoy a day at the races at Ladies' Day.,Ladies' Day is a celebration of women's individuality.,3872,8,26
26865843,entertainment,bullet_points,It is a day when women from Merseyside are encouraged to dress in their finest clothes and enjoy a day at the races at Ladies' Day.,"Ladies' Day is a celebration of women's individuality, but it is also a celebration of women's fashion.",3872,17,26
26865843,entertainment,bullet_points_strict,It is a day when women from Merseyside are encouraged to dress in their finest clothes and enjoy a day at the races at Ladies' Day.,"Ladies' Day is a celebration of women's individuality, but it is also a celebration of women's fashion.",3872,17,26
26865843,entertainment,one_sentence,It is a day when women from Merseyside are encouraged to dress in their finest clothes and enjoy a day at the races at Ladies' Day.,"Ladies' Day is a celebration of women's individuality, but it is also a celebration of women's fashion.",3872,17,26
26865843,entertainment,fact_constrained,It is a day when women from Merseyside are encouraged to dress in their finest clothes and enjoy a day at the races at Ladies' Day.,Ladies' Day is a celebration of women's individuality.,3872,8,26
38748861,entertainment,tldr,A CCTV image of two women who may have witnessed a serious assault at a music venue has been released by police.,Police have released images of two men they want to speak to in connection with an attack in Glasgow.,570,19,22
38748861,entertainment,bullet_points,A CCTV image of two women who may have witnessed a serious assault at a music venue has been released by police.,Police have released images of two women they want to speak to in connection with an attack in Glasgow.,570,19,22
38748861,entertainment,bullet_points_strict,A CCTV image of two women who may have witnessed a serious assault at a music venue has been released by police.,Police have released images of two men they want to speak to in connection with an attack in Glasgow.,570,19,22
38748861,entertainment,one_sentence,A CCTV image of two women who may have witnessed a serious assault at a music venue has been released by police.,Police have released images of two women they want to speak to in connection with an attack in Glasgow.,570,19,22
38748861,entertainment,fact_constrained,A CCTV image of two women who may have witnessed a serious assault at a music venue has been released by police.,Police have released images of two women they want to speak to in connection with an attack in Glasgow.,570,19,22
27453471,entertainment,tldr,A huge gorilla statue made entirely of spoons for entertainer Uri Geller has been unveiled by Prince Michael of Kent.,A giant gorilla made entirely of spoons has been unveiled at the unveiling of Uri Geller's gorilla statue.,3197,18,20
27453471,entertainment,bullet_points,A huge gorilla statue made entirely of spoons for entertainer Uri Geller has been unveiled by Prince Michael of Kent.,A giant gorilla made entirely of spoons has been unveiled at the unveiling of Uri Geller's gorilla statue.,3197,18,20
27453471,entertainment,bullet_points_strict,A huge gorilla statue made entirely of spoons for entertainer Uri Geller has been unveiled by Prince Michael of Kent.,A giant gorilla made entirely of spoons has been unveiled at the unveiling of Uri Geller's gorilla statue.,3197,18,20
27453471,entertainment,one_sentence,A huge gorilla statue made entirely of spoons for entertainer Uri Geller has been unveiled by Prince Michael of Kent.,Uri Geller's gorilla statue has been unveiled at his home in Berkshire.,3197,12,20
27453471,entertainment,fact_constrained,A huge gorilla statue made entirely of spoons for entertainer Uri Geller has been unveiled by Prince Michael of Kent.,A giant gorilla made entirely of spoons has been unveiled at the unveiling of Uri Geller's gorilla statue.,3197,18,20
37031227,entertainment,tldr,"Indian cricketer Ravindra Jadeja has been fined 20,000 rupees (Â£229; $300) after posting photos online of him and his wife posing in front of endangered Asiatic lions.",India's cricketer Jadeja has been fined for taking selfies with lions.,1365,11,27
37031227,entertainment,bullet_points,"Indian cricketer Ravindra Jadeja has been fined 20,000 rupees (Â£229; $300) after posting photos online of him and his wife posing in front of endangered Asiatic lions.",India's cricketer Jadeja has been fined for taking selfies with lions in a national park in Gujarat.,1365,17,27
37031227,entertainment,bullet_points_strict,"Indian cricketer Ravindra Jadeja has been fined 20,000 rupees (Â£229; $300) after posting photos online of him and his wife posing in front of endangered Asiatic lions.","India's cricketer Jadeja has been fined Rs 50,000 (£16,000) for taking selfies with lions in a national park in Gujarat.",1365,20,27
37031227,entertainment,one_sentence,"Indian cricketer Ravindra Jadeja has been fined 20,000 rupees (Â£229; $300) after posting photos online of him and his wife posing in front of endangered Asiatic lions.",India's cricketer Jadeja has been fined for taking selfies with lions in a national park in Gujarat.,1365,17,27
37031227,entertainment,fact_constrained,"Indian cricketer Ravindra Jadeja has been fined 20,000 rupees (Â£229; $300) after posting photos online of him and his wife posing in front of endangered Asiatic lions.",A cricketer in India has been fined for taking selfies with lions in a national park.,1365,16,27
37863033,entertainment,tldr,"Shows like Transparent mean there are more LGBT (lesbian, gay, bisexual and transgender) characters on US TV than ever before, a report has found.","More than 25 lesbian and bisexual female characters have died or were killed off on TV shows, according to a new study.",1071,22,24
37863033,entertainment,bullet_points,"Shows like Transparent mean there are more LGBT (lesbian, gay, bisexual and transgender) characters on US TV than ever before, a report has found.","The number of transgender characters on TV has risen by more than a third in the past year, according to a new study.",1071,23,24
37863033,entertainment,bullet_points_strict,"Shows like Transparent mean there are more LGBT (lesbian, gay, bisexual and transgender) characters on US TV than ever before, a report has found.","The number of transgender characters on TV has risen by more than a third in the past year, according to a new study.",1071,23,24
37863033,entertainment,one_sentence,"Shows like Transparent mean there are more LGBT (lesbian, gay, bisexual and transgender) characters on US TV than ever before, a report has found.","The number of transgender characters on TV has risen by more than a third in the past year, according to a new study.",1071,23,24
37863033,entertainment,fact_constrained,"Shows like Transparent mean there are more LGBT (lesbian, gay, bisexual and transgender) characters on US TV than ever before, a report has found.","The number of transgender characters on TV has risen by more than a third in a year, according to a new study.",1071,22,24
31811294,entertainment,tldr,"You wait more than 15 years for a new Ghostbusters film, and then two come along at the same time.","Ivan Reitman says he wants to ""expand the Ghostbusters universe"".",1756,10,20
31811294,entertainment,bullet_points,"You wait more than 15 years for a new Ghostbusters film, and then two come along at the same time.","Ivan Reitman has said he wants to ""expand"" the Ghostbusters franchise.",1756,11,20
31811294,entertainment,bullet_points_strict,"You wait more than 15 years for a new Ghostbusters film, and then two come along at the same time.","Ghostbusters director Ivan Reitman says he wants to ""expand the Ghostbusters universe"".",1756,12,20
31811294,entertainment,one_sentence,"You wait more than 15 years for a new Ghostbusters film, and then two come along at the same time.",Ghostbusters: Ghostbusters: Ghostbusters: Ghostbusters: Ghostbusters: Ghostbusters: Ghostbusters: Ghostbusters: Ghostbusters: Ghostbusters: Ghostbusters: Ghostbusters: Ghostbusters: Ghostbusters: Ghostbusters: Ghostbusters: Ghostbusters: Ghostbusters: Ghostbusters: Ghostbusters: Ghostbusters: Ghostbusters: Ghostbusters: Ghostbusters: Ghostbusters: Ghostbusters: Ghostbusters: Ghostbusters: Ghostbusters: Ghostbusters: Ghostbusters: Ghostbusters:,1756,32,20
31811294,entertainment,fact_constrained,"You wait more than 15 years for a new Ghostbusters film, and then two come along at the same time.","Ivan Reitman has said he wants to ""expand"" the Ghostbusters franchise.",1756,11,20
30537078,entertainment,tldr,"Photographs showing a festive Prince Harry have been released, to mark his support of a charity helping children affected by HIV and Aids.",Prince Harry has visited a children's home in Lesotho for the first time.,1748,13,23
30537078,entertainment,bullet_points,"Photographs showing a festive Prince Harry have been released, to mark his support of a charity helping children affected by HIV and Aids.",Prince Harry has visited a children's home in Lesotho for the first time.,1748,13,23
30537078,entertainment,bullet_points_strict,"Photographs showing a festive Prince Harry have been released, to mark his support of a charity helping children affected by HIV and Aids.",Prince Harry has visited a children's home in Lesotho for the first time.,1748,13,23
30537078,entertainment,one_sentence,"Photographs showing a festive Prince Harry have been released, to mark his support of a charity helping children affected by HIV and Aids.",Prince Harry has visited a children's home in Lesotho for the first time.,1748,13,23
30537078,entertainment,fact_constrained,"Photographs showing a festive Prince Harry have been released, to mark his support of a charity helping children affected by HIV and Aids.",Prince Harry has visited a children's home in Lesotho for the first time.,1748,13,23
38342183,entertainment,tldr,A police dog stabbed on duty returned to the beat earlier this month after life-saving surgery.,A seven-year-old German Shepherd was rescued from a armed robbery by his handler.,450,13,16
38342183,entertainment,bullet_points,A police dog stabbed on duty returned to the beat earlier this month after life-saving surgery.,A dog who was rescued from a robbery has been named by the BBC.,450,14,16
38342183,entertainment,bullet_points_strict,A police dog stabbed on duty returned to the beat earlier this month after life-saving surgery.,Hundreds of people have signed a petition calling on the government to re-think the laws surrounding injured police support animals.,450,20,16
38342183,entertainment,one_sentence,A police dog stabbed on duty returned to the beat earlier this month after life-saving surgery.,"Finn, a German Shepherd, was rescued from a robbery at a police station in Birmingham.",450,15,16
38342183,entertainment,fact_constrained,A police dog stabbed on duty returned to the beat earlier this month after life-saving surgery.,A seven-year-old German Shepherd has been rescued from a robbery.,450,10,16
20191016,entertainment,tldr,"A Victorian university building in Aberystwyth could be transformed into a postgraduate centre under plans for a new ""cultural quarter"".",Plans to transform one of Aberystwyth's most recognisable buildings have been unveiled.,2130,12,20
20191016,entertainment,bullet_points,"A Victorian university building in Aberystwyth could be transformed into a postgraduate centre under plans for a new ""cultural quarter"".",Plans to transform a historic building in Aberystwyth have been unveiled.,2130,11,20
20191016,entertainment,bullet_points_strict,"A Victorian university building in Aberystwyth could be transformed into a postgraduate centre under plans for a new ""cultural quarter"".",Plans to transform a historic building in Aberystwyth have been unveiled.,2130,11,20
20191016,entertainment,one_sentence,"A Victorian university building in Aberystwyth could be transformed into a postgraduate centre under plans for a new ""cultural quarter"".",Plans to transform one of Aberystwyth's most recognisable buildings have been unveiled.,2130,12,20
20191016,entertainment,fact_constrained,"A Victorian university building in Aberystwyth could be transformed into a postgraduate centre under plans for a new ""cultural quarter"".",Plans to transform a historic building in Aberystwyth have been unveiled.,2130,11,20
34196691,entertainment,tldr,"Wetwang, Cockermouth and Bell End were just some of the place names deemed too rude to be shown at a Women's Institute (WI) event.",The author of Lesser Spotted Britain has said he was censored by organisers at an event.,1836,16,24
34196691,entertainment,bullet_points,"Wetwang, Cockermouth and Bell End were just some of the place names deemed too rude to be shown at a Women's Institute (WI) event.",A British author has said he was censored at a fair because he was selling 'carry on' humour.,1836,18,24
34196691,entertainment,bullet_points_strict,"Wetwang, Cockermouth and Bell End were just some of the place names deemed too rude to be shown at a Women's Institute (WI) event.",The author of Lesser Spotted Britain has said he was censored by organisers at an event.,1836,16,24
34196691,entertainment,one_sentence,"Wetwang, Cockermouth and Bell End were just some of the place names deemed too rude to be shown at a Women's Institute (WI) event.",The author of 'Lesser Spotted Britain' has said he was censored by organisers at an event.,1836,16,24
34196691,entertainment,fact_constrained,"Wetwang, Cockermouth and Bell End were just some of the place names deemed too rude to be shown at a Women's Institute (WI) event.",A writer has said he was censored by organisers at a 'carry on' event.,1836,14,24
23629830,entertainment,tldr,"Hugh Grant has been cast in Guy Ritchie's big-screen adaptation of the 1960s TV show, The Man From U.N.C.L.E.",Grant will play a leading role in the spy film The Man From U.N.C.L.E.,1422,14,19
23629830,entertainment,bullet_points,"Hugh Grant has been cast in Guy Ritchie's big-screen adaptation of the 1960s TV show, The Man From U.N.C.L.E.","Grant will play a leading role in The Man From U.N.C.L.E., according to the Hollywood Reporter.",1422,16,19
23629830,entertainment,bullet_points_strict,"Hugh Grant has been cast in Guy Ritchie's big-screen adaptation of the 1960s TV show, The Man From U.N.C.L.E.","Grant will play a leading role in The Man From U.N.C.L.E., according to the Hollywood Reporter.",1422,16,19
23629830,entertainment,one_sentence,"Hugh Grant has been cast in Guy Ritchie's big-screen adaptation of the 1960s TV show, The Man From U.N.C.L.E.",Grant has been confirmed as the lead actor in a new adaptation of the TV series The Man From U.N.C.L.E.,1422,20,19
23629830,entertainment,fact_constrained,"Hugh Grant has been cast in Guy Ritchie's big-screen adaptation of the 1960s TV show, The Man From U.N.C.L.E.","Grant will play a leading role in the adaptation of The Man From U.N.C.L.E., according to the Hollywood Reporter.",1422,19,19
32512624,entertainment,tldr,"Singer Lil' Chris's death was caused by hanging, an inquest has heard.",An inquest into the death of singer Lil' Chris Hardman has been adjourned.,2132,13,12
32512624,entertainment,bullet_points,"Singer Lil' Chris's death was caused by hanging, an inquest has heard.",An inquest into the death of singer Lil' Chris Hardman has been adjourned.,2132,13,12
32512624,entertainment,bullet_points_strict,"Singer Lil' Chris's death was caused by hanging, an inquest has heard.",An inquest into the death of singer Lil' Chris Hardman has been adjourned.,2132,13,12
32512624,entertainment,one_sentence,"Singer Lil' Chris's death was caused by hanging, an inquest has heard.",The inquest into the death of singer Lil' Chris Hardman has been adjourned until 28 July.,2132,16,12
32512624,entertainment,fact_constrained,"Singer Lil' Chris's death was caused by hanging, an inquest has heard.",An inquest into the death of singer Lil' Chris has been adjourned.,2132,12,12
