id,genre,prompt_name,reference_summary,generated_summary,source_length_chars,generated_length_words,reference_length_words,compression_ratio,is_bullet_format,rouge1,rouge2,rougeL,bertscore_precision,bertscore_recall,bertscore_f1
38264402,tech,tldr,"There is a ""chronic"" need for more housing for prison leavers in Wales, according to a charity.","Prisoners in Wales are facing a ""desperate need"" for housing, a charity has said.",3525,14,17,0.8235294117647058,0,0.5161290322580646,0.2068965517241379,0.3870967741935484,0.9495624303817748,0.9446714520454408,0.9471105933189392
38264402,tech,bullet_points,"There is a ""chronic"" need for more housing for prison leavers in Wales, according to a charity.","The number of people homeless in Wales is on the rise, according to a charity.",3525,15,17,0.8823529411764706,0,0.4374999999999999,0.2666666666666666,0.375,0.9422063827514648,0.9172845482826232,0.9295784831047058
38264402,tech,bullet_points_strict,"There is a ""chronic"" need for more housing for prison leavers in Wales, according to a charity.","The number of people who are homeless in Wales is ""disappointing"", a charity has said.",3525,15,17,0.8823529411764706,0,0.3125,0.1333333333333333,0.25,0.9122166633605956,0.91572904586792,0.9139695167541504
38264402,tech,one_sentence,"There is a ""chronic"" need for more housing for prison leavers in Wales, according to a charity.","Prison leavers in Wales are facing a ""desperate need"" for accommodation, a charity has said.",3525,15,17,0.8823529411764706,0,0.5625,0.3333333333333333,0.375,0.951646327972412,0.954526960849762,0.9530845284461976
38264402,tech,fact_constrained,"There is a ""chronic"" need for more housing for prison leavers in Wales, according to a charity.","The number of people homeless in Wales has risen by more than a third in the past year, according to a charity.",3525,22,17,1.2941176470588236,0,0.4102564102564102,0.2162162162162162,0.3076923076923076,0.9080098867416382,0.914168894290924,0.911078929901123
34227252,entertainment,tldr,"A man has appeared in court after firearms, ammunition and cash were seized by police in Edinburgh.",A 26-year-old man has been charged with armed robbery in Edinburgh.,287,11,17,0.6470588235294118,0,0.3333333333333333,0.1428571428571428,0.3333333333333333,0.9193482398986816,0.9054721593856812,0.9123574495315552
34227252,entertainment,bullet_points,"A man has appeared in court after firearms, ammunition and cash were seized by police in Edinburgh.",A 26-year-old man has appeared in court charged with armed robbery in Edinburgh.,287,13,17,0.7647058823529411,0,0.5,0.3333333333333333,0.5,0.9296108484268188,0.9182326793670654,0.9238867163658142
34227252,entertainment,bullet_points_strict,"A man has appeared in court after firearms, ammunition and cash were seized by police in Edinburgh.",A 26-year-old man has appeared in court charged with armed robbery in Edinburgh.,287,13,17,0.7647058823529411,0,0.5,0.3333333333333333,0.5,0.9296108484268188,0.9182326793670654,0.9238867163658142
34227252,entertainment,one_sentence,"A man has appeared in court after firearms, ammunition and cash were seized by police in Edinburgh.",A 26-year-old man has been charged with armed robbery in Edinburgh.,287,11,17,0.6470588235294118,0,0.3333333333333333,0.1428571428571428,0.3333333333333333,0.9193482398986816,0.9054721593856812,0.9123574495315552
34227252,entertainment,fact_constrained,"A man has appeared in court after firearms, ammunition and cash were seized by police in Edinburgh.",A 26-year-old man has appeared in court charged with armed robbery in Edinburgh.,287,13,17,0.7647058823529411,0,0.5,0.3333333333333333,0.5,0.9296108484268188,0.9182326793670654,0.9238867163658142
38537698,tech,tldr,"Four people accused of kidnapping and torturing a mentally disabled man in a ""racially motivated"" attack streamed on Facebook have been denied bail.",Four teenagers have been charged with hate crimes after a white man was held captive in a van.,1488,18,23,0.782608695652174,0,0.3414634146341463,0.1025641025641025,0.2439024390243902,0.9198620319366456,0.8850641250610352,0.9021276235580444
38537698,tech,bullet_points,"Four people accused of kidnapping and torturing a mentally disabled man in a ""racially motivated"" attack streamed on Facebook have been denied bail.",Four teenagers have been charged with hate crimes after a white man was beaten to death in a Chicago suburb.,1488,20,23,0.8695652173913043,0,0.3255813953488372,0.0975609756097561,0.2325581395348837,0.9049797058105468,0.8841404914855957,0.8944386839866638
38537698,tech,bullet_points_strict,"Four people accused of kidnapping and torturing a mentally disabled man in a ""racially motivated"" attack streamed on Facebook have been denied bail.",Four teenagers have been charged with hate crimes after a white man was beaten to death in Chicago.,1488,18,23,0.782608695652174,0,0.2926829268292683,0.0512820512820512,0.1951219512195122,0.9115617871284484,0.8844709396362305,0.8978120684623718
38537698,tech,one_sentence,"Four people accused of kidnapping and torturing a mentally disabled man in a ""racially motivated"" attack streamed on Facebook have been denied bail.",Four teenagers have been charged with hate crimes after a white man was beaten to death in Chicago.,1488,18,23,0.782608695652174,0,0.2926829268292683,0.0512820512820512,0.1951219512195122,0.9115617871284484,0.8844709396362305,0.8978120684623718
38537698,tech,fact_constrained,"Four people accused of kidnapping and torturing a mentally disabled man in a ""racially motivated"" attack streamed on Facebook have been denied bail.",Four teenagers have been charged with hate crimes after a white man was beaten to death in Chicago.,1488,18,23,0.782608695652174,0,0.2926829268292683,0.0512820512820512,0.1951219512195122,0.9115617871284484,0.8844709396362305,0.8978120684623718
36175342,sport,tldr,"West Brom have appointed Nicky Hammond as technical director, ending his 20-year association with Reading.",West Bromwich Albion have appointed West Brom's former youth academy director as their new director of football.,313,17,15,1.1333333333333333,0,0.3529411764705882,0.125,0.2941176470588235,0.9187742471694946,0.8959306478500366,0.9072086811065674
36175342,sport,bullet_points,"West Brom have appointed Nicky Hammond as technical director, ending his 20-year association with Reading.",West Bromwich Albion have appointed former Arsenal youth academy director and former West Bromwich Albion goalkeeper Mark Hughes as their new director of football.,313,24,15,1.6,0,0.25,0.0526315789473684,0.25,0.8972979187965393,0.9039342999458312,0.9006038308143616
36175342,sport,bullet_points_strict,"West Brom have appointed Nicky Hammond as technical director, ending his 20-year association with Reading.",West Bromwich Albion have appointed former Arsenal youth academy director and youth academy director Darren Clarke as their new director of football.,313,22,15,1.4666666666666666,0,0.2631578947368421,0.0555555555555555,0.2631578947368421,0.9006370306015015,0.907526969909668,0.904068887233734
36175342,sport,one_sentence,"West Brom have appointed Nicky Hammond as technical director, ending his 20-year association with Reading.",West Bromwich Albion have appointed West Brom's former youth academy director as their new director of football.,313,17,15,1.1333333333333333,0,0.3529411764705882,0.125,0.2941176470588235,0.9187742471694946,0.8959306478500366,0.9072086811065674
36175342,sport,fact_constrained,"West Brom have appointed Nicky Hammond as technical director, ending his 20-year association with Reading.","West Bromwich Albion have signed West Brom's former youth academy director and former youth academy director, Mark Hughes.",313,18,15,1.2,0,0.2285714285714285,0.0606060606060606,0.1714285714285714,0.8945373892784119,0.8960784673690796,0.8953073024749756
39070183,tech,tldr,"The pancreas can be triggered to regenerate itself through a type of fasting diet, say US researchers.",A fasting-mimicking diet has been shown to reverse the symptoms of type 1 and type 2 diabetes.,3585,17,17,1.0,0,0.3999999999999999,0.0,0.1714285714285714,0.8607475757598877,0.8893615007400513,0.8748205900192261
39070183,tech,bullet_points,"The pancreas can be triggered to regenerate itself through a type of fasting diet, say US researchers.",A fasting-mimicking diet has been shown to reverse the symptoms of type 1 and type 2 diabetes.,3585,17,17,1.0,0,0.3999999999999999,0.0,0.1714285714285714,0.8607475757598877,0.8893615007400513,0.8748205900192261
39070183,tech,bullet_points_strict,"The pancreas can be triggered to regenerate itself through a type of fasting diet, say US researchers.",A fasting-mimicking diet has been shown to reverse the symptoms of type 1 diabetes.,3585,14,17,0.8235294117647058,0,0.4374999999999999,0.0,0.1875,0.8770020604133606,0.8894954323768616,0.8832045793533325
39070183,tech,one_sentence,"The pancreas can be triggered to regenerate itself through a type of fasting diet, say US researchers.",A fasting-mimicking diet has been shown to reverse the symptoms of type 1 and type 2 diabetes.,3585,17,17,1.0,0,0.3999999999999999,0.0,0.1714285714285714,0.8607475757598877,0.8893615007400513,0.8748205900192261
39070183,tech,fact_constrained,"The pancreas can be triggered to regenerate itself through a type of fasting diet, say US researchers.",A fasting-mimicking diet has been shown to reverse the symptoms of type 1 and type 2 diabetes.,3585,17,17,1.0,0,0.3999999999999999,0.0,0.1714285714285714,0.8607475757598877,0.8893615007400513,0.8748205900192261
38899892,business,tldr,"Since their impending merger was announced in January, there has been remarkably little comment about the huge proposed deal to combine Essilor and Luxottica.","If you're looking for a good deal on a merger between Essilor and Luxottica, there's no doubt you'll find it.",6147,20,24,0.8333333333333334,0,0.2553191489361702,0.0888888888888888,0.1702127659574468,0.9080734252929688,0.907066285610199,0.9075695276260376
38899892,business,bullet_points,"Since their impending merger was announced in January, there has been remarkably little comment about the huge proposed deal to combine Essilor and Luxottica.","If you're looking for a good deal on a merger between two of the world's biggest companies, there's no doubt you'll find it.",6147,23,24,0.9583333333333334,0,0.1568627450980392,0.0,0.0784313725490196,0.8724818229675293,0.8666012287139893,0.8695315718650818
38899892,business,bullet_points_strict,"Since their impending merger was announced in January, there has been remarkably little comment about the huge proposed deal to combine Essilor and Luxottica.","If you're looking for a good deal on a merger between two of the world's biggest companies, there's no way you'll be able to find it.",6147,26,24,1.0833333333333333,0,0.1851851851851852,0.0,0.1111111111111111,0.8723170161247253,0.8681740760803223,0.8702405691146851
38899892,business,one_sentence,"Since their impending merger was announced in January, there has been remarkably little comment about the huge proposed deal to combine Essilor and Luxottica.",There's no doubt that there will be a merger between Essilor and Luxottica in the near future.,6147,17,24,0.7083333333333334,0,0.3333333333333333,0.0999999999999999,0.1904761904761905,0.9312626123428344,0.9139895439147948,0.9225451946258544
38899892,business,fact_constrained,"Since their impending merger was announced in January, there has been remarkably little comment about the huge proposed deal to combine Essilor and Luxottica.",There's no doubt that there will be a merger between Essilor and Luxottica in the near future.,6147,17,24,0.7083333333333334,0,0.3333333333333333,0.0999999999999999,0.1904761904761905,0.9312626123428344,0.9139895439147948,0.9225451946258544
39339718,sport,tldr,"A ""medal at any cost"" approach created a ""culture of fear"" at British Cycling, says former rider Wendy Houvenaghel.","Wendy Houvenaghel has said she feels ""vindicated"" by British Cycling's failures in the World Class Programme.",5432,16,19,0.8421052631578947,0,0.2222222222222222,0.1176470588235294,0.1111111111111111,0.9190068244934082,0.9116318225860596,0.9153044819831848
39339718,sport,bullet_points,"A ""medal at any cost"" approach created a ""culture of fear"" at British Cycling, says former rider Wendy Houvenaghel.","Wendy Houvenaghel has said she feels ""vindicated"" by British Cycling's failures in the World Class Programme.",5432,16,19,0.8421052631578947,0,0.2222222222222222,0.1176470588235294,0.1111111111111111,0.9190068244934082,0.9116318225860596,0.9153044819831848
39339718,sport,bullet_points_strict,"A ""medal at any cost"" approach created a ""culture of fear"" at British Cycling, says former rider Wendy Houvenaghel.","Wendy Houvenaghel has said she feels ""vindicated"" by British Cycling's failures in the World Class Programme.",5432,16,19,0.8421052631578947,0,0.2222222222222222,0.1176470588235294,0.1111111111111111,0.9190068244934082,0.9116318225860596,0.9153044819831848
39339718,sport,one_sentence,"A ""medal at any cost"" approach created a ""culture of fear"" at British Cycling, says former rider Wendy Houvenaghel.","British Cycling chief executive Wendy Houvenaghel has said she feels ""vindicated"" by the organisation's failures in the World Class Programme.",5432,20,19,1.0526315789473684,0,0.2,0.1052631578947368,0.2,0.9131338596343994,0.9117225408554076,0.9124276638031006
39339718,sport,fact_constrained,"A ""medal at any cost"" approach created a ""culture of fear"" at British Cycling, says former rider Wendy Houvenaghel.","Wendy Houvenaghel has said she feels ""vindicated"" by a report into British Cycling's World Class programme.",5432,16,19,0.8421052631578947,0,0.2777777777777777,0.1176470588235294,0.1666666666666666,0.9199779033660888,0.9117653369903564,0.9158532023429872
34571446,business,tldr,Have you heard the one about the computer programmer who bought a failing comedy club in Texas and turned it into a million dollar a year business?,"The Hideout is a comedy club in Austin, Texas.",5950,9,27,0.3333333333333333,0,0.3333333333333333,0.1176470588235294,0.3333333333333333,0.907032072544098,0.8586829304695129,0.8821955323219299
34571446,business,bullet_points,Have you heard the one about the computer programmer who bought a failing comedy club in Texas and turned it into a million dollar a year business?,It's not often you hear a joke about a comedy club in the US.,5950,14,27,0.5185185185185185,0,0.4285714285714285,0.1,0.2857142857142857,0.8886617422103882,0.8678677678108215,0.8781416416168213
34571446,business,bullet_points_strict,Have you heard the one about the computer programmer who bought a failing comedy club in Texas and turned it into a million dollar a year business?,"The Hideout is a comedy club in Austin, Texas.",5950,9,27,0.3333333333333333,0,0.3333333333333333,0.1176470588235294,0.3333333333333333,0.907032072544098,0.8586829304695129,0.8821955323219299
34571446,business,one_sentence,Have you heard the one about the computer programmer who bought a failing comedy club in Texas and turned it into a million dollar a year business?,It's not a joke. It's a joke. It's a joke.,5950,10,27,0.3703703703703703,0,0.2,0.0,0.2,0.8813705444335938,0.8438212275505066,0.8621872067451477
34571446,business,fact_constrained,Have you heard the one about the computer programmer who bought a failing comedy club in Texas and turned it into a million dollar a year business?,"In the US, stand-up comedy is a booming industry.",5950,9,27,0.3333333333333333,0,0.2162162162162162,0.0,0.1621621621621621,0.9040366411209106,0.864974856376648,0.8840744495391846
36892983,business,tldr,"The reaction from BT's investors told us much about media regulator Ofcom's ruling on the fate of Openreach, the BT subsidiary that provides much of the UK's broadband infrastructure.","BT's share price soared in early trading on Thursday after the company's chief executive, Sharon White, said the company's pension scheme was ""practical obstacles"" to a split.",2398,27,29,0.9310344827586208,0,0.2258064516129032,0.0333333333333333,0.1935483870967742,0.8612439632415771,0.8680153489112854,0.8646163940429688
36892983,business,bullet_points,"The reaction from BT's investors told us much about media regulator Ofcom's ruling on the fate of Openreach, the BT subsidiary that provides much of the UK's broadband infrastructure.","BT's share price soared in the early hours of Thursday morning, as the company's shares soared on the London Stock Exchange.",2398,21,29,0.7241379310344828,0,0.2909090909090909,0.0754716981132075,0.2181818181818181,0.8666976690292358,0.8626887202262878,0.8646885752677917
36892983,business,bullet_points_strict,"The reaction from BT's investors told us much about media regulator Ofcom's ruling on the fate of Openreach, the BT subsidiary that provides much of the UK's broadband infrastructure.","BT's share price soared in early trading after the company's chief executive, Ofcom's Sharon White, said the company's pension scheme was ""practical obstacles"" to a break-up.",2398,26,29,0.896551724137931,0,0.2222222222222222,0.0655737704918032,0.1904761904761904,0.8659908771514893,0.8793990612030029,0.8726434707641602
36892983,business,one_sentence,"The reaction from BT's investors told us much about media regulator Ofcom's ruling on the fate of Openreach, the BT subsidiary that provides much of the UK's broadband infrastructure.","BT's share price soared in the early hours of Thursday morning, as the company's shares soared on the London Stock Exchange.",2398,21,29,0.7241379310344828,0,0.2909090909090909,0.0754716981132075,0.2181818181818181,0.8666976690292358,0.8626887202262878,0.8646885752677917
36892983,business,fact_constrained,"The reaction from BT's investors told us much about media regulator Ofcom's ruling on the fate of Openreach, the BT subsidiary that provides much of the UK's broadband infrastructure.","BT's share price soared in early trading on Thursday after the company's chief executive, Ofcom chief executive Sharon White, said that a break-up would be ""a costly headache"" and that a government guarantee on part of the company's pension scheme would be needed.",2398,43,29,1.4827586206896552,0,0.2531645569620253,0.0519480519480519,0.2025316455696202,0.8602383136749268,0.8794182538986206,0.8697226047515869
37732028,sport,tldr,Manager Brendan Rodgers is sure Celtic can exploit the wide open spaces of Hampden when they meet Rangers in Sunday's League Cup semi-final.,Brendan Rodgers says he is looking forward to his first Old Firm derby with Celtic on Saturday.,2239,17,23,0.7391304347826086,0,0.1904761904761905,0.05,0.1904761904761905,0.9108632206916808,0.8870556354522705,0.898801863193512
37732028,sport,bullet_points,Manager Brendan Rodgers is sure Celtic can exploit the wide open spaces of Hampden when they meet Rangers in Sunday's League Cup semi-final.,Brendan Rodgers says he is looking forward to his first Old Firm derby with Celtic on Saturday.,2239,17,23,0.7391304347826086,0,0.1904761904761905,0.05,0.1904761904761905,0.9108632206916808,0.8870556354522705,0.898801863193512
37732028,sport,bullet_points_strict,Manager Brendan Rodgers is sure Celtic can exploit the wide open spaces of Hampden when they meet Rangers in Sunday's League Cup semi-final.,Brendan Rodgers says he is looking forward to his first Old Firm derby with Celtic on Saturday.,2239,17,23,0.7391304347826086,0,0.1904761904761905,0.05,0.1904761904761905,0.9108632206916808,0.8870556354522705,0.898801863193512
37732028,sport,one_sentence,Manager Brendan Rodgers is sure Celtic can exploit the wide open spaces of Hampden when they meet Rangers in Sunday's League Cup semi-final.,Brendan Rodgers says he is looking forward to his first Old Firm derby with Celtic on Saturday.,2239,17,23,0.7391304347826086,0,0.1904761904761905,0.05,0.1904761904761905,0.9108632206916808,0.8870556354522705,0.898801863193512
37732028,sport,fact_constrained,Manager Brendan Rodgers is sure Celtic can exploit the wide open spaces of Hampden when they meet Rangers in Sunday's League Cup semi-final.,Brendan Rodgers says he is looking forward to his first Old Firm derby with Celtic on Saturday.,2239,17,23,0.7391304347826086,0,0.1904761904761905,0.05,0.1904761904761905,0.9108632206916808,0.8870556354522705,0.898801863193512
32300397,business,tldr,Queen's University Belfast is cutting 236 jobs and 290 student places due to a funding reduction.,Queen's University in Belfast has announced it will be cutting its undergraduate and postgraduate places.,2309,15,16,0.9375,0,0.4242424242424242,0.1290322580645161,0.4242424242424242,0.9350975751876832,0.923154354095459,0.9290875792503356
32300397,business,bullet_points,Queen's University Belfast is cutting 236 jobs and 290 student places due to a funding reduction.,The University of Queen's in Belfast has announced that it will be cutting the number of undergraduate and postgraduate places at the university.,2309,23,16,1.4375,0,0.3414634146341463,0.0512820512820512,0.2926829268292683,0.9219706058502196,0.9167028069496156,0.9193292260169984
32300397,business,bullet_points_strict,Queen's University Belfast is cutting 236 jobs and 290 student places due to a funding reduction.,"The University of Queen's in Belfast is to cut its undergraduate and postgraduate places by 1,010 over the next three years, the BBC understands.",2309,24,16,1.5,0,0.372093023255814,0.097560975609756,0.2790697674418605,0.8912345767021179,0.9161904454231262,0.9035401940345764
32300397,business,one_sentence,Queen's University Belfast is cutting 236 jobs and 290 student places due to a funding reduction.,Queen's University in Belfast has announced it will cut its undergraduate and postgraduate places.,2309,14,16,0.875,0,0.375,0.1333333333333333,0.375,0.9367403388023376,0.923221468925476,0.9299318194389344
32300397,business,fact_constrained,Queen's University Belfast is cutting 236 jobs and 290 student places due to a funding reduction.,"The University of Queen's in Belfast has announced it will cut its undergraduate and postgraduate student places by 1,010 over the next three years.",2309,24,16,1.5,0,0.3255813953488372,0.097560975609756,0.2790697674418605,0.903808057308197,0.924900770187378,0.9142327904701232
32672009,tech,tldr,Hospital bosses in Sussex have apologised after about 850 patients were sent leaflets in error suggesting they might have cancer.,East Sussex Healthcare NHS Trust has apologised after 850 leaflets were mistakenly inserted with an appointment letter.,1318,17,20,0.85,0,0.3243243243243243,0.0571428571428571,0.2702702702702702,0.9150239825248718,0.9100818037986756,0.9125462174415588
32672009,tech,bullet_points,Hospital bosses in Sussex have apologised after about 850 patients were sent leaflets in error suggesting they might have cancer.,A hospital trust has apologised after 850 leaflets were mistakenly inserted with a patient's appointment letter.,1318,16,20,0.8,0,0.3243243243243243,0.0571428571428571,0.2702702702702702,0.9243932962417604,0.9157670736312866,0.9200599789619446
32672009,tech,bullet_points_strict,Hospital bosses in Sussex have apologised after about 850 patients were sent leaflets in error suggesting they might have cancer.,"East Sussex Healthcare NHS Trust has apologised for a ""two-week information leaflet"" being inserted with an appointment letter.",1318,18,20,0.9,0,0.1025641025641025,0.0,0.1025641025641025,0.8850730657577515,0.8914143443107605,0.888232409954071
32672009,tech,one_sentence,Hospital bosses in Sussex have apologised after about 850 patients were sent leaflets in error suggesting they might have cancer.,"East Sussex Healthcare NHS Trust has apologised for a ""two-week information leaflet"" being inserted with an appointment letter.",1318,18,20,0.9,0,0.1025641025641025,0.0,0.1025641025641025,0.8850730657577515,0.8914143443107605,0.888232409954071
32672009,tech,fact_constrained,Hospital bosses in Sussex have apologised after about 850 patients were sent leaflets in error suggesting they might have cancer.,A hospital trust has apologised after 850 leaflets were mistakenly inserted with a patient's appointment letter.,1318,16,20,0.8,0,0.3243243243243243,0.0571428571428571,0.2702702702702702,0.9243932962417604,0.9157670736312866,0.9200599789619446
38872899,politics,tldr,The shadow foreign secretary has suggested Labour will continue to support legislation paving the way for Brexit as it passes through Parliament.,"Labour has said it will not ""frustrate Brexit"" if it fails to amend its Brexit bill.",3157,16,22,0.7272727272727273,0,0.3157894736842105,0.0,0.2105263157894737,0.8892247080802917,0.8932316303253174,0.8912236094474792
38872899,politics,bullet_points,The shadow foreign secretary has suggested Labour will continue to support legislation paving the way for Brexit as it passes through Parliament.,"Labour has said it will not ""frustrate Brexit"" if it fails to amend its Brexit bill.",3157,16,22,0.7272727272727273,0,0.3157894736842105,0.0,0.2105263157894737,0.8892247080802917,0.8932316303253174,0.8912236094474792
38872899,politics,bullet_points_strict,The shadow foreign secretary has suggested Labour will continue to support legislation paving the way for Brexit as it passes through Parliament.,"Labour has said it will not ""frustrate Brexit"" if it fails to amend its Brexit bill.",3157,16,22,0.7272727272727273,0,0.3157894736842105,0.0,0.2105263157894737,0.8892247080802917,0.8932316303253174,0.8912236094474792
38872899,politics,one_sentence,The shadow foreign secretary has suggested Labour will continue to support legislation paving the way for Brexit as it passes through Parliament.,"Labour has said it will not ""frustrate Brexit"" if it fails to amend its Brexit bill.",3157,16,22,0.7272727272727273,0,0.3157894736842105,0.0,0.2105263157894737,0.8892247080802917,0.8932316303253174,0.8912236094474792
38872899,politics,fact_constrained,The shadow foreign secretary has suggested Labour will continue to support legislation paving the way for Brexit as it passes through Parliament.,"Labour has said it will not ""frustrate Brexit"" if it fails to amend its Brexit bill.",3157,16,22,0.7272727272727273,0,0.3157894736842105,0.0,0.2105263157894737,0.8892247080802917,0.8932316303253174,0.8912236094474792
37248643,sport,tldr,Torquay United boss Kevin Nicholson says none of the money from Eunan O'Kane's move to Leeds from Bournemouth will go to the playing squad.,The Gulls are looking for a new owner after the club's owner stepped down last summer.,625,16,24,0.6666666666666666,0,0.1395348837209302,0.0,0.0930232558139535,0.8629907369613647,0.8268444538116455,0.8445309996604919
37248643,sport,bullet_points,Torquay United boss Kevin Nicholson says none of the money from Eunan O'Kane's move to Leeds from Bournemouth will go to the playing squad.,The Gulls have agreed a deal to sell midfielder Sean O'Kane to the Cherries for £8m.,625,16,24,0.6666666666666666,0,0.2790697674418605,0.097560975609756,0.2325581395348837,0.8957774639129639,0.8726987242698669,0.8840874433517456
37248643,sport,bullet_points_strict,Torquay United boss Kevin Nicholson says none of the money from Eunan O'Kane's move to Leeds from Bournemouth will go to the playing squad.,The Gulls have agreed a deal to sell midfielder Sean O'Kane to the Cherries for £8m.,625,16,24,0.6666666666666666,0,0.2790697674418605,0.097560975609756,0.2325581395348837,0.8957774639129639,0.8726987242698669,0.8840874433517456
37248643,sport,one_sentence,Torquay United boss Kevin Nicholson says none of the money from Eunan O'Kane's move to Leeds from Bournemouth will go to the playing squad.,The Gulls have agreed a deal to sell midfielder Sean O'Kane to the Cherries for £8m.,625,16,24,0.6666666666666666,0,0.2790697674418605,0.097560975609756,0.2325581395348837,0.8957774639129639,0.8726987242698669,0.8840874433517456
37248643,sport,fact_constrained,Torquay United boss Kevin Nicholson says none of the money from Eunan O'Kane's move to Leeds from Bournemouth will go to the playing squad.,The Gulls have agreed a deal to sell midfielder Sean O'Kane to the Cherries for £8m.,625,16,24,0.6666666666666666,0,0.2790697674418605,0.097560975609756,0.2325581395348837,0.8957774639129639,0.8726987242698669,0.8840874433517456
38521798,tech,tldr,North Wales Police has been criticised at an inquest for sending an officer to speak to a hospital patient with paranoid schizophrenia.,"A psychiatric consultant has said he is ""extremely unhappy"" about a visit by a police officer to a ward where he died.",1314,22,22,1.0,0,0.2272727272727272,0.0952380952380952,0.1818181818181818,0.8878450393676758,0.8946700096130371,0.8912444710731506
38521798,tech,bullet_points,North Wales Police has been criticised at an inquest for sending an officer to speak to a hospital patient with paranoid schizophrenia.,"A psychiatric consultant has said he is ""extremely unhappy"" about a visit by a police officer to a psychiatric unit at a hospital.",1314,23,22,1.0454545454545454,0,0.3111111111111111,0.1395348837209302,0.2222222222222222,0.8975138664245605,0.9027137160301208,0.9001062512397766
38521798,tech,bullet_points_strict,North Wales Police has been criticised at an inquest for sending an officer to speak to a hospital patient with paranoid schizophrenia.,"A psychiatric consultant has said he is ""extremely unhappy"" about a visit by a police officer to a ward at a hospital.",1314,22,22,1.0,0,0.3181818181818182,0.1428571428571428,0.2272727272727272,0.9026289582252502,0.9021520018577576,0.9023904204368592
38521798,tech,one_sentence,North Wales Police has been criticised at an inquest for sending an officer to speak to a hospital patient with paranoid schizophrenia.,An inquest into the death of a man whose body was found in the Menai Strait has been adjourned.,1314,19,22,0.8636363636363636,0,0.2439024390243902,0.1025641025641025,0.1463414634146341,0.8831830620765686,0.8782145977020264,0.8806918859481812
38521798,tech,fact_constrained,North Wales Police has been criticised at an inquest for sending an officer to speak to a hospital patient with paranoid schizophrenia.,An inquest into the death of a man whose body was found in the Strait of Gwynedd has been adjourned.,1314,20,22,0.9090909090909092,0,0.238095238095238,0.1,0.1428571428571428,0.8809232115745544,0.8819592595100403,0.8814409375190735
29771956,sport,tldr,Leicester City striker Gary Taylor-Fletcher has joined Sheffield Wednesday on an initial month-long loan.,Leicester City have signed former Blackpool and Blackpool midfielder Chris Taylor-Fletcher on a one-year deal.,343,15,14,1.0714285714285714,0,0.303030303030303,0.1290322580645161,0.303030303030303,0.91586571931839,0.9339108467102052,0.9248002767562866
29771956,sport,bullet_points,Leicester City striker Gary Taylor-Fletcher has joined Sheffield Wednesday on an initial month-long loan.,Leicester City have completed the signing of former Blackpool midfielder Chris Taylor-Fletcher on a one-year contract.,343,16,14,1.1428571428571428,0,0.2941176470588235,0.125,0.2941176470588235,0.9294755458831788,0.9312281608581544,0.9303510189056396
29771956,sport,bullet_points_strict,Leicester City striker Gary Taylor-Fletcher has joined Sheffield Wednesday on an initial month-long loan.,Leicester City have signed Leicester City winger Chris Taylor-Fletcher on a one-year deal.,343,13,14,0.9285714285714286,0,0.3225806451612903,0.1379310344827586,0.3225806451612903,0.9461217522621156,0.935190200805664,0.9406242370605468
29771956,sport,one_sentence,Leicester City striker Gary Taylor-Fletcher has joined Sheffield Wednesday on an initial month-long loan.,Leicester City have signed Leicester City striker Danny Taylor-Fletcher on a one-year contract.,343,13,14,0.9285714285714286,0,0.3870967741935484,0.2068965517241379,0.3870967741935484,0.947028636932373,0.936556339263916,0.9417633414268494
29771956,sport,fact_constrained,Leicester City striker Gary Taylor-Fletcher has joined Sheffield Wednesday on an initial month-long loan.,Leicester City have signed Leicester City midfielder Chris Taylor-Fletcher on a one-year deal.,343,13,14,0.9285714285714286,0,0.3225806451612903,0.1379310344827586,0.3225806451612903,0.9458396434783936,0.9348344802856444,0.9403048157691956
38322594,politics,tldr,"Limiting access to federal research would do an ""enormous disservice"" to the US and the world according to former Nasa chief scientist.","The chief scientist of Nasa has warned that access to climate data will be a ""tremendous disservice"" to the scientific community.",5964,21,22,0.9545454545454546,0,0.4186046511627907,0.1951219512195122,0.2325581395348837,0.9295012950897216,0.9256333112716676,0.9275633096694946
38322594,politics,bullet_points,"Limiting access to federal research would do an ""enormous disservice"" to the US and the world according to former Nasa chief scientist.","The chief scientist of Nasa has warned that access to climate data will be ""an enormous disservice to the citizens of this country and to the world in general"".",5964,29,22,1.318181818181818,0,0.5490196078431373,0.2857142857142857,0.392156862745098,0.9251245856285096,0.9278936386108398,0.9265069961547852
38322594,politics,bullet_points_strict,"Limiting access to federal research would do an ""enormous disservice"" to the US and the world according to former Nasa chief scientist.","The chief scientist of Nasa has warned that access to climate data will be a ""tremendous disservice to the citizens of this country and to the world in general"".",5964,29,22,1.318181818181818,0,0.4705882352941176,0.2040816326530612,0.3137254901960784,0.917674720287323,0.9293165802955629,0.9234589338302612
38322594,politics,one_sentence,"Limiting access to federal research would do an ""enormous disservice"" to the US and the world according to former Nasa chief scientist.","The chief scientist of Nasa has warned that access to climate data will be ""an enormous disservice to the citizens of this country and to the world in general"".",5964,29,22,1.318181818181818,0,0.5490196078431373,0.2857142857142857,0.392156862745098,0.9251245856285096,0.9278936386108398,0.9265069961547852
38322594,politics,fact_constrained,"Limiting access to federal research would do an ""enormous disservice"" to the US and the world according to former Nasa chief scientist.","The chief scientist of Nasa has warned that access to climate data will be a ""tremendous disservice to the citizens of this country and to the world in general"".",5964,29,22,1.318181818181818,0,0.4705882352941176,0.2040816326530612,0.3137254901960784,0.917674720287323,0.9293165802955629,0.9234589338302612
35194738,entertainment,tldr,"John ""Brad"" Bradbury, drummer with The Specials, has died at the age of 62.",The Specials drummer John 'Brad' Bradbury has died at the age of 84.,2284,13,14,0.9285714285714286,0,0.888888888888889,0.64,0.6666666666666666,0.981770157814026,0.9701306819915771,0.9759156703948976
35194738,entertainment,bullet_points,"John ""Brad"" Bradbury, drummer with The Specials, has died at the age of 62.",The Specials drummer John 'Brad' Bradbury has died at the age of 84.,2284,13,14,0.9285714285714286,0,0.888888888888889,0.64,0.6666666666666666,0.981770157814026,0.9701306819915771,0.9759156703948976
35194738,entertainment,bullet_points_strict,"John ""Brad"" Bradbury, drummer with The Specials, has died at the age of 62.",The Specials drummer John 'Brad' Bradbury has died at the age of 84.,2284,13,14,0.9285714285714286,0,0.888888888888889,0.64,0.6666666666666666,0.981770157814026,0.9701306819915771,0.9759156703948976
35194738,entertainment,one_sentence,"John ""Brad"" Bradbury, drummer with The Specials, has died at the age of 62.",The Specials drummer John Bradbury has died at the age of 84.,2284,12,14,0.8571428571428571,0,0.8461538461538461,0.4999999999999999,0.6153846153846153,0.9805054068565368,0.9509687423706056,0.9655112028121948
35194738,entertainment,fact_constrained,"John ""Brad"" Bradbury, drummer with The Specials, has died at the age of 62.",The Specials drummer John 'Brad' Bradbury has died at the age of 84.,2284,13,14,0.9285714285714286,0,0.888888888888889,0.64,0.6666666666666666,0.981770157814026,0.9701306819915771,0.9759156703948976
38781058,sport,tldr,"Tiger Woods missed the cut at the Farmers Insurance Open, as England's Justin Rose maintained a one-shot lead.",World number one Woods missed the cut at the US Open as he missed the cut by four shots.,1084,19,18,1.0555555555555556,0,0.4615384615384615,0.3243243243243243,0.4102564102564102,0.9132375121116638,0.8981776237487793,0.905644953250885
38781058,sport,bullet_points,"Tiger Woods missed the cut at the Farmers Insurance Open, as England's Justin Rose maintained a one-shot lead.",World number one Woods missed the cut at the San Diego Open as he missed the cut by four shots.,1084,20,18,1.1111111111111112,0,0.45,0.3157894736842105,0.4000000000000001,0.9169086813926696,0.8983135223388672,0.907515823841095
38781058,sport,bullet_points_strict,"Tiger Woods missed the cut at the Farmers Insurance Open, as England's Justin Rose maintained a one-shot lead.",World number one Woods missed the cut at the San Diego Open as he missed the cut by four shots.,1084,20,18,1.1111111111111112,0,0.45,0.3157894736842105,0.4000000000000001,0.9169086813926696,0.8983135223388672,0.907515823841095
38781058,sport,one_sentence,"Tiger Woods missed the cut at the Farmers Insurance Open, as England's Justin Rose maintained a one-shot lead.",World number one Woods missed the cut at the US Open as he missed the cut by four shots.,1084,19,18,1.0555555555555556,0,0.4615384615384615,0.3243243243243243,0.4102564102564102,0.9132375121116638,0.8981776237487793,0.905644953250885
38781058,sport,fact_constrained,"Tiger Woods missed the cut at the Farmers Insurance Open, as England's Justin Rose maintained a one-shot lead.",World number one Woods missed the cut at the San Diego Open as he missed the cut by four shots.,1084,20,18,1.1111111111111112,0,0.45,0.3157894736842105,0.4000000000000001,0.9169086813926696,0.8983135223388672,0.907515823841095
40181128,sport,tldr,"Former England striker Andy Cole says he faces a ""long road ahead"" as he recovers from his recent kidney transplant.","Manchester United striker Wayne Cole says he has a ""long road ahead"" after a kidney transplant.",1760,16,20,0.8,0,0.5555555555555556,0.3529411764705882,0.5555555555555556,0.9690411686897278,0.9576982259750366,0.9633362889289856
40181128,sport,bullet_points,"Former England striker Andy Cole says he faces a ""long road ahead"" as he recovers from his recent kidney transplant.","Manchester United striker Wayne Cole says he has a ""long road ahead"" after a kidney transplant.",1760,16,20,0.8,0,0.5555555555555556,0.3529411764705882,0.5555555555555556,0.9690411686897278,0.9576982259750366,0.9633362889289856
40181128,sport,bullet_points_strict,"Former England striker Andy Cole says he faces a ""long road ahead"" as he recovers from his recent kidney transplant.","Manchester United striker Ashley Cole says he has a ""long road ahead"" after a kidney transplant.",1760,16,20,0.8,0,0.5555555555555556,0.3529411764705882,0.5555555555555556,0.9707770347595216,0.95908522605896,0.964895725250244
40181128,sport,one_sentence,"Former England striker Andy Cole says he faces a ""long road ahead"" as he recovers from his recent kidney transplant.","Manchester United striker Wayne Cole says he has a ""long road ahead"" after being diagnosed with kidney failure.",1760,18,20,0.9,0,0.4736842105263158,0.2777777777777777,0.4736842105263158,0.9478050470352172,0.9441975355148317,0.9459978342056274
40181128,sport,fact_constrained,"Former England striker Andy Cole says he faces a ""long road ahead"" as he recovers from his recent kidney transplant.","Manchester United striker Wayne Cole says he has a ""long road ahead"" after being diagnosed with kidney failure.",1760,18,20,0.9,0,0.4736842105263158,0.2777777777777777,0.4736842105263158,0.9478050470352172,0.9441975355148317,0.9459978342056274
35345872,tech,tldr,"Pakistan has unblocked the video sharing site, YouTube, more than three years after it was banned for posting a video deemed insulting to Islam.",Pakistan's government has lifted a ban on YouTube in the country.,2050,11,24,0.4583333333333333,0,0.2777777777777778,0.0,0.1666666666666666,0.9254280924797058,0.8704209923744202,0.8970820903778076
35345872,tech,bullet_points,"Pakistan has unblocked the video sharing site, YouTube, more than three years after it was banned for posting a video deemed insulting to Islam.",Pakistan's government has lifted a ban on YouTube in the country.,2050,11,24,0.4583333333333333,0,0.2777777777777778,0.0,0.1666666666666666,0.9254280924797058,0.8704209923744202,0.8970820903778076
35345872,tech,bullet_points_strict,"Pakistan has unblocked the video sharing site, YouTube, more than three years after it was banned for posting a video deemed insulting to Islam.",Pakistan's government has lifted a ban on YouTube in the country.,2050,11,24,0.4583333333333333,0,0.2777777777777778,0.0,0.1666666666666666,0.9254280924797058,0.8704209923744202,0.8970820903778076
35345872,tech,one_sentence,"Pakistan has unblocked the video sharing site, YouTube, more than three years after it was banned for posting a video deemed insulting to Islam.",Pakistan's government has lifted a ban on YouTube in the country.,2050,11,24,0.4583333333333333,0,0.2777777777777778,0.0,0.1666666666666666,0.9254280924797058,0.8704209923744202,0.8970820903778076
35345872,tech,fact_constrained,"Pakistan has unblocked the video sharing site, YouTube, more than three years after it was banned for posting a video deemed insulting to Islam.",Pakistan's government has lifted a ban on YouTube in the country.,2050,11,24,0.4583333333333333,0,0.2777777777777778,0.0,0.1666666666666666,0.9254280924797058,0.8704209923744202,0.8970820903778076
32148941,sport,tldr,"Leicester Tigers winger Miles Benjamin is likely to be out for the rest of the season because of a knee injury, reports BBC Radio Leicester.",Leicester's Ben Benjamin will miss the rest of the season after suffering a neck injury.,676,15,25,0.6,0,0.4390243902439024,0.2051282051282051,0.4390243902439024,0.9521404504776,0.9195141196250916,0.9355429410934448
32148941,sport,bullet_points,"Leicester Tigers winger Miles Benjamin is likely to be out for the rest of the season because of a knee injury, reports BBC Radio Leicester.",Leicester's Ben Benjamin will miss the rest of the season because of a neck injury.,676,15,25,0.6,0,0.5365853658536586,0.358974358974359,0.5365853658536586,0.958945095539093,0.9216182827949524,0.9399112462997437
32148941,sport,bullet_points_strict,"Leicester Tigers winger Miles Benjamin is likely to be out for the rest of the season because of a knee injury, reports BBC Radio Leicester.",Leicester's Ben Benjamin will miss the rest of the season because of a neck injury.,676,15,25,0.6,0,0.5365853658536586,0.358974358974359,0.5365853658536586,0.958945095539093,0.9216182827949524,0.9399112462997437
32148941,sport,one_sentence,"Leicester Tigers winger Miles Benjamin is likely to be out for the rest of the season because of a knee injury, reports BBC Radio Leicester.",Leicester's Ben Benjamin will miss the rest of the season because of a neck injury.,676,15,25,0.6,0,0.5365853658536586,0.358974358974359,0.5365853658536586,0.958945095539093,0.9216182827949524,0.9399112462997437
32148941,sport,fact_constrained,"Leicester Tigers winger Miles Benjamin is likely to be out for the rest of the season because of a knee injury, reports BBC Radio Leicester.",Leicester's Ben Benjamin is likely to miss the rest of the season after suffering a neck injury.,676,17,25,0.68,0,0.5581395348837209,0.3414634146341463,0.5581395348837209,0.9567264914512634,0.925929605960846,0.941076159477234
37066439,sport,tldr,Owain Doull has won Wales' first gold of the 2016 Olympics as he helped the Great Britain men's team pursuit defend their cycling title in Rio.,Great Britain's Mark Doull won a silver medal in the women's team pursuit at the Rio Olympics.,2573,17,26,0.6538461538461539,0,0.5217391304347826,0.1363636363636363,0.3043478260869565,0.9206988215446472,0.8867021203041077,0.9033807516098022
37066439,sport,bullet_points,Owain Doull has won Wales' first gold of the 2016 Olympics as he helped the Great Britain men's team pursuit defend their cycling title in Rio.,Great Britain's Mark Doull has won his first Olympic gold medal as he helped Great Britain beat Australia in the final of the World Championships in Rio.,2573,27,26,1.0384615384615383,0,0.5818181818181818,0.2641509433962264,0.4363636363636363,0.9242391586303712,0.8946059346199036,0.9091811776161194
37066439,sport,bullet_points_strict,Owain Doull has won Wales' first gold of the 2016 Olympics as he helped the Great Britain men's team pursuit defend their cycling title in Rio.,Great Britain's Mark Doull won a silver medal in the women's team pursuit at the Rio Olympics.,2573,17,26,0.6538461538461539,0,0.5217391304347826,0.1363636363636363,0.3043478260869565,0.9206988215446472,0.8867021203041077,0.9033807516098022
37066439,sport,one_sentence,Owain Doull has won Wales' first gold of the 2016 Olympics as he helped the Great Britain men's team pursuit defend their cycling title in Rio.,Great Britain's Mark Doull has won his first Olympic gold medal as he helped Great Britain beat Australia in the final of the women's road race at the Rio Olympics.,2573,30,26,1.1538461538461535,0,0.5762711864406779,0.2105263157894736,0.4067796610169491,0.9263803362846376,0.9041767716407776,0.9151438474655152
37066439,sport,fact_constrained,Owain Doull has won Wales' first gold of the 2016 Olympics as he helped the Great Britain men's team pursuit defend their cycling title in Rio.,"Great Britain's Mark Doull won a silver medal in the women's 500m at the Rio Olympics, becoming the first Welsh cyclist to win a medal at an Olympics.",2573,28,26,1.0769230769230769,0,0.3859649122807017,0.0363636363636363,0.175438596491228,0.901240348815918,0.8879451751708984,0.8945433497428894
40787080,tech,tldr,"Floods in the western Indian state of Gujarat have killed 218 people, government officials have confirmed.","The death toll from floods in Gujarat state has risen to more than 100 people, officials say.",755,17,16,1.0625,0,0.4242424242424242,0.064516129032258,0.303030303030303,0.9285959005355836,0.9357650876045228,0.9321666955947876
40787080,tech,bullet_points,"Floods in the western Indian state of Gujarat have killed 218 people, government officials have confirmed.","The death toll from floods in Gujarat state has risen to more than 100 people, officials say.",755,17,16,1.0625,0,0.4242424242424242,0.064516129032258,0.303030303030303,0.9285959005355836,0.9357650876045228,0.9321666955947876
40787080,tech,bullet_points_strict,"Floods in the western Indian state of Gujarat have killed 218 people, government officials have confirmed.","The death toll from floods in Gujarat state has risen to more than 100 people, officials say.",755,17,16,1.0625,0,0.4242424242424242,0.064516129032258,0.303030303030303,0.9285959005355836,0.9357650876045228,0.9321666955947876
40787080,tech,one_sentence,"Floods in the western Indian state of Gujarat have killed 218 people, government officials have confirmed.","The death toll from floods in Gujarat state has risen to more than 100 people, officials say.",755,17,16,1.0625,0,0.4242424242424242,0.064516129032258,0.303030303030303,0.9285959005355836,0.9357650876045228,0.9321666955947876
40787080,tech,fact_constrained,"Floods in the western Indian state of Gujarat have killed 218 people, government officials have confirmed.","The death toll from floods in Gujarat state has risen to more than 100, officials say.",755,16,16,1.0,0,0.375,0.0666666666666666,0.25,0.9288473725318908,0.9331260323524476,0.9309817552566528
39192648,sport,tldr,All images copyrighted.,Snowsports couple Bridget Reid and Jonathan Reid got married on skis at Nevis Range.,2058,14,3,4.666666666666667,0,0.0,0.0,0.0,0.8127204775810242,0.8658360838890076,0.8384379148483276
39192648,sport,bullet_points,All images copyrighted.,"A couple who got married on skis in a Scottish ski resort have said it was ""the best day of the year"".",2058,22,3,7.333333333333333,0,0.0,0.0,0.0,0.8159754872322083,0.8594627380371094,0.837154746055603
39192648,sport,bullet_points_strict,All images copyrighted.,Snowsports lovers got married on skis in Scotland's Nevis Range.,2058,10,3,3.333333333333333,0,0.0,0.0,0.0,0.8195072412490845,0.866624116897583,0.8424073457717896
39192648,sport,one_sentence,All images copyrighted.,Bridget Reid and Jonathan Reid got married on skis at Nevis Range in the Highlands.,2058,15,3,5.0,0,0.0,0.0,0.0,0.8297885060310364,0.8684042692184448,0.8486573100090027
39192648,sport,fact_constrained,All images copyrighted.,A couple got married on skis in a Scottish ski resort.,2058,11,3,3.6666666666666665,0,0.0,0.0,0.0,0.843449592590332,0.8715163469314575,0.8572533130645752
27119429,business,tldr,"Royal Bank of Scotland (RBS) has been fined HK$6m (£460,000) by Hong Kong regulators after it failed to detect a series of unauthorised transactions by one of its traders.",Hong Kong's Royal Bank of Scotland (RBS) has been fined a record amount by the Hong Kong Securities and Exchange Commission (HKSEC).,1574,22,29,0.7586206896551724,0,0.4444444444444444,0.3076923076923076,0.4074074074074074,0.9167636036872864,0.8820927143096924,0.8990941047668457
27119429,business,bullet_points,"Royal Bank of Scotland (RBS) has been fined HK$6m (£460,000) by Hong Kong regulators after it failed to detect a series of unauthorised transactions by one of its traders.",Hong Kong's Royal Bank of Scotland (RBS) has been fined a record amount by the Hong Kong Securities and Exchange Commission (HKSEC).,1574,22,29,0.7586206896551724,0,0.4444444444444444,0.3076923076923076,0.4074074074074074,0.9167636036872864,0.8820927143096924,0.8990941047668457
27119429,business,bullet_points_strict,"Royal Bank of Scotland (RBS) has been fined HK$6m (£460,000) by Hong Kong regulators after it failed to detect a series of unauthorised transactions by one of its traders.",Hong Kong's Royal Bank of Scotland (RBS) has been fined a record amount by the Hong Kong Securities and Exchange Commission (HKSEC).,1574,22,29,0.7586206896551724,0,0.4444444444444444,0.3076923076923076,0.4074074074074074,0.9167636036872864,0.8820927143096924,0.8990941047668457
27119429,business,one_sentence,"Royal Bank of Scotland (RBS) has been fined HK$6m (£460,000) by Hong Kong regulators after it failed to detect a series of unauthorised transactions by one of its traders.",Hong Kong's Royal Bank of Scotland (RBS) has been fined a record amount by the Hong Kong Securities and Exchange Commission (HKSEC).,1574,22,29,0.7586206896551724,0,0.4444444444444444,0.3076923076923076,0.4074074074074074,0.9167636036872864,0.8820927143096924,0.8990941047668457
27119429,business,fact_constrained,"Royal Bank of Scotland (RBS) has been fined HK$6m (£460,000) by Hong Kong regulators after it failed to detect a series of unauthorised transactions by one of its traders.",Hong Kong's Royal Bank of Scotland (RBS) has been fined a record amount by the Hong Kong Securities and Exchange Commission (HKSEC).,1574,22,29,0.7586206896551724,0,0.4444444444444444,0.3076923076923076,0.4074074074074074,0.9167636036872864,0.8820927143096924,0.8990941047668457
38952672,politics,tldr,"The Bafta awards had laughter, passion and plenty of politics.","The Baftas ceremony was a whirlwind, but the best actress winner said it was a ""whirlwind"".",4391,16,10,1.6,0,0.0769230769230769,0.0,0.0769230769230769,0.8903898000717163,0.9046496152877808,0.8974630832672119
38952672,politics,bullet_points,"The Bafta awards had laughter, passion and plenty of politics.",Baftas.,4391,1,10,0.1,0,0.0,0.0,0.0,0.8941680192947388,0.8439143300056458,0.8683146238327026
38952672,politics,bullet_points_strict,"The Bafta awards had laughter, passion and plenty of politics.",Baftas - the best of the best - and the best of the best of the best.,4391,17,10,1.7,0,0.24,0.0,0.24,0.8528580665588379,0.8807975649833679,0.8666026592254639
38952672,politics,one_sentence,"The Bafta awards had laughter, passion and plenty of politics.",Baftas.,4391,1,10,0.1,0,0.0,0.0,0.0,0.8941680192947388,0.8439143300056458,0.8683146238327026
38952672,politics,fact_constrained,"The Bafta awards had laughter, passion and plenty of politics.",Baftas.,4391,1,10,0.1,0,0.0,0.0,0.0,0.8941680192947388,0.8439143300056458,0.8683146238327026
39935147,entertainment,tldr,South African police say four people have been arrested in connection with the murder of former actor on popular local TV series Generations.,Police in South Africa are questioning the suspects who shot and killed a DJ in a pub.,601,17,23,0.7391304347826086,0,0.1999999999999999,0.0,0.15,0.9209572076797484,0.8943518400192261,0.907459557056427
39935147,entertainment,bullet_points,South African police say four people have been arrested in connection with the murder of former actor on popular local TV series Generations.,Police in South Africa are questioning two men who robbed women of their mobile phones in a pub.,601,18,23,0.782608695652174,0,0.1951219512195122,0.0,0.1463414634146341,0.9018239378929138,0.8880009651184082,0.8948590755462646
39935147,entertainment,bullet_points_strict,South African police say four people have been arrested in connection with the murder of former actor on popular local TV series Generations.,Police in South Africa are questioning two men who robbed women of their mobile phones in a pub.,601,18,23,0.782608695652174,0,0.1951219512195122,0.0,0.1463414634146341,0.9018239378929138,0.8880009651184082,0.8948590755462646
39935147,entertainment,one_sentence,South African police say four people have been arrested in connection with the murder of former actor on popular local TV series Generations.,Police in South Africa are questioning two men who robbed women of their mobile phones in a pub.,601,18,23,0.782608695652174,0,0.1951219512195122,0.0,0.1463414634146341,0.9018239378929138,0.8880009651184082,0.8948590755462646
39935147,entertainment,fact_constrained,South African police say four people have been arrested in connection with the murder of former actor on popular local TV series Generations.,Police in South Africa are questioning the suspects who shot and killed a DJ in a pub.,601,17,23,0.7391304347826086,0,0.1999999999999999,0.0,0.15,0.9209572076797484,0.8943518400192261,0.907459557056427
34911128,tech,tldr,"A shot was reportedly fired at a car outside a primary school in Liverpool as parents were taking their children inside, police have said.",A school shooting at a primary school in Merseyside is being investigated by police.,1163,14,24,0.5833333333333334,0,0.3684210526315789,0.2222222222222222,0.3684210526315789,0.9257766604423524,0.8989096879959106,0.9121454358100892
34911128,tech,bullet_points,"A shot was reportedly fired at a car outside a primary school in Liverpool as parents were taking their children inside, police have said.",A gunshot has been fired at a primary school in Merseyside.,1163,11,24,0.4583333333333333,0,0.4,0.303030303030303,0.4,0.945252239704132,0.9060546159744264,0.9252384305000304
34911128,tech,bullet_points_strict,"A shot was reportedly fired at a car outside a primary school in Liverpool as parents were taking their children inside, police have said.",A school shooting at a primary school in Merseyside is being investigated by police.,1163,14,24,0.5833333333333334,0,0.3684210526315789,0.2222222222222222,0.3684210526315789,0.9257766604423524,0.8989096879959106,0.9121454358100892
34911128,tech,one_sentence,"A shot was reportedly fired at a car outside a primary school in Liverpool as parents were taking their children inside, police have said.",Police are investigating a shooting at a primary school in Merseyside.,1163,11,24,0.4583333333333333,0,0.4,0.2424242424242424,0.3428571428571428,0.935809850692749,0.9029042720794678,0.919062614440918
34911128,tech,fact_constrained,"A shot was reportedly fired at a car outside a primary school in Liverpool as parents were taking their children inside, police have said.",A school shooting at a primary school in Merseyside has left a pupil in a critical condition.,1163,17,24,0.7083333333333334,0,0.3414634146341463,0.2051282051282051,0.2926829268292683,0.9114602208137512,0.8979007005691528,0.904629647731781
38914203,politics,tldr,A total of 228 candidates will contest the Northern Ireland Assembly election next month - 48 fewer than last time.,There are a total of 228 candidates in the assembly election in Northern Ireland.,893,14,20,0.7,0,0.6060606060606061,0.3870967741935484,0.4848484848484848,0.9633104205131532,0.913130223751068,0.937549352645874
38914203,politics,bullet_points,A total of 228 candidates will contest the Northern Ireland Assembly election next month - 48 fewer than last time.,There are a total of 228 candidates in the Northern Ireland Assembly election.,893,13,20,0.65,0,0.625,0.5333333333333333,0.625,0.9740978479385376,0.917827010154724,0.9451256394386292
38914203,politics,bullet_points_strict,A total of 228 candidates will contest the Northern Ireland Assembly election next month - 48 fewer than last time.,There are a total of 228 candidates in the assembly election in Northern Ireland.,893,14,20,0.7,0,0.6060606060606061,0.3870967741935484,0.4848484848484848,0.9633104205131532,0.913130223751068,0.937549352645874
38914203,politics,one_sentence,A total of 228 candidates will contest the Northern Ireland Assembly election next month - 48 fewer than last time.,There are a total of 228 candidates in the Northern Ireland Assembly election.,893,13,20,0.65,0,0.625,0.5333333333333333,0.625,0.9740978479385376,0.917827010154724,0.9451256394386292
38914203,politics,fact_constrained,A total of 228 candidates will contest the Northern Ireland Assembly election next month - 48 fewer than last time.,There are a total of 228 candidates in the assembly election in Northern Ireland.,893,14,20,0.7,0,0.6060606060606061,0.3870967741935484,0.4848484848484848,0.9633104205131532,0.913130223751068,0.937549352645874
37624408,business,tldr,"With the value of the pound falling dramatically since Brexit, a ""flash crash"" last week when the currency lost 6% of its value against the dollar, and news on Tuesday that the pound had fallen again, when would be a good time to change those pounds to dollars?","""I'm planning on going to New York in December, should I get my cash now or wait?""",2104,17,48,0.3541666666666667,0,0.0606060606060606,0.0,0.0606060606060606,0.8554283976554871,0.8346226215362549,0.8448973894119263
37624408,business,bullet_points,"With the value of the pound falling dramatically since Brexit, a ""flash crash"" last week when the currency lost 6% of its value against the dollar, and news on Tuesday that the pound had fallen again, when would be a good time to change those pounds to dollars?",The BBC has asked readers to send in questions about the recent fall of the pound and rise of the FTSE 100.,2104,22,48,0.4583333333333333,0,0.2571428571428571,0.0588235294117647,0.1714285714285714,0.8652042746543884,0.8553619384765625,0.8602549433708191
37624408,business,bullet_points_strict,"With the value of the pound falling dramatically since Brexit, a ""flash crash"" last week when the currency lost 6% of its value against the dollar, and news on Tuesday that the pound had fallen again, when would be a good time to change those pounds to dollars?",The pound has fallen 18% against the dollar on the judgment that growth is likely to be stronger in the US than the UK and that UK interest rates are falling.,2104,31,48,0.6458333333333334,0,0.379746835443038,0.0779220779220779,0.2025316455696202,0.877379298210144,0.8680180907249451,0.8726736307144165
37624408,business,one_sentence,"With the value of the pound falling dramatically since Brexit, a ""flash crash"" last week when the currency lost 6% of its value against the dollar, and news on Tuesday that the pound had fallen again, when would be a good time to change those pounds to dollars?",The pound has fallen 18% against the dollar since the Brexit vote in June. Anthony Reuben from BBC Reality Check answered the question.,2104,23,48,0.4791666666666667,0,0.2816901408450704,0.0869565217391304,0.1690140845070422,0.8906874060630798,0.8766140937805176,0.8835946917533875
37624408,business,fact_constrained,"With the value of the pound falling dramatically since Brexit, a ""flash crash"" last week when the currency lost 6% of its value against the dollar, and news on Tuesday that the pound had fallen again, when would be a good time to change those pounds to dollars?",The BBC has asked readers to send in questions about the recent fall of the pound and rise of the FTSE 100.,2104,22,48,0.4583333333333333,0,0.2571428571428571,0.0588235294117647,0.1714285714285714,0.8652042746543884,0.8553619384765625,0.8602549433708191
34631268,entertainment,tldr,A philosophy student who wears vintage clothing has won a national contest for alternative models.,The winner of the Alternative Model of the Year contest has said she has never thought she could be a model.,988,21,15,1.4,0,0.2222222222222222,0.0,0.1111111111111111,0.8900538086891174,0.898742139339447,0.8943768739700317
34631268,entertainment,bullet_points,A philosophy student who wears vintage clothing has won a national contest for alternative models.,The winner of the Alternative Model of the Year contest has said she has always wanted to be a model.,988,20,15,1.3333333333333333,0,0.2285714285714286,0.0,0.1142857142857143,0.8969124555587769,0.8970617055892944,0.8969870805740356
34631268,entertainment,bullet_points_strict,A philosophy student who wears vintage clothing has won a national contest for alternative models.,The winner of the Alternative Model of the Year contest has said she has always wanted to be a model.,988,20,15,1.3333333333333333,0,0.2285714285714286,0.0,0.1142857142857143,0.8969124555587769,0.8970617055892944,0.8969870805740356
34631268,entertainment,one_sentence,A philosophy student who wears vintage clothing has won a national contest for alternative models.,The winner of this year's Alternative Model of the Year has been announced.,988,13,15,0.8666666666666667,0,0.1379310344827586,0.0,0.0689655172413793,0.8871949315071106,0.8834881782531738,0.8853377103805542
34631268,entertainment,fact_constrained,A philosophy student who wears vintage clothing has won a national contest for alternative models.,The winner of the Alternative Model of the Year contest has said she has never thought she could be a model.,988,21,15,1.4,0,0.2222222222222222,0.0,0.1111111111111111,0.8900538086891174,0.898742139339447,0.8943768739700317
36792661,politics,tldr,Plans to move a statue depicting a Royal Marine in the Falklands conflict away from Portsmouth seafront have been criticised.,A statue of a Royal Marine marching across the Falklands during World War Two has been moved to a new museum site in Portsmouth.,1798,24,20,1.2,0,0.5,0.1904761904761905,0.3636363636363636,0.9187873601913452,0.9218887686729432,0.9203354716300964
36792661,politics,bullet_points,Plans to move a statue depicting a Royal Marine in the Falklands conflict away from Portsmouth seafront have been criticised.,A statue of a Royal Marine marching across the Falklands during World War Two has been moved to a new museum site in Portsmouth.,1798,24,20,1.2,0,0.5,0.1904761904761905,0.3636363636363636,0.9187873601913452,0.9218887686729432,0.9203354716300964
36792661,politics,bullet_points_strict,Plans to move a statue depicting a Royal Marine in the Falklands conflict away from Portsmouth seafront have been criticised.,A statue of a Royal Marine marching across the Falklands during World War Two has been moved to a new museum site in Portsmouth.,1798,24,20,1.2,0,0.5,0.1904761904761905,0.3636363636363636,0.9187873601913452,0.9218887686729432,0.9203354716300964
36792661,politics,one_sentence,Plans to move a statue depicting a Royal Marine in the Falklands conflict away from Portsmouth seafront have been criticised.,The statue of a Royal Marine marching across the Falklands during World War Two has been moved to a new museum site in Portsmouth.,1798,24,20,1.2,0,0.5,0.1428571428571428,0.3181818181818182,0.9194753170013428,0.9230738282203674,0.9212710857391356
36792661,politics,fact_constrained,Plans to move a statue depicting a Royal Marine in the Falklands conflict away from Portsmouth seafront have been criticised.,A statue of a Royal Marine marching across the Falklands during World War Two has been moved to a new museum site in Portsmouth.,1798,24,20,1.2,0,0.5,0.1904761904761905,0.3636363636363636,0.9187873601913452,0.9218887686729432,0.9203354716300964
18298438,tech,tldr,A suspected terrorist has been charged with breaching conditions imposed as part of the government's new terror monitoring powers.,A British man has appeared in court charged with breaching a terror prevention order.,1887,14,19,0.7368421052631579,0,0.3529411764705882,0.125,0.3529411764705882,0.9311107397079468,0.9100844860076904,0.920477569103241
18298438,tech,bullet_points,A suspected terrorist has been charged with breaching conditions imposed as part of the government's new terror monitoring powers.,A British man has appeared in court charged with breaching a terror control order.,1887,14,19,0.7368421052631579,0,0.3529411764705882,0.125,0.3529411764705882,0.9314526319503784,0.9107183814048768,0.9209688305854796
18298438,tech,bullet_points_strict,A suspected terrorist has been charged with breaching conditions imposed as part of the government's new terror monitoring powers.,A British man has appeared in court charged with breaching a terror prevention order.,1887,14,19,0.7368421052631579,0,0.3529411764705882,0.125,0.3529411764705882,0.9311107397079468,0.9100844860076904,0.920477569103241
18298438,tech,one_sentence,A suspected terrorist has been charged with breaching conditions imposed as part of the government's new terror monitoring powers.,A British man has appeared in court charged with breaching a terror control order.,1887,14,19,0.7368421052631579,0,0.3529411764705882,0.125,0.3529411764705882,0.9314526319503784,0.9107183814048768,0.9209688305854796
18298438,tech,fact_constrained,A suspected terrorist has been charged with breaching conditions imposed as part of the government's new terror monitoring powers.,A British man has appeared in court charged with breaching a terror control order.,1887,14,19,0.7368421052631579,0,0.3529411764705882,0.125,0.3529411764705882,0.9314526319503784,0.9107183814048768,0.9209688305854796
32032471,entertainment,tldr,"In recent years, Hollywood remakes and re-imaginings of classic fairytales have come thick and fast - all darker, more adult versions of tales that originally appeared in cinemas.",Downton Abbey's Downton Abbey star Lily James as Cinderella.,4518,9,28,0.3214285714285714,0,0.0,0.0,0.0,0.8180828094482422,0.8156034350395203,0.816841185092926
32032471,entertainment,bullet_points,"In recent years, Hollywood remakes and re-imaginings of classic fairytales have come thick and fast - all darker, more adult versions of tales that originally appeared in cinemas.",Cinderella is a classic fairytale - but it's not just a fairytale - it's a fairytale.,4518,16,28,0.5714285714285714,0,0.0454545454545454,0.0,0.0454545454545454,0.8914028406143188,0.8543189764022827,0.872467041015625
32032471,entertainment,bullet_points_strict,"In recent years, Hollywood remakes and re-imaginings of classic fairytales have come thick and fast - all darker, more adult versions of tales that originally appeared in cinemas.",Downton Abbey's Downton Abbey star Lily James as Cinderella.,4518,9,28,0.3214285714285714,0,0.0,0.0,0.0,0.8180828094482422,0.8156034350395203,0.816841185092926
32032471,entertainment,one_sentence,"In recent years, Hollywood remakes and re-imaginings of classic fairytales have come thick and fast - all darker, more adult versions of tales that originally appeared in cinemas.",Downton Abbey's Downton Abbey star Lily James as Cinderella.,4518,9,28,0.3214285714285714,0,0.0,0.0,0.0,0.8180828094482422,0.8156034350395203,0.816841185092926
32032471,entertainment,fact_constrained,"In recent years, Hollywood remakes and re-imaginings of classic fairytales have come thick and fast - all darker, more adult versions of tales that originally appeared in cinemas.",Downton Abbey's Downton Abbey star Lily James as Cinderella.,4518,9,28,0.3214285714285714,0,0.0,0.0,0.0,0.8180828094482422,0.8156034350395203,0.816841185092926
39847422,politics,tldr,"Performers from 42 countries strode down a long red carpet near Ukraine's parliament this week, as a curtain-raiser to this year's Eurovision Song Contest.",Ukraine's decision to ban Julia Samoilova from the Eurovision Song Contest was a reversal of last year's decision to ban her from Eurovision.,4849,23,24,0.9583333333333334,0,0.3846153846153846,0.16,0.2307692307692307,0.8784672021865845,0.8648484349250793,0.8716046214103699
39847422,politics,bullet_points,"Performers from 42 countries strode down a long red carpet near Ukraine's parliament this week, as a curtain-raiser to this year's Eurovision Song Contest.","The Eurovision Song Contest is a festival of sodom and gomorrah, a festival of sodom and gomorrah.",4849,17,24,0.7083333333333334,0,0.2272727272727272,0.0952380952380952,0.1363636363636363,0.8415670990943909,0.8490694761276245,0.845301628112793
39847422,politics,bullet_points_strict,"Performers from 42 countries strode down a long red carpet near Ukraine's parliament this week, as a curtain-raiser to this year's Eurovision Song Contest.",Ukraine's decision to ban Julia Samoilova from the Eurovision Song Contest was a reversal of last year's decision.,4849,18,24,0.75,0,0.425531914893617,0.1777777777777777,0.2553191489361702,0.8828343749046326,0.8697491884231567,0.876242995262146
39847422,politics,one_sentence,"Performers from 42 countries strode down a long red carpet near Ukraine's parliament this week, as a curtain-raiser to this year's Eurovision Song Contest.",Ukraine's decision to ban Julia Samoilova from the Eurovision Song Contest was a surprise.,4849,14,24,0.5833333333333334,0,0.3809523809523809,0.15,0.2857142857142857,0.8877031803131104,0.864992082118988,0.8762004971504211
39847422,politics,fact_constrained,"Performers from 42 countries strode down a long red carpet near Ukraine's parliament this week, as a curtain-raiser to this year's Eurovision Song Contest.",The Eurovision Song Contest has been cancelled after a controversial decision by Ukraine to ban a Russian singer.,4849,18,24,0.75,0,0.3111111111111111,0.0930232558139535,0.1333333333333333,0.9073885679244996,0.8690230250358582,0.8877915143966675
12396322,entertainment,tldr,It was 50 years ago today that The Beatles played their first gig at the Cavern Club in Liverpool - the venue where the band built their reputation and where Beatlemania was born.,The Beatles were the epitome of rebellion in Liverpool - they danced out of step on purpose.,3965,17,33,0.5151515151515151,0,0.2083333333333333,0.0869565217391304,0.2083333333333333,0.8851319551467896,0.8652556538581848,0.875080943107605
12396322,entertainment,bullet_points,It was 50 years ago today that The Beatles played their first gig at the Cavern Club in Liverpool - the venue where the band built their reputation and where Beatlemania was born.,The Beatles were the epitome of rebellion in Liverpool - they were a law unto themselves on the stage.,3965,19,33,0.5757575757575758,0,0.24,0.0833333333333333,0.24,0.8866281509399414,0.8720266222953796,0.8792667984962463
12396322,entertainment,bullet_points_strict,It was 50 years ago today that The Beatles played their first gig at the Cavern Club in Liverpool - the venue where the band built their reputation and where Beatlemania was born.,The Beatles were the epitome of rebellion in Liverpool - they were a law unto themselves on the stage.,3965,19,33,0.5757575757575758,0,0.24,0.0833333333333333,0.24,0.8866281509399414,0.8720266222953796,0.8792667984962463
12396322,entertainment,one_sentence,It was 50 years ago today that The Beatles played their first gig at the Cavern Club in Liverpool - the venue where the band built their reputation and where Beatlemania was born.,The Beatles were the epitome of rebellion in Liverpool - they were a law unto themselves on the stage.,3965,19,33,0.5757575757575758,0,0.24,0.0833333333333333,0.24,0.8866281509399414,0.8720266222953796,0.8792667984962463
12396322,entertainment,fact_constrained,It was 50 years ago today that The Beatles played their first gig at the Cavern Club in Liverpool - the venue where the band built their reputation and where Beatlemania was born.,The Beatles were the epitome of rebellion in Liverpool - they were a law unto themselves on the stage - they danced out of step on purpose.,3965,27,33,0.8181818181818182,0,0.2105263157894736,0.0727272727272727,0.2105263157894736,0.8725768327713013,0.8682700991630554,0.8704181909561157
38052755,politics,tldr,"South Africa's government has proposed a national minimum wage of 3,500 rand ($242; Â£199) a month.","South Africa's deputy president has announced a proposed national minimum wage of at least 4,500 rand.",1902,16,16,1.0,0,0.6666666666666666,0.3529411764705882,0.6111111111111112,0.9458744525909424,0.8865159749984741,0.9152337908744812
38052755,politics,bullet_points,"South Africa's government has proposed a national minimum wage of 3,500 rand ($242; Â£199) a month.","South Africa has announced a new minimum wage of at least 4,500 rand.",1902,13,16,0.8125,0,0.5625000000000001,0.2666666666666666,0.5625000000000001,0.9573833346366882,0.8808752298355103,0.9175372123718262
38052755,politics,bullet_points_strict,"South Africa's government has proposed a national minimum wage of 3,500 rand ($242; Â£199) a month.","South Africa has announced a proposed national minimum wage of at least 4,500 rand.",1902,14,16,0.875,0,0.6666666666666666,0.3225806451612903,0.606060606060606,0.9636521339416504,0.8879756927490234,0.9242674708366394
38052755,politics,one_sentence,"South Africa's government has proposed a national minimum wage of 3,500 rand ($242; Â£199) a month.","South Africa has announced a new minimum wage of at least 4,500 rand.",1902,13,16,0.8125,0,0.5625000000000001,0.2666666666666666,0.5625000000000001,0.9573833346366882,0.8808752298355103,0.9175372123718262
38052755,politics,fact_constrained,"South Africa's government has proposed a national minimum wage of 3,500 rand ($242; Â£199) a month.","South Africa has announced a proposed national minimum wage of at least 4,500 rand.",1902,14,16,0.875,0,0.6666666666666666,0.3225806451612903,0.606060606060606,0.9636521339416504,0.8879756927490234,0.9242674708366394
19341954,politics,tldr,The death of Ethiopian Prime Minister Meles Zenawi has thrown the populous Horn of Africa giant into a period of deep uncertainty and created a serious leadership vacuum in the region with profound geopolitical implications.,Ethiopia's former guerilla leader Meles Zenawi has died at the age of 84.,7822,13,35,0.3714285714285714,0,0.2040816326530612,0.0851063829787234,0.2040816326530612,0.891636848449707,0.86822909116745,0.8797773122787476
19341954,politics,bullet_points,The death of Ethiopian Prime Minister Meles Zenawi has thrown the populous Horn of Africa giant into a period of deep uncertainty and created a serious leadership vacuum in the region with profound geopolitical implications.,The death of Ethiopia's former guerilla leader Meles Zenawi has left a bitter taste in his mouth.,7822,17,35,0.4857142857142857,0,0.3018867924528302,0.1568627450980392,0.3018867924528302,0.8987650275230408,0.8802726864814758,0.8894227743148804
19341954,politics,bullet_points_strict,The death of Ethiopian Prime Minister Meles Zenawi has thrown the populous Horn of Africa giant into a period of deep uncertainty and created a serious leadership vacuum in the region with profound geopolitical implications.,Ethiopia's President Meles Zenawi has died at the age of 84.,7822,11,35,0.3142857142857143,0,0.2127659574468084,0.0888888888888888,0.2127659574468084,0.9202845692634584,0.8710094094276428,0.8949692249298096
19341954,politics,one_sentence,The death of Ethiopian Prime Minister Meles Zenawi has thrown the populous Horn of Africa giant into a period of deep uncertainty and created a serious leadership vacuum in the region with profound geopolitical implications.,Ethiopia's President Meles Zenawi has died at the age of 84.,7822,11,35,0.3142857142857143,0,0.2127659574468084,0.0888888888888888,0.2127659574468084,0.9202845692634584,0.8710094094276428,0.8949692249298096
19341954,politics,fact_constrained,The death of Ethiopian Prime Minister Meles Zenawi has thrown the populous Horn of Africa giant into a period of deep uncertainty and created a serious leadership vacuum in the region with profound geopolitical implications.,The death of Ethiopia's former guerilla leader Meles Zenawi has been a defining moment in Ethiopia's history.,7822,17,35,0.4857142857142857,0,0.2962962962962963,0.1538461538461538,0.2962962962962963,0.9092649221420288,0.886014461517334,0.8974891304969788
34218922,politics,tldr,Two new councillors have been elected in a by-election in the City of Edinburgh.,The SNP won a by-election in the Edinburgh North and Leith Walk by-election.,1345,13,14,0.9285714285714286,0,0.4000000000000001,0.2857142857142857,0.4000000000000001,0.903109073638916,0.9225270748138428,0.9127148389816284
34218922,politics,bullet_points,Two new councillors have been elected in a by-election in the City of Edinburgh.,The SNP has won a seat in the Edinburgh North and Leith Walk by-election.,1345,14,14,1.0,0,0.4000000000000001,0.1428571428571428,0.2666666666666666,0.9012054204940796,0.9307658076286316,0.9157471656799316
34218922,politics,bullet_points_strict,Two new councillors have been elected in a by-election in the City of Edinburgh.,A by-election has been held in the Leith Walk by-election.,1345,10,14,0.7142857142857143,0,0.4444444444444445,0.2399999999999999,0.3703703703703704,0.9244000911712646,0.9236612319946288,0.9240305423736572
34218922,politics,one_sentence,Two new councillors have been elected in a by-election in the City of Edinburgh.,The SNP has won a seat in the Leith Walk by-election in Edinburgh.,1345,13,14,0.9285714285714286,0,0.4827586206896552,0.2222222222222222,0.3448275862068965,0.9222463965415956,0.935309886932373,0.9287322163581848
34218922,politics,fact_constrained,Two new councillors have been elected in a by-election in the City of Edinburgh.,A by-election has been held in the Leith Walk by-election.,1345,10,14,0.7142857142857143,0,0.4444444444444445,0.2399999999999999,0.3703703703703704,0.9244000911712646,0.9236612319946288,0.9240305423736572
37508085,business,tldr,"Russia has said it will carry on bombing rebel-held eastern Aleppo in Syria, defying US demands to stop.",Russia has said it will continue to support the Syrian rebels after the partial ceasefire collapsed last week.,3220,18,18,1.0,0,0.3243243243243243,0.2285714285714285,0.3243243243243243,0.91120183467865,0.9068492650985718,0.9090203642845154
37508085,business,bullet_points,"Russia has said it will carry on bombing rebel-held eastern Aleppo in Syria, defying US demands to stop.",Russian President Vladimir Putin has said he will continue to support the Syrian rebels after a partial ceasefire in Aleppo collapsed.,3220,21,18,1.1666666666666667,0,0.3,0.0526315789473684,0.2,0.9155483245849608,0.912168264389038,0.9138551950454712
37508085,business,bullet_points_strict,"Russia has said it will carry on bombing rebel-held eastern Aleppo in Syria, defying US demands to stop.",Russia has said it will continue to support the Syrian rebels after the partial ceasefire collapsed last week.,3220,18,18,1.0,0,0.3243243243243243,0.2285714285714285,0.3243243243243243,0.91120183467865,0.9068492650985718,0.9090203642845154
37508085,business,one_sentence,"Russia has said it will carry on bombing rebel-held eastern Aleppo in Syria, defying US demands to stop.",Russia's foreign ministry has said it will continue to support the Syrian air force in the wake of the deadly airstrikes in Aleppo.,3220,23,18,1.2777777777777777,0,0.372093023255814,0.1463414634146341,0.2790697674418604,0.9194093346595764,0.9134323596954346,0.9164111614227296
37508085,business,fact_constrained,"Russia has said it will carry on bombing rebel-held eastern Aleppo in Syria, defying US demands to stop.",Russia has said it will continue to support the Syrian rebels in Aleppo after the partial ceasefire collapsed last week.,3220,20,18,1.1111111111111112,0,0.4102564102564102,0.2162162162162162,0.3076923076923077,0.917551815509796,0.9189550280570984,0.9182529449462892
38466964,politics,tldr,"The expulsion of 35 Russian diplomats from the US over the email hacking scandal has drawn a barrage of abuse from Moscow, which seems poised to respond in kind.",Obama's agenda.,4103,2,29,0.0689655172413793,0,0.0,0.0,0.0,0.8891578316688538,0.8247462511062622,0.8557416796684265
38466964,politics,bullet_points,"The expulsion of 35 Russian diplomats from the US over the email hacking scandal has drawn a barrage of abuse from Moscow, which seems poised to respond in kind.",Trump's side.,4103,2,29,0.0689655172413793,0,0.0,0.0,0.0,0.8817055821418762,0.8277733325958252,0.853888750076294
38466964,politics,bullet_points_strict,"The expulsion of 35 Russian diplomats from the US over the email hacking scandal has drawn a barrage of abuse from Moscow, which seems poised to respond in kind.","Trump's side. 'I'm going to introduce sanctions, they will be bipartisan that names Putin as an individual, his inner circle, for not on Trump'",4103,24,29,0.8275862068965517,0,0.0363636363636363,0.0,0.0363636363636363,0.8252741694450378,0.8442184329032898,0.8346388339996338
38466964,politics,one_sentence,"The expulsion of 35 Russian diplomats from the US over the email hacking scandal has drawn a barrage of abuse from Moscow, which seems poised to respond in kind.","Trump's side. 'We should tell the Russians that on no uncertain terms, you interfere in our elections, we're going to hit you and hit you hard.'",4103,26,29,0.896551724137931,0,0.1052631578947368,0.0,0.0701754385964912,0.8379483819007874,0.8574535250663757,0.8475887775421143
38466964,politics,fact_constrained,"The expulsion of 35 Russian diplomats from the US over the email hacking scandal has drawn a barrage of abuse from Moscow, which seems poised to respond in kind.",Trump's side.,4103,2,29,0.0689655172413793,0,0.0,0.0,0.0,0.8817055821418762,0.8277733325958252,0.853888750076294
34218673,tech,tldr,Fire crews are expected to leave the site of the Shoreham Airshow disaster later after spending nearly three weeks at the scene of the crash.,The West Sussex Fire and Rescue Service has said it has completed its work at the Shoreham Air Show.,2219,19,25,0.76,0,0.2272727272727272,0.0952380952380952,0.1363636363636363,0.9032549262046814,0.8940948247909546,0.8986515402793884
34218673,tech,bullet_points,Fire crews are expected to leave the site of the Shoreham Airshow disaster later after spending nearly three weeks at the scene of the crash.,The West Sussex Fire and Rescue Service has said it has completed its work at the Shoreham Air Show.,2219,19,25,0.76,0,0.2272727272727272,0.0952380952380952,0.1363636363636363,0.9032549262046814,0.8940948247909546,0.8986515402793884
34218673,tech,bullet_points_strict,Fire crews are expected to leave the site of the Shoreham Airshow disaster later after spending nearly three weeks at the scene of the crash.,The West Sussex Fire and Rescue Service has said it has completed its work at the Shoreham Air Show.,2219,19,25,0.76,0,0.2272727272727272,0.0952380952380952,0.1363636363636363,0.9032549262046814,0.8940948247909546,0.8986515402793884
34218673,tech,one_sentence,Fire crews are expected to leave the site of the Shoreham Airshow disaster later after spending nearly three weeks at the scene of the crash.,The West Sussex Fire and Rescue Service has said it has completed its work at the Shoreham Air Show.,2219,19,25,0.76,0,0.2272727272727272,0.0952380952380952,0.1363636363636363,0.9032549262046814,0.8940948247909546,0.8986515402793884
34218673,tech,fact_constrained,Fire crews are expected to leave the site of the Shoreham Airshow disaster later after spending nearly three weeks at the scene of the crash.,The West Sussex Fire and Rescue Service has said it has completed its work at the Shoreham Air Show.,2219,19,25,0.76,0,0.2272727272727272,0.0952380952380952,0.1363636363636363,0.9032549262046814,0.8940948247909546,0.8986515402793884
40191593,business,tldr,"The US director of national intelligence has said he ""never felt pressured"" to influence the inquiry into Russia's political meddling.",The chief of the NSA has said he is willing to testify about his interactions with President Trump.,3816,18,20,0.9,0,0.358974358974359,0.1081081081081081,0.3076923076923076,0.9118189215660096,0.8824053406715393,0.896871030330658
40191593,business,bullet_points,"The US director of national intelligence has said he ""never felt pressured"" to influence the inquiry into Russia's political meddling.",The chief of the National Security Agency has said he is willing to testify about his interactions with President Trump.,3816,20,20,1.0,0,0.3902439024390244,0.1025641025641025,0.3414634146341463,0.9054265022277832,0.8825678825378418,0.8938510417938232
40191593,business,bullet_points_strict,"The US director of national intelligence has said he ""never felt pressured"" to influence the inquiry into Russia's political meddling.",The chief of the NSA has said he is willing to testify about his interactions with President Trump.,3816,18,20,0.9,0,0.358974358974359,0.1081081081081081,0.3076923076923076,0.9118189215660096,0.8824053406715393,0.896871030330658
40191593,business,one_sentence,"The US director of national intelligence has said he ""never felt pressured"" to influence the inquiry into Russia's political meddling.",The chief of the NSA has said he is willing to testify about his interactions with President Trump.,3816,18,20,0.9,0,0.358974358974359,0.1081081081081081,0.3076923076923076,0.9118189215660096,0.8824053406715393,0.896871030330658
40191593,business,fact_constrained,"The US director of national intelligence has said he ""never felt pressured"" to influence the inquiry into Russia's political meddling.",The chief of the NSA has said he is willing to testify about his interactions with President Trump.,3816,18,20,0.9,0,0.358974358974359,0.1081081081081081,0.3076923076923076,0.9118189215660096,0.8824053406715393,0.896871030330658
33144298,entertainment,tldr,White House officials will not say whether pop star Prince performed at a weekend party at the executive residence despite guests posting about it on social media.,The White House has confirmed a private party for the Obamas has taken place in New York.,601,17,27,0.6296296296296297,0,0.2272727272727272,0.0476190476190476,0.2272727272727272,0.9006673097610474,0.8694441914558411,0.8847803473472595
33144298,entertainment,bullet_points,White House officials will not say whether pop star Prince performed at a weekend party at the executive residence despite guests posting about it on social media.,"The Obamas have held a private party in New York City, a spokesman said.",601,14,27,0.5185185185185185,0,0.1463414634146341,0.0,0.0975609756097561,0.886049211025238,0.8591268658638,0.8723803758621216
33144298,entertainment,bullet_points_strict,White House officials will not say whether pop star Prince performed at a weekend party at the executive residence despite guests posting about it on social media.,The Obamas have held a private party at the White House.,601,11,27,0.4074074074074074,0,0.3157894736842105,0.1666666666666666,0.2105263157894736,0.9147530198097228,0.8681491613388062,0.8908419609069824
33144298,entertainment,one_sentence,White House officials will not say whether pop star Prince performed at a weekend party at the executive residence despite guests posting about it on social media.,"The Obamas have held a private party at the White House, the White House says.",601,15,27,0.5555555555555556,0,0.2857142857142857,0.15,0.1904761904761904,0.9091728329658508,0.8716968297958374,0.8900405168533325
33144298,entertainment,fact_constrained,White House officials will not say whether pop star Prince performed at a weekend party at the executive residence despite guests posting about it on social media.,"The Obamas have held a private party at the White House, a spokesman said.",601,14,27,0.5185185185185185,0,0.2926829268292683,0.1538461538461538,0.1951219512195122,0.9026286005973816,0.8686571717262268,0.8853170871734619
34833729,business,tldr,These roads in Northern Ireland are closed due to poor weather conditions as of Friday 15 January.,"The following roads are in County Antrim: Causanagh, Loughgall Tannyoky, Poyntzpass Carrowreagh, Dundonald Edenticullo Road, Hillsborough New Line Road, Rathfriland Drumanure Road, Derrygonnelly",167,23,17,1.3529411764705883,0,0.15,0.0,0.0999999999999999,0.7382839918136597,0.8482133150100708,0.7894400954246521
34833729,business,bullet_points,These roads in Northern Ireland are closed due to poor weather conditions as of Friday 15 January.,"Derrygonnelly is a town in County Down, County Antrim.",167,9,17,0.5294117647058824,0,0.0769230769230769,0.0,0.0769230769230769,0.8263333439826965,0.8380436897277832,0.8321473598480225
34833729,business,bullet_points_strict,These roads in Northern Ireland are closed due to poor weather conditions as of Friday 15 January.,The following roads are in County Kerry :,167,8,17,0.4705882352941176,0,0.25,0.0,0.1666666666666666,0.905386745929718,0.856989860534668,0.8805238604545593
34833729,business,one_sentence,These roads in Northern Ireland are closed due to poor weather conditions as of Friday 15 January.,"Derrygonnelly is a town in County Down, County Antrim. The town is located on the northern shore of the River Donegal. The town is located on the northern shore of the River Donegal. The town is located on the northern shore of the River Donegal. The town is located on the northern shore of the River Donegal. The town is located on the northern shore of the River Donegal.",167,69,17,4.0588235294117645,0,0.0697674418604651,0.0,0.0697674418604651,0.8001905679702759,0.8295531868934631,0.8146073818206787
34833729,business,fact_constrained,These roads in Northern Ireland are closed due to poor weather conditions as of Friday 15 January.,"Derrygonnelly is a city in County Down, Northern Ireland.",167,9,17,0.5294117647058824,0,0.2307692307692307,0.0833333333333333,0.2307692307692307,0.8483174443244934,0.8497418165206909,0.849029004573822
39806255,entertainment,tldr,A church in West Yorkshire has recruited a new vicar following a video job advertisement sung by a choir of children.,A video of a new vicar at a church has gone viral.,857,12,21,0.5714285714285714,0,0.5454545454545454,0.2580645161290322,0.303030303030303,0.9398491382598876,0.9015772342681884,0.9203155040740968
39806255,entertainment,bullet_points,A church in West Yorkshire has recruited a new vicar following a video job advertisement sung by a choir of children.,"A video of a new vicar at a church has been viewed more than 30,000 times.",857,16,21,0.7619047619047619,0,0.4736842105263158,0.2222222222222222,0.2631578947368421,0.8999314904212952,0.8999792337417603,0.8999553322792053
39806255,entertainment,bullet_points_strict,A church in West Yorkshire has recruited a new vicar following a video job advertisement sung by a choir of children.,A video of a new vicar at a church has gone viral.,857,12,21,0.5714285714285714,0,0.5454545454545454,0.2580645161290322,0.303030303030303,0.9398491382598876,0.9015772342681884,0.9203155040740968
39806255,entertainment,one_sentence,A church in West Yorkshire has recruited a new vicar following a video job advertisement sung by a choir of children.,"A video of a new vicar at a church has been viewed more than 30,000 times.",857,16,21,0.7619047619047619,0,0.4736842105263158,0.2222222222222222,0.2631578947368421,0.8999314904212952,0.8999792337417603,0.8999553322792053
39806255,entertainment,fact_constrained,A church in West Yorkshire has recruited a new vicar following a video job advertisement sung by a choir of children.,A video of a new vicar at a church has gone viral.,857,12,21,0.5714285714285714,0,0.5454545454545454,0.2580645161290322,0.303030303030303,0.9398491382598876,0.9015772342681884,0.9203155040740968
36043765,entertainment,tldr,A seal found tangled in nets on an Aberdeenshire beach has been returned to the sea.,A grey seal has been freed after netting was tangled around its neck.,813,13,16,0.8125,0,0.3448275862068966,0.074074074074074,0.2758620689655172,0.916252851486206,0.8907853960990906,0.9033396244049072
36043765,entertainment,bullet_points,A seal found tangled in nets on an Aberdeenshire beach has been returned to the sea.,A grey seal has been rescued from a tangled net of netting.,813,12,16,0.75,0,0.3571428571428571,0.0769230769230769,0.2857142857142857,0.9368906021118164,0.8918110132217407,0.9137951731681824
36043765,entertainment,bullet_points_strict,A seal found tangled in nets on an Aberdeenshire beach has been returned to the sea.,A grey seal has been freed after netting was tangled around its neck.,813,13,16,0.8125,0,0.3448275862068966,0.074074074074074,0.2758620689655172,0.916252851486206,0.8907853960990906,0.9033396244049072
36043765,entertainment,one_sentence,A seal found tangled in nets on an Aberdeenshire beach has been returned to the sea.,A grey seal has been rescued from a tangled net of netting.,813,12,16,0.75,0,0.3571428571428571,0.0769230769230769,0.2857142857142857,0.9368906021118164,0.8918110132217407,0.9137951731681824
36043765,entertainment,fact_constrained,A seal found tangled in nets on an Aberdeenshire beach has been returned to the sea.,A grey seal has been released from the sea after being tangled in netting.,813,14,16,0.875,0,0.5333333333333333,0.2142857142857142,0.3999999999999999,0.9428359866142272,0.9102171063423156,0.9262394905090332
36101502,entertainment,tldr,We go behind the scenes with singer Laura Mvula as she prepares to debut her new material and kick off the 48th series of Later... with Jools Holland.,"Laura McCartney's latest album, Phenomenal Woman, is due in June.",8387,10,28,0.3571428571428571,0,0.0512820512820512,0.0,0.0512820512820512,0.8683106303215027,0.8305842876434326,0.8490285277366638
36101502,entertainment,bullet_points,We go behind the scenes with singer Laura Mvula as she prepares to debut her new material and kick off the 48th series of Later... with Jools Holland.,"Laura McCartney's latest album, Phenomenal Woman, is due in June.",8387,10,28,0.3571428571428571,0,0.0512820512820512,0.0,0.0512820512820512,0.8683106303215027,0.8305842876434326,0.8490285277366638
36101502,entertainment,bullet_points_strict,We go behind the scenes with singer Laura Mvula as she prepares to debut her new material and kick off the 48th series of Later... with Jools Holland.,"Laura McCartney's latest album, Phenomenal Woman, is due in June.",8387,10,28,0.3571428571428571,0,0.0512820512820512,0.0,0.0512820512820512,0.8683106303215027,0.8305842876434326,0.8490285277366638
36101502,entertainment,one_sentence,We go behind the scenes with singer Laura Mvula as she prepares to debut her new material and kick off the 48th series of Later... with Jools Holland.,"Laura McCartney's latest album, Phenomenal Woman, is due in June.",8387,10,28,0.3571428571428571,0,0.0512820512820512,0.0,0.0512820512820512,0.8683106303215027,0.8305842876434326,0.8490285277366638
36101502,entertainment,fact_constrained,We go behind the scenes with singer Laura Mvula as she prepares to debut her new material and kick off the 48th series of Later... with Jools Holland.,"Laura McCartney's latest album, Phenomenal Woman, is due in June.",8387,10,28,0.3571428571428571,0,0.0512820512820512,0.0,0.0512820512820512,0.8683106303215027,0.8305842876434326,0.8490285277366638
35714830,business,tldr,"League Two Exeter City made a profit of over £1.6m last year, according to the club's latest accounts.",Exeter City have declared a profit of £1.642m after the sale of midfielder Matt Grimes to Swansea.,1126,17,18,0.9444444444444444,0,0.4210526315789474,0.1666666666666666,0.3684210526315788,0.9136530756950378,0.9148095846176147,0.91423100233078
35714830,business,bullet_points,"League Two Exeter City made a profit of over £1.6m last year, according to the club's latest accounts.",Exeter City have reported a net profit of £1.7m for the first time since the sale of midfielder Matt Grimes.,1126,20,18,1.1111111111111112,0,0.3414634146341463,0.1025641025641025,0.3414634146341463,0.916748821735382,0.92690908908844,0.921800971031189
35714830,business,bullet_points_strict,"League Two Exeter City made a profit of over £1.6m last year, according to the club's latest accounts.",Exeter City have reported a profit of £1.642m after a £1.75m transfer to Swansea City.,1126,15,18,0.8333333333333334,0,0.3783783783783783,0.1714285714285714,0.3783783783783783,0.9206113815307616,0.9084262847900392,0.9144782423973083
35714830,business,one_sentence,"League Two Exeter City made a profit of over £1.6m last year, according to the club's latest accounts.",Exeter City have reported a profit of £1.642m for the first time since the club's sale of midfielder Matt Grimes.,1126,20,18,1.1111111111111112,0,0.4285714285714286,0.25,0.4285714285714286,0.9137237071990968,0.9233492016792296,0.9185112714767456
35714830,business,fact_constrained,"League Two Exeter City made a profit of over £1.6m last year, according to the club's latest accounts.",Exeter City have reported a net profit of £1.7m for the first time since the sale of a player to Swansea City.,1126,22,18,1.2222222222222223,0,0.3720930232558139,0.0975609756097561,0.3255813953488372,0.9181378483772278,0.9247715473175048,0.9214427471160888
38264402,tech,bullet_points_strict,"There is a ""chronic"" need for more housing for prison leavers in Wales, according to a charity.","The number of people who are homeless in Wales is ""disappointing"", a charity has said.",3525,15,17,0.8823529411764706,0,0.3125,0.1333333333333333,0.25,0.9122166633605956,0.91572904586792,0.9139695167541504
34227252,entertainment,bullet_points_strict,"A man has appeared in court after firearms, ammunition and cash were seized by police in Edinburgh.",A 26-year-old man has appeared in court charged with armed robbery in Edinburgh.,287,13,17,0.7647058823529411,0,0.5,0.3333333333333333,0.5,0.9296108484268188,0.9182326793670654,0.9238867163658142
38537698,tech,bullet_points_strict,"Four people accused of kidnapping and torturing a mentally disabled man in a ""racially motivated"" attack streamed on Facebook have been denied bail.",Four teenagers have been charged with hate crimes after a white man was beaten to death in Chicago.,1488,18,23,0.782608695652174,0,0.2926829268292683,0.0512820512820512,0.1951219512195122,0.9115617871284484,0.8844709396362305,0.8978120684623718
36175342,sport,bullet_points_strict,"West Brom have appointed Nicky Hammond as technical director, ending his 20-year association with Reading.",West Bromwich Albion have appointed former Arsenal youth academy director and youth academy director Darren Clarke as their new director of football.,313,22,15,1.4666666666666666,0,0.2631578947368421,0.0555555555555555,0.2631578947368421,0.9006370306015015,0.907526969909668,0.904068887233734
39070183,tech,bullet_points_strict,"The pancreas can be triggered to regenerate itself through a type of fasting diet, say US researchers.",A fasting-mimicking diet has been shown to reverse the symptoms of type 1 diabetes.,3585,14,17,0.8235294117647058,0,0.4374999999999999,0.0,0.1875,0.8770020604133606,0.8894954323768616,0.8832045793533325
38899892,business,bullet_points_strict,"Since their impending merger was announced in January, there has been remarkably little comment about the huge proposed deal to combine Essilor and Luxottica.","If you're looking for a good deal on a merger between two of the world's biggest companies, there's no way you'll be able to find it.",6147,26,24,1.0833333333333333,0,0.1851851851851852,0.0,0.1111111111111111,0.8723170161247253,0.8681740760803223,0.8702405691146851
39339718,sport,bullet_points_strict,"A ""medal at any cost"" approach created a ""culture of fear"" at British Cycling, says former rider Wendy Houvenaghel.","Wendy Houvenaghel has said she feels ""vindicated"" by British Cycling's failures in the World Class Programme.",5432,16,19,0.8421052631578947,0,0.2222222222222222,0.1176470588235294,0.1111111111111111,0.9190068244934082,0.9116318225860596,0.9153044819831848
34571446,business,bullet_points_strict,Have you heard the one about the computer programmer who bought a failing comedy club in Texas and turned it into a million dollar a year business?,"The Hideout is a comedy club in Austin, Texas.",5950,9,27,0.3333333333333333,0,0.3333333333333333,0.1176470588235294,0.3333333333333333,0.907032072544098,0.8586829304695129,0.8821955323219299
36892983,business,bullet_points_strict,"The reaction from BT's investors told us much about media regulator Ofcom's ruling on the fate of Openreach, the BT subsidiary that provides much of the UK's broadband infrastructure.","BT's share price soared in early trading after the company's chief executive, Ofcom's Sharon White, said the company's pension scheme was ""practical obstacles"" to a break-up.",2398,26,29,0.896551724137931,0,0.2222222222222222,0.0655737704918032,0.1904761904761904,0.8659908771514893,0.8793990612030029,0.8726434707641602
37732028,sport,bullet_points_strict,Manager Brendan Rodgers is sure Celtic can exploit the wide open spaces of Hampden when they meet Rangers in Sunday's League Cup semi-final.,Brendan Rodgers says he is looking forward to his first Old Firm derby with Celtic on Saturday.,2239,17,23,0.7391304347826086,0,0.1904761904761905,0.05,0.1904761904761905,0.9108632206916808,0.8870556354522705,0.898801863193512
32300397,business,bullet_points_strict,Queen's University Belfast is cutting 236 jobs and 290 student places due to a funding reduction.,"The University of Queen's in Belfast is to cut its undergraduate and postgraduate places by 1,010 over the next three years, the BBC understands.",2309,24,16,1.5,0,0.372093023255814,0.097560975609756,0.2790697674418605,0.8912345767021179,0.9161904454231262,0.9035401940345764
32672009,tech,bullet_points_strict,Hospital bosses in Sussex have apologised after about 850 patients were sent leaflets in error suggesting they might have cancer.,"East Sussex Healthcare NHS Trust has apologised for a ""two-week information leaflet"" being inserted with an appointment letter.",1318,18,20,0.9,0,0.1025641025641025,0.0,0.1025641025641025,0.8850730657577515,0.8914143443107605,0.888232409954071
38872899,politics,bullet_points_strict,The shadow foreign secretary has suggested Labour will continue to support legislation paving the way for Brexit as it passes through Parliament.,"Labour has said it will not ""frustrate Brexit"" if it fails to amend its Brexit bill.",3157,16,22,0.7272727272727273,0,0.3157894736842105,0.0,0.2105263157894737,0.8892247080802917,0.8932316303253174,0.8912236094474792
37248643,sport,bullet_points_strict,Torquay United boss Kevin Nicholson says none of the money from Eunan O'Kane's move to Leeds from Bournemouth will go to the playing squad.,The Gulls have agreed a deal to sell midfielder Sean O'Kane to the Cherries for £8m.,625,16,24,0.6666666666666666,0,0.2790697674418605,0.097560975609756,0.2325581395348837,0.8957774639129639,0.8726987242698669,0.8840874433517456
38521798,tech,bullet_points_strict,North Wales Police has been criticised at an inquest for sending an officer to speak to a hospital patient with paranoid schizophrenia.,"A psychiatric consultant has said he is ""extremely unhappy"" about a visit by a police officer to a ward at a hospital.",1314,22,22,1.0,0,0.3181818181818182,0.1428571428571428,0.2272727272727272,0.9026289582252502,0.9021520018577576,0.9023904204368592
29771956,sport,bullet_points_strict,Leicester City striker Gary Taylor-Fletcher has joined Sheffield Wednesday on an initial month-long loan.,Leicester City have signed Leicester City winger Chris Taylor-Fletcher on a one-year deal.,343,13,14,0.9285714285714286,0,0.3225806451612903,0.1379310344827586,0.3225806451612903,0.9461217522621156,0.935190200805664,0.9406242370605468
38322594,politics,bullet_points_strict,"Limiting access to federal research would do an ""enormous disservice"" to the US and the world according to former Nasa chief scientist.","The chief scientist of Nasa has warned that access to climate data will be a ""tremendous disservice to the citizens of this country and to the world in general"".",5964,29,22,1.318181818181818,0,0.4705882352941176,0.2040816326530612,0.3137254901960784,0.917674720287323,0.9293165802955629,0.9234589338302612
35194738,entertainment,bullet_points_strict,"John ""Brad"" Bradbury, drummer with The Specials, has died at the age of 62.",The Specials drummer John 'Brad' Bradbury has died at the age of 84.,2284,13,14,0.9285714285714286,0,0.888888888888889,0.64,0.6666666666666666,0.981770157814026,0.9701306819915771,0.9759156703948976
38781058,sport,bullet_points_strict,"Tiger Woods missed the cut at the Farmers Insurance Open, as England's Justin Rose maintained a one-shot lead.",World number one Woods missed the cut at the San Diego Open as he missed the cut by four shots.,1084,20,18,1.1111111111111112,0,0.45,0.3157894736842105,0.4000000000000001,0.9169086813926696,0.8983135223388672,0.907515823841095
40181128,sport,bullet_points_strict,"Former England striker Andy Cole says he faces a ""long road ahead"" as he recovers from his recent kidney transplant.","Manchester United striker Ashley Cole says he has a ""long road ahead"" after a kidney transplant.",1760,16,20,0.8,0,0.5555555555555556,0.3529411764705882,0.5555555555555556,0.9707770347595216,0.95908522605896,0.964895725250244
35345872,tech,bullet_points_strict,"Pakistan has unblocked the video sharing site, YouTube, more than three years after it was banned for posting a video deemed insulting to Islam.",Pakistan's government has lifted a ban on YouTube in the country.,2050,11,24,0.4583333333333333,0,0.2777777777777778,0.0,0.1666666666666666,0.9254280924797058,0.8704209923744202,0.8970820903778076
32148941,sport,bullet_points_strict,"Leicester Tigers winger Miles Benjamin is likely to be out for the rest of the season because of a knee injury, reports BBC Radio Leicester.",Leicester's Ben Benjamin will miss the rest of the season because of a neck injury.,676,15,25,0.6,0,0.5365853658536586,0.358974358974359,0.5365853658536586,0.958945095539093,0.9216182827949524,0.9399112462997437
37066439,sport,bullet_points_strict,Owain Doull has won Wales' first gold of the 2016 Olympics as he helped the Great Britain men's team pursuit defend their cycling title in Rio.,Great Britain's Mark Doull won a silver medal in the women's team pursuit at the Rio Olympics.,2573,17,26,0.6538461538461539,0,0.5217391304347826,0.1363636363636363,0.3043478260869565,0.9206988215446472,0.8867021203041077,0.9033807516098022
40787080,tech,bullet_points_strict,"Floods in the western Indian state of Gujarat have killed 218 people, government officials have confirmed.","The death toll from floods in Gujarat state has risen to more than 100 people, officials say.",755,17,16,1.0625,0,0.4242424242424242,0.064516129032258,0.303030303030303,0.9285959005355836,0.9357650876045228,0.9321666955947876
39192648,sport,bullet_points_strict,All images copyrighted.,Snowsports lovers got married on skis in Scotland's Nevis Range.,2058,10,3,3.333333333333333,0,0.0,0.0,0.0,0.8195071816444397,0.8666239976882935,0.8424072861671448
27119429,business,bullet_points_strict,"Royal Bank of Scotland (RBS) has been fined HK$6m (£460,000) by Hong Kong regulators after it failed to detect a series of unauthorised transactions by one of its traders.",Hong Kong's Royal Bank of Scotland (RBS) has been fined a record amount by the Hong Kong Securities and Exchange Commission (HKSEC).,1574,22,29,0.7586206896551724,0,0.4444444444444444,0.3076923076923076,0.4074074074074074,0.9167636036872864,0.8820927143096924,0.8990941047668457
38952672,politics,bullet_points_strict,"The Bafta awards had laughter, passion and plenty of politics.",Baftas - the best of the best - and the best of the best of the best.,4391,17,10,1.7,0,0.24,0.0,0.24,0.8528580665588379,0.8807975649833679,0.8666026592254639
39935147,entertainment,bullet_points_strict,South African police say four people have been arrested in connection with the murder of former actor on popular local TV series Generations.,Police in South Africa are questioning two men who robbed women of their mobile phones in a pub.,601,18,23,0.782608695652174,0,0.1951219512195122,0.0,0.1463414634146341,0.9018239378929138,0.8880009651184082,0.8948590755462646
34911128,tech,bullet_points_strict,"A shot was reportedly fired at a car outside a primary school in Liverpool as parents were taking their children inside, police have said.",A school shooting at a primary school in Merseyside is being investigated by police.,1163,14,24,0.5833333333333334,0,0.3684210526315789,0.2222222222222222,0.3684210526315789,0.9257766604423524,0.8989096879959106,0.9121454358100892
38914203,politics,bullet_points_strict,A total of 228 candidates will contest the Northern Ireland Assembly election next month - 48 fewer than last time.,There are a total of 228 candidates in the assembly election in Northern Ireland.,893,14,20,0.7,0,0.6060606060606061,0.3870967741935484,0.4848484848484848,0.9633104205131532,0.913130223751068,0.937549352645874
37624408,business,bullet_points_strict,"With the value of the pound falling dramatically since Brexit, a ""flash crash"" last week when the currency lost 6% of its value against the dollar, and news on Tuesday that the pound had fallen again, when would be a good time to change those pounds to dollars?",The pound has fallen 18% against the dollar on the judgment that growth is likely to be stronger in the US than the UK and that UK interest rates are falling.,2104,31,48,0.6458333333333334,0,0.379746835443038,0.0779220779220779,0.2025316455696202,0.8773792386054993,0.8680180907249451,0.8726735711097717
34631268,entertainment,bullet_points_strict,A philosophy student who wears vintage clothing has won a national contest for alternative models.,The winner of the Alternative Model of the Year contest has said she has always wanted to be a model.,988,20,15,1.3333333333333333,0,0.2285714285714286,0.0,0.1142857142857143,0.8969124555587769,0.8970617055892944,0.8969870805740356
36792661,politics,bullet_points_strict,Plans to move a statue depicting a Royal Marine in the Falklands conflict away from Portsmouth seafront have been criticised.,A statue of a Royal Marine marching across the Falklands during World War Two has been moved to a new museum site in Portsmouth.,1798,24,20,1.2,0,0.5,0.1904761904761905,0.3636363636363636,0.9187873601913452,0.9218887686729432,0.9203354716300964
18298438,tech,bullet_points_strict,A suspected terrorist has been charged with breaching conditions imposed as part of the government's new terror monitoring powers.,A British man has appeared in court charged with breaching a terror prevention order.,1887,14,19,0.7368421052631579,0,0.3529411764705882,0.125,0.3529411764705882,0.9311107397079468,0.9100844860076904,0.920477569103241
32032471,entertainment,bullet_points_strict,"In recent years, Hollywood remakes and re-imaginings of classic fairytales have come thick and fast - all darker, more adult versions of tales that originally appeared in cinemas.",Downton Abbey's Downton Abbey star Lily James as Cinderella.,4518,9,28,0.3214285714285714,0,0.0,0.0,0.0,0.8180828094482422,0.8156034350395203,0.816841185092926
39847422,politics,bullet_points_strict,"Performers from 42 countries strode down a long red carpet near Ukraine's parliament this week, as a curtain-raiser to this year's Eurovision Song Contest.",Ukraine's decision to ban Julia Samoilova from the Eurovision Song Contest was a reversal of last year's decision.,4849,18,24,0.75,0,0.425531914893617,0.1777777777777777,0.2553191489361702,0.8828343749046326,0.8697491884231567,0.876242995262146
12396322,entertainment,bullet_points_strict,It was 50 years ago today that The Beatles played their first gig at the Cavern Club in Liverpool - the venue where the band built their reputation and where Beatlemania was born.,The Beatles were the epitome of rebellion in Liverpool - they were a law unto themselves on the stage.,3965,19,33,0.5757575757575758,0,0.24,0.0833333333333333,0.24,0.8866281509399414,0.8720266222953796,0.8792667984962463
38052755,politics,bullet_points_strict,"South Africa's government has proposed a national minimum wage of 3,500 rand ($242; Â£199) a month.","South Africa has announced a proposed national minimum wage of at least 4,500 rand.",1902,14,16,0.875,0,0.6666666666666666,0.3225806451612903,0.606060606060606,0.9636521339416504,0.8879756927490234,0.9242674708366394
19341954,politics,bullet_points_strict,The death of Ethiopian Prime Minister Meles Zenawi has thrown the populous Horn of Africa giant into a period of deep uncertainty and created a serious leadership vacuum in the region with profound geopolitical implications.,Ethiopia's President Meles Zenawi has died at the age of 84.,7822,11,35,0.3142857142857143,0,0.2127659574468084,0.0888888888888888,0.2127659574468084,0.9202845692634584,0.8710094094276428,0.8949692249298096
34218922,politics,bullet_points_strict,Two new councillors have been elected in a by-election in the City of Edinburgh.,A by-election has been held in the Leith Walk by-election.,1345,10,14,0.7142857142857143,0,0.4444444444444445,0.2399999999999999,0.3703703703703704,0.9244000911712646,0.9236612319946288,0.9240305423736572
37508085,business,bullet_points_strict,"Russia has said it will carry on bombing rebel-held eastern Aleppo in Syria, defying US demands to stop.",Russia has said it will continue to support the Syrian rebels after the partial ceasefire collapsed last week.,3220,18,18,1.0,0,0.3243243243243243,0.2285714285714285,0.3243243243243243,0.91120183467865,0.9068492650985718,0.9090203642845154
38466964,politics,bullet_points_strict,"The expulsion of 35 Russian diplomats from the US over the email hacking scandal has drawn a barrage of abuse from Moscow, which seems poised to respond in kind.","Trump's side. 'I'm going to introduce sanctions, they will be bipartisan that names Putin as an individual, his inner circle, for not on Trump'",4103,24,29,0.8275862068965517,0,0.0363636363636363,0.0,0.0363636363636363,0.8252741694450378,0.8442184329032898,0.8346388339996338
34218673,tech,bullet_points_strict,Fire crews are expected to leave the site of the Shoreham Airshow disaster later after spending nearly three weeks at the scene of the crash.,The West Sussex Fire and Rescue Service has said it has completed its work at the Shoreham Air Show.,2219,19,25,0.76,0,0.2272727272727272,0.0952380952380952,0.1363636363636363,0.9032549262046814,0.8940948247909546,0.8986515402793884
40191593,business,bullet_points_strict,"The US director of national intelligence has said he ""never felt pressured"" to influence the inquiry into Russia's political meddling.",The chief of the NSA has said he is willing to testify about his interactions with President Trump.,3816,18,20,0.9,0,0.358974358974359,0.1081081081081081,0.3076923076923076,0.9118189215660096,0.8824053406715393,0.896871030330658
33144298,entertainment,bullet_points_strict,White House officials will not say whether pop star Prince performed at a weekend party at the executive residence despite guests posting about it on social media.,The Obamas have held a private party at the White House.,601,11,27,0.4074074074074074,0,0.3157894736842105,0.1666666666666666,0.2105263157894736,0.9147530198097228,0.8681491613388062,0.8908419609069824
34833729,business,bullet_points_strict,These roads in Northern Ireland are closed due to poor weather conditions as of Friday 15 January.,The following roads are in County Kerry :,167,8,17,0.4705882352941176,0,0.25,0.0,0.1666666666666666,0.905386745929718,0.856989860534668,0.8805238604545593
39806255,entertainment,bullet_points_strict,A church in West Yorkshire has recruited a new vicar following a video job advertisement sung by a choir of children.,A video of a new vicar at a church has gone viral.,857,12,21,0.5714285714285714,0,0.5454545454545454,0.2580645161290322,0.303030303030303,0.9398491382598876,0.9015772342681884,0.9203155040740968
36043765,entertainment,bullet_points_strict,A seal found tangled in nets on an Aberdeenshire beach has been returned to the sea.,A grey seal has been freed after netting was tangled around its neck.,813,13,16,0.8125,0,0.3448275862068966,0.074074074074074,0.2758620689655172,0.916252851486206,0.8907853960990906,0.9033396244049072
36101502,entertainment,bullet_points_strict,We go behind the scenes with singer Laura Mvula as she prepares to debut her new material and kick off the 48th series of Later... with Jools Holland.,"Laura McCartney's latest album, Phenomenal Woman, is due in June.",8387,10,28,0.3571428571428571,0,0.0512820512820512,0.0,0.0512820512820512,0.8683106303215027,0.8305842876434326,0.8490285277366638
35714830,business,bullet_points_strict,"League Two Exeter City made a profit of over £1.6m last year, according to the club's latest accounts.",Exeter City have reported a profit of £1.642m after a £1.75m transfer to Swansea City.,1126,15,18,0.8333333333333334,0,0.3783783783783783,0.1714285714285714,0.3783783783783783,0.9206113815307616,0.9084262847900392,0.9144782423973083
