id,genre,prompt_name,reference_summary,generated_summary,source_length_chars,generated_length_words,reference_length_words,compression_ratio,is_bullet_format,rouge1,rouge2,rougeL,bertscore_precision,bertscore_recall,bertscore_f1
38264402,tech,tldr,"There is a ""chronic"" need for more housing for prison leavers in Wales, according to a charity.","Prison leavers in Wales are facing a ""desperate need"" for housing, a charity has said.",3548,15,17,0.8823529411764706,0,0.625,0.3333333333333333,0.375,0.9538638591766356,0.9567747116088868,0.9553170800209044
38264402,tech,bullet_points,"There is a ""chronic"" need for more housing for prison leavers in Wales, according to a charity.","Prison leavers in Wales are facing a ""desperate need"" to find accommodation after release, a charity has said.",3548,18,17,1.0588235294117647,0,0.5142857142857143,0.2424242424242424,0.3999999999999999,0.9367018938064576,0.9466651678085328,0.9416571855545044
38264402,tech,bullet_points_strict,"There is a ""chronic"" need for more housing for prison leavers in Wales, according to a charity.","Prison leavers in Wales are facing a ""desperate need"" for housing, a charity has said.",3548,15,17,0.8823529411764706,0,0.625,0.3333333333333333,0.375,0.9538638591766356,0.9567747116088868,0.9553170800209044
38264402,tech,one_sentence,"There is a ""chronic"" need for more housing for prison leavers in Wales, according to a charity.","Prison leavers in Wales are facing a ""desperate need"" to find accommodation, a charity has said.",3548,16,17,0.9411764705882352,0,0.5454545454545455,0.2580645161290323,0.4242424242424242,0.9462354779243468,0.9480992555618286,0.947166383266449
38264402,tech,fact_constrained,"There is a ""chronic"" need for more housing for prison leavers in Wales, according to a charity.","The need for housing for prison leavers is ""disappointing"", a charity has said.",3548,13,17,0.7647058823529411,0,0.5999999999999999,0.3571428571428571,0.5333333333333333,0.9354432821273804,0.9417814612388612,0.9386016726493835
34227252,entertainment,tldr,"A man has appeared in court after firearms, ammunition and cash were seized by police in Edinburgh.",A 26-year-old man has been charged with armed robbery in Edinburgh.,289,11,17,0.6470588235294118,0,0.3333333333333333,0.1428571428571428,0.3333333333333333,0.9193482995033264,0.905472218990326,0.9123575091362
34227252,entertainment,bullet_points,"A man has appeared in court after firearms, ammunition and cash were seized by police in Edinburgh.",A 26-year-old man has appeared in court charged with armed robbery in Edinburgh.,289,13,17,0.7647058823529411,0,0.5,0.3333333333333333,0.5,0.9296109080314636,0.9182326793670654,0.923886775970459
34227252,entertainment,bullet_points_strict,"A man has appeared in court after firearms, ammunition and cash were seized by police in Edinburgh.",A 26-year-old man has appeared in court charged with armed robbery in Edinburgh.,289,13,17,0.7647058823529411,0,0.5,0.3333333333333333,0.5,0.9296109080314636,0.9182326793670654,0.923886775970459
34227252,entertainment,one_sentence,"A man has appeared in court after firearms, ammunition and cash were seized by police in Edinburgh.",A 26-year-old man has appeared in court charged with armed robbery in Edinburgh.,289,13,17,0.7647058823529411,0,0.5,0.3333333333333333,0.5,0.9296109080314636,0.9182326793670654,0.923886775970459
34227252,entertainment,fact_constrained,"A man has appeared in court after firearms, ammunition and cash were seized by police in Edinburgh.",A 26-year-old man has appeared in court charged with armed robbery in Edinburgh.,289,13,17,0.7647058823529411,0,0.5,0.3333333333333333,0.5,0.9296109080314636,0.9182326793670654,0.923886775970459
38537698,tech,tldr,"Four people accused of kidnapping and torturing a mentally disabled man in a ""racially motivated"" attack streamed on Facebook have been denied bail.",Four teenagers have been charged with hate crimes after a white man was held captive in a van.,1498,18,23,0.782608695652174,0,0.3414634146341463,0.1025641025641025,0.2439024390243902,0.9198621511459352,0.8850640654563904,0.9021276831626892
38537698,tech,bullet_points,"Four people accused of kidnapping and torturing a mentally disabled man in a ""racially motivated"" attack streamed on Facebook have been denied bail.",Four teenagers have been charged with hate crimes after a white man was beaten to death in a Chicago suburb.,1498,20,23,0.8695652173913043,0,0.3255813953488372,0.0975609756097561,0.2325581395348837,0.9049798250198364,0.8841405510902405,0.8944388031959534
38537698,tech,bullet_points_strict,"Four people accused of kidnapping and torturing a mentally disabled man in a ""racially motivated"" attack streamed on Facebook have been denied bail.",Four teenagers have been charged with hate crimes after a white man was beaten to death in Chicago.,1498,18,23,0.782608695652174,0,0.2926829268292683,0.0512820512820512,0.1951219512195122,0.9115618467330932,0.88447105884552,0.8978121876716614
38537698,tech,one_sentence,"Four people accused of kidnapping and torturing a mentally disabled man in a ""racially motivated"" attack streamed on Facebook have been denied bail.",Four teenagers have been charged with hate crimes after a white man was beaten to death in Chicago.,1498,18,23,0.782608695652174,0,0.2926829268292683,0.0512820512820512,0.1951219512195122,0.9115618467330932,0.88447105884552,0.8978121876716614
38537698,tech,fact_constrained,"Four people accused of kidnapping and torturing a mentally disabled man in a ""racially motivated"" attack streamed on Facebook have been denied bail.",Four teenagers have been charged with hate crimes after a white man was beaten to death in Chicago.,1498,18,23,0.782608695652174,0,0.2926829268292683,0.0512820512820512,0.1951219512195122,0.9115618467330932,0.88447105884552,0.8978121876716614
36175342,sport,tldr,"West Brom have appointed Nicky Hammond as technical director, ending his 20-year association with Reading.",West Bromwich Albion have appointed West Brom's former youth academy director as their new director of football.,315,17,15,1.1333333333333333,0,0.3529411764705882,0.125,0.2941176470588235,0.91877418756485,0.8959305882453918,0.9072086215019226
36175342,sport,bullet_points,"West Brom have appointed Nicky Hammond as technical director, ending his 20-year association with Reading.",West Bromwich Albion have appointed former Arsenal youth academy director and former West Bromwich Albion goalkeeper Mark Hughes as their new director of football.,315,24,15,1.6,0,0.25,0.0526315789473684,0.25,0.8972979187965393,0.9039342999458312,0.9006038308143616
36175342,sport,bullet_points_strict,"West Brom have appointed Nicky Hammond as technical director, ending his 20-year association with Reading.",West Bromwich Albion have appointed former Arsenal youth academy director and youth academy director Darren Clarke as their new director of football.,315,22,15,1.4666666666666666,0,0.2631578947368421,0.0555555555555555,0.2631578947368421,0.9006370902061462,0.9075268507003784,0.904068887233734
36175342,sport,one_sentence,"West Brom have appointed Nicky Hammond as technical director, ending his 20-year association with Reading.",West Bromwich Albion have appointed West Brom's former youth academy director as their new director of football.,315,17,15,1.1333333333333333,0,0.3529411764705882,0.125,0.2941176470588235,0.91877418756485,0.8959305882453918,0.9072086215019226
36175342,sport,fact_constrained,"West Brom have appointed Nicky Hammond as technical director, ending his 20-year association with Reading.",West Bromwich Albion have appointed West Brom's former youth academy director as their new director of football.,315,17,15,1.1333333333333333,0,0.3529411764705882,0.125,0.2941176470588235,0.91877418756485,0.8959305882453918,0.9072086215019226
39070183,tech,tldr,"The pancreas can be triggered to regenerate itself through a type of fasting diet, say US researchers.",A fasting-mimicking diet has been shown to reverse the symptoms of type 1 diabetes.,3615,14,17,0.8235294117647058,0,0.4374999999999999,0.0,0.1875,0.8770020008087158,0.8894954919815063,0.8832045793533325
39070183,tech,bullet_points,"The pancreas can be triggered to regenerate itself through a type of fasting diet, say US researchers.",A fasting-mimicking diet has been shown to reverse the symptoms of type 1 and type 2 diabetes.,3615,17,17,1.0,0,0.3999999999999999,0.0,0.1714285714285714,0.8607475161552429,0.889361560344696,0.8748205900192261
39070183,tech,bullet_points_strict,"The pancreas can be triggered to regenerate itself through a type of fasting diet, say US researchers.",A fasting-mimicking diet has been shown to reverse the symptoms of type 1 and type 2 diabetes.,3615,17,17,1.0,0,0.3999999999999999,0.0,0.1714285714285714,0.8607475161552429,0.889361560344696,0.8748205900192261
39070183,tech,one_sentence,"The pancreas can be triggered to regenerate itself through a type of fasting diet, say US researchers.",A fasting-mimicking diet has been shown to reverse the symptoms of type 1 and type 2 diabetes.,3615,17,17,1.0,0,0.3999999999999999,0.0,0.1714285714285714,0.8607475161552429,0.889361560344696,0.8748205900192261
39070183,tech,fact_constrained,"The pancreas can be triggered to regenerate itself through a type of fasting diet, say US researchers.",A fasting-mimicking diet has been shown to reverse the symptoms of type 1 and type 2 diabetes.,3615,17,17,1.0,0,0.3999999999999999,0.0,0.1714285714285714,0.8607475161552429,0.889361560344696,0.8748205900192261
38899892,business,tldr,"Since their impending merger was announced in January, there has been remarkably little comment about the huge proposed deal to combine Essilor and Luxottica.","If you're looking for a good deal on a merger between Essilor and Luxottica, there's no doubt you'll find it.",6187,20,24,0.8333333333333334,0,0.2553191489361702,0.0888888888888888,0.1702127659574468,0.9080734252929688,0.907066285610199,0.9075695276260376
38899892,business,bullet_points,"Since their impending merger was announced in January, there has been remarkably little comment about the huge proposed deal to combine Essilor and Luxottica.","If you're looking for a good deal on a merger between two of the world's biggest companies, there's no doubt you'll find it.",6187,23,24,0.9583333333333334,0,0.1568627450980392,0.0,0.0784313725490196,0.8724817633628845,0.866601288318634,0.8695315718650818
38899892,business,bullet_points_strict,"Since their impending merger was announced in January, there has been remarkably little comment about the huge proposed deal to combine Essilor and Luxottica.","If you're looking for a good deal on a merger between two of the world's biggest companies, there's no doubt you'll find it.",6187,23,24,0.9583333333333334,0,0.1568627450980392,0.0,0.0784313725490196,0.8724817633628845,0.866601288318634,0.8695315718650818
38899892,business,one_sentence,"Since their impending merger was announced in January, there has been remarkably little comment about the huge proposed deal to combine Essilor and Luxottica.",There's no doubt that there will be a merger between Essilor and Luxottica in the near future.,6187,17,24,0.7083333333333334,0,0.3333333333333333,0.0999999999999999,0.1904761904761905,0.9312626123428344,0.9139895439147948,0.9225451946258544
38899892,business,fact_constrained,"Since their impending merger was announced in January, there has been remarkably little comment about the huge proposed deal to combine Essilor and Luxottica.",There's no doubt that there will be a merger between Essilor and Luxottica in the near future.,6187,17,24,0.7083333333333334,0,0.3333333333333333,0.0999999999999999,0.1904761904761905,0.9312626123428344,0.9139895439147948,0.9225451946258544
39339718,sport,tldr,"A ""medal at any cost"" approach created a ""culture of fear"" at British Cycling, says former rider Wendy Houvenaghel.","Wendy Houvenaghel has said she feels ""vindicated"" by a report into British Cycling's World Class programme.",5466,16,19,0.8421052631578947,0,0.2777777777777777,0.1176470588235294,0.1666666666666666,0.9199779033660888,0.911765456199646,0.9158532619476318
39339718,sport,bullet_points,"A ""medal at any cost"" approach created a ""culture of fear"" at British Cycling, says former rider Wendy Houvenaghel.","Wendy Houvenaghel has said she feels ""vindicated"" by a report into British Cycling's World Class programme.",5466,16,19,0.8421052631578947,0,0.2777777777777777,0.1176470588235294,0.1666666666666666,0.9199779033660888,0.911765456199646,0.9158532619476318
39339718,sport,bullet_points_strict,"A ""medal at any cost"" approach created a ""culture of fear"" at British Cycling, says former rider Wendy Houvenaghel.","Wendy Houvenaghel has said she feels ""vindicated"" by a report into British Cycling's World Class programme.",5466,16,19,0.8421052631578947,0,0.2777777777777777,0.1176470588235294,0.1666666666666666,0.9199779033660888,0.911765456199646,0.9158532619476318
39339718,sport,one_sentence,"A ""medal at any cost"" approach created a ""culture of fear"" at British Cycling, says former rider Wendy Houvenaghel.","Wendy Houvenaghel has said she feels ""vindicated"" by a report into British Cycling's World Class programme.",5466,16,19,0.8421052631578947,0,0.2777777777777777,0.1176470588235294,0.1666666666666666,0.9199779033660888,0.911765456199646,0.9158532619476318
39339718,sport,fact_constrained,"A ""medal at any cost"" approach created a ""culture of fear"" at British Cycling, says former rider Wendy Houvenaghel.","Wendy Houvenaghel has said she feels ""vindicated"" by a report into British Cycling's World Class programme.",5466,16,19,0.8421052631578947,0,0.2777777777777777,0.1176470588235294,0.1666666666666666,0.9199779033660888,0.911765456199646,0.9158532619476318
34571446,business,tldr,Have you heard the one about the computer programmer who bought a failing comedy club in Texas and turned it into a million dollar a year business?,"The Hideout is an improv theatre in Austin, Texas.",5990,9,27,0.3333333333333333,0,0.1666666666666666,0.0,0.1666666666666666,0.8874120116233826,0.8526567220687866,0.8696873188018799
34571446,business,bullet_points,Have you heard the one about the computer programmer who bought a failing comedy club in Texas and turned it into a million dollar a year business?,"The Hideout is a comedy club in Austin, Texas.",5990,9,27,0.3333333333333333,0,0.3333333333333333,0.1176470588235294,0.3333333333333333,0.9070321321487428,0.8586829900741577,0.8821955919265747
34571446,business,bullet_points_strict,Have you heard the one about the computer programmer who bought a failing comedy club in Texas and turned it into a million dollar a year business?,"The Hideout is an improv theatre in Austin, Texas.",5990,9,27,0.3333333333333333,0,0.1666666666666666,0.0,0.1666666666666666,0.8874120116233826,0.8526567220687866,0.8696873188018799
34571446,business,one_sentence,Have you heard the one about the computer programmer who bought a failing comedy club in Texas and turned it into a million dollar a year business?,"The Hideout is a comedy club in Austin, Texas.",5990,9,27,0.3333333333333333,0,0.3333333333333333,0.1176470588235294,0.3333333333333333,0.9070321321487428,0.8586829900741577,0.8821955919265747
34571446,business,fact_constrained,Have you heard the one about the computer programmer who bought a failing comedy club in Texas and turned it into a million dollar a year business?,"The Hideout is a comedy club in Austin, Texas.",5990,9,27,0.3333333333333333,0,0.3333333333333333,0.1176470588235294,0.3333333333333333,0.9070321321487428,0.8586829900741577,0.8821955919265747
36892983,business,tldr,"The reaction from BT's investors told us much about media regulator Ofcom's ruling on the fate of Openreach, the BT subsidiary that provides much of the UK's broadband infrastructure.","BT's share price soared in early trading on Thursday after the company's chief executive, Sharon White, said the company's pension scheme was ""practical obstacles"" to a split.",2409,27,29,0.9310344827586208,0,0.2258064516129032,0.0333333333333333,0.1935483870967742,0.8612439036369324,0.8680153489112854,0.864616334438324
36892983,business,bullet_points,"The reaction from BT's investors told us much about media regulator Ofcom's ruling on the fate of Openreach, the BT subsidiary that provides much of the UK's broadband infrastructure.","BT's share price soared in the early hours of Thursday morning, as the company's shares soared on the London Stock Exchange.",2409,21,29,0.7241379310344828,0,0.2909090909090909,0.0754716981132075,0.2181818181818181,0.8666977286338806,0.8626887798309326,0.8646885752677917
36892983,business,bullet_points_strict,"The reaction from BT's investors told us much about media regulator Ofcom's ruling on the fate of Openreach, the BT subsidiary that provides much of the UK's broadband infrastructure.","BT's share price soared in early trading after the company's chief executive, Ofcom's Sharon White, said the company's pension scheme was ""practical obstacles"" to a break-up.",2409,26,29,0.896551724137931,0,0.2222222222222222,0.0655737704918032,0.1904761904761904,0.8659908175468445,0.8793991804122925,0.8726435303688049
36892983,business,one_sentence,"The reaction from BT's investors told us much about media regulator Ofcom's ruling on the fate of Openreach, the BT subsidiary that provides much of the UK's broadband infrastructure.","BT's share price soared in the early hours of Thursday morning, as the company's shares soared on the London Stock Exchange.",2409,21,29,0.7241379310344828,0,0.2909090909090909,0.0754716981132075,0.2181818181818181,0.8666977286338806,0.8626887798309326,0.8646885752677917
36892983,business,fact_constrained,"The reaction from BT's investors told us much about media regulator Ofcom's ruling on the fate of Openreach, the BT subsidiary that provides much of the UK's broadband infrastructure.","BT's share price soared in early trading on Thursday after the company's chief executive, Ofcom chief executive Sharon White, said that a break-up would be ""a costly headache"" and that a government guarantee on part of the company's pension scheme would be needed.",2409,43,29,1.4827586206896552,0,0.2531645569620253,0.0519480519480519,0.2025316455696202,0.8602383136749268,0.8794182538986206,0.8697226047515869
37732028,sport,tldr,Manager Brendan Rodgers is sure Celtic can exploit the wide open spaces of Hampden when they meet Rangers in Sunday's League Cup semi-final.,Brendan Rodgers says he is looking forward to his first Old Firm derby with Celtic on Saturday.,2255,17,23,0.7391304347826086,0,0.1904761904761905,0.05,0.1904761904761905,0.9108632802963256,0.8870555758476257,0.898801863193512
37732028,sport,bullet_points,Manager Brendan Rodgers is sure Celtic can exploit the wide open spaces of Hampden when they meet Rangers in Sunday's League Cup semi-final.,Brendan Rodgers says he is looking forward to his first Old Firm derby with Celtic on Saturday.,2255,17,23,0.7391304347826086,0,0.1904761904761905,0.05,0.1904761904761905,0.9108632802963256,0.8870555758476257,0.898801863193512
37732028,sport,bullet_points_strict,Manager Brendan Rodgers is sure Celtic can exploit the wide open spaces of Hampden when they meet Rangers in Sunday's League Cup semi-final.,Brendan Rodgers says he is looking forward to his first Old Firm derby with Celtic on Saturday.,2255,17,23,0.7391304347826086,0,0.1904761904761905,0.05,0.1904761904761905,0.9108632802963256,0.8870555758476257,0.898801863193512
37732028,sport,one_sentence,Manager Brendan Rodgers is sure Celtic can exploit the wide open spaces of Hampden when they meet Rangers in Sunday's League Cup semi-final.,Brendan Rodgers says he is looking forward to his first Old Firm derby with Celtic on Saturday.,2255,17,23,0.7391304347826086,0,0.1904761904761905,0.05,0.1904761904761905,0.9108632802963256,0.8870555758476257,0.898801863193512
37732028,sport,fact_constrained,Manager Brendan Rodgers is sure Celtic can exploit the wide open spaces of Hampden when they meet Rangers in Sunday's League Cup semi-final.,Brendan Rodgers says he is looking forward to his first Old Firm derby with Celtic on Saturday.,2255,17,23,0.7391304347826086,0,0.1904761904761905,0.05,0.1904761904761905,0.9108632802963256,0.8870555758476257,0.898801863193512
32300397,business,tldr,Queen's University Belfast is cutting 236 jobs and 290 student places due to a funding reduction.,"Queen's University in Belfast has announced it will be cutting its undergraduate and postgraduate places by 1,010 over the next three years.",2327,22,16,1.375,0,0.3414634146341463,0.1025641025641025,0.3414634146341463,0.9041177034378052,0.925344944000244,0.9146081805229188
32300397,business,bullet_points,Queen's University Belfast is cutting 236 jobs and 290 student places due to a funding reduction.,"The University of Queen's in Belfast has announced it will be cutting its undergraduate and postgraduate places by 1,010 over the next three years.",2327,24,16,1.5,0,0.3255813953488372,0.048780487804878,0.2790697674418605,0.9021915793418884,0.9201083183288574,0.9110618233680724
32300397,business,bullet_points_strict,Queen's University Belfast is cutting 236 jobs and 290 student places due to a funding reduction.,"The University of Queen's in Belfast is to cut its undergraduate and postgraduate places by 1,010 over the next three years, the BBC understands.",2327,24,16,1.5,0,0.372093023255814,0.097560975609756,0.2790697674418605,0.8912345767021179,0.9161903858184814,0.9035401344299316
32300397,business,one_sentence,Queen's University Belfast is cutting 236 jobs and 290 student places due to a funding reduction.,Queen's University in Belfast has announced it will be cutting its undergraduate and postgraduate student places.,2327,16,16,1.0,0,0.4705882352941176,0.1875,0.4705882352941176,0.9339081048965454,0.928273379802704,0.931082248687744
32300397,business,fact_constrained,Queen's University Belfast is cutting 236 jobs and 290 student places due to a funding reduction.,The University of Queen's in Belfast has announced it will be cutting its undergraduate and postgraduate places.,2327,17,16,1.0625,0,0.3999999999999999,0.0606060606060606,0.3428571428571428,0.9270687103271484,0.9174180626869202,0.922218143939972
32672009,tech,tldr,Hospital bosses in Sussex have apologised after about 850 patients were sent leaflets in error suggesting they might have cancer.,East Sussex Healthcare NHS Trust has apologised after 850 leaflets were mistakenly inserted with an appointment letter.,1327,17,20,0.85,0,0.3243243243243243,0.0571428571428571,0.2702702702702702,0.9150241613388062,0.9100817441940308,0.9125462770462036
32672009,tech,bullet_points,Hospital bosses in Sussex have apologised after about 850 patients were sent leaflets in error suggesting they might have cancer.,A hospital trust has apologised after 850 leaflets were mistakenly inserted with a patient's appointment letter.,1327,16,20,0.8,0,0.3243243243243243,0.0571428571428571,0.2702702702702702,0.9243932962417604,0.9157670736312866,0.9200599789619446
32672009,tech,bullet_points_strict,Hospital bosses in Sussex have apologised after about 850 patients were sent leaflets in error suggesting they might have cancer.,"East Sussex Healthcare NHS Trust has apologised for a ""two-week information leaflet"" being inserted with an appointment letter.",1327,18,20,0.9,0,0.1025641025641025,0.0,0.1025641025641025,0.8850730061531067,0.89141446352005,0.888232409954071
32672009,tech,one_sentence,Hospital bosses in Sussex have apologised after about 850 patients were sent leaflets in error suggesting they might have cancer.,"East Sussex Healthcare NHS Trust has apologised for a ""two-week information leaflet"" being inserted with an appointment letter.",1327,18,20,0.9,0,0.1025641025641025,0.0,0.1025641025641025,0.8850730061531067,0.89141446352005,0.888232409954071
32672009,tech,fact_constrained,Hospital bosses in Sussex have apologised after about 850 patients were sent leaflets in error suggesting they might have cancer.,A hospital trust has apologised after 850 leaflets were mistakenly inserted with a patient's appointment letter.,1327,16,20,0.8,0,0.3243243243243243,0.0571428571428571,0.2702702702702702,0.9243932962417604,0.9157670736312866,0.9200599789619446
38872899,politics,tldr,The shadow foreign secretary has suggested Labour will continue to support legislation paving the way for Brexit as it passes through Parliament.,"Labour has said it will not ""frustrate Brexit"" if it fails to amend its Brexit bill.",3177,16,22,0.7272727272727273,0,0.3157894736842105,0.0,0.2105263157894737,0.889224648475647,0.8932316899299622,0.8912236094474792
38872899,politics,bullet_points,The shadow foreign secretary has suggested Labour will continue to support legislation paving the way for Brexit as it passes through Parliament.,"Labour has said it will not ""frustrate Brexit"" if it fails to amend its Brexit bill.",3177,16,22,0.7272727272727273,0,0.3157894736842105,0.0,0.2105263157894737,0.889224648475647,0.8932316899299622,0.8912236094474792
38872899,politics,bullet_points_strict,The shadow foreign secretary has suggested Labour will continue to support legislation paving the way for Brexit as it passes through Parliament.,"Labour has said it will not ""frustrate Brexit"" if it fails to amend its Brexit bill.",3177,16,22,0.7272727272727273,0,0.3157894736842105,0.0,0.2105263157894737,0.889224648475647,0.8932316899299622,0.8912236094474792
38872899,politics,one_sentence,The shadow foreign secretary has suggested Labour will continue to support legislation paving the way for Brexit as it passes through Parliament.,"Labour has said it will not ""frustrate Brexit"" if it fails to amend its Brexit bill.",3177,16,22,0.7272727272727273,0,0.3157894736842105,0.0,0.2105263157894737,0.889224648475647,0.8932316899299622,0.8912236094474792
38872899,politics,fact_constrained,The shadow foreign secretary has suggested Labour will continue to support legislation paving the way for Brexit as it passes through Parliament.,"Labour has said it will not ""frustrate Brexit"" if it fails to amend its Brexit bill.",3177,16,22,0.7272727272727273,0,0.3157894736842105,0.0,0.2105263157894737,0.889224648475647,0.8932316899299622,0.8912236094474792
37248643,sport,tldr,Torquay United boss Kevin Nicholson says none of the money from Eunan O'Kane's move to Leeds from Bournemouth will go to the playing squad.,The Gulls are looking for a new owner after a deal was struck with winger Sean O'Kane.,630,17,24,0.7083333333333334,0,0.1363636363636363,0.0476190476190476,0.1363636363636363,0.8889689445495605,0.8631774187088013,0.8758833408355713
37248643,sport,bullet_points,Torquay United boss Kevin Nicholson says none of the money from Eunan O'Kane's move to Leeds from Bournemouth will go to the playing squad.,The Gulls have agreed a deal to sell midfielder Michael O'Kane to the Cherries for £8m.,630,16,24,0.6666666666666666,0,0.2790697674418605,0.097560975609756,0.2325581395348837,0.8952337503433228,0.8709965944290161,0.8829488158226013
37248643,sport,bullet_points_strict,Torquay United boss Kevin Nicholson says none of the money from Eunan O'Kane's move to Leeds from Bournemouth will go to the playing squad.,The Gulls have agreed a deal to sell midfielder Sean O'Kane to the Cherries for £8m.,630,16,24,0.6666666666666666,0,0.2790697674418605,0.097560975609756,0.2325581395348837,0.8957774639129639,0.8726986646652222,0.8840875029563904
37248643,sport,one_sentence,Torquay United boss Kevin Nicholson says none of the money from Eunan O'Kane's move to Leeds from Bournemouth will go to the playing squad.,The Gulls have agreed a deal to sell midfielder Sean O'Kane to the Cherries for £8m.,630,16,24,0.6666666666666666,0,0.2790697674418605,0.097560975609756,0.2325581395348837,0.8957774639129639,0.8726986646652222,0.8840875029563904
37248643,sport,fact_constrained,Torquay United boss Kevin Nicholson says none of the money from Eunan O'Kane's move to Leeds from Bournemouth will go to the playing squad.,The Gulls have agreed a deal to sell midfielder Sean O'Kane to the Cherries for £8m.,630,16,24,0.6666666666666666,0,0.2790697674418605,0.097560975609756,0.2325581395348837,0.8957774639129639,0.8726986646652222,0.8840875029563904
38521798,tech,tldr,North Wales Police has been criticised at an inquest for sending an officer to speak to a hospital patient with paranoid schizophrenia.,"A psychiatric consultant has said he is ""extremely unhappy"" about a visit by a police officer to a ward at a hospital.",1324,22,22,1.0,0,0.3181818181818182,0.1428571428571428,0.2272727272727272,0.9026289582252502,0.9021520018577576,0.9023904204368592
38521798,tech,bullet_points,North Wales Police has been criticised at an inquest for sending an officer to speak to a hospital patient with paranoid schizophrenia.,"A psychiatric consultant has said he is ""extremely unhappy"" about a visit by a police officer to a psychiatric unit at a hospital.",1324,23,22,1.0454545454545454,0,0.3111111111111111,0.1395348837209302,0.2222222222222222,0.8975138664245605,0.9027137160301208,0.9001062512397766
38521798,tech,bullet_points_strict,North Wales Police has been criticised at an inquest for sending an officer to speak to a hospital patient with paranoid schizophrenia.,"A psychiatric consultant has said he is ""extremely unhappy"" about a visit by a police officer to a ward at a hospital.",1324,22,22,1.0,0,0.3181818181818182,0.1428571428571428,0.2272727272727272,0.9026289582252502,0.9021520018577576,0.9023904204368592
38521798,tech,one_sentence,North Wales Police has been criticised at an inquest for sending an officer to speak to a hospital patient with paranoid schizophrenia.,An inquest into the death of a man whose body was found in the Menai Strait has been adjourned.,1324,19,22,0.8636363636363636,0,0.2439024390243902,0.1025641025641025,0.1463414634146341,0.8831830620765686,0.8782145380973816,0.8806918263435364
38521798,tech,fact_constrained,North Wales Police has been criticised at an inquest for sending an officer to speak to a hospital patient with paranoid schizophrenia.,An inquest into the death of a man whose body was found in the Strait of Gwynedd has been adjourned.,1324,20,22,0.9090909090909092,0,0.238095238095238,0.1,0.1428571428571428,0.8809230923652649,0.8819593191146851,0.8814408779144287
29771956,sport,tldr,Leicester City striker Gary Taylor-Fletcher has joined Sheffield Wednesday on an initial month-long loan.,Leicester City have signed former Blackpool and Blackpool midfielder Chris Taylor-Fletcher on a one-year deal.,345,15,14,1.0714285714285714,0,0.303030303030303,0.1290322580645161,0.303030303030303,0.91586571931839,0.9339108467102052,0.9248002767562866
29771956,sport,bullet_points,Leicester City striker Gary Taylor-Fletcher has joined Sheffield Wednesday on an initial month-long loan.,Leicester City have signed former Blackpool and Blackpool midfielder Chris Taylor-Fletcher on a one-year deal.,345,15,14,1.0714285714285714,0,0.303030303030303,0.1290322580645161,0.303030303030303,0.91586571931839,0.9339108467102052,0.9248002767562866
29771956,sport,bullet_points_strict,Leicester City striker Gary Taylor-Fletcher has joined Sheffield Wednesday on an initial month-long loan.,Leicester City have signed Leicester City winger Chris Taylor-Fletcher on a one-year deal.,345,13,14,0.9285714285714286,0,0.3225806451612903,0.1379310344827586,0.3225806451612903,0.9461216926574708,0.935190200805664,0.940624177455902
29771956,sport,one_sentence,Leicester City striker Gary Taylor-Fletcher has joined Sheffield Wednesday on an initial month-long loan.,Leicester City have signed former Blackpool and Blackpool midfielder Chris Taylor-Fletcher on a one-year deal.,345,15,14,1.0714285714285714,0,0.303030303030303,0.1290322580645161,0.303030303030303,0.91586571931839,0.9339108467102052,0.9248002767562866
29771956,sport,fact_constrained,Leicester City striker Gary Taylor-Fletcher has joined Sheffield Wednesday on an initial month-long loan.,Leicester City have signed striker Mark Taylor-Fletcher on a one-year contract.,345,11,14,0.7857142857142857,0,0.4137931034482758,0.1481481481481481,0.4137931034482758,0.9506531953811646,0.9374430179595948,0.9440019130706788
38322594,politics,tldr,"Limiting access to federal research would do an ""enormous disservice"" to the US and the world according to former Nasa chief scientist.",Climate Change (IPCC) chief scientist at the Co-operative Institute for Research in Environmental Sciences says the Trump administration's rhetoric on climate change will be backed up by action against scientists working on it.,5994,33,22,1.5,0,0.175438596491228,0.0363636363636363,0.0701754385964912,0.844314455986023,0.8690059185028076,0.8564822673797607
38322594,politics,bullet_points,"Limiting access to federal research would do an ""enormous disservice"" to the US and the world according to former Nasa chief scientist.","The chief scientist of Nasa has warned that access to climate data will be a ""tremendous disservice to the citizens of this country and to the world in general"".",5994,29,22,1.318181818181818,0,0.4705882352941176,0.2040816326530612,0.3137254901960784,0.9176747798919678,0.9293165802955629,0.923458993434906
38322594,politics,bullet_points_strict,"Limiting access to federal research would do an ""enormous disservice"" to the US and the world according to former Nasa chief scientist.","The chief scientist of Nasa has warned that access to federal databases will be ""an enormous disservice to the citizens of this country and to the world in general"".",5994,29,22,1.318181818181818,0,0.5882352941176471,0.3265306122448979,0.4313725490196078,0.9256675839424132,0.9325270652770996,0.9290847182273864
38322594,politics,one_sentence,"Limiting access to federal research would do an ""enormous disservice"" to the US and the world according to former Nasa chief scientist.","Climate Change (IPCC) chief scientist at the Co-operative Institute for Research in Environmental Sciences has warned that access to climate data will be a ""tremendous disservice"" to the scientific community.",5994,30,22,1.3636363636363635,0,0.339622641509434,0.1568627450980392,0.1886792452830188,0.87968909740448,0.9179306626319884,0.8984030485153198
38322594,politics,fact_constrained,"Limiting access to federal research would do an ""enormous disservice"" to the US and the world according to former Nasa chief scientist.","Climate Change (IPCC) chief scientist at the Co-operative Institute for Research in Environmental Sciences has warned that the US government's access to climate data will be a ""tremendous disservice"" to the scientific community.",5994,33,22,1.5,0,0.3508771929824561,0.1818181818181818,0.175438596491228,0.8780210018157959,0.922167181968689,0.8995527625083923
35194738,entertainment,tldr,"John ""Brad"" Bradbury, drummer with The Specials, has died at the age of 62.",The Specials drummer John 'Brad' Bradbury has died at the age of 84.,2299,13,14,0.9285714285714286,0,0.888888888888889,0.64,0.6666666666666666,0.981770157814026,0.9701306819915771,0.9759156703948976
35194738,entertainment,bullet_points,"John ""Brad"" Bradbury, drummer with The Specials, has died at the age of 62.",The Specials drummer John 'Brad' Bradbury has died at the age of 84.,2299,13,14,0.9285714285714286,0,0.888888888888889,0.64,0.6666666666666666,0.981770157814026,0.9701306819915771,0.9759156703948976
35194738,entertainment,bullet_points_strict,"John ""Brad"" Bradbury, drummer with The Specials, has died at the age of 62.",The Specials drummer John 'Brad' Bradbury has died at the age of 84.,2299,13,14,0.9285714285714286,0,0.888888888888889,0.64,0.6666666666666666,0.981770157814026,0.9701306819915771,0.9759156703948976
35194738,entertainment,one_sentence,"John ""Brad"" Bradbury, drummer with The Specials, has died at the age of 62.",The Specials drummer John Bradbury has died at the age of 84.,2299,12,14,0.8571428571428571,0,0.8461538461538461,0.4999999999999999,0.6153846153846153,0.980505347251892,0.9509688019752502,0.9655112028121948
35194738,entertainment,fact_constrained,"John ""Brad"" Bradbury, drummer with The Specials, has died at the age of 62.",The Specials drummer John 'Brad' Bradbury has died at the age of 84.,2299,13,14,0.9285714285714286,0,0.888888888888889,0.64,0.6666666666666666,0.981770157814026,0.9701306819915771,0.9759156703948976
38781058,sport,tldr,"Tiger Woods missed the cut at the Farmers Insurance Open, as England's Justin Rose maintained a one-shot lead.",Woods missed the cut in the first round of the San Diego Open as he missed the cut by four shots.,1091,21,18,1.1666666666666667,0,0.3414634146341463,0.2051282051282051,0.3414634146341463,0.9167484641075134,0.8984707593917847,0.9075176119804382
38781058,sport,bullet_points,"Tiger Woods missed the cut at the Farmers Insurance Open, as England's Justin Rose maintained a one-shot lead.",World number one Woods missed the cut at the US Open as he missed the cut by four shots.,1091,19,18,1.0555555555555556,0,0.4615384615384615,0.3243243243243243,0.4102564102564102,0.913237452507019,0.8981775641441345,0.9056448936462402
38781058,sport,bullet_points_strict,"Tiger Woods missed the cut at the Farmers Insurance Open, as England's Justin Rose maintained a one-shot lead.",Woods misses the cut at the US Open as he misses the cut at Torrey Pines.,1091,16,18,0.8888888888888888,0,0.3888888888888888,0.2352941176470588,0.3888888888888888,0.9044601917266846,0.8810245394706726,0.8925885558128357
38781058,sport,one_sentence,"Tiger Woods missed the cut at the Farmers Insurance Open, as England's Justin Rose maintained a one-shot lead.",Woods missed the cut in the first round of the US Open as he missed the cut at Torrey Pines.,1091,20,18,1.1111111111111112,0,0.4000000000000001,0.2631578947368421,0.35,0.9002349972724915,0.8860540986061096,0.8930882215499878
38781058,sport,fact_constrained,"Tiger Woods missed the cut at the Farmers Insurance Open, as England's Justin Rose maintained a one-shot lead.",World number one Woods missed the cut in the first round of the US Open as he missed the cut by four shots.,1091,23,18,1.2777777777777777,0,0.3720930232558139,0.1951219512195122,0.3255813953488372,0.9080150127410888,0.8970348238945007,0.9024914503097534
40181128,sport,tldr,"Former England striker Andy Cole says he faces a ""long road ahead"" as he recovers from his recent kidney transplant.","Manchester United striker Wayne Cole says he has a ""long road ahead"" after a kidney transplant.",1774,16,20,0.8,0,0.5555555555555556,0.3529411764705882,0.5555555555555556,0.9690411686897278,0.9576983451843262,0.9633364081382751
40181128,sport,bullet_points,"Former England striker Andy Cole says he faces a ""long road ahead"" as he recovers from his recent kidney transplant.","Manchester United striker Wayne Cole says he has a ""long road ahead"" after a kidney transplant.",1774,16,20,0.8,0,0.5555555555555556,0.3529411764705882,0.5555555555555556,0.9690411686897278,0.9576983451843262,0.9633364081382751
40181128,sport,bullet_points_strict,"Former England striker Andy Cole says he faces a ""long road ahead"" as he recovers from his recent kidney transplant.","Manchester United striker Ashley Cole says he has a ""long road ahead"" after a kidney transplant.",1774,16,20,0.8,0,0.5555555555555556,0.3529411764705882,0.5555555555555556,0.970777153968811,0.95908522605896,0.9648957848548888
40181128,sport,one_sentence,"Former England striker Andy Cole says he faces a ""long road ahead"" as he recovers from his recent kidney transplant.","Manchester United striker Wayne Cole says he has a ""long road ahead"" after being diagnosed with kidney failure.",1774,18,20,0.9,0,0.4736842105263158,0.2777777777777777,0.4736842105263158,0.9478050470352172,0.9441975355148317,0.9459978342056274
40181128,sport,fact_constrained,"Former England striker Andy Cole says he faces a ""long road ahead"" as he recovers from his recent kidney transplant.","Manchester United striker Wayne Cole says he has a ""long road ahead"" after being diagnosed with kidney failure.",1774,18,20,0.9,0,0.4736842105263158,0.2777777777777777,0.4736842105263158,0.9478050470352172,0.9441975355148317,0.9459978342056274
35345872,tech,tldr,"Pakistan has unblocked the video sharing site, YouTube, more than three years after it was banned for posting a video deemed insulting to Islam.",Pakistan's government has lifted a ban on YouTube in the country.,2066,11,24,0.4583333333333333,0,0.2777777777777778,0.0,0.1666666666666666,0.9254281520843506,0.8704209327697754,0.8970820903778076
35345872,tech,bullet_points,"Pakistan has unblocked the video sharing site, YouTube, more than three years after it was banned for posting a video deemed insulting to Islam.",Pakistan's government has lifted a ban on YouTube in the country.,2066,11,24,0.4583333333333333,0,0.2777777777777778,0.0,0.1666666666666666,0.9254281520843506,0.8704209327697754,0.8970820903778076
35345872,tech,bullet_points_strict,"Pakistan has unblocked the video sharing site, YouTube, more than three years after it was banned for posting a video deemed insulting to Islam.",Pakistan's government has lifted a ban on YouTube in the country.,2066,11,24,0.4583333333333333,0,0.2777777777777778,0.0,0.1666666666666666,0.9254281520843506,0.8704209327697754,0.8970820903778076
35345872,tech,one_sentence,"Pakistan has unblocked the video sharing site, YouTube, more than three years after it was banned for posting a video deemed insulting to Islam.",Pakistan's government has lifted a ban on YouTube in the country.,2066,11,24,0.4583333333333333,0,0.2777777777777778,0.0,0.1666666666666666,0.9254281520843506,0.8704209327697754,0.8970820903778076
35345872,tech,fact_constrained,"Pakistan has unblocked the video sharing site, YouTube, more than three years after it was banned for posting a video deemed insulting to Islam.",Pakistan's government has lifted a ban on YouTube in the country.,2066,11,24,0.4583333333333333,0,0.2777777777777778,0.0,0.1666666666666666,0.9254281520843506,0.8704209327697754,0.8970820903778076
32148941,sport,tldr,"Leicester Tigers winger Miles Benjamin is likely to be out for the rest of the season because of a knee injury, reports BBC Radio Leicester.",Leicester's Ben Benjamin will miss the rest of the season after suffering a neck injury.,681,15,25,0.6,0,0.4390243902439024,0.2051282051282051,0.4390243902439024,0.9521403908729552,0.9195141792297364,0.9355429410934448
32148941,sport,bullet_points,"Leicester Tigers winger Miles Benjamin is likely to be out for the rest of the season because of a knee injury, reports BBC Radio Leicester.",Leicester's Ben Benjamin will miss the rest of the season because of a neck injury.,681,15,25,0.6,0,0.5365853658536586,0.358974358974359,0.5365853658536586,0.9589449763298036,0.9216182231903076,0.9399111866950988
32148941,sport,bullet_points_strict,"Leicester Tigers winger Miles Benjamin is likely to be out for the rest of the season because of a knee injury, reports BBC Radio Leicester.",Leicester's Ben Benjamin will miss the rest of the season because of a neck injury.,681,15,25,0.6,0,0.5365853658536586,0.358974358974359,0.5365853658536586,0.9589449763298036,0.9216182231903076,0.9399111866950988
32148941,sport,one_sentence,"Leicester Tigers winger Miles Benjamin is likely to be out for the rest of the season because of a knee injury, reports BBC Radio Leicester.",Leicester's Ben Benjamin will miss the rest of the season because of a neck injury.,681,15,25,0.6,0,0.5365853658536586,0.358974358974359,0.5365853658536586,0.9589449763298036,0.9216182231903076,0.9399111866950988
32148941,sport,fact_constrained,"Leicester Tigers winger Miles Benjamin is likely to be out for the rest of the season because of a knee injury, reports BBC Radio Leicester.",Leicester's Ben Benjamin is likely to miss the rest of the season after suffering a neck injury.,681,17,25,0.68,0,0.5581395348837209,0.3414634146341463,0.5581395348837209,0.956726372241974,0.9259296655654908,0.9410760998725892
37066439,sport,tldr,Owain Doull has won Wales' first gold of the 2016 Olympics as he helped the Great Britain men's team pursuit defend their cycling title in Rio.,Great Britain's Mark Doull won a silver medal in the women's team pursuit at the Rio Olympics.,2589,17,26,0.6538461538461539,0,0.5217391304347826,0.1363636363636363,0.3043478260869565,0.9206987023353576,0.8867020606994629,0.9033806920051576
37066439,sport,bullet_points,Owain Doull has won Wales' first gold of the 2016 Olympics as he helped the Great Britain men's team pursuit defend their cycling title in Rio.,Great Britain's Mark Doull has won his first Olympic gold medal as he helped Great Britain beat Australia in the final of the World Championships in Rio.,2589,27,26,1.0384615384615383,0,0.5818181818181818,0.2641509433962264,0.4363636363636363,0.9242392778396606,0.8946058750152588,0.9091811776161194
37066439,sport,bullet_points_strict,Owain Doull has won Wales' first gold of the 2016 Olympics as he helped the Great Britain men's team pursuit defend their cycling title in Rio.,Great Britain's Mark Doull won a silver medal in the women's team pursuit at the Rio Olympics.,2589,17,26,0.6538461538461539,0,0.5217391304347826,0.1363636363636363,0.3043478260869565,0.9206987023353576,0.8867020606994629,0.9033806920051576
37066439,sport,one_sentence,Owain Doull has won Wales' first gold of the 2016 Olympics as he helped the Great Britain men's team pursuit defend their cycling title in Rio.,Great Britain's Mark Doull has won his first Olympic gold medal as he helped Great Britain beat Australia in the men's 500m final at the Rio Olympics.,2589,27,26,1.0384615384615383,0,0.6071428571428571,0.2222222222222222,0.4642857142857143,0.9232268929481506,0.9060266613960266,0.9145458936691284
37066439,sport,fact_constrained,Owain Doull has won Wales' first gold of the 2016 Olympics as he helped the Great Britain men's team pursuit defend their cycling title in Rio.,Great Britain's Mark Doull won a silver medal in the women's 500m at the Rio Olympics.,2589,16,26,0.6153846153846154,0,0.4444444444444445,0.0465116279069767,0.2222222222222222,0.9117895364761353,0.8795561790466309,0.8953828811645508
40787080,tech,tldr,"Floods in the western Indian state of Gujarat have killed 218 people, government officials have confirmed.","The death toll from floods in Gujarat state has risen to more than 100 people, officials say.",760,17,16,1.0625,0,0.4242424242424242,0.064516129032258,0.303030303030303,0.9285958409309388,0.935765027999878,0.9321666955947876
40787080,tech,bullet_points,"Floods in the western Indian state of Gujarat have killed 218 people, government officials have confirmed.","The death toll from floods in Gujarat state has risen to more than 100 people, officials say.",760,17,16,1.0625,0,0.4242424242424242,0.064516129032258,0.303030303030303,0.9285958409309388,0.935765027999878,0.9321666955947876
40787080,tech,bullet_points_strict,"Floods in the western Indian state of Gujarat have killed 218 people, government officials have confirmed.","The death toll from floods in Gujarat state has risen to more than 100 people, officials say.",760,17,16,1.0625,0,0.4242424242424242,0.064516129032258,0.303030303030303,0.9285958409309388,0.935765027999878,0.9321666955947876
40787080,tech,one_sentence,"Floods in the western Indian state of Gujarat have killed 218 people, government officials have confirmed.","The death toll from floods in Gujarat state has risen to more than 100 people, officials say.",760,17,16,1.0625,0,0.4242424242424242,0.064516129032258,0.303030303030303,0.9285958409309388,0.935765027999878,0.9321666955947876
40787080,tech,fact_constrained,"Floods in the western Indian state of Gujarat have killed 218 people, government officials have confirmed.","The death toll from floods in Gujarat state has risen to more than 100, officials say.",760,16,16,1.0,0,0.375,0.0666666666666666,0.25,0.9288474321365356,0.9331259727478028,0.9309817552566528
39192648,sport,tldr,All images copyrighted.,Snowsports couple Bridget Reid and Jonathan Reid got married on skis at Nevis Range.,2071,14,3,4.666666666666667,0,0.0,0.0,0.0,0.8127204775810242,0.8658361434936523,0.8384379148483276
39192648,sport,bullet_points,All images copyrighted.,"A couple who got married on skis in a Scottish ski resort have said it was ""the best day of the year"".",2071,22,3,7.333333333333333,0,0.0,0.0,0.0,0.8159753680229187,0.8594627380371094,0.8371546864509583
39192648,sport,bullet_points_strict,All images copyrighted.,Snowsports lovers got married on skis in a wedding ceremony at Nevis Range.,2071,13,3,4.333333333333333,0,0.0,0.0,0.0,0.839158833026886,0.8693752884864807,0.8539998531341553
39192648,sport,one_sentence,All images copyrighted.,Bridget Reid and Jonathan Reid got married on skis at Nevis Range in the Highlands.,2071,15,3,5.0,0,0.0,0.0,0.0,0.8297883868217468,0.8684042692184448,0.8486573100090027
39192648,sport,fact_constrained,All images copyrighted.,A couple got married on skis in a Scottish ski resort.,2071,11,3,3.6666666666666665,0,0.0,0.0,0.0,0.8434495329856873,0.8715163469314575,0.8572533130645752
27119429,business,tldr,"Royal Bank of Scotland (RBS) has been fined HK$6m (£460,000) by Hong Kong regulators after it failed to detect a series of unauthorised transactions by one of its traders.",Hong Kong's Royal Bank of Scotland (RBS) has been fined a record amount by the Hong Kong Securities and Exchange Commission (HKSEC).,1584,22,29,0.7586206896551724,0,0.4444444444444444,0.3076923076923076,0.4074074074074074,0.9167635440826416,0.8820927143096924,0.8990940451622009
27119429,business,bullet_points,"Royal Bank of Scotland (RBS) has been fined HK$6m (£460,000) by Hong Kong regulators after it failed to detect a series of unauthorised transactions by one of its traders.",Hong Kong's Royal Bank of Scotland (RBS) has been fined a record amount by the Hong Kong Securities and Exchange Commission (HKSEC).,1584,22,29,0.7586206896551724,0,0.4444444444444444,0.3076923076923076,0.4074074074074074,0.9167635440826416,0.8820927143096924,0.8990940451622009
27119429,business,bullet_points_strict,"Royal Bank of Scotland (RBS) has been fined HK$6m (£460,000) by Hong Kong regulators after it failed to detect a series of unauthorised transactions by one of its traders.",Hong Kong's Royal Bank of Scotland (RBS) has been fined a record amount by the Hong Kong Securities and Exchange Commission (HKSEC).,1584,22,29,0.7586206896551724,0,0.4444444444444444,0.3076923076923076,0.4074074074074074,0.9167635440826416,0.8820927143096924,0.8990940451622009
27119429,business,one_sentence,"Royal Bank of Scotland (RBS) has been fined HK$6m (£460,000) by Hong Kong regulators after it failed to detect a series of unauthorised transactions by one of its traders.",Hong Kong's Royal Bank of Scotland (RBS) has been fined a record amount by the Hong Kong Securities and Exchange Commission (HKSEC).,1584,22,29,0.7586206896551724,0,0.4444444444444444,0.3076923076923076,0.4074074074074074,0.9167635440826416,0.8820927143096924,0.8990940451622009
27119429,business,fact_constrained,"Royal Bank of Scotland (RBS) has been fined HK$6m (£460,000) by Hong Kong regulators after it failed to detect a series of unauthorised transactions by one of its traders.",Hong Kong's Royal Bank of Scotland (RBS) has been fined a record amount by the Hong Kong Securities and Exchange Commission (HKSEC).,1584,22,29,0.7586206896551724,0,0.4444444444444444,0.3076923076923076,0.4074074074074074,0.9167635440826416,0.8820927143096924,0.8990940451622009
38952672,politics,tldr,"The Bafta awards had laughter, passion and plenty of politics.",Bafta winner Casey Affleck praised Meryl Streep's speech at the Golden Globes. Justin Hurwitz said he'd written a song that didn't end up in the movie.,4428,26,10,2.6,0,0.1025641025641025,0.0,0.0512820512820512,0.847650945186615,0.8749173283576965,0.8610683083534241
38952672,politics,bullet_points,"The Bafta awards had laughter, passion and plenty of politics.",The Baftas ceremony was a huge success.,4428,7,10,0.7,0,0.1176470588235294,0.0,0.1176470588235294,0.9460772275924684,0.914731740951538,0.930140495300293
38952672,politics,bullet_points_strict,"The Bafta awards had laughter, passion and plenty of politics.","The Baftas have been a huge success, and it's been great to see some of the best actors from around the world.",4428,22,10,2.2,0,0.1818181818181818,0.0,0.1818181818181818,0.8903933763504028,0.90170818567276,0.8960149884223938
38952672,politics,one_sentence,"The Bafta awards had laughter, passion and plenty of politics.",Baftas.,4428,1,10,0.1,0,0.0,0.0,0.0,0.8941678404808044,0.843914270401001,0.8683145046234131
38952672,politics,fact_constrained,"The Bafta awards had laughter, passion and plenty of politics.",The Baftas ceremony was a huge success.,4428,7,10,0.7,0,0.1176470588235294,0.0,0.1176470588235294,0.9460772275924684,0.914731740951538,0.930140495300293
39935147,entertainment,tldr,South African police say four people have been arrested in connection with the murder of former actor on popular local TV series Generations.,Police in South Africa are questioning the suspects who shot and killed a 40-year-old DJ.,606,15,23,0.6521739130434783,0,0.1999999999999999,0.0,0.15,0.9120003581047058,0.8932514190673828,0.9025284647941588
39935147,entertainment,bullet_points,South African police say four people have been arrested in connection with the murder of former actor on popular local TV series Generations.,Police in South Africa are questioning two men who robbed women of their mobile phones in a pub.,606,18,23,0.782608695652174,0,0.1951219512195122,0.0,0.1463414634146341,0.901823878288269,0.8880009055137634,0.8948590159416199
39935147,entertainment,bullet_points_strict,South African police say four people have been arrested in connection with the murder of former actor on popular local TV series Generations.,Police in South Africa are questioning two men who robbed women of their mobile phones in a pub.,606,18,23,0.782608695652174,0,0.1951219512195122,0.0,0.1463414634146341,0.901823878288269,0.8880009055137634,0.8948590159416199
39935147,entertainment,one_sentence,South African police say four people have been arrested in connection with the murder of former actor on popular local TV series Generations.,Police in South Africa are questioning two men who robbed women of their mobile phones in a pub.,606,18,23,0.782608695652174,0,0.1951219512195122,0.0,0.1463414634146341,0.901823878288269,0.8880009055137634,0.8948590159416199
39935147,entertainment,fact_constrained,South African police say four people have been arrested in connection with the murder of former actor on popular local TV series Generations.,Police in South Africa are questioning the suspects who shot and killed a South African DJ.,606,16,23,0.6956521739130435,0,0.2564102564102564,0.054054054054054,0.1538461538461538,0.9246007204055786,0.88985276222229,0.906894028186798
34911128,tech,tldr,"A shot was reportedly fired at a car outside a primary school in Liverpool as parents were taking their children inside, police have said.",A gunshot has been fired at a school in Merseyside.,1172,10,24,0.4166666666666667,0,0.3529411764705882,0.1875,0.3529411764705882,0.940260410308838,0.9008941650390624,0.9201564192771912
34911128,tech,bullet_points,"A shot was reportedly fired at a car outside a primary school in Liverpool as parents were taking their children inside, police have said.",A gunshot has been fired at a primary school in Merseyside.,1172,11,24,0.4583333333333333,0,0.4,0.303030303030303,0.4,0.945252239704132,0.9060546159744264,0.9252384305000304
34911128,tech,bullet_points_strict,"A shot was reportedly fired at a car outside a primary school in Liverpool as parents were taking their children inside, police have said.",A school shooting at a primary school in Merseyside is being investigated by police.,1172,14,24,0.5833333333333334,0,0.3684210526315789,0.2222222222222222,0.3684210526315789,0.9257766604423524,0.8989096879959106,0.9121454358100892
34911128,tech,one_sentence,"A shot was reportedly fired at a car outside a primary school in Liverpool as parents were taking their children inside, police have said.",Police are investigating a shooting at a primary school in Merseyside.,1172,11,24,0.4583333333333333,0,0.4,0.2424242424242424,0.3428571428571428,0.9358099699020386,0.9029043316841124,0.9190626740455629
34911128,tech,fact_constrained,"A shot was reportedly fired at a car outside a primary school in Liverpool as parents were taking their children inside, police have said.",A school shooting at a primary school in Merseyside has left a pupil in a critical condition.,1172,17,24,0.7083333333333334,0,0.3414634146341463,0.2051282051282051,0.2926829268292683,0.9114602208137512,0.8979006409645081,0.904629647731781
38914203,politics,tldr,A total of 228 candidates will contest the Northern Ireland Assembly election next month - 48 fewer than last time.,There are a total of 228 candidates in the assembly election in Northern Ireland.,901,14,20,0.7,0,0.6060606060606061,0.3870967741935484,0.4848484848484848,0.9633103609085084,0.9131301045417786,0.9375492334365844
38914203,politics,bullet_points,A total of 228 candidates will contest the Northern Ireland Assembly election next month - 48 fewer than last time.,There are a total of 228 candidates in the Northern Ireland Assembly election.,901,13,20,0.65,0,0.625,0.5333333333333333,0.625,0.9740978479385376,0.9178268909454346,0.9451255798339844
38914203,politics,bullet_points_strict,A total of 228 candidates will contest the Northern Ireland Assembly election next month - 48 fewer than last time.,There are a total of 228 candidates in the assembly election in Northern Ireland.,901,14,20,0.7,0,0.6060606060606061,0.3870967741935484,0.4848484848484848,0.9633103609085084,0.9131301045417786,0.9375492334365844
38914203,politics,one_sentence,A total of 228 candidates will contest the Northern Ireland Assembly election next month - 48 fewer than last time.,There are a total of 228 candidates in the Northern Ireland Assembly election.,901,13,20,0.65,0,0.625,0.5333333333333333,0.625,0.9740978479385376,0.9178268909454346,0.9451255798339844
38914203,politics,fact_constrained,A total of 228 candidates will contest the Northern Ireland Assembly election next month - 48 fewer than last time.,There are a total of 228 candidates in the assembly election in Northern Ireland.,901,14,20,0.7,0,0.6060606060606061,0.3870967741935484,0.4848484848484848,0.9633103609085084,0.9131301045417786,0.9375492334365844
37624408,business,tldr,"With the value of the pound falling dramatically since Brexit, a ""flash crash"" last week when the currency lost 6% of its value against the dollar, and news on Tuesday that the pound had fallen again, when would be a good time to change those pounds to dollars?","""I'm planning on going to New York in December, should I get my cash now or wait?""",2117,17,48,0.3541666666666667,0,0.0606060606060606,0.0,0.0606060606060606,0.8554285168647766,0.8346229791641235,0.8448976278305054
37624408,business,bullet_points,"With the value of the pound falling dramatically since Brexit, a ""flash crash"" last week when the currency lost 6% of its value against the dollar, and news on Tuesday that the pound had fallen again, when would be a good time to change those pounds to dollars?",The BBC has asked readers to send in questions about the recent fall of the pound and rise of the FTSE 100.,2117,22,48,0.4583333333333333,0,0.2571428571428571,0.0588235294117647,0.1714285714285714,0.8652042150497437,0.8553619384765625,0.8602549433708191
37624408,business,bullet_points_strict,"With the value of the pound falling dramatically since Brexit, a ""flash crash"" last week when the currency lost 6% of its value against the dollar, and news on Tuesday that the pound had fallen again, when would be a good time to change those pounds to dollars?",The pound has fallen 18% against the dollar on the judgment that growth is likely to be stronger in the US than the UK.,2117,24,48,0.5,0,0.361111111111111,0.0857142857142857,0.2222222222222222,0.8820341229438782,0.8656454682350159,0.8737629055976868
37624408,business,one_sentence,"With the value of the pound falling dramatically since Brexit, a ""flash crash"" last week when the currency lost 6% of its value against the dollar, and news on Tuesday that the pound had fallen again, when would be a good time to change those pounds to dollars?",The pound has fallen 18% against the dollar since the Brexit vote in June. Anthony Reuben from BBC Reality Check has answered the question.,2117,24,48,0.5,0,0.2777777777777778,0.0857142857142857,0.1666666666666666,0.8892734050750732,0.8759252429008484,0.8825488686561584
37624408,business,fact_constrained,"With the value of the pound falling dramatically since Brexit, a ""flash crash"" last week when the currency lost 6% of its value against the dollar, and news on Tuesday that the pound had fallen again, when would be a good time to change those pounds to dollars?",The BBC has asked readers to send in questions about the recent fall of the pound and rise of the FTSE 100.,2117,22,48,0.4583333333333333,0,0.2571428571428571,0.0588235294117647,0.1714285714285714,0.8652042150497437,0.8553619384765625,0.8602549433708191
34631268,entertainment,tldr,A philosophy student who wears vintage clothing has won a national contest for alternative models.,The winner of the Alternative Model of the Year contest has said she has never thought she could be a model.,995,21,15,1.4,0,0.2222222222222222,0.0,0.1111111111111111,0.890053927898407,0.8987421989440918,0.8943769335746765
34631268,entertainment,bullet_points,A philosophy student who wears vintage clothing has won a national contest for alternative models.,The winner of the Alternative Model of the Year contest has said she has always wanted to be a model.,995,20,15,1.3333333333333333,0,0.2285714285714286,0.0,0.1142857142857143,0.8969123959541321,0.8970617055892944,0.8969870209693909
34631268,entertainment,bullet_points_strict,A philosophy student who wears vintage clothing has won a national contest for alternative models.,The winner of the Alternative Model of the Year contest has said she has always wanted to be a model.,995,20,15,1.3333333333333333,0,0.2285714285714286,0.0,0.1142857142857143,0.8969123959541321,0.8970617055892944,0.8969870209693909
34631268,entertainment,one_sentence,A philosophy student who wears vintage clothing has won a national contest for alternative models.,The winner of the Alternative Model of the Year contest has been announced.,995,13,15,0.8666666666666667,0,0.2142857142857142,0.0,0.0714285714285714,0.9056921005249025,0.8888967037200928,0.8972157835960388
34631268,entertainment,fact_constrained,A philosophy student who wears vintage clothing has won a national contest for alternative models.,The winner of the Alternative Model of the Year contest has said she has never thought she could be a model.,995,21,15,1.4,0,0.2222222222222222,0.0,0.1111111111111111,0.890053927898407,0.8987421989440918,0.8943769335746765
36792661,politics,tldr,Plans to move a statue depicting a Royal Marine in the Falklands conflict away from Portsmouth seafront have been criticised.,A statue of a Royal Marine marching across the Falklands during World War Two has been moved to a new museum site in Portsmouth.,1809,24,20,1.2,0,0.5,0.1904761904761905,0.3636363636363636,0.91878741979599,0.9218887686729432,0.9203354716300964
36792661,politics,bullet_points,Plans to move a statue depicting a Royal Marine in the Falklands conflict away from Portsmouth seafront have been criticised.,A statue of a Royal Marine marching across the Falklands during World War Two has been moved to a new museum site in Portsmouth.,1809,24,20,1.2,0,0.5,0.1904761904761905,0.3636363636363636,0.91878741979599,0.9218887686729432,0.9203354716300964
36792661,politics,bullet_points_strict,Plans to move a statue depicting a Royal Marine in the Falklands conflict away from Portsmouth seafront have been criticised.,A statue of a Royal Marine marching across the Falklands during World War Two has been moved to a new museum site in Portsmouth.,1809,24,20,1.2,0,0.5,0.1904761904761905,0.3636363636363636,0.91878741979599,0.9218887686729432,0.9203354716300964
36792661,politics,one_sentence,Plans to move a statue depicting a Royal Marine in the Falklands conflict away from Portsmouth seafront have been criticised.,The statue of a Royal Marine marching across the Falklands during World War Two has been moved to a new museum site in Portsmouth.,1809,24,20,1.2,0,0.5,0.1428571428571428,0.3181818181818182,0.9194753170013428,0.9230738282203674,0.9212710857391356
36792661,politics,fact_constrained,Plans to move a statue depicting a Royal Marine in the Falklands conflict away from Portsmouth seafront have been criticised.,A statue of a Royal Marine marching across the Falklands during World War Two has been moved to a new museum site in Portsmouth.,1809,24,20,1.2,0,0.5,0.1904761904761905,0.3636363636363636,0.91878741979599,0.9218887686729432,0.9203354716300964
18298438,tech,tldr,A suspected terrorist has been charged with breaching conditions imposed as part of the government's new terror monitoring powers.,A British man has appeared in court charged with breaching a terror prevention order.,1903,14,19,0.7368421052631579,0,0.3529411764705882,0.125,0.3529411764705882,0.931110680103302,0.9100844860076904,0.920477569103241
18298438,tech,bullet_points,A suspected terrorist has been charged with breaching conditions imposed as part of the government's new terror monitoring powers.,A British man has appeared in court charged with breaching a terror control order.,1903,14,19,0.7368421052631579,0,0.3529411764705882,0.125,0.3529411764705882,0.9314526915550232,0.910718560218811,0.920969009399414
18298438,tech,bullet_points_strict,A suspected terrorist has been charged with breaching conditions imposed as part of the government's new terror monitoring powers.,A British man has appeared in court charged with breaching a terror prevention order.,1903,14,19,0.7368421052631579,0,0.3529411764705882,0.125,0.3529411764705882,0.931110680103302,0.9100844860076904,0.920477569103241
18298438,tech,one_sentence,A suspected terrorist has been charged with breaching conditions imposed as part of the government's new terror monitoring powers.,A British man has appeared in court charged with breaching a terror control order.,1903,14,19,0.7368421052631579,0,0.3529411764705882,0.125,0.3529411764705882,0.9314526915550232,0.910718560218811,0.920969009399414
18298438,tech,fact_constrained,A suspected terrorist has been charged with breaching conditions imposed as part of the government's new terror monitoring powers.,A British man has appeared in court charged with breaching a terror control order.,1903,14,19,0.7368421052631579,0,0.3529411764705882,0.125,0.3529411764705882,0.9314526915550232,0.910718560218811,0.920969009399414
32032471,entertainment,tldr,"In recent years, Hollywood remakes and re-imaginings of classic fairytales have come thick and fast - all darker, more adult versions of tales that originally appeared in cinemas.","Cinderella is a fairytale, not a modern version of Frozen.",4544,10,28,0.3571428571428571,0,0.0526315789473684,0.0,0.0526315789473684,0.904621720314026,0.8546155691146851,0.8789079785346985
32032471,entertainment,bullet_points,"In recent years, Hollywood remakes and re-imaginings of classic fairytales have come thick and fast - all darker, more adult versions of tales that originally appeared in cinemas.","Cinderella is a fairytale, not a fairytale.",4544,7,28,0.25,0,0.0,0.0,0.0,0.9060034155845642,0.8415805697441101,0.8726046085357666
32032471,entertainment,bullet_points_strict,"In recent years, Hollywood remakes and re-imaginings of classic fairytales have come thick and fast - all darker, more adult versions of tales that originally appeared in cinemas.","Cinderella is a fairytale, not a modern version of Frozen.",4544,10,28,0.3571428571428571,0,0.0526315789473684,0.0,0.0526315789473684,0.904621720314026,0.8546155691146851,0.8789079785346985
32032471,entertainment,one_sentence,"In recent years, Hollywood remakes and re-imaginings of classic fairytales have come thick and fast - all darker, more adult versions of tales that originally appeared in cinemas.","Cinderella is a fairytale, not a modern version of Frozen.",4544,10,28,0.3571428571428571,0,0.0526315789473684,0.0,0.0526315789473684,0.904621720314026,0.8546155691146851,0.8789079785346985
32032471,entertainment,fact_constrained,"In recent years, Hollywood remakes and re-imaginings of classic fairytales have come thick and fast - all darker, more adult versions of tales that originally appeared in cinemas.","Cinderella is a fairytale, not a modern version of Frozen.",4544,10,28,0.3571428571428571,0,0.0526315789473684,0.0,0.0526315789473684,0.904621720314026,0.8546155691146851,0.8789079785346985
39847422,politics,tldr,"Performers from 42 countries strode down a long red carpet near Ukraine's parliament this week, as a curtain-raiser to this year's Eurovision Song Contest.",Ukraine's decision to ban Julia Samoilova from the Eurovision Song Contest was a reversal of last year's decision to ban her from Eurovision.,4879,23,24,0.9583333333333334,0,0.3846153846153846,0.16,0.2307692307692307,0.8784671425819397,0.8648483753204346,0.8716046214103699
39847422,politics,bullet_points,"Performers from 42 countries strode down a long red carpet near Ukraine's parliament this week, as a curtain-raiser to this year's Eurovision Song Contest.",Eurovision is a festival of sodom and gomorrah.,4879,8,24,0.3333333333333333,0,0.1142857142857142,0.0,0.0571428571428571,0.8514740467071533,0.8411171436309814,0.8462639451026917
39847422,politics,bullet_points_strict,"Performers from 42 countries strode down a long red carpet near Ukraine's parliament this week, as a curtain-raiser to this year's Eurovision Song Contest.","Eurovision is a festival of sodom and gomorrah, a festival of sodom and gomorrah.",4879,14,24,0.5833333333333334,0,0.1463414634146341,0.0,0.0975609756097561,0.8289366960525513,0.840938150882721,0.8348942399024963
39847422,politics,one_sentence,"Performers from 42 countries strode down a long red carpet near Ukraine's parliament this week, as a curtain-raiser to this year's Eurovision Song Contest.",Ukraine's decision to ban Julia Samoilova from the Eurovision Song Contest was a surprise.,4879,14,24,0.5833333333333334,0,0.3809523809523809,0.15,0.2857142857142857,0.8877032399177551,0.8649921417236328,0.8762005567550659
39847422,politics,fact_constrained,"Performers from 42 countries strode down a long red carpet near Ukraine's parliament this week, as a curtain-raiser to this year's Eurovision Song Contest.","The Eurovision Song Contest has been held in Kiev, Ukraine, for the first time in its history.",4879,17,24,0.7083333333333334,0,0.1818181818181818,0.0952380952380952,0.1363636363636363,0.907023787498474,0.8688440918922424,0.8875235319137573
12396322,entertainment,tldr,It was 50 years ago today that The Beatles played their first gig at the Cavern Club in Liverpool - the venue where the band built their reputation and where Beatlemania was born.,The Beatles were the epitome of rebellion in Liverpool.,3985,9,33,0.2727272727272727,0,0.2439024390243902,0.1025641025641025,0.2439024390243902,0.9130019545555116,0.8623218536376953,0.8869385123252869
12396322,entertainment,bullet_points,It was 50 years ago today that The Beatles played their first gig at the Cavern Club in Liverpool - the venue where the band built their reputation and where Beatlemania was born.,The Cavern.,3985,2,33,0.0606060606060606,0,0.1176470588235294,0.0625,0.1176470588235294,0.9298287630081176,0.8202146291732788,0.8715888261795044
12396322,entertainment,bullet_points_strict,It was 50 years ago today that The Beatles played their first gig at the Cavern Club in Liverpool - the venue where the band built their reputation and where Beatlemania was born.,The Beatles were the epitome of rebellion in Liverpool - they were the epitome of rebellion against authority.,3985,18,33,0.5454545454545454,0,0.2448979591836734,0.0851063829787234,0.2448979591836734,0.878703773021698,0.8635993599891663,0.871086061000824
12396322,entertainment,one_sentence,It was 50 years ago today that The Beatles played their first gig at the Cavern Club in Liverpool - the venue where the band built their reputation and where Beatlemania was born.,The Cavern. The Beatles were the epitome of rebellion in Liverpool - they were a law unto themselves on the stage - they were so cheeky and so entertaining all around.,3985,31,33,0.9393939393939394,0,0.2950819672131148,0.1016949152542372,0.2295081967213114,0.8734557032585144,0.8714889287948608,0.872471272945404
12396322,entertainment,fact_constrained,It was 50 years ago today that The Beatles played their first gig at the Cavern Club in Liverpool - the venue where the band built their reputation and where Beatlemania was born.,The Cavern. The Beatles were the epitome of rebellion in Liverpool.,3985,11,33,0.3333333333333333,0,0.3255813953488372,0.1463414634146341,0.2325581395348837,0.9118824005126952,0.8622365593910217,0.8863648772239685
38052755,politics,tldr,"South Africa's government has proposed a national minimum wage of 3,500 rand ($242; Â£199) a month.","South Africa's deputy president has announced a proposed national minimum wage of at least 4,500 rand.",1915,16,16,1.0,0,0.6666666666666666,0.3529411764705882,0.6111111111111112,0.9458745121955872,0.8865159749984741,0.9152337908744812
38052755,politics,bullet_points,"South Africa's government has proposed a national minimum wage of 3,500 rand ($242; Â£199) a month.","South Africa has announced a new minimum wage of at least 4,500 rand.",1915,13,16,0.8125,0,0.5625000000000001,0.2666666666666666,0.5625000000000001,0.9573832750320436,0.8808752298355103,0.9175371527671814
38052755,politics,bullet_points_strict,"South Africa's government has proposed a national minimum wage of 3,500 rand ($242; Â£199) a month.","South Africa has announced a proposed national minimum wage of at least 4,500 rand.",1915,14,16,0.875,0,0.6666666666666666,0.3225806451612903,0.606060606060606,0.9636521339416504,0.887975811958313,0.9242675304412842
38052755,politics,one_sentence,"South Africa's government has proposed a national minimum wage of 3,500 rand ($242; Â£199) a month.","South Africa's deputy president has announced a new minimum wage of at least 4,500 rand.",1915,15,16,0.9375,0,0.5714285714285715,0.303030303030303,0.5714285714285715,0.9416512250900269,0.8815831542015076,0.9106277227401732
38052755,politics,fact_constrained,"South Africa's government has proposed a national minimum wage of 3,500 rand ($242; Â£199) a month.","South Africa has announced a proposed national minimum wage of at least 4,500 rand.",1915,14,16,0.875,0,0.6666666666666666,0.3225806451612903,0.606060606060606,0.9636521339416504,0.887975811958313,0.9242675304412842
19341954,politics,tldr,The death of Ethiopian Prime Minister Meles Zenawi has thrown the populous Horn of Africa giant into a period of deep uncertainty and created a serious leadership vacuum in the region with profound geopolitical implications.,Ethiopia's Meles Zenawi has died at the age of 84.,7864,10,35,0.2857142857142857,0,0.217391304347826,0.0909090909090909,0.217391304347826,0.905404269695282,0.8573899269104004,0.8807432055473328
19341954,politics,bullet_points,The death of Ethiopian Prime Minister Meles Zenawi has thrown the populous Horn of Africa giant into a period of deep uncertainty and created a serious leadership vacuum in the region with profound geopolitical implications.,Ethiopia's Meles Zenawi has died at the age of 84.,7864,10,35,0.2857142857142857,0,0.217391304347826,0.0909090909090909,0.217391304347826,0.905404269695282,0.8573899269104004,0.8807432055473328
19341954,politics,bullet_points_strict,The death of Ethiopian Prime Minister Meles Zenawi has thrown the populous Horn of Africa giant into a period of deep uncertainty and created a serious leadership vacuum in the region with profound geopolitical implications.,Ethiopia's Meles Zenawi has died at the age of 84.,7864,10,35,0.2857142857142857,0,0.217391304347826,0.0909090909090909,0.217391304347826,0.905404269695282,0.8573899269104004,0.8807432055473328
19341954,politics,one_sentence,The death of Ethiopian Prime Minister Meles Zenawi has thrown the populous Horn of Africa giant into a period of deep uncertainty and created a serious leadership vacuum in the region with profound geopolitical implications.,Ethiopian President Meles Zenawi has died at the age of 84.,7864,11,35,0.3142857142857143,0,0.2608695652173912,0.0909090909090909,0.2608695652173912,0.9214114546775818,0.869757354259491,0.8948396444320679
19341954,politics,fact_constrained,The death of Ethiopian Prime Minister Meles Zenawi has thrown the populous Horn of Africa giant into a period of deep uncertainty and created a serious leadership vacuum in the region with profound geopolitical implications.,Ethiopian President Meles Zenawi has died at the age of 82.,7864,11,35,0.3142857142857143,0,0.2608695652173912,0.0909090909090909,0.2608695652173912,0.9217345714569092,0.8697337508201599,0.8949793577194214
34218922,politics,tldr,Two new councillors have been elected in a by-election in the City of Edinburgh.,The SNP won a by-election in the Edinburgh North and Leith Walk by-election.,1356,13,14,0.9285714285714286,0,0.4000000000000001,0.2857142857142857,0.4000000000000001,0.9031089544296264,0.9225270748138428,0.9127147197723388
34218922,politics,bullet_points,Two new councillors have been elected in a by-election in the City of Edinburgh.,A by-election has been held in the Leith Walk by-election.,1356,10,14,0.7142857142857143,0,0.4444444444444445,0.2399999999999999,0.3703703703703704,0.9244000911712646,0.9236612319946288,0.9240305423736572
34218922,politics,bullet_points_strict,Two new councillors have been elected in a by-election in the City of Edinburgh.,A by-election has been held in the Leith Walk by-election in Edinburgh.,1356,12,14,0.8571428571428571,0,0.5517241379310344,0.2962962962962963,0.4137931034482759,0.927693247795105,0.9323288202285768,0.9300052523612976
34218922,politics,one_sentence,Two new councillors have been elected in a by-election in the City of Edinburgh.,The SNP has won a by-election in the Edinburgh North and Leith Walk by-election.,1356,14,14,1.0,0,0.3870967741935484,0.2758620689655172,0.3870967741935484,0.9063239097595216,0.932680606842041,0.919313371181488
34218922,politics,fact_constrained,Two new councillors have been elected in a by-election in the City of Edinburgh.,A by-election has been held in the Leith Walk by-election.,1356,10,14,0.7142857142857143,0,0.4444444444444445,0.2399999999999999,0.3703703703703704,0.9244000911712646,0.9236612319946288,0.9240305423736572
37508085,business,tldr,"Russia has said it will carry on bombing rebel-held eastern Aleppo in Syria, defying US demands to stop.",Russia has said it will continue to support the Syrian rebels after the partial ceasefire collapsed last week.,3241,18,18,1.0,0,0.3243243243243243,0.2285714285714285,0.3243243243243243,0.9112019538879396,0.9068493247032166,0.9090203642845154
37508085,business,bullet_points,"Russia has said it will carry on bombing rebel-held eastern Aleppo in Syria, defying US demands to stop.",Russian President Vladimir Putin has said he will continue to support the Syrian government in the face of the bombing of Aleppo.,3241,22,18,1.2222222222222223,0,0.3414634146341463,0.0512820512820512,0.2439024390243902,0.9222006797790528,0.9113707542419434,0.9167537689208984
37508085,business,bullet_points_strict,"Russia has said it will carry on bombing rebel-held eastern Aleppo in Syria, defying US demands to stop.",Russia has said it will continue to support the Syrian rebels after the partial ceasefire collapsed last week.,3241,18,18,1.0,0,0.3243243243243243,0.2285714285714285,0.3243243243243243,0.9112019538879396,0.9068493247032166,0.9090203642845154
37508085,business,one_sentence,"Russia has said it will carry on bombing rebel-held eastern Aleppo in Syria, defying US demands to stop.",Russia has said it will continue to support the Syrian rebels in Aleppo after the partial ceasefire agreement collapsed last week.,3241,21,18,1.1666666666666667,0,0.4,0.2105263157894737,0.3,0.9131501317024232,0.9187310338020324,0.9159320592880248
37508085,business,fact_constrained,"Russia has said it will carry on bombing rebel-held eastern Aleppo in Syria, defying US demands to stop.",Russia's foreign ministry has said it will continue to support the Syrian rebels after a partial ceasefire deal collapsed.,3241,19,18,1.0555555555555556,0,0.3076923076923077,0.1621621621621621,0.3076923076923077,0.9104498624801636,0.9068994522094728,0.9086711406707764
38466964,politics,tldr,"The expulsion of 35 Russian diplomats from the US over the email hacking scandal has drawn a barrage of abuse from Moscow, which seems poised to respond in kind.","""I'm going to introduce sanctions, they will be bipartisan that names Putin as an individual, his inner circlel.""",4119,18,29,0.6206896551724138,0,0.0416666666666666,0.0,0.0416666666666666,0.8282285928726196,0.8380710482597351,0.8331207633018494
38466964,politics,bullet_points,"The expulsion of 35 Russian diplomats from the US over the email hacking scandal has drawn a barrage of abuse from Moscow, which seems poised to respond in kind.",The US administration has announced a new wave of sanctions against Russia.,4119,12,29,0.4137931034482758,0,0.2439024390243903,0.0512820512820512,0.2439024390243903,0.91512793302536,0.8704514503479004,0.8922306895256042
38466964,politics,bullet_points_strict,"The expulsion of 35 Russian diplomats from the US over the email hacking scandal has drawn a barrage of abuse from Moscow, which seems poised to respond in kind.",The US administration has announced a new wave of sanctions against Russia.,4119,12,29,0.4137931034482758,0,0.2439024390243903,0.0512820512820512,0.2439024390243903,0.91512793302536,0.8704514503479004,0.8922306895256042
38466964,politics,one_sentence,"The expulsion of 35 Russian diplomats from the US over the email hacking scandal has drawn a barrage of abuse from Moscow, which seems poised to respond in kind.",The US administration has announced a new wave of sanctions against Russia.,4119,12,29,0.4137931034482758,0,0.2439024390243903,0.0512820512820512,0.2439024390243903,0.91512793302536,0.8704514503479004,0.8922306895256042
38466964,politics,fact_constrained,"The expulsion of 35 Russian diplomats from the US over the email hacking scandal has drawn a barrage of abuse from Moscow, which seems poised to respond in kind.",The US administration has announced a new wave of sanctions against Russia.,4119,12,29,0.4137931034482758,0,0.2439024390243903,0.0512820512820512,0.2439024390243903,0.91512793302536,0.8704514503479004,0.8922306895256042
34218673,tech,tldr,Fire crews are expected to leave the site of the Shoreham Airshow disaster later after spending nearly three weeks at the scene of the crash.,The West Sussex Fire and Rescue Service has said it has completed its work at the Shoreham Air Show.,2232,19,25,0.76,0,0.2272727272727272,0.0952380952380952,0.1363636363636363,0.9032549858093262,0.8940948247909546,0.8986515402793884
34218673,tech,bullet_points,Fire crews are expected to leave the site of the Shoreham Airshow disaster later after spending nearly three weeks at the scene of the crash.,The West Sussex Fire and Rescue Service has said it has completed its work at the Shoreham Air Show.,2232,19,25,0.76,0,0.2272727272727272,0.0952380952380952,0.1363636363636363,0.9032549858093262,0.8940948247909546,0.8986515402793884
34218673,tech,bullet_points_strict,Fire crews are expected to leave the site of the Shoreham Airshow disaster later after spending nearly three weeks at the scene of the crash.,The West Sussex Fire and Rescue Service has said it has completed its work at the Shoreham Air Show.,2232,19,25,0.76,0,0.2272727272727272,0.0952380952380952,0.1363636363636363,0.9032549858093262,0.8940948247909546,0.8986515402793884
34218673,tech,one_sentence,Fire crews are expected to leave the site of the Shoreham Airshow disaster later after spending nearly three weeks at the scene of the crash.,The West Sussex Fire and Rescue Service has said it has completed its work at the Shoreham Air Show.,2232,19,25,0.76,0,0.2272727272727272,0.0952380952380952,0.1363636363636363,0.9032549858093262,0.8940948247909546,0.8986515402793884
34218673,tech,fact_constrained,Fire crews are expected to leave the site of the Shoreham Airshow disaster later after spending nearly three weeks at the scene of the crash.,The West Sussex Fire and Rescue Service has said it has completed its work at the Shoreham Air Show.,2232,19,25,0.76,0,0.2272727272727272,0.0952380952380952,0.1363636363636363,0.9032549858093262,0.8940948247909546,0.8986515402793884
40191593,business,tldr,"The US director of national intelligence has said he ""never felt pressured"" to influence the inquiry into Russia's political meddling.",The chief of the NSA has said he is willing to testify about his interactions with President Trump.,3839,18,20,0.9,0,0.358974358974359,0.1081081081081081,0.3076923076923076,0.9118189215660096,0.8824054002761841,0.8968710899353027
40191593,business,bullet_points,"The US director of national intelligence has said he ""never felt pressured"" to influence the inquiry into Russia's political meddling.","The director of the NSA has said he is ""not willing"" to discuss his interactions with President Trump.",3839,18,20,0.9,0,0.4102564102564102,0.1621621621621621,0.358974358974359,0.9210480451583862,0.8960312604904175,0.908367395401001
40191593,business,bullet_points_strict,"The US director of national intelligence has said he ""never felt pressured"" to influence the inquiry into Russia's political meddling.",The chief of the NSA has said he is willing to testify about his interactions with President Trump.,3839,18,20,0.9,0,0.358974358974359,0.1081081081081081,0.3076923076923076,0.9118189215660096,0.8824054002761841,0.8968710899353027
40191593,business,one_sentence,"The US director of national intelligence has said he ""never felt pressured"" to influence the inquiry into Russia's political meddling.",The chief of the NSA has said he is willing to testify about his interactions with President Trump.,3839,18,20,0.9,0,0.358974358974359,0.1081081081081081,0.3076923076923076,0.9118189215660096,0.8824054002761841,0.8968710899353027
40191593,business,fact_constrained,"The US director of national intelligence has said he ""never felt pressured"" to influence the inquiry into Russia's political meddling.",The chief of the NSA has said he is willing to testify about his interactions with President Trump.,3839,18,20,0.9,0,0.358974358974359,0.1081081081081081,0.3076923076923076,0.9118189215660096,0.8824054002761841,0.8968710899353027
33144298,entertainment,tldr,White House officials will not say whether pop star Prince performed at a weekend party at the executive residence despite guests posting about it on social media.,"The Obamas have paid for a private party in New York City, the White House said.",606,16,27,0.5925925925925926,0,0.2325581395348837,0.048780487804878,0.1395348837209302,0.8911611437797546,0.8675428032875061,0.8791934251785278
33144298,entertainment,bullet_points,White House officials will not say whether pop star Prince performed at a weekend party at the executive residence despite guests posting about it on social media.,"The Obamas have paid for a private party in New York, the White House has said.",606,16,27,0.5925925925925926,0,0.2325581395348837,0.048780487804878,0.1395348837209302,0.889808714389801,0.8655307292938232,0.877501904964447
33144298,entertainment,bullet_points_strict,White House officials will not say whether pop star Prince performed at a weekend party at the executive residence despite guests posting about it on social media.,The Obamas have held a private party at the White House.,606,11,27,0.4074074074074074,0,0.3157894736842105,0.1666666666666666,0.2105263157894736,0.914752960205078,0.8681491613388062,0.8908419609069824
33144298,entertainment,one_sentence,White House officials will not say whether pop star Prince performed at a weekend party at the executive residence despite guests posting about it on social media.,"The Obamas have held a private party at the White House, a spokesman said.",606,14,27,0.5185185185185185,0,0.2926829268292683,0.1538461538461538,0.1951219512195122,0.9026283621788024,0.868657112121582,0.8853169679641724
33144298,entertainment,fact_constrained,White House officials will not say whether pop star Prince performed at a weekend party at the executive residence despite guests posting about it on social media.,"The Obamas have held a private party in New York City, a spokesman said.",606,14,27,0.5185185185185185,0,0.1463414634146341,0.0,0.0975609756097561,0.8860490918159485,0.8591268062591553,0.8723803162574768
34833729,business,tldr,These roads in Northern Ireland are closed due to poor weather conditions as of Friday 15 January.,The following roads are in County Antrim:,172,7,17,0.4117647058823529,0,0.25,0.0,0.1666666666666666,0.9064327478408812,0.8602215051651001,0.8827227354049683
34833729,business,bullet_points,These roads in Northern Ireland are closed due to poor weather conditions as of Friday 15 January.,"Derrygonnelly is a town in County Down, Northern Ireland.",172,9,17,0.5294117647058824,0,0.2307692307692307,0.0833333333333333,0.2307692307692307,0.8506966233253479,0.8505080938339233,0.8506023287773132
34833729,business,bullet_points_strict,These roads in Northern Ireland are closed due to poor weather conditions as of Friday 15 January.,"Derrygonnelly is a town in County Down, Northern Ireland.",172,9,17,0.5294117647058824,0,0.2307692307692307,0.0833333333333333,0.2307692307692307,0.8506966233253479,0.8505080938339233,0.8506023287773132
34833729,business,one_sentence,These roads in Northern Ireland are closed due to poor weather conditions as of Friday 15 January.,"Derrygonnelly is a city in County Down, County Antrim. The city is located at the junction of Causanagh Road, Loughgall Tannyoky Road, Poyntzpass Carrowreagh Road, Dundonald Edenticullo Road, Hillsborough New Line Road, Rathfriland Drumanure Road, Derrygonnelly Road.",172,37,17,2.176470588235294,0,0.074074074074074,0.0,0.074074074074074,0.752583384513855,0.8305622339248657,0.789652407169342
34833729,business,fact_constrained,These roads in Northern Ireland are closed due to poor weather conditions as of Friday 15 January.,"Derrygonnelly is a town in County Down, Northern Ireland.",172,9,17,0.5294117647058824,0,0.2307692307692307,0.0833333333333333,0.2307692307692307,0.8506966233253479,0.8505080938339233,0.8506023287773132
39806255,entertainment,tldr,A church in West Yorkshire has recruited a new vicar following a video job advertisement sung by a choir of children.,A video of a new vicar at a church has gone viral.,864,12,21,0.5714285714285714,0,0.5454545454545454,0.2580645161290322,0.303030303030303,0.9398490786552428,0.9015772342681884,0.920315444469452
39806255,entertainment,bullet_points,A church in West Yorkshire has recruited a new vicar following a video job advertisement sung by a choir of children.,"A video of a new vicar at a church has been viewed more than 30,000 times.",864,16,21,0.7619047619047619,0,0.4736842105263158,0.2222222222222222,0.2631578947368421,0.8999314904212952,0.899979293346405,0.8999553918838501
39806255,entertainment,bullet_points_strict,A church in West Yorkshire has recruited a new vicar following a video job advertisement sung by a choir of children.,A video of a new vicar at a church has gone viral.,864,12,21,0.5714285714285714,0,0.5454545454545454,0.2580645161290322,0.303030303030303,0.9398490786552428,0.9015772342681884,0.920315444469452
39806255,entertainment,one_sentence,A church in West Yorkshire has recruited a new vicar following a video job advertisement sung by a choir of children.,"A video of a new vicar at a church has been viewed more than 30,000 times.",864,16,21,0.7619047619047619,0,0.4736842105263158,0.2222222222222222,0.2631578947368421,0.8999314904212952,0.899979293346405,0.8999553918838501
39806255,entertainment,fact_constrained,A church in West Yorkshire has recruited a new vicar following a video job advertisement sung by a choir of children.,A video of a new vicar at a church has gone viral.,864,12,21,0.5714285714285714,0,0.5454545454545454,0.2580645161290322,0.303030303030303,0.9398490786552428,0.9015772342681884,0.920315444469452
36043765,entertainment,tldr,A seal found tangled in nets on an Aberdeenshire beach has been returned to the sea.,A grey seal has been freed after netting was tangled around its neck.,819,13,16,0.8125,0,0.3448275862068966,0.074074074074074,0.2758620689655172,0.916252851486206,0.8907853364944458,0.9033396244049072
36043765,entertainment,bullet_points,A seal found tangled in nets on an Aberdeenshire beach has been returned to the sea.,A grey seal has been rescued from a tangled net of netting.,819,12,16,0.75,0,0.3571428571428571,0.0769230769230769,0.2857142857142857,0.936890423297882,0.891810953617096,0.9137950539588928
36043765,entertainment,bullet_points_strict,A seal found tangled in nets on an Aberdeenshire beach has been returned to the sea.,A grey seal has been freed after netting was tangled around its neck.,819,13,16,0.8125,0,0.3448275862068966,0.074074074074074,0.2758620689655172,0.916252851486206,0.8907853364944458,0.9033396244049072
36043765,entertainment,one_sentence,A seal found tangled in nets on an Aberdeenshire beach has been returned to the sea.,A grey seal has been rescued from a tangled net of netting.,819,12,16,0.75,0,0.3571428571428571,0.0769230769230769,0.2857142857142857,0.936890423297882,0.891810953617096,0.9137950539588928
36043765,entertainment,fact_constrained,A seal found tangled in nets on an Aberdeenshire beach has been returned to the sea.,A grey seal has been released from the sea after being tangled in netting.,819,14,16,0.875,0,0.5333333333333333,0.2142857142857142,0.3999999999999999,0.9428361058235168,0.910216987133026,0.9262394309043884
36101502,entertainment,tldr,We go behind the scenes with singer Laura Mvula as she prepares to debut her new material and kick off the 48th series of Later... with Jools Holland.,"""I'd rather die. That's how I feel sometimes,"" says Laura.",8441,10,28,0.3571428571428571,0,0.05,0.0,0.05,0.8541415929794312,0.815650224685669,0.8344522714614868
36101502,entertainment,bullet_points,We go behind the scenes with singer Laura Mvula as she prepares to debut her new material and kick off the 48th series of Later... with Jools Holland.,"""I'm naturally terrified,"" says Laura.",8441,5,28,0.1785714285714285,0,0.0588235294117647,0.0,0.0588235294117647,0.8767571449279785,0.8204397559165955,0.8476640582084656
36101502,entertainment,bullet_points_strict,We go behind the scenes with singer Laura Mvula as she prepares to debut her new material and kick off the 48th series of Later... with Jools Holland.,"""I'd rather die. That's how I feel sometimes.""",8441,8,28,0.2857142857142857,0,0.0,0.0,0.0,0.8385130763053894,0.8120930790901184,0.8250916004180908
36101502,entertainment,one_sentence,We go behind the scenes with singer Laura Mvula as she prepares to debut her new material and kick off the 48th series of Later... with Jools Holland.,"""I'm naturally terrified. I'd rather die,"" says Laura.",8441,8,28,0.2857142857142857,0,0.0526315789473684,0.0,0.0526315789473684,0.8629021644592285,0.8163549304008484,0.838983416557312
36101502,entertainment,fact_constrained,We go behind the scenes with singer Laura Mvula as she prepares to debut her new material and kick off the 48th series of Later... with Jools Holland.,"""I'm naturally terrified,"" says Laura.",8441,5,28,0.1785714285714285,0,0.0588235294117647,0.0,0.0588235294117647,0.8767571449279785,0.8204397559165955,0.8476640582084656
35714830,business,tldr,"League Two Exeter City made a profit of over £1.6m last year, according to the club's latest accounts.",Exeter City have reported a profit of £1.642m after a £1.75m transfer to Swansea City.,1132,15,18,0.8333333333333334,0,0.3783783783783783,0.1714285714285714,0.3783783783783783,0.9206112623214722,0.9084262847900392,0.9144781827926636
35714830,business,bullet_points,"League Two Exeter City made a profit of over £1.6m last year, according to the club's latest accounts.",Exeter City have reported a net profit of £1.7m for the first time since the club's sale of midfielder Matt Grimes.,1132,21,18,1.1666666666666667,0,0.4186046511627907,0.1951219512195122,0.4186046511627907,0.917866051197052,0.9286226630210876,0.923213005065918
35714830,business,bullet_points_strict,"League Two Exeter City made a profit of over £1.6m last year, according to the club's latest accounts.",Exeter City have reported a profit of £1.642m after a £1.75m transfer to Swansea City.,1132,15,18,0.8333333333333334,0,0.3783783783783783,0.1714285714285714,0.3783783783783783,0.9206112623214722,0.9084262847900392,0.9144781827926636
35714830,business,one_sentence,"League Two Exeter City made a profit of over £1.6m last year, according to the club's latest accounts.",Exeter City have reported a profit of £1.642m for the first time since the club's sale of midfielder Matt Grimes.,1132,20,18,1.1111111111111112,0,0.4285714285714286,0.25,0.4285714285714286,0.9137238264083862,0.9233492016792296,0.9185112714767456
35714830,business,fact_constrained,"League Two Exeter City made a profit of over £1.6m last year, according to the club's latest accounts.",Exeter City have reported a net profit of £1.642m after a £1.75m transfer to Swansea City.,1132,16,18,0.8888888888888888,0,0.3684210526315788,0.1111111111111111,0.3684210526315788,0.9185298681259156,0.910709261894226,0.9146028161048888
38264402,tech,bullet_points_strict,"There is a ""chronic"" need for more housing for prison leavers in Wales, according to a charity.","Prison leavers in Wales are facing a ""desperate need"" for housing, a charity has said.",3548,15,17,0.8823529411764706,0,0.625,0.3333333333333333,0.375,0.9538638591766356,0.9567747116088868,0.9553170800209044
34227252,entertainment,bullet_points_strict,"A man has appeared in court after firearms, ammunition and cash were seized by police in Edinburgh.",A 26-year-old man has appeared in court charged with armed robbery in Edinburgh.,289,13,17,0.7647058823529411,0,0.5,0.3333333333333333,0.5,0.9296109080314636,0.9182326793670654,0.923886775970459
38537698,tech,bullet_points_strict,"Four people accused of kidnapping and torturing a mentally disabled man in a ""racially motivated"" attack streamed on Facebook have been denied bail.",Four teenagers have been charged with hate crimes after a white man was beaten to death in Chicago.,1498,18,23,0.782608695652174,0,0.2926829268292683,0.0512820512820512,0.1951219512195122,0.9115618467330932,0.88447105884552,0.8978121876716614
36175342,sport,bullet_points_strict,"West Brom have appointed Nicky Hammond as technical director, ending his 20-year association with Reading.",West Bromwich Albion have appointed former Arsenal youth academy director and youth academy director Darren Clarke as their new director of football.,315,22,15,1.4666666666666666,0,0.2631578947368421,0.0555555555555555,0.2631578947368421,0.9006370902061462,0.9075268507003784,0.904068887233734
39070183,tech,bullet_points_strict,"The pancreas can be triggered to regenerate itself through a type of fasting diet, say US researchers.",A fasting-mimicking diet has been shown to reverse the symptoms of type 1 and type 2 diabetes.,3615,17,17,1.0,0,0.3999999999999999,0.0,0.1714285714285714,0.8607474565505981,0.889361560344696,0.8748205900192261
38899892,business,bullet_points_strict,"Since their impending merger was announced in January, there has been remarkably little comment about the huge proposed deal to combine Essilor and Luxottica.","If you're looking for a good deal on a merger between two of the world's biggest companies, there's no doubt you'll find it.",6187,23,24,0.9583333333333334,0,0.1568627450980392,0.0,0.0784313725490196,0.8724817633628845,0.866601288318634,0.8695315718650818
39339718,sport,bullet_points_strict,"A ""medal at any cost"" approach created a ""culture of fear"" at British Cycling, says former rider Wendy Houvenaghel.","Wendy Houvenaghel has said she feels ""vindicated"" by a report into British Cycling's World Class programme.",5466,16,19,0.8421052631578947,0,0.2777777777777777,0.1176470588235294,0.1666666666666666,0.9199777841567992,0.9117653369903564,0.9158531427383424
34571446,business,bullet_points_strict,Have you heard the one about the computer programmer who bought a failing comedy club in Texas and turned it into a million dollar a year business?,"The Hideout is an improv theatre in Austin, Texas.",5990,9,27,0.3333333333333333,0,0.1666666666666666,0.0,0.1666666666666666,0.8874120116233826,0.8526567220687866,0.8696873188018799
36892983,business,bullet_points_strict,"The reaction from BT's investors told us much about media regulator Ofcom's ruling on the fate of Openreach, the BT subsidiary that provides much of the UK's broadband infrastructure.","BT's share price soared in early trading after the company's chief executive, Ofcom's Sharon White, said the company's pension scheme was ""practical obstacles"" to a break-up.",2409,26,29,0.896551724137931,0,0.2222222222222222,0.0655737704918032,0.1904761904761904,0.8659908175468445,0.8793990612030029,0.8726434111595154
37732028,sport,bullet_points_strict,Manager Brendan Rodgers is sure Celtic can exploit the wide open spaces of Hampden when they meet Rangers in Sunday's League Cup semi-final.,Brendan Rodgers says he is looking forward to his first Old Firm derby with Celtic on Saturday.,2255,17,23,0.7391304347826086,0,0.1904761904761905,0.05,0.1904761904761905,0.9108632802963256,0.8870555758476257,0.898801863193512
32300397,business,bullet_points_strict,Queen's University Belfast is cutting 236 jobs and 290 student places due to a funding reduction.,"The University of Queen's in Belfast is to cut its undergraduate and postgraduate places by 1,010 over the next three years, the BBC understands.",2327,24,16,1.5,0,0.372093023255814,0.097560975609756,0.2790697674418605,0.8912345767021179,0.9161903858184814,0.9035401344299316
32672009,tech,bullet_points_strict,Hospital bosses in Sussex have apologised after about 850 patients were sent leaflets in error suggesting they might have cancer.,"East Sussex Healthcare NHS Trust has apologised for a ""two-week information leaflet"" being inserted with an appointment letter.",1327,18,20,0.9,0,0.1025641025641025,0.0,0.1025641025641025,0.8850730061531067,0.89141446352005,0.888232409954071
38872899,politics,bullet_points_strict,The shadow foreign secretary has suggested Labour will continue to support legislation paving the way for Brexit as it passes through Parliament.,"Labour has said it will not ""frustrate Brexit"" if it fails to amend its Brexit bill.",3177,16,22,0.7272727272727273,0,0.3157894736842105,0.0,0.2105263157894737,0.889224648475647,0.8932316899299622,0.8912236094474792
37248643,sport,bullet_points_strict,Torquay United boss Kevin Nicholson says none of the money from Eunan O'Kane's move to Leeds from Bournemouth will go to the playing squad.,The Gulls have agreed a deal to sell midfielder Sean O'Kane to the Cherries for £8m.,630,16,24,0.6666666666666666,0,0.2790697674418605,0.097560975609756,0.2325581395348837,0.8957775831222534,0.8726987242698669,0.8840875625610352
38521798,tech,bullet_points_strict,North Wales Police has been criticised at an inquest for sending an officer to speak to a hospital patient with paranoid schizophrenia.,"A psychiatric consultant has said he is ""extremely unhappy"" about a visit by a police officer to a ward at a hospital.",1324,22,22,1.0,0,0.3181818181818182,0.1428571428571428,0.2272727272727272,0.9026289582252502,0.9021520018577576,0.9023904204368592
29771956,sport,bullet_points_strict,Leicester City striker Gary Taylor-Fletcher has joined Sheffield Wednesday on an initial month-long loan.,Leicester City have signed Leicester City winger Chris Taylor-Fletcher on a one-year deal.,345,13,14,0.9285714285714286,0,0.3225806451612903,0.1379310344827586,0.3225806451612903,0.9461216926574708,0.935190200805664,0.940624177455902
38322594,politics,bullet_points_strict,"Limiting access to federal research would do an ""enormous disservice"" to the US and the world according to former Nasa chief scientist.","The chief scientist of Nasa has warned that access to federal databases will be ""an enormous disservice to the citizens of this country and to the world in general"".",5994,29,22,1.318181818181818,0,0.5882352941176471,0.3265306122448979,0.4313725490196078,0.9256675839424132,0.9325270652770996,0.9290847182273864
35194738,entertainment,bullet_points_strict,"John ""Brad"" Bradbury, drummer with The Specials, has died at the age of 62.",The Specials drummer John 'Brad' Bradbury has died at the age of 84.,2299,13,14,0.9285714285714286,0,0.888888888888889,0.64,0.6666666666666666,0.981770157814026,0.9701306819915771,0.9759156703948976
38781058,sport,bullet_points_strict,"Tiger Woods missed the cut at the Farmers Insurance Open, as England's Justin Rose maintained a one-shot lead.",Woods misses the cut at the US Open as he misses the cut at Torrey Pines.,1091,16,18,0.8888888888888888,0,0.3888888888888888,0.2352941176470588,0.3888888888888888,0.9044601917266846,0.8810244202613831,0.8925885558128357
40181128,sport,bullet_points_strict,"Former England striker Andy Cole says he faces a ""long road ahead"" as he recovers from his recent kidney transplant.","Manchester United striker Ashley Cole says he has a ""long road ahead"" after a kidney transplant.",1774,16,20,0.8,0,0.5555555555555556,0.3529411764705882,0.5555555555555556,0.970777153968811,0.9590851664543152,0.9648957848548888
35345872,tech,bullet_points_strict,"Pakistan has unblocked the video sharing site, YouTube, more than three years after it was banned for posting a video deemed insulting to Islam.",Pakistan's government has lifted a ban on YouTube in the country.,2066,11,24,0.4583333333333333,0,0.2777777777777778,0.0,0.1666666666666666,0.9254281520843506,0.8704209327697754,0.8970820903778076
32148941,sport,bullet_points_strict,"Leicester Tigers winger Miles Benjamin is likely to be out for the rest of the season because of a knee injury, reports BBC Radio Leicester.",Leicester's Ben Benjamin will miss the rest of the season because of a neck injury.,681,15,25,0.6,0,0.5365853658536586,0.358974358974359,0.5365853658536586,0.9589449763298036,0.9216182231903076,0.9399111866950988
37066439,sport,bullet_points_strict,Owain Doull has won Wales' first gold of the 2016 Olympics as he helped the Great Britain men's team pursuit defend their cycling title in Rio.,Great Britain's Mark Doull won a silver medal in the women's team pursuit at the Rio Olympics.,2589,17,26,0.6538461538461539,0,0.5217391304347826,0.1363636363636363,0.3043478260869565,0.9206988215446472,0.8867021203041077,0.9033807516098022
40787080,tech,bullet_points_strict,"Floods in the western Indian state of Gujarat have killed 218 people, government officials have confirmed.","The death toll from floods in Gujarat state has risen to more than 100 people, officials say.",760,17,16,1.0625,0,0.4242424242424242,0.064516129032258,0.303030303030303,0.9285958409309388,0.9357650876045228,0.9321666955947876
39192648,sport,bullet_points_strict,All images copyrighted.,Snowsports lovers got married on skis in a wedding ceremony at Nevis Range.,2071,13,3,4.333333333333333,0,0.0,0.0,0.0,0.839158833026886,0.8693752884864807,0.8539998531341553
27119429,business,bullet_points_strict,"Royal Bank of Scotland (RBS) has been fined HK$6m (£460,000) by Hong Kong regulators after it failed to detect a series of unauthorised transactions by one of its traders.",Hong Kong's Royal Bank of Scotland (RBS) has been fined a record amount by the Hong Kong Securities and Exchange Commission (HKSEC).,1584,22,29,0.7586206896551724,0,0.4444444444444444,0.3076923076923076,0.4074074074074074,0.9167635440826416,0.8820927143096924,0.8990940451622009
38952672,politics,bullet_points_strict,"The Bafta awards had laughter, passion and plenty of politics.","The Baftas have been a huge success, and it's been great to see some of the best actors from around the world.",4428,22,10,2.2,0,0.1818181818181818,0.0,0.1818181818181818,0.8903933763504028,0.90170818567276,0.8960149884223938
39935147,entertainment,bullet_points_strict,South African police say four people have been arrested in connection with the murder of former actor on popular local TV series Generations.,Police in South Africa are questioning two men who robbed women of their mobile phones in a pub.,606,18,23,0.782608695652174,0,0.1951219512195122,0.0,0.1463414634146341,0.901823878288269,0.8880009055137634,0.8948590159416199
34911128,tech,bullet_points_strict,"A shot was reportedly fired at a car outside a primary school in Liverpool as parents were taking their children inside, police have said.",A school shooting at a primary school in Merseyside is being investigated by police.,1172,14,24,0.5833333333333334,0,0.3684210526315789,0.2222222222222222,0.3684210526315789,0.9257766604423524,0.8989096879959106,0.9121454358100892
38914203,politics,bullet_points_strict,A total of 228 candidates will contest the Northern Ireland Assembly election next month - 48 fewer than last time.,There are a total of 228 candidates in the assembly election in Northern Ireland.,901,14,20,0.7,0,0.6060606060606061,0.3870967741935484,0.4848484848484848,0.9633104205131532,0.9131301045417786,0.9375492930412292
37624408,business,bullet_points_strict,"With the value of the pound falling dramatically since Brexit, a ""flash crash"" last week when the currency lost 6% of its value against the dollar, and news on Tuesday that the pound had fallen again, when would be a good time to change those pounds to dollars?",The pound has fallen 18% against the dollar on the judgment that growth is likely to be stronger in the US than the UK.,2117,24,48,0.5,0,0.361111111111111,0.0857142857142857,0.2222222222222222,0.8820341229438782,0.8656454682350159,0.8737629055976868
34631268,entertainment,bullet_points_strict,A philosophy student who wears vintage clothing has won a national contest for alternative models.,The winner of the Alternative Model of the Year contest has said she has always wanted to be a model.,995,20,15,1.3333333333333333,0,0.2285714285714286,0.0,0.1142857142857143,0.8969123959541321,0.8970617055892944,0.8969870209693909
36792661,politics,bullet_points_strict,Plans to move a statue depicting a Royal Marine in the Falklands conflict away from Portsmouth seafront have been criticised.,A statue of a Royal Marine marching across the Falklands during World War Two has been moved to a new museum site in Portsmouth.,1809,24,20,1.2,0,0.5,0.1904761904761905,0.3636363636363636,0.91878741979599,0.9218887686729432,0.9203354716300964
18298438,tech,bullet_points_strict,A suspected terrorist has been charged with breaching conditions imposed as part of the government's new terror monitoring powers.,A British man has appeared in court charged with breaching a terror prevention order.,1903,14,19,0.7368421052631579,0,0.3529411764705882,0.125,0.3529411764705882,0.931110680103302,0.9100844264030457,0.9204775094985962
32032471,entertainment,bullet_points_strict,"In recent years, Hollywood remakes and re-imaginings of classic fairytales have come thick and fast - all darker, more adult versions of tales that originally appeared in cinemas.","Cinderella is a fairytale, not a modern version of Frozen.",4544,10,28,0.3571428571428571,0,0.0526315789473684,0.0,0.0526315789473684,0.904621720314026,0.8546155691146851,0.8789079785346985
39847422,politics,bullet_points_strict,"Performers from 42 countries strode down a long red carpet near Ukraine's parliament this week, as a curtain-raiser to this year's Eurovision Song Contest.","Eurovision is a festival of sodom and gomorrah, a festival of sodom and gomorrah.",4879,14,24,0.5833333333333334,0,0.1463414634146341,0.0,0.0975609756097561,0.8289366960525513,0.840938150882721,0.8348942399024963
12396322,entertainment,bullet_points_strict,It was 50 years ago today that The Beatles played their first gig at the Cavern Club in Liverpool - the venue where the band built their reputation and where Beatlemania was born.,The Beatles were the epitome of rebellion in Liverpool - they were the epitome of rebellion against authority.,3985,18,33,0.5454545454545454,0,0.2448979591836734,0.0851063829787234,0.2448979591836734,0.878703773021698,0.8635993599891663,0.871086061000824
38052755,politics,bullet_points_strict,"South Africa's government has proposed a national minimum wage of 3,500 rand ($242; Â£199) a month.","South Africa has announced a proposed national minimum wage of at least 4,500 rand.",1915,14,16,0.875,0,0.6666666666666666,0.3225806451612903,0.606060606060606,0.9636521339416504,0.887975811958313,0.9242675304412842
19341954,politics,bullet_points_strict,The death of Ethiopian Prime Minister Meles Zenawi has thrown the populous Horn of Africa giant into a period of deep uncertainty and created a serious leadership vacuum in the region with profound geopolitical implications.,Ethiopia's Meles Zenawi has died at the age of 84.,7864,10,35,0.2857142857142857,0,0.217391304347826,0.0909090909090909,0.217391304347826,0.905404269695282,0.8573899269104004,0.8807432055473328
34218922,politics,bullet_points_strict,Two new councillors have been elected in a by-election in the City of Edinburgh.,A by-election has been held in the Leith Walk by-election in Edinburgh.,1356,12,14,0.8571428571428571,0,0.5517241379310344,0.2962962962962963,0.4137931034482759,0.927693247795105,0.9323288202285768,0.9300052523612976
37508085,business,bullet_points_strict,"Russia has said it will carry on bombing rebel-held eastern Aleppo in Syria, defying US demands to stop.",Russia has said it will continue to support the Syrian rebels after the partial ceasefire collapsed last week.,3241,18,18,1.0,0,0.3243243243243243,0.2285714285714285,0.3243243243243243,0.91120183467865,0.9068492650985718,0.9090203642845154
38466964,politics,bullet_points_strict,"The expulsion of 35 Russian diplomats from the US over the email hacking scandal has drawn a barrage of abuse from Moscow, which seems poised to respond in kind.",The US administration has announced a new wave of sanctions against Russia.,4119,12,29,0.4137931034482758,0,0.2439024390243903,0.0512820512820512,0.2439024390243903,0.91512793302536,0.8704514503479004,0.8922306895256042
34218673,tech,bullet_points_strict,Fire crews are expected to leave the site of the Shoreham Airshow disaster later after spending nearly three weeks at the scene of the crash.,The West Sussex Fire and Rescue Service has said it has completed its work at the Shoreham Air Show.,2232,19,25,0.76,0,0.2272727272727272,0.0952380952380952,0.1363636363636363,0.9032549858093262,0.8940948247909546,0.8986515402793884
40191593,business,bullet_points_strict,"The US director of national intelligence has said he ""never felt pressured"" to influence the inquiry into Russia's political meddling.",The chief of the NSA has said he is willing to testify about his interactions with President Trump.,3839,18,20,0.9,0,0.358974358974359,0.1081081081081081,0.3076923076923076,0.9118189215660096,0.8824053406715393,0.896871030330658
33144298,entertainment,bullet_points_strict,White House officials will not say whether pop star Prince performed at a weekend party at the executive residence despite guests posting about it on social media.,The Obamas have held a private party at the White House.,606,11,27,0.4074074074074074,0,0.3157894736842105,0.1666666666666666,0.2105263157894736,0.914752960205078,0.8681491613388062,0.8908419609069824
34833729,business,bullet_points_strict,These roads in Northern Ireland are closed due to poor weather conditions as of Friday 15 January.,"Derrygonnelly is a town in County Down, Northern Ireland.",172,9,17,0.5294117647058824,0,0.2307692307692307,0.0833333333333333,0.2307692307692307,0.8506965041160583,0.8505081534385681,0.8506023287773132
39806255,entertainment,bullet_points_strict,A church in West Yorkshire has recruited a new vicar following a video job advertisement sung by a choir of children.,A video of a new vicar at a church has gone viral.,864,12,21,0.5714285714285714,0,0.5454545454545454,0.2580645161290322,0.303030303030303,0.9398490786552428,0.9015772342681884,0.920315444469452
36043765,entertainment,bullet_points_strict,A seal found tangled in nets on an Aberdeenshire beach has been returned to the sea.,A grey seal has been freed after netting was tangled around its neck.,819,13,16,0.8125,0,0.3448275862068966,0.074074074074074,0.2758620689655172,0.916252851486206,0.8907853364944458,0.9033396244049072
36101502,entertainment,bullet_points_strict,We go behind the scenes with singer Laura Mvula as she prepares to debut her new material and kick off the 48th series of Later... with Jools Holland.,"""I'd rather die. That's how I feel sometimes.""",8441,8,28,0.2857142857142857,0,0.0,0.0,0.0,0.8385130763053894,0.8120930790901184,0.8250916004180908
35714830,business,bullet_points_strict,"League Two Exeter City made a profit of over £1.6m last year, according to the club's latest accounts.",Exeter City have reported a profit of £1.642m after a £1.75m transfer to Swansea City.,1132,15,18,0.8333333333333334,0,0.3783783783783783,0.1714285714285714,0.3783783783783783,0.9206113219261168,0.9084262847900392,0.9144781827926636
