id,genre,prompt_name,reference_summary,generated_summary,source_length_chars,generated_length_words,reference_length_words,compression_ratio,is_bullet_format,rouge1,rouge2,rougeL,bertscore_precision,bertscore_recall,bertscore_f1
38264402,tech,bullet_points_3_shot,"There is a ""chronic"" need for more housing for prison leavers in Wales, according to a charity.","The number of people who are homeless in Wales is ""disappointing"", a charity has said.",3525,15,17,0.8823529411764706,0,0.3125,0.13333333333333333,0.25,0.9122166633605957,0.9157290458679199,0.9139695167541504
34227252,entertainment,bullet_points_3_shot,"A man has appeared in court after firearms, ammunition and cash were seized by police in Edinburgh.",A 26-year-old man has appeared in court charged with armed robbery in Edinburgh.,287,13,17,0.7647058823529411,0,0.5,0.3333333333333333,0.5,0.9296108484268188,0.9182326793670654,0.9238867163658142
38537698,tech,bullet_points_3_shot,"Four people accused of kidnapping and torturing a mentally disabled man in a ""racially motivated"" attack streamed on Facebook have been denied bail.",Four teenagers have been charged with hate crimes after a white man was beaten to death in Chicago.,1488,18,23,0.782608695652174,0,0.2926829268292683,0.05128205128205128,0.1951219512195122,0.9115617871284485,0.8844709396362305,0.8978120684623718
36175342,sport,bullet_points_3_shot,"West Brom have appointed Nicky Hammond as technical director, ending his 20-year association with Reading.",West Bromwich Albion have appointed West Brom's former youth academy director as their new director of football.,313,17,15,1.1333333333333333,0,0.35294117647058826,0.125,0.29411764705882354,0.9187742471694946,0.8959306478500366,0.9072086811065674
39070183,tech,bullet_points_3_shot,"The pancreas can be triggered to regenerate itself through a type of fasting diet, say US researchers.","Summary: Using a ""fasting-mimicking"" diet can reverse the symptoms of type 1 and type 2 diabetes, a study suggests.",3585,19,17,1.1176470588235294,0,0.37837837837837834,0.0,0.16216216216216214,0.8585860729217529,0.888371467590332,0.8732248544692993
38899892,business,bullet_points_3_shot,"Since their impending merger was announced in January, there has been remarkably little comment about the huge proposed deal to combine Essilor and Luxottica.","If you're looking for a good deal on a merger between two of the world's biggest companies, there's a good chance you'll find it.",6147,24,24,1.0,0,0.15384615384615383,0.0,0.07692307692307691,0.8684709668159485,0.8646644949913025,0.8665635585784912
39339718,sport,bullet_points_3_shot,"A ""medal at any cost"" approach created a ""culture of fear"" at British Cycling, says former rider Wendy Houvenaghel.","British Cycling chief executive Wendy Houvenaghel has said she feels ""vindicated"" by the organisation's failures in the World Class Programme.",5432,20,19,1.0526315789473684,0,0.2,0.10526315789473685,0.2,0.9131338596343994,0.9117225408554077,0.9124276638031006
34571446,business,bullet_points_3_shot,Have you heard the one about the computer programmer who bought a failing comedy club in Texas and turned it into a million dollar a year business?,A comedy club in the US has a reputation for being one of the best in the country.,5950,18,27,0.6666666666666666,0,0.3555555555555555,0.0930232558139535,0.22222222222222224,0.8832072615623474,0.8648708462715149,0.8739429116249084
36892983,business,bullet_points_3_shot,"The reaction from BT's investors told us much about media regulator Ofcom's ruling on the fate of Openreach, the BT subsidiary that provides much of the UK's broadband infrastructure.","BT's share price soared in the early hours of Thursday morning, as the company's rivals sat down to discuss the future of the telecoms giant.",2398,25,29,0.8620689655172413,0,0.3050847457627119,0.07017543859649122,0.23728813559322032,0.8837037682533264,0.8754042983055115,0.8795344233512878
37732028,sport,bullet_points_3_shot,Manager Brendan Rodgers is sure Celtic can exploit the wide open spaces of Hampden when they meet Rangers in Sunday's League Cup semi-final.,Brendan Rodgers says he is looking forward to his first Old Firm derby with Celtic on Saturday.,2239,17,23,0.7391304347826086,0,0.19047619047619052,0.05,0.19047619047619052,0.9108632206916809,0.8870556354522705,0.898801863193512
32300397,business,bullet_points_3_shot,Queen's University Belfast is cutting 236 jobs and 290 student places due to a funding reduction.,"The University of Queen's in Belfast has announced it will cut its undergraduate and postgraduate places by 1,010 over the next three years.",2309,23,16,1.4375,0,0.28571428571428564,0.05,0.2380952380952381,0.9028245210647583,0.9201194643974304,0.9113900065422058
32672009,tech,bullet_points_3_shot,Hospital bosses in Sussex have apologised after about 850 patients were sent leaflets in error suggesting they might have cancer.,An NHS trust has apologised after 850 leaflets were mistakenly inserted with an appointment letter.,1318,15,20,0.75,0,0.28571428571428575,0.06060606060606061,0.2285714285714286,0.9239463806152344,0.9083549976348877,0.916084349155426
38872899,politics,bullet_points_3_shot,The shadow foreign secretary has suggested Labour will continue to support legislation paving the way for Brexit as it passes through Parliament.,"Labour's shadow cabinet leader has said she will not ""frustrate Brexit"" if it fails to back the Brexit bill.",3157,19,22,0.8636363636363636,0,0.380952380952381,0.0,0.28571428571428564,0.8906546235084534,0.903144359588623,0.8968560695648193
37248643,sport,bullet_points_3_shot,Torquay United boss Kevin Nicholson says none of the money from Eunan O'Kane's move to Leeds from Bournemouth will go to the playing squad.,"The Gulls have agreed a deal to sell midfielder Sean O'Kane to the Cherries for £8m, according to manager Mark Nicholson.",625,21,24,0.875,0,0.2916666666666667,0.08695652173913043,0.20833333333333331,0.8998379707336426,0.8832974433898926,0.8914909958839417
38521798,tech,bullet_points_3_shot,North Wales Police has been criticised at an inquest for sending an officer to speak to a hospital patient with paranoid schizophrenia.,"A psychiatric consultant has said he is ""extremely unhappy"" about a visit by a police officer to a ward at a hospital.",1314,22,22,1.0,0,0.3181818181818182,0.14285714285714285,0.22727272727272727,0.9026289582252502,0.9021520018577576,0.9023904204368591
29771956,sport,bullet_points_3_shot,Leicester City striker Gary Taylor-Fletcher has joined Sheffield Wednesday on an initial month-long loan.,Leicester City have re-signed midfielder Chris Taylor-Fletcher on a one-year contract.,343,11,14,0.7857142857142857,0,0.3333333333333333,0.14285714285714288,0.3333333333333333,0.9367783069610596,0.9306989908218384,0.9337286949157715
38322594,politics,bullet_points_3_shot,"Limiting access to federal research would do an ""enormous disservice"" to the US and the world according to former Nasa chief scientist.",The chief scientist at Nasa has warned that the US government should stop allowing scientists to access government data.,5964,19,22,0.8636363636363636,0,0.3902439024390244,0.10256410256410256,0.14634146341463414,0.9227363467216492,0.8884395956993103,0.9052632451057434
35194738,entertainment,bullet_points_3_shot,"John ""Brad"" Bradbury, drummer with The Specials, has died at the age of 62.",The Specials drummer John 'Brad' Bradbury has died at the age of 84.,2284,13,14,0.9285714285714286,0,0.888888888888889,0.64,0.6666666666666666,0.9817701578140259,0.9701306819915771,0.9759156703948975
38781058,sport,bullet_points_3_shot,"Tiger Woods missed the cut at the Farmers Insurance Open, as England's Justin Rose maintained a one-shot lead.",Woods missed the cut at the US Open as he missed the cut by four shots as he missed the cut at Torrey Pines.,1084,24,18,1.3333333333333333,0,0.3636363636363636,0.28571428571428575,0.3636363636363636,0.8944725394248962,0.8870274424552917,0.8907344341278076
40181128,sport,bullet_points_3_shot,"Former England striker Andy Cole says he faces a ""long road ahead"" as he recovers from his recent kidney transplant.","Manchester United striker Wayne Cole says he has a ""long road ahead"" after a kidney transplant.",1760,16,20,0.8,0,0.5555555555555556,0.35294117647058826,0.5555555555555556,0.9690411686897278,0.9576982259750366,0.9633362889289856
35345872,tech,bullet_points_3_shot,"Pakistan has unblocked the video sharing site, YouTube, more than three years after it was banned for posting a video deemed insulting to Islam.",Pakistan's government has lifted a ban on YouTube in the country.,2050,11,24,0.4583333333333333,0,0.2777777777777778,0.0,0.16666666666666666,0.9254280924797058,0.8704209923744202,0.8970820903778076
32148941,sport,bullet_points_3_shot,"Leicester Tigers winger Miles Benjamin is likely to be out for the rest of the season because of a knee injury, reports BBC Radio Leicester.",Leicester's Ben Benjamin will miss the rest of the season after suffering a neck injury.,676,15,25,0.6,0,0.43902439024390244,0.2051282051282051,0.43902439024390244,0.9521404504776001,0.9195141196250916,0.9355429410934448
37066439,sport,bullet_points_3_shot,Owain Doull has won Wales' first gold of the 2016 Olympics as he helped the Great Britain men's team pursuit defend their cycling title in Rio.,Great Britain's Mark Doull has won his first Olympic gold medal as he helped Great Britain beat Australia in the final of the World Championships in Rio.,2573,27,26,1.0384615384615385,0,0.5818181818181818,0.2641509433962264,0.43636363636363634,0.9242391586303711,0.8946059346199036,0.9091811776161194
40787080,tech,bullet_points_3_shot,"Floods in the western Indian state of Gujarat have killed 218 people, government officials have confirmed.","The death toll from floods in Gujarat state has risen to more than 100 people, officials say.",755,17,16,1.0625,0,0.42424242424242425,0.06451612903225808,0.30303030303030304,0.9285959005355835,0.9357650876045227,0.9321666955947876
39192648,sport,bullet_points_3_shot,All images copyrighted.,"The wedding of a couple on skis has been a ""no-brainer"" for the couple.",2058,14,3,4.666666666666667,0,0.0,0.0,0.0,0.8435205221176147,0.869655191898346,0.856388509273529
27119429,business,bullet_points_3_shot,"Royal Bank of Scotland (RBS) has been fined HK$6m (£460,000) by Hong Kong regulators after it failed to detect a series of unauthorised transactions by one of its traders.",Hong Kong's Royal Bank of Scotland (RBS) has been fined a record amount by the Hong Kong Securities and Exchange Commission (HKSEC).,1574,22,29,0.7586206896551724,0,0.4444444444444444,0.30769230769230765,0.40740740740740744,0.9167636036872864,0.8820927143096924,0.8990941047668457
38952672,politics,bullet_points_3_shot,"The Bafta awards had laughter, passion and plenty of politics.",Summary: - It's a whirlwind at the Baftas. - It's a whirlwind at the Baftas.,4391,15,10,1.5,0,0.08,0.0,0.08,0.8948071599006653,0.8934528231620789,0.8941294550895691
40458642,sport,bullet_points_3_shot,"Of his last 30 matches in 2016, Andy Murray won 28 and lost just two.",Summary: Defending champion Andy Murray has a long way to go in his career.,4120,14,15,0.9333333333333333,0,0.2758620689655172,0.07407407407407408,0.1379310344827586,0.8965526223182678,0.8577280044555664,0.8767107129096985
39935147,entertainment,bullet_points_3_shot,South African police say four people have been arrested in connection with the murder of former actor on popular local TV series Generations.,Police in South Africa are questioning a man who was shot dead after a night out with his girlfriend.,601,19,23,0.8260869565217391,0,0.1904761904761905,0.0,0.14285714285714288,0.9059473276138306,0.8873328566551208,0.8965435028076172
34911128,tech,bullet_points_3_shot,"A shot was reportedly fired at a car outside a primary school in Liverpool as parents were taking their children inside, police have said.",A school shooting at a primary school in Merseyside is being investigated by police.,1163,14,24,0.5833333333333334,0,0.3684210526315789,0.2222222222222222,0.3684210526315789,0.9257766604423523,0.8989096879959106,0.9121454358100891
32950992,sport,bullet_points_3_shot,Jessica Ennis-Hill has fallen from fourth to eighth place after six events at the Hypo-Meeting in Gotzis.,Great Britain's Katie Ennis-Hill has won her first heptathlon at the Gotzis Hypo-Meeting.,866,13,17,0.7647058823529411,0,0.45714285714285713,0.2424242424242424,0.39999999999999997,0.9300646781921387,0.9229880571365356,0.9265128970146179
38772098,sport,bullet_points_3_shot,The Manor team have collapsed after administrators failed to find a buyer for the stricken business.,The owners of Manor Racing have said they will not be able to continue running the team until a buyer is found.,3306,22,16,1.375,0,0.4210526315789474,0.05555555555555555,0.3157894736842105,0.8869075775146484,0.8979098796844482,0.8923748135566711
38914203,politics,bullet_points_3_shot,A total of 228 candidates will contest the Northern Ireland Assembly election next month - 48 fewer than last time.,There are a total of 228 candidates in the assembly election in Northern Ireland.,893,14,20,0.7,0,0.6060606060606061,0.3870967741935484,0.48484848484848486,0.9633104205131531,0.9131302237510681,0.937549352645874
37624408,business,bullet_points_3_shot,"With the value of the pound falling dramatically since Brexit, a ""flash crash"" last week when the currency lost 6% of its value against the dollar, and news on Tuesday that the pound had fallen again, when would be a good time to change those pounds to dollars?",The BBC has asked readers to share their questions about the pound and the FTSE 100.,2104,16,48,0.3333333333333333,0,0.1875,0.03225806451612903,0.15625,0.8663879632949829,0.8445032835006714,0.8553056120872498
34631268,entertainment,bullet_points_3_shot,A philosophy student who wears vintage clothing has won a national contest for alternative models.,The winner of the Alternative Model of the Year contest has said she has never thought she could be a model.,988,21,15,1.4,0,0.2222222222222222,0.0,0.1111111111111111,0.8900538086891174,0.898742139339447,0.8943768739700317
36792661,politics,bullet_points_3_shot,Plans to move a statue depicting a Royal Marine in the Falklands conflict away from Portsmouth seafront have been criticised.,A statue of a Royal Marine marching across the Falklands during the Falklands War has been voted down by a Portsmouth council.,1798,22,20,1.1,0,0.4285714285714286,0.2,0.380952380952381,0.9317223429679871,0.9276811480522156,0.9296973347663879
18298438,tech,bullet_points_3_shot,A suspected terrorist has been charged with breaching conditions imposed as part of the government's new terror monitoring powers.,A British man has appeared in court charged with breaching a terror prevention order.,1887,14,19,0.7368421052631579,0,0.3529411764705882,0.125,0.3529411764705882,0.9311107397079468,0.9100844860076904,0.920477569103241
39064994,sport,bullet_points_3_shot,Sussex have appointed former player James Anyon as head coach of their women's side.,Sussex women's cricket coach Seamer Anyon has been appointed as the club's new head coach.,715,15,14,1.0714285714285714,0,0.5,0.13333333333333333,0.3125,0.9402861595153809,0.9418030381202698,0.9410440325737
33826440,sport,bullet_points_3_shot,League One side Bury have signed former Barnsley defender Reece Brown on a six-month contract.,Bury have re-signed midfielder Ben Brown on a two-year deal.,399,10,15,0.6666666666666666,0,0.42857142857142855,0.23076923076923075,0.42857142857142855,0.9541653394699097,0.9245930910110474,0.9391464591026306
32032471,entertainment,bullet_points_3_shot,"In recent years, Hollywood remakes and re-imaginings of classic fairytales have come thick and fast - all darker, more adult versions of tales that originally appeared in cinemas.",Cinderella is a classic fairytale - but it's also a modern version of Frozen.,4518,14,28,0.5,0,0.09523809523809523,0.0,0.09523809523809523,0.9103156328201294,0.8638930916786194,0.8864970207214355
39847422,politics,bullet_points_3_shot,"Performers from 42 countries strode down a long red carpet near Ukraine's parliament this week, as a curtain-raiser to this year's Eurovision Song Contest.",It was a dream come true.,4849,6,24,0.25,0,0.06060606060606061,0.0,0.06060606060606061,0.8761802315711975,0.8196240663528442,0.8469589948654175
12396322,entertainment,bullet_points_3_shot,It was 50 years ago today that The Beatles played their first gig at the Cavern Club in Liverpool - the venue where the band built their reputation and where Beatlemania was born.,Summary: - The Beatles were the epitome of rebellion in Liverpool - they danced out of step on purpose.,3965,19,33,0.5757575757575758,0,0.20408163265306123,0.0851063829787234,0.20408163265306123,0.8813106417655945,0.8620777130126953,0.8715880513191223
38052755,politics,bullet_points_3_shot,"South Africa's government has proposed a national minimum wage of 3,500 rand ($242; Â£199) a month.","South Africa has announced a proposed national minimum wage of at least 4,500 rand.",1902,14,16,0.875,0,0.6666666666666666,0.3225806451612903,0.606060606060606,0.9636521339416504,0.8879756927490234,0.9242674708366394
19341954,politics,bullet_points_3_shot,The death of Ethiopian Prime Minister Meles Zenawi has thrown the populous Horn of Africa giant into a period of deep uncertainty and created a serious leadership vacuum in the region with profound geopolitical implications.,"Outraged by the death of Ethiopia's former guerilla leader Meles Zenawi, the West has a hard time assessing his legacy.",7822,20,35,0.5714285714285714,0,0.2857142857142857,0.11111111111111112,0.25,0.8934020400047302,0.8802502751350403,0.8867773413658142
38435201,sport,bullet_points_3_shot,Azhar Ali's unbeaten 66 helped Pakistan to reach 142-4 against Australia on a rain-affected first day of the Boxing Day Test in Melbourne.,Australia batsman Azhar Azhar scored a century as Australia beat Pakistan by three wickets at the MCG to end the three-Test series.,871,22,23,0.9565217391304348,0,0.28571428571428575,0.0,0.20408163265306123,0.8983877897262573,0.8834354281425476,0.8908489346504211
34218922,politics,bullet_points_3_shot,Two new councillors have been elected in a by-election in the City of Edinburgh.,The SNP has won a seat in the Edinburgh North and Leith Walk by-election.,1345,14,14,1.0,0,0.4000000000000001,0.14285714285714285,0.26666666666666666,0.9012054204940796,0.9307658076286316,0.9157471656799316
37508085,business,bullet_points_3_shot,"Russia has said it will carry on bombing rebel-held eastern Aleppo in Syria, defying US demands to stop.","Russia's foreign ministry has said it is ""irrational"" to be sitting there trying to take things seriously in the context of the Syrian civil war.",3220,25,18,1.3888888888888888,0,0.26666666666666666,0.09302325581395349,0.2222222222222222,0.8708029389381409,0.8803215026855469,0.8755363821983337
36376666,sport,bullet_points_3_shot,Wales Under-20 Grand Slam winners Shaun Evans and Dafydd Hughes have signed their first professional contracts with Scarlets.,Wales have signed Llandudno and Scarlets fly-half Rory Hughes and winger Ben Evans on loan until the end of the season.,473,21,18,1.1666666666666667,0,0.3414634146341463,0.05128205128205128,0.1951219512195122,0.8697364926338196,0.8743563890457153,0.8720402717590332
38466964,politics,bullet_points_3_shot,"The expulsion of 35 Russian diplomats from the US over the email hacking scandal has drawn a barrage of abuse from Moscow, which seems poised to respond in kind.",The White House has announced a new wave of sanctions against Russia.,4103,12,29,0.41379310344827586,0,0.1951219512195122,0.0,0.1951219512195122,0.9095224738121033,0.8669135570526123,0.887706995010376
39883016,politics,bullet_points_3_shot,Scrapping tuition fees in England is the biggest and most expensive proposal in Labour's £25bn worth of pledges for education.,Labour's manifesto says it is going for an all-or-nothing approach to university tuition.,5523,13,20,0.65,0,0.27027027027027023,0.05714285714285715,0.16216216216216214,0.8942077159881592,0.8696309328079224,0.8817480802536011
34218673,tech,bullet_points_3_shot,Fire crews are expected to leave the site of the Shoreham Airshow disaster later after spending nearly three weeks at the scene of the crash.,The West Sussex Fire and Rescue Service has said it has completed its work at the Shoreham Air Show.,2219,19,25,0.76,0,0.22727272727272727,0.09523809523809525,0.13636363636363635,0.9032549262046814,0.8940948247909546,0.8986515402793884
40191593,business,bullet_points_3_shot,"The US director of national intelligence has said he ""never felt pressured"" to influence the inquiry into Russia's political meddling.","The director of the NSA has said he is ""not willing to share information I think ought to be protected"".",3816,20,20,1.0,0,0.3902439024390244,0.15384615384615385,0.3414634146341463,0.894249439239502,0.8881310224533081,0.8911797404289246
33144298,entertainment,bullet_points_3_shot,White House officials will not say whether pop star Prince performed at a weekend party at the executive residence despite guests posting about it on social media.,"The Obamas have held a private party in New York, the White House has said.",601,15,27,0.5555555555555556,0,0.23809523809523808,0.05,0.14285714285714285,0.8950771689414978,0.8663284778594971,0.8804681897163391
34833729,business,bullet_points_3_shot,These roads in Northern Ireland are closed due to poor weather conditions as of Friday 15 January.,The following roads are in County Antrim:,167,7,17,0.4117647058823529,0,0.25,0.0,0.16666666666666666,0.9064326882362366,0.8602216243743896,0.882722795009613
39976706,tech,bullet_points_3_shot,Approximately one in four of us will experience a mental health problem each year in England.,"If you've been struggling with mental health problems for a long time, you've probably been eating too much junk food.",5339,20,16,1.25,0,0.15789473684210525,0.05555555555555555,0.10526315789473685,0.8783837556838989,0.880126416683197,0.8792542815208435
31864223,tech,bullet_points_3_shot,US investigators have closed an inquiry into whether To Kill A Mockingbird author Harper Lee was pressured into publishing a sequel.,"The publisher of To Kill a Mockingbird has announced that it will publish a new book, Go Set a Watchman.",1290,20,21,0.9523809523809523,0,0.24390243902439024,0.15384615384615385,0.24390243902439024,0.8985655307769775,0.8938183784484863,0.8961856961250305
37546354,politics,bullet_points_3_shot,"The US has said it is suspending talks with Russia over Syria, accusing Moscow of having ""failed to live up"" to its commitments under a ceasefire deal.",The US has suspended talks between Russia and the Syrian government over the collapse of a ceasefire in northern Syria.,2761,20,27,0.7407407407407407,0,0.425531914893617,0.13333333333333333,0.3829787234042553,0.9366283416748047,0.9130656123161316,0.9246968626976013
36233379,politics,bullet_points_3_shot,"Labour's Sadiq Khan has been elected Mayor of London, becoming the city's first Muslim mayor.",London's first Muslim mayor has been elected to the London City Council.,3029,12,15,0.8,0,0.6666666666666667,0.35714285714285715,0.4000000000000001,0.9463124871253967,0.9243742227554321,0.9352146983146667
39806255,entertainment,bullet_points_3_shot,A church in West Yorkshire has recruited a new vicar following a video job advertisement sung by a choir of children.,A video of a new vicar at a church in Hampshire has gone viral.,857,14,21,0.6666666666666666,0,0.5714285714285714,0.30303030303030304,0.2857142857142857,0.9420353174209595,0.9087072014808655,0.925071120262146
35425113,sport,bullet_points_3_shot,Manchester City midfielder Kevin de Bruyne says he will be out for about 10 weeks after injuring his right knee during Wednesday's League Cup semi-final victory over Everton.,Manchester City midfielder Kevin de Bruyne has apologised to Everton goalkeeper Joel Robles after he suffered a hamstring injury.,1185,19,28,0.6785714285714286,0,0.3673469387755102,0.21276595744680854,0.2857142857142857,0.9245740175247192,0.886491596698761,0.9051324129104614
37077138,tech,bullet_points_3_shot,"A 34-year-old woman who was injured in an attack by a knifeman on a Swiss train has died in hospital, police say.",A man has been killed in a knife attack on a train in the Swiss canton of St Gallen.,1107,19,22,0.8636363636363636,0,0.46511627906976744,0.04878048780487805,0.32558139534883723,0.9184361696243286,0.9149537682533264,0.9166916012763977
37042796,tech,bullet_points_3_shot,"A ""reckless drone operator"" is being sought by police after reports of a ""near miss"" between a drone and plane.","A drone has flown close to a passenger aircraft in a ""complete disregard"" for public safety, police have said.",2086,19,20,0.95,0,0.25641025641025644,0.05405405405405406,0.20512820512820512,0.9146538972854614,0.9166181087493896,0.9156349301338196
36043765,entertainment,bullet_points_3_shot,A seal found tangled in nets on an Aberdeenshire beach has been returned to the sea.,A seal has been freed after being tangled in netting on a beach.,813,13,16,0.8125,0,0.5517241379310345,0.22222222222222224,0.41379310344827586,0.9544841051101685,0.9104540348052979,0.9319493174552917
30095443,tech,bullet_points_3_shot,"A lifetime of diaries, letters and photographs of a man described as a cross between Indiana Jones, James Bond and Graham Greene has opened to the public.","A collection of more than 7,000 items from the life of a famous writer has been catalogued.",2058,17,27,0.6296296296296297,0,0.26666666666666666,0.04651162790697675,0.22222222222222224,0.8886306285858154,0.8609516024589539,0.8745720982551575
34801085,politics,bullet_points_3_shot,Regional official Tim Roache has been elected to become the new general secretary of the GMB union.,The General Secretary of the GMB has been elected as the new general secretary of the union.,1041,17,17,1.0,0,0.6470588235294118,0.5,0.5882352941176471,0.9604276418685913,0.931449294090271,0.9457165598869324
36101502,entertainment,bullet_points_3_shot,We go behind the scenes with singer Laura Mvula as she prepares to debut her new material and kick off the 48th series of Later... with Jools Holland.,Summary: 'I'm naturally terrified.',8387,4,28,0.14285714285714285,0,0.0,0.0,0.0,0.8445355296134949,0.8125669360160828,0.828242838382721
31991181,sport,bullet_points_3_shot,"Newcastle midfielder Jonas Gutierrez says he feels ""born again"" following his return to Premier League action after overcoming testicular cancer.","Newcastle United midfielder Jonas Gutierrez says he is ""born again"" after being diagnosed with cancer.",2417,15,20,0.75,0,0.5714285714285715,0.30303030303030304,0.5714285714285715,0.9615588784217834,0.9358572959899902,0.9485340714454651
35714830,business,bullet_points_3_shot,"League Two Exeter City made a profit of over £1.6m last year, according to the club's latest accounts.",Exeter City have reported a net profit of £1.7m after the sale of a player to Swansea City.,1126,18,18,1.0,0,0.41025641025641024,0.10810810810810811,0.358974358974359,0.9288901090621948,0.9229469895362854,0.9259089827537537
40577419,sport,bullet_points_3_shot,Para-athlete Abdullah Hayayei died after a metal throwing cage fell on him during training.,A Paralympic athlete has died after a throwing cage collapsed on his head.,2372,13,14,0.9285714285714286,0,0.5,0.23076923076923075,0.5,0.9317402839660645,0.9046012163162231,0.9179701805114746
38671871,business,bullet_points_3_shot,"Manufacturers have reported positive business trends, in the latest survey from the Scottish Chambers of Commerce.","The Scottish economy has seen a sharp contraction in the past year, according to the Chambers of Commerce.",2671,18,16,1.125,0,0.411764705882353,0.25,0.35294117647058826,0.9195729494094849,0.9099252820014954,0.9147236943244934
33682768,tech,bullet_points_3_shot,"The public inquiry into undercover policing may ""expose both creditable and discreditable conduct"", chairman Lord Justice Pitchford has warned.",A Home Office inquiry into undercover policing has been ordered by the Home Office.,5314,14,19,0.7368421052631579,0,0.36363636363636365,0.1935483870967742,0.30303030303030304,0.9085962772369385,0.8509500026702881,0.8788288235664368
34594462,sport,bullet_points_3_shot,Reigning champions New Zealand are into their fourth World Cup final after slogging past South Africa in another Twickenham epic.,Summary: - The All Blacks beat South Africa to reach the World Cup quarter-finals. - The All Blacks beat New Zealand to reach the quarter-finals.,5301,25,20,1.25,0,0.2666666666666666,0.13953488372093023,0.08888888888888889,0.8885930180549622,0.8637932538986206,0.8760176301002502
32719212,tech,bullet_points_3_shot,A computer model of one of the world's tallest three-sided obelisks is being made to find out why it is falling apart.,The National Trust has begun a detailed survey of a tower which has been struck by lightning twice in its history.,1310,21,22,0.9545454545454546,0,0.13333333333333333,0.0,0.08888888888888889,0.896616518497467,0.8863028287887573,0.8914297819137573
37427024,tech,bullet_points_3_shot,Profit jumped at Zara owner Inditex in the first half of the year as the firm opened new stores and invested in online.,"Inditex, the world's biggest clothing retailer, has reported a sharp rise in profits.",2209,13,23,0.5652173913043478,0,0.16216216216216214,0.0,0.16216216216216214,0.9139805436134338,0.8854023218154907,0.89946448802948
38858289,entertainment,bullet_points_3_shot,"Lady Gaga is leading the pitch invasion at Sunday's Super Bowl, where she'll perform the all-important half-time show.","Summary: 'It's been a long time since I've seen a Super Bowl,' says Gaga.",5279,14,18,0.7777777777777778,0,0.2631578947368421,0.05555555555555555,0.15789473684210525,0.8692241311073303,0.8660128712654114,0.8676155209541321
40478071,business,bullet_points_3_shot,"A victim of the Rochdale grooming gang says the convictions were still ""not fazing"" Asian child sex abusers.","A woman who was abused by the Rochdale sex exploitation gang has said she is ""not bothering them"".",2590,18,18,1.0,0,0.3333333333333333,0.058823529411764705,0.2777777777777778,0.9229177236557007,0.9035189151763916,0.9131153225898743
36568118,business,bullet_points_3_shot,"John Lewis's Nottingham store is to remain closed longer than expected after 80,000 litres of hot water leaked from a ruptured heating pipe.","Water has flooded a shopping centre in Belfast, causing a ceiling to collapse.",573,13,23,0.5652173913043478,0,0.15789473684210525,0.0,0.10526315789473685,0.9041723012924194,0.8630303144454956,0.8831223845481873
39950399,tech,bullet_points_3_shot,"Bots appear to be spamming a US regulator's website over a proposed reversal of net neutrality rules, researchers have said.","The internet has been flooded with comments on net neutrality proposals, a study suggests.",3034,14,20,0.7,0,0.17142857142857143,0.060606060606060615,0.11428571428571427,0.9240793585777283,0.903515100479126,0.9136815071105957
36269210,sport,bullet_points_3_shot,New Sale Sharks chairman Fran Cotton has conceded they must work to restore their relationship with some fans.,"Sale have a ""precious thing"" to rebuild after a poor start to the season, says former England and British and Irish Lions prop Mark Cotton.",2116,25,18,1.3888888888888888,0,0.13953488372093023,0.0,0.09302325581395349,0.8476448655128479,0.878452718257904,0.8627738356590271
38128851,business,bullet_points_3_shot,Disney's latest animation Moana dominated the Thanksgiving box office over the five-day US holiday weekend.,"Disney's Moana has topped the US Thanksgiving box office, taking a record $7.8m (£7.8m) on its opening weekend.",1799,18,15,1.2,0,0.4736842105263158,0.16666666666666663,0.42105263157894735,0.8937478065490723,0.928446352481842,0.9107667803764343
36852433,sport,bullet_points_3_shot,British number one Johanna Konta reached the quarter-finals of the Bank of the West Classic in Stanford with a straight-set win over Julia Boserup.,Britain's Johanna Konta clinched a first-round berth at the Australian Open with a 6-3 6-1 win over France's Angelique Kerber.,314,20,24,0.8333333333333334,0,0.27450980392156865,0.12244897959183673,0.27450980392156865,0.9003376960754395,0.8954200744628906,0.8978720903396606
32188366,tech,bullet_points_3_shot,"Two men have been assaulted in Larne, County Antrim, by a gang armed with baseball bats and a hatchet.",Two men have been taken to hospital after a robbery at a house in Dundee.,227,15,19,0.7894736842105263,0,0.4117647058823529,0.1875,0.35294117647058826,0.9226711988449097,0.8876912593841553,0.904843270778656
30632453,tech,bullet_points_3_shot,"The Ebola victim who is believed to have triggered the current outbreak - a two-year-old boy called Emile Ouamouno from Guinea - may have been infected by playing in a hollow tree housing a colony of bats, say scientists.",Scientists in Guinea say they have found a link between the Ebola virus and a tree stump in a small village.,2637,21,39,0.5384615384615384,0,0.36666666666666664,0.06896551724137931,0.16666666666666666,0.9035967588424683,0.8593711256980896,0.8809292316436768
38597885,sport,bullet_points_3_shot,Stuart Bingham may pull out of the Masters if his wife goes into labour with their third child.,The world number one has said he has no idea if his wife will give birth before his first-round game against Joe Perry on Sunday.,1078,25,18,1.3888888888888888,0,0.18181818181818185,0.09523809523809526,0.18181818181818185,0.8708823323249817,0.8914159536361694,0.8810295462608337
38966888,business,bullet_points_3_shot,"Part of Colwyn Bay pier is to be dismantled after it collapsed into the sea, Conwy council has decided.",Plans to dismantle a section of a Grade ll pier have been approved by councillors.,751,15,19,0.7894736842105263,0,0.17647058823529413,0.0,0.11764705882352941,0.9039377570152283,0.8917288780212402,0.8977918028831482
23606507,politics,bullet_points_3_shot,A campaign group has been granted a hearing to examine the case for a judicial review of the decision to build student flats near a beauty spot.,A campaign to protect Oxford's skyline has launched a legal challenge to the University of Oxford's plans for a new block of flats.,2120,23,27,0.8518518518518519,0,0.4230769230769231,0.08,0.3846153846153846,0.9139269590377808,0.9088058471679688,0.9113591909408569
39055714,business,bullet_points_3_shot,Pupils at seven schools could have shorter days after a trust head say he may have to cut hours to save money.,"A primary school in Gloucestershire could be forced to cut its school day from September, according to a letter to parents.",2890,21,22,0.9545454545454546,0,0.23255813953488372,0.04878048780487805,0.18604651162790697,0.8901063203811646,0.8990142345428467,0.8945380449295044
35485785,politics,bullet_points_3_shot,"The Paris climate agreement could make millions of forest dwellers homeless, according to a new analysis.","The world's largest forest reserves could be destroyed by climate change, according to a new study.",2681,16,16,1.0,0,0.48484848484848486,0.19354838709677422,0.3636363636363636,0.9309680461883545,0.9263899326324463,0.9286733865737915
34001040,tech,bullet_points_3_shot,"More human remains have been found near a motorway slip road in Shropshire, police have said.",Police are continuing to investigate the discovery of a skull near a roundabout in West Mercia.,861,16,16,1.0,0,0.25,0.06666666666666667,0.1875,0.9293686747550964,0.9067474007606506,0.9179186820983887
37066389,sport,bullet_points_3_shot,Uzbekistan's Hasanboy Dusmatov won Olympic gold in the men's light-flyweight with victory over Colombian Yuberjen Herney Martinez.,Colombia's Luis Dusmatov and Sergio Martinez won bronze in the men's featherweight final at the Rio Olympics.,515,17,17,1.0,0,0.41025641025641024,0.16216216216216214,0.358974358974359,0.9173213243484497,0.8828706741333008,0.8997663259506226
36369346,business,bullet_points_3_shot,"University lecturers are due to start a two-day strike over pay, amid warnings other staff could join the dispute.",University staff at some of the UK's most prestigious universities are planning a walkout after a 5% pay rise offered by the employers.,2343,23,19,1.2105263157894737,0,0.2727272727272727,0.0,0.22727272727272727,0.8963107466697693,0.9029494524002075,0.8996179103851318
28042625,business,bullet_points_3_shot,Controversial proposals to shut a Catholic school in East Dunbartonshire are to be examined by the Scottish government.,A primary school in East Dunbartonshire is to close because of a lack of consultation.,2859,15,18,0.8333333333333334,0,0.3636363636363636,0.1935483870967742,0.3636363636363636,0.9432138204574585,0.9303526282310486,0.9367390871047974
34787804,sport,bullet_points_3_shot,Japanese footballer Kazuyoshi Miura has signed a one-year contract extension with Yokohama FC at the age of 48.,Japan international striker Kazuyoshi Miura has signed a two-year contract with the club.,1089,13,18,0.7222222222222222,0,0.5454545454545454,0.3225806451612903,0.5454545454545454,0.9575534462928772,0.9266581535339355,0.9418525099754333
40543846,politics,bullet_points_3_shot,Clashes have broken out in Indian-administered Kashmir on the anniversary of the killing of a militant leader.,"Indian security forces have surrounded a village in the disputed Indian-administered Kashmir region, a day after a wave of protests.",1389,20,17,1.1764705882352942,0,0.41025641025641024,0.1081081081081081,0.30769230769230765,0.9178706407546997,0.920509397983551,0.9191880822181702
36607475,business,bullet_points_3_shot,Economic policymakers must now decide whether and how they should respond to the UK's vote to leave the EU.,"If the UK leaves the European Union, it will be the first time that a referendum has taken place.",5216,19,19,1.0,0,0.15384615384615385,0.05405405405405406,0.15384615384615385,0.8883269429206848,0.8930005431175232,0.8906576037406921
36211762,sport,bullet_points_3_shot,Sale Sharks forward Mark Easter has announced he will retire at the end of the season to take up a teaching role.,Harlequins winger Nick Easter has left Sale to take up a teaching job at Wrekin College.,909,16,22,0.7272727272727273,0,0.47368421052631576,0.2777777777777778,0.3684210526315789,0.8960229158401489,0.9148143529891968,0.9053211212158203
39782027,tech,bullet_points_3_shot,"The quality of care on a scandal-hit ward for dementia patients may have contributed to at least seven deaths, BBC Wales can reveal.",A health board investigation into the deaths of patients at a hospital ward has been launched.,2687,16,23,0.6956521739130435,0,0.35000000000000003,0.0,0.2,0.9154093265533447,0.8907729983329773,0.9029231667518616
36103241,tech,bullet_points_3_shot,A 25-year-old man from Limavady has been jailed for knocking out two men in separate attacks on the same night.,A 26-year-old man has been jailed for a series of assaults in Londonderry.,776,13,20,0.65,0,0.4864864864864865,0.2857142857142857,0.4864864864864865,0.9423379898071289,0.9235751628875732,0.9328622221946716
30931494,sport,bullet_points_3_shot,The United States women's team goalkeeper Hope Solo has been suspended for 30 days by US Soccer following an incident during a training camp.,"The US women's national soccer team has apologised for a ""disappointing"" decision by US Soccer's world number one Hope Solo.",1290,20,24,0.8333333333333334,0,0.5106382978723404,0.17777777777777778,0.3829787234042554,0.8926104307174683,0.9102330803871155,0.901335597038269
35844158,business,bullet_points_3_shot,A barrister who was due to move into his own chambers in Huddersfield has pleaded guilty to supplying cocaine.,Four men have admitted conspiracy to supply cocaine to a private equity firm.,1271,13,19,0.6842105263157895,0,0.25,0.0,0.125,0.9083346724510193,0.8707726001739502,0.8891570568084717
37246224,tech,bullet_points_3_shot,Officers who police Scotland's railways are to be armed with Tasers in a bid to increase security on the network.,"Police in Scotland are to deploy Tasers against a man armed with a large bladed knife, the force has said.",2910,20,20,1.0,0,0.4878048780487805,0.10256410256410256,0.3902439024390244,0.8928937911987305,0.8998953700065613,0.8963808417320251
37220139,business,bullet_points_3_shot,Scottish engineering services company ID Systems Ltd has announced plans to create 120 new jobs after securing a six-figure investment from UK Steel Enterprise (UKSE).,UKSE has loaned £1m to a Glasgow-based steel company to help it expand.,1212,13,25,0.52,0,0.3,0.0,0.2,0.8972318172454834,0.8727948665618896,0.8848446607589722
38181168,sport,bullet_points_3_shot,"A Brazilian football player who survived a plane crash in Colombia on Monday is recovering and may be able to resume his career, his father says.","A Brazilian footballer has been rescued from a plane crash in Colombia, despite warnings that he might not have enough fuel.",2882,21,26,0.8076923076923077,0,0.2978723404255319,0.22222222222222224,0.2978723404255319,0.9187281727790833,0.9209759831428528,0.9198506474494934
38885462,entertainment,bullet_points_3_shot,"Actor and broadcaster Sir Tony Robinson has said plans for a tunnel near Stonehenge in Wiltshire are too ""old-fashioned"" in outlook.",A protest has taken place in Wiltshire against plans to put the A303 into a tunnel.,1757,16,21,0.7619047619047619,0,0.3157894736842105,0.1111111111111111,0.2105263157894737,0.9175727367401123,0.8713304996490479,0.8938539624214172
29240782,business,bullet_points_3_shot,Everton marked their Europa League return with a dominant victory over Germans Wolfsburg at Goodison Park.,Summary: - Everton beat Wolfsburg 2-0 at Goodison Park to reach the Europa League quarter-finals.,4455,15,16,0.9375,0,0.4375,0.20000000000000004,0.3125,0.9036675691604614,0.9285764694213867,0.9159526824951172
39928191,business,bullet_points_3_shot,Scunthorpe midfielder Neal Bishop has signed a one-year contract extension.,League One side Wigan Athletic have sacked midfielder Mark Bishop after a disappointing season.,375,14,10,1.4,0,0.32,0.0,0.23999999999999996,0.9026815891265869,0.8852890729904175,0.8939007520675659
35952861,tech,bullet_points_3_shot,A man from Croydon has been charged with murder after the death of his partner last month.,A man has appeared in court charged with the murder of his partner.,363,13,17,0.7647058823529411,0,0.6666666666666667,0.28571428571428575,0.5999999999999999,0.9632658362388611,0.930967390537262,0.946841299533844
21967739,tech,bullet_points_3_shot,"It's a sobering thought for all us carriers of the Y chromosome, but prostate cancer kills almost as many men every year as breast cancer does women.",It's a pity that prostate cancer has been neglected.,4320,9,27,0.3333333333333333,0,0.2631578947368421,0.16666666666666666,0.2631578947368421,0.9150090217590332,0.8593947291374207,0.8863303065299988
39342460,sport,bullet_points_3_shot,The Premiership's top try scorer Christian Wade scored two tries as leaders Wasps moved five points clear with a bonus-point win over Worcester.,Wasps' Christian Wade scored a hat-trick as Worcester beat Worcester to reach the final of the Super League.,2564,18,23,0.782608695652174,0,0.3636363636363636,0.09523809523809525,0.22727272727272727,0.9128002524375916,0.8840511441230774,0.898195743560791
32103205,politics,bullet_points_3_shot,"A Frenchwoman injured in the attack on Tunisia's national museum has died of her wounds, bringing the total killed in the assault by Islamists to 22.",The death of a Tunisian man in a raid on a Tunisian museum has been confirmed by French media.,1190,19,26,0.7307692307692307,0,0.34782608695652173,0.04545454545454546,0.2608695652173913,0.9083296060562134,0.8880066871643066,0.8980531692504883
37936530,politics,bullet_points_3_shot,Satellite images of Mosul have revealed how fighters from so-called Islamic State (IS) have destroyed much of the city's airport to render it unusable as Iraqi forces close in.,"The destruction of Mosul airport by Islamic State (IS) militants has left the airport worthless, according to satellite images.",2703,19,29,0.6551724137931034,0,0.39999999999999997,0.16666666666666669,0.31999999999999995,0.9407510161399841,0.9099527597427368,0.9250956773757935
32112556,tech,bullet_points_3_shot,"Network Rail has promised to do ""everything in its power"" to stop a repeat of the rail chaos at Christmas when it carries out work over Easter.",Work on the Crossrail line between Reading and Paddington is expected to be completed by the end of the Easter break.,1147,21,27,0.7777777777777778,0,0.20833333333333334,0.043478260869565216,0.16666666666666666,0.879494845867157,0.8728663921356201,0.8761680126190186
34157697,tech,bullet_points_3_shot,Permission has been given for exploratory drilling for oil and gas in the Vale of Glamorgan.,Natural Resources Wales has approved a permit for exploratory drilling on a field in Swansea.,1302,15,16,0.9375,0,0.3225806451612903,0.1379310344827586,0.3225806451612903,0.9316612482070923,0.9174808263778687,0.9245166778564453
32880098,business,bullet_points_3_shot,"Amazon, the global online retailer, is changing the way it records sales in a move that could see it paying more tax.",Amazon has announced a new branch in the UK to record sales made in Europe.,1375,15,22,0.6818181818181818,0,0.27027027027027023,0.0,0.21621621621621623,0.8859981894493103,0.8849807381629944,0.8854892253875732
35275918,politics,bullet_points_3_shot,"Junior doctors should suspend Tuesday's strike action over pay and conditions while talks continue, the chief medical officer for England has urged.",The head of the junior doctors' union has called on junior doctors to take strike action.,1697,16,22,0.7272727272727273,0,0.30769230769230765,0.10810810810810811,0.20512820512820512,0.9240990877151489,0.8869941234588623,0.905166506767273
35926534,sport,bullet_points_3_shot,Oxford United have extended the loan of right-back Jonjoe Kenny from Premier League side Everton until the end of the season.,Oxford United have signed midfielder Ben Kenny on loan until the end of the season.,387,15,21,0.7142857142857143,0,0.5945945945945945,0.4,0.5405405405405405,0.9633652567863464,0.9177339673042297,0.9399961233139038
22006912,tech,bullet_points_3_shot,A further education college in Dorset has received more than £2.88m in government funding to renovate buildings on campus.,A school in Hampshire has been awarded £1.5m for a £1.5m project to improve its facilities.,1128,16,19,0.8421052631578947,0,0.2105263157894737,0.0,0.2105263157894737,0.9284675717353821,0.9200224280357361,0.9242256879806519
28374193,sport,bullet_points_3_shot,"The family of the former footballer Jeff Astle is to meet the FA chairman next month to discuss head injuries in the game, as part of their campaign.",The family of former West Brom striker Jeff Astle have been invited to a meeting to discuss head injuries and concussions.,1548,21,28,0.75,0,0.4489795918367347,0.25531914893617025,0.4489795918367347,0.9352285265922546,0.9178704023361206,0.9264681935310364
30689144,business,bullet_points_3_shot,These days it is not enough just to be a millionaire to count yourself as one of the super-rich - you need to be worth between $50-100m (£33m-£66m).,The wealth gap between the rich and the poor in the world is growing sharply.,7643,15,28,0.5357142857142857,0,0.17777777777777776,0.0,0.08888888888888888,0.887306809425354,0.8230892419815063,0.8539924621582031
39127657,sport,bullet_points_3_shot,Brothers Ben and Tom Curry have signed five-year contracts with Sale Sharks.,Sale Sharks have signed Sale Sharks winger Tom O'Toole on loan until the end of the season.,672,17,12,1.4166666666666667,0,0.3225806451612903,0.13793103448275862,0.2580645161290323,0.8747559189796448,0.8876644372940063,0.8811628818511963
37666633,entertainment,bullet_points_3_shot,Police in Fife are searching for a man who was seen exposing himself in Dunfermline.,A 21-year-old man has been arrested on suspicion of attempted murder after a man was stabbed to death in Londonderry.,282,20,15,1.3333333333333333,0,0.21621621621621623,0.057142857142857134,0.21621621621621623,0.8863942623138428,0.8978387117385864,0.892079770565033
32856926,politics,bullet_points_3_shot,A UN conference aimed at preventing the proliferation of nuclear weapons has ended in failure after a row over a nuclear-free Middle East proposal.,Egypt has blocked a plan to hold a regional conference on Israel's nuclear weapons stockpile.,1301,15,24,0.625,0,0.2926829268292683,0.05128205128205127,0.19512195121951217,0.9111068248748779,0.9032676219940186,0.907170295715332
33935224,business,bullet_points_3_shot,"Fracking for shale gas in Wales should still be opposed despite plans to fast-track such schemes in England, the Welsh government has said.","The Welsh government has defended its support for fracking, saying it is ""unproven"" and ""unproven"".",1750,15,23,0.6521739130434783,0,0.3076923076923077,0.16216216216216214,0.2051282051282051,0.8821362257003784,0.8961882591247559,0.8891067504882812
37638479,sport,bullet_points_3_shot,"For a man often described as capricious, Tyson Fury's chaotic reign as world heavyweight champion was strangely predictable.","Summary: 'I don't know what I'm doing,' says Fury.",8981,9,18,0.5,0,0.06666666666666667,0.0,0.06666666666666667,0.8656595945358276,0.8559560775756836,0.8607805371284485
37512857,sport,bullet_points_3_shot,England coach Eddie Jones will name his 45-man Elite Player Squad squad ahead of the autumn Tests at 10:00 BST on Friday.,"England will have a number of players in their squad for the autumn Tests, according to the head coach of Wasps.",2590,21,22,0.9545454545454546,0,0.35555555555555557,0.09302325581395349,0.26666666666666666,0.906531572341919,0.8715479373931885,0.8886955976486206
33446602,entertainment,bullet_points_3_shot,A collection of paintings capturing the landscapes and legacy of life on the North East coast is going on display.,The first major exhibition of his paintings has been held in his hometown of North Shields.,1681,16,20,0.8,0,0.2777777777777778,0.0,0.22222222222222224,0.8965812921524048,0.8933966755867004,0.894986093044281
37799828,sport,bullet_points_3_shot,Hibernian's Neil Lennon believes Scott Brown retired too soon from Scotland duty and still has plenty to offer now he has decided to return.,Scotland manager Neil Lennon says Scott Brown's return to the Scotland squad is not a surprise.,2378,16,24,0.6666666666666666,0,0.38095238095238104,0.1,0.2380952380952381,0.9279406666755676,0.8996471166610718,0.9135748147964478
37250267,entertainment,bullet_points_3_shot,A buzzard has been rescued after becoming trapped between fencing and a wall in Gwynedd.,A buzzard has been freed from a fence after it was stuck in a fence.,301,15,15,1.0,0,0.4666666666666667,0.21428571428571427,0.4000000000000001,0.951091468334198,0.9206092357635498,0.9356021285057068
38296460,business,bullet_points_3_shot,"Post Office workers will stage five days of strikes from Monday in a continuing dispute over jobs, pensions and branch closures, their union says.",The Post Office is to walk out of its WH Smith stores on Wednesday as part of a planned strike.,1249,20,24,0.8333333333333334,0,0.1818181818181818,0.04761904761904762,0.1818181818181818,0.9084610342979431,0.8924964666366577,0.9004080295562744
38973171,politics,bullet_points_3_shot,The Ulster Unionist leader has denied he made a mistake by saying he intends to give the SDLP his second preference in the Assembly election.,The leader of the Ulster Unionist Party has said he would rather go in with Sinn Féin or the SDLP.,2563,20,25,0.8,0,0.43478260869565216,0.13636363636363635,0.30434782608695654,0.9181351065635681,0.91386878490448,0.9159969687461853
39229366,tech,bullet_points_3_shot,Steroids and medicines with an estimated street value of some 2m euros (Â£1.7m) have been seized in Donegal.,A man has been arrested in Northern Ireland after a series of drug raids.,543,14,18,0.7777777777777778,0,0.18181818181818182,0.0,0.12121212121212122,0.9182921051979065,0.8412248492240906,0.8780707120895386
36836031,politics,bullet_points_3_shot,"Sinn FÃ©in leader Gerry Adams has said there is ""a need to be open and imaginative"" on new constitutional arrangements.",Northern Ireland's Stormont executive has called on all parties to discuss how best to achieve a united Ireland.,1648,18,20,0.9,0,0.2,0.0,0.1,0.8729124665260315,0.8569661974906921,0.8648658394813538
37159611,sport,bullet_points_3_shot,"Morecambe must not get carried away despite sitting top of League Two, says Shrimps boss Jim Bentley.","Morecambe manager Paul Bentley says he is ""not too high and never too low"" after his side's 1-0 win over Rotherham.",1008,21,17,1.2352941176470589,0,0.19999999999999998,0.0,0.09999999999999999,0.8705843687057495,0.8828374147415161,0.8766680359840393
40399770,politics,bullet_points_3_shot,"Some demands set by four Arab states on Qatar in return for lifting sanctions will be ""difficult to meet"", US Secretary of State Rex Tillerson says.",US Secretary of State Rex Tillerson has urged Qatar to lower its rhetoric in response to a series of demands by the Gulf states.,3134,24,26,0.9230769230769231,0,0.48000000000000004,0.20833333333333331,0.24000000000000002,0.9236328601837158,0.9082853198051453,0.9158947467803955
36892561,politics,bullet_points_3_shot,"UKIP ex-deputy chairwoman Suzanne Evans says she has given up hope of becoming the party's next leader - but insists she will not ""give up"" on UKIP.",Former UKIP spokeswoman Sarah Evans has said she has given up hope of becoming the party's next leader.,2611,18,27,0.6666666666666666,0,0.5957446808510638,0.4888888888888889,0.5957446808510638,0.9716529846191406,0.9303438067436218,0.9505497217178345
30791800,tech,bullet_points_3_shot,A court in the Indian capital has formally charged a driver of the Uber web-based taxi firm with the rape and kidnapping of a passenger last month.,"A taxi driver has been charged with raping and abducting a woman in Delhi, police say.",1079,16,27,0.5925925925925926,0,0.40909090909090917,0.0,0.2727272727272727,0.9427286982536316,0.9062901735305786,0.9241504073143005
36732018,sport,bullet_points_3_shot,"Standing hand-in-hand like theatre actors at their curtain call, Wales' players were met with a spine-tingling rendition of the national anthem from their fans following their European Championship semi-final defeat by Portugal.",Summary: 'It's been a dream come true for Wales.',6453,9,32,0.28125,0,0.08695652173913045,0.0,0.04347826086956522,0.8661032915115356,0.8328064680099487,0.8491286039352417
37230405,business,bullet_points_3_shot,Ferguslie Park in Paisley has been identified as the area of Scotland with the greatest level of deprivation.,"Renfrewshire has been ranked the most deprived area in Scotland by the Scottish government, according to new figures.",4899,18,18,1.0,0,0.3888888888888889,0.058823529411764705,0.3333333333333333,0.917415976524353,0.9005752801895142,0.9089176058769226
37187968,sport,bullet_points_3_shot,Coleraine rower Joel Cassells and Great Britain team-mate Sam Scrimgeour remain on course to defend their lightweight pairs world title after winning their semi-final in Rotterdam on Thursday.,Britain's Mark Cassells and Gary Scrimgeour won the European lightweight double sculls title at the Rotterdam World Championships.,1213,18,28,0.6428571428571429,0,0.326530612244898,0.0425531914893617,0.24489795918367346,0.933834433555603,0.900621235370636,0.91692715883255
40557517,sport,bullet_points_3_shot,Former Kilmarnock winger Chris Johnston has become the third player to sign for Dumbarton this summer after leaving relegated Raith Rovers.,Kilmarnock Rovers have signed former Airdrieonians defender Johnston on a one-year deal.,547,12,21,0.5714285714285714,0,0.23529411764705882,0.0,0.11764705882352941,0.9052819013595581,0.90316241979599,0.9042209386825562
37459852,sport,bullet_points_3_shot,"James Milner's late penalty gave Liverpool a hard-fought victory over Swansea, increasing the scrutiny on Swans boss Francesco Guidolin.",Summary: - The Swansea City manager's hopes of avoiding relegation from the Premier League were dashed when he was beaten by Swansea City.,7765,23,19,1.2105263157894737,0,0.13636363636363635,0.0,0.0909090909090909,0.8699928522109985,0.8464049696922302,0.8580368757247925
24103221,sport,bullet_points_3_shot,"Scottish rugby suffered two body blows this week and, rather like boxer Ricky Burns who ""drew"" with his opponent after getting one heck of a hiding from opponent Raymundo Beltran, it's a little battered, a little broken and in need of time off the canvas.",Summary: - the number of drug tests globally in rugby in 2012 was just over 1%.,4040,16,45,0.35555555555555557,0,0.13114754098360656,0.0,0.06557377049180328,0.8366262316703796,0.8057475090026855,0.820896565914154
40524107,entertainment,bullet_points_3_shot,The three-day TRNSMT music festival in Glasgow is to start later with a Friday line-up of acts including Radiohead and Belle and Sebastian.,"The opening night of Strathallan's new music festival, TRNSMT, has been rescheduled.",1595,12,23,0.5217391304347826,0,0.2631578947368421,0.05555555555555555,0.15789473684210525,0.8925938606262207,0.8746599555015564,0.8835359215736389
34263953,politics,bullet_points_3_shot,"The US has warned North Korea to refrain from ""irresponsible provocation"" after the communist state said its main nuclear facility had resumed normal operations.","North Korea has restarted its nuclear reactor at its Yongbyon nuclear plant, the White House has said.",2110,17,24,0.7083333333333334,0,0.34146341463414637,0.05128205128205128,0.19512195121951217,0.9135095477104187,0.8880529999732971,0.9006014466285706
33164904,tech,bullet_points_3_shot,A man has been arrested on suspicion of conspiracy to murder after pieces of human bones were found by detectives investigating the death of a man 25 years ago.,A man has been arrested on suspicion of murder following a 13-day search for a missing man.,1642,17,29,0.5862068965517241,0,0.46808510638297873,0.3111111111111111,0.46808510638297873,0.9367285370826721,0.9099485874176025,0.9231444001197815
21879270,sport,bullet_points_3_shot,"Picture the scene inside the BBC 5 live studio: a millionaire owner of a now managerless Super League club, a highly rated out-of-work coach keen for a return to the sport and an iconic player from a rival club that the owner wants to sign.",Summary: 'It's a dream come true.',4764,6,45,0.13333333333333333,0,0.037037037037037035,0.0,0.037037037037037035,0.8560538291931152,0.8226379156112671,0.8390132784843445
34973380,sport,bullet_points_3_shot,Ireland eased to seven-wicket win over Zimbabwe to top their Women's World Twenty20 qualifying group and set up a semi-final against Scotland.,Ireland's Isobel Joyce and Cecilia Joyce scored a hat-trick as they beat Zimbabwe to reach the quarter-finals of the World Twenty20.,860,21,22,0.9545454545454546,0,0.32653061224489793,0.0851063829787234,0.20408163265306126,0.8806928396224976,0.892457902431488,0.8865363597869873
35351364,business,bullet_points_3_shot,"The daughter of a man who died after a hospital failed it its ""duty of care"" said lessons have not been learned.","A hospital which has been in special measures since the death of a patient has been rated ""inadequate"" by inspectors.",1646,20,22,0.9090909090909091,0,0.28571428571428564,0.1,0.1904761904761905,0.8895111083984375,0.8756592869758606,0.8825308680534363
37079851,sport,bullet_points_3_shot,Great Britain's Mark Cavendish is third after day one of the men's omnium as he aims for his first Olympic Games medal.,Britain's Mark Cavendish won his first stage of the Tour de France with a time of four minutes 16.878 seconds.,2631,20,22,0.9090909090909091,0,0.34782608695652173,0.22727272727272724,0.2608695652173913,0.869839072227478,0.8976280689239502,0.8835150599479675
36526055,politics,bullet_points_3_shot,The Northern Ireland health service is to receive an extra £72m to help deal with pressures in the service.,Stormont's health department has allocated an additional £200m to the health sector.,1675,12,19,0.631578947368421,0,0.25,0.0,0.25,0.9297195076942444,0.9148645997047424,0.9222322106361389
13906666,business,bullet_points_3_shot,The Winklevoss brothers have re-started their long-running legal dispute with Facebook and its boss Mark Zuckerberg.,The twins of Facebook founder Mark Zuckerberg have filed a fresh lawsuit against the company.,1599,15,16,0.9375,0,0.303030303030303,0.06451612903225808,0.2424242424242424,0.927177369594574,0.8904513120651245,0.9084433317184448
38628323,entertainment,bullet_points_3_shot,"A 14-year-old boy has been left with ""life-threatening"" injuries after being knocked down by a car.",A 17-year-old girl has been knocked down by a car in Rotherham.,317,12,16,0.75,0,0.6060606060606061,0.3870967741935484,0.6060606060606061,0.9517869353294373,0.9369542598724365,0.944312334060669
27209454,tech,bullet_points_3_shot,"Chapman Pincher was known as ""the lone wolf of Fleet Street"".",Summary: - Harry Chapman Pincher,6617,5,11,0.45454545454545453,0,0.26666666666666666,0.15384615384615383,0.26666666666666666,0.8839893341064453,0.8594148755073547,0.8715289235115051
37037060,sport,bullet_points_3_shot,"Birmingham City have signed Dundee forward Greg Stewart on a three-year deal for a fee believed to be around £500,000.",Dundee United have signed Dundee striker Mark Stewart on a one-year contract.,620,12,20,0.6,0,0.39999999999999997,0.24242424242424246,0.39999999999999997,0.9570650458335876,0.9157108068466187,0.935931384563446
30591670,business,bullet_points_3_shot,"A former soldier who agreed to obtain information from an army barracks for a newspaper will not face a trial, the Crown Prosecution Service has said.",A woman has been arrested in connection with a corruption scandal at the News of the World newspaper.,1248,18,26,0.6923076923076923,0,0.2272727272727273,0.0,0.13636363636363638,0.8846341371536255,0.8620750904083252,0.8732089400291443
26882626,business,bullet_points_3_shot,Inspectors have called for major improvements at two privately-run elderly care homes after finding problems during recent visits.,A care home has been given a one-star rating for its care and support.,2426,14,18,0.7777777777777778,0,0.11764705882352941,0.0,0.11764705882352941,0.905010461807251,0.8868077993392944,0.8958166837692261
32105677,entertainment,bullet_points_3_shot,"Four men were arrested in north London when police found a gun, a sword and a knife in the car they were travelling in.",Four men have been arrested in connection with an armed robbery in north London.,294,14,24,0.5833333333333334,0,0.3684210526315789,0.2222222222222222,0.3157894736842105,0.9410786628723145,0.9074538350105286,0.9239604473114014
40354917,tech,bullet_points_3_shot,"An estimated 63,000 properties in north Lancashire were hit by a power cut, Electricity North West has said.",A substation in Lancaster has reopened after a power outage caused by a flood.,1173,14,18,0.7777777777777778,0,0.30303030303030304,0.12903225806451615,0.18181818181818182,0.9065442085266113,0.8754703402519226,0.8907363414764404
39862196,business,bullet_points_3_shot,Lord Derby has won a key High Court stage of his fight to build 400 homes on his land.,A judge has quashed a refusal by the secretary of state to accept a planning application for a new farm.,1698,20,19,1.0526315789473684,0,0.20512820512820512,0.0,0.20512820512820512,0.8914791345596313,0.8883340954780579,0.8899038434028625
40267739,business,bullet_points_3_shot,"Shopkeepers near the Isle of Wight's troubled new ""floating bridge"" have asked councillors to consider compensating them for loss of business.","A ""frustrating and disappointing"" ferry project at Cowes has been given a ""free trial"" by Cowes Council.",1317,17,21,0.8095238095238095,0,0.0,0.0,0.0,0.8801807165145874,0.8733462691307068,0.8767502307891846
39831337,sport,bullet_points_3_shot,French side Lille have exercised their option to sign Naim Sliti on a permanent deal when his loan move from second-tier side Red Star expires this summer.,Lille have signed Sedan striker Mohamed Sliti on a one-year contract.,632,11,27,0.4074074074074074,0,0.25,0.15789473684210525,0.25,0.9263260960578918,0.877914309501648,0.9014706611633301
35480672,tech,bullet_points_3_shot,Children across Britain linked up with Tim Peake on the International Space Station yesterday for a big question and answer session.,Astronaut Leah Jones has taken a break from the space station to talk to children in the UK.,253,18,21,0.8571428571428571,0,0.25641025641025644,0.05405405405405405,0.15384615384615383,0.8972447514533997,0.8873775601387024,0.8922838568687439
25455864,sport,bullet_points_3_shot,World champion cyclist Martyn Irvine has been named the 2013 BBC Northern Ireland Sports Personality of the Year.,Martyn Irvine has been named BBC Northern Ireland's Sports Personality of the Year for 2013.,2328,15,18,0.8333333333333334,0,0.823529411764706,0.625,0.7647058823529411,0.9760259389877319,0.9600076079368591,0.9679505825042725
32171407,tech,bullet_points_3_shot,A civilian cargo aircraft has landed safely after being escorted into Prestwick Airport in Ayrshire after suffering technical problems with its communications equipment.,A civilian aircraft has landed at Prestwick Airport after a civilian aircraft lost communication.,1147,14,23,0.6086956521739131,0,0.4324324324324324,0.2285714285714286,0.4324324324324324,0.9545993804931641,0.9114137887954712,0.9325068593025208
37205717,tech,bullet_points_3_shot,Police have been given more time to question five men arrested on suspicion of terrorism offences.,Five men have been arrested on suspicion of terrorism offences in the West Midlands.,1034,14,16,0.875,0,0.6666666666666666,0.5,0.5333333333333333,0.9558372497558594,0.9377322196960449,0.9466981887817383
36135425,sport,bullet_points_3_shot,Euro 2016 will be contested by 24 teams over 30 days at 10 different venues in France.,"The final of the Euro 2016 finals is set to take place in Lens on Friday, 16 June.",10192,18,17,1.0588235294117647,0,0.17142857142857143,0.06060606060606061,0.17142857142857143,0.8920968770980835,0.878771185874939,0.8853839039802551
40965536,sport,bullet_points_3_shot,BBC Sport is showing live coverage of the EuroBasket warm-up game between Great Britain and Greece at the Copper Box in London on Saturday 19 August.,Great Britain's EuroBasket opener against Greece at the Copper Box in London on Saturday will be a rematch of last year's EuroBasket.,1083,22,26,0.8461538461538461,0,0.5098039215686274,0.36734693877551017,0.4313725490196078,0.9342806339263916,0.9150862097740173,0.9245837926864624
34486992,sport,bullet_points_3_shot,Australia weathered a Welsh storm to win World Cup Pool A with a 15-6 victory at Twickenham.,Summary: - Gareth Davies of Wales was a livewire for the whole of the game as Australia beat Wales to reach the World Cup quarter-finals.,3858,25,17,1.4705882352941178,0,0.23255813953488372,0.048780487804878044,0.18604651162790697,0.8757854700088501,0.8785691857337952,0.8771750926971436
38859551,sport,bullet_points_3_shot,Josh Strauss believes Vern Cotter's impending departure will provide added motivation for Scotland to have a successful Six Nations.,"Summary: Gregor Strauss says he wants to give Cotter a ""good send-off"" before Scotland's Six Nations opener against Ireland.",3314,19,19,1.0,0,0.3902439024390244,0.05128205128205128,0.24390243902439024,0.8934202790260315,0.9078682661056519,0.9005863070487976
32950900,politics,bullet_points_3_shot,Ex-CIA Director David Petraeus has told the BBC that Islamic State militants can only be defeated through a dual military and political approach.,Summary: - General George Petraeus has said he has no doubt that the Iraqi army will be retaken by Islamic State in the next few weeks.,6077,26,23,1.1304347826086956,0,0.2857142857142857,0.0851063829787234,0.20408163265306126,0.8829987645149231,0.8935402631759644,0.888238251209259
33425853,tech,bullet_points_3_shot,"More than 13,000 email addresses have been stolen from Edinburgh city council's database following a ""malicious cyber attack"".",A cyber attack on a council website has been reported to the Information Commissioner's Office and the UK Government.,1248,19,18,1.0555555555555556,0,0.3,0.05263157894736842,0.15,0.883834719657898,0.9009407758712769,0.8923057317733765
36071608,politics,bullet_points_3_shot,Rebels say they have begun a new battle in north-western Syria in response to alleged truce violations by the army.,Syrian rebels have declared the start of a battle in response to escalating fighting in the north-eastern city of Aleppo.,4965,20,20,1.0,0,0.47619047619047616,0.15,0.38095238095238093,0.9279245138168335,0.9264987707138062,0.9272111058235168
24393387,business,bullet_points_3_shot,The photo sharing service Instagram announced it will start placing ads in US users photo streams in a posting on its website.,Instagram has announced that it will introduce advertising in the near future.,1349,12,22,0.5454545454545454,0,0.3529411764705882,0.0625,0.29411764705882354,0.9337713718414307,0.8836549520492554,0.9080221652984619
37338508,entertainment,bullet_points_3_shot,Actor Michael C Hall is to perform a tribute to David Bowie at this week's Mercury Music Prize ceremony.,David Bowie has been shortlisted for the 2016 Hyundai Mercury Music Prize.,1403,12,19,0.631578947368421,0,0.3125,0.19999999999999998,0.3125,0.9126975536346436,0.8774813413619995,0.8947430849075317
33733384,business,bullet_points_3_shot,A former Metropolitan Police officer has been found not guilty of sexually assaulting a teenage boy in the back of a police van nearly 30 years ago.,A former Metropolitan Police detective has been cleared of assaulting a prisoner and misconduct in public office.,804,17,27,0.6296296296296297,0,0.45454545454545453,0.2380952380952381,0.45454545454545453,0.9296984076499939,0.9027329087257385,0.9160172343254089
40255148,business,bullet_points_3_shot,"Welsh Secretary Alun Cairns has rejected calls for a ""softer"" Brexit after the general election result led to a hung parliament.",The leader of the Welsh Conservatives has said he wants the UK to stay in the single market despite the election.,2129,21,21,1.0,0,0.23809523809523808,0.0,0.19047619047619047,0.8959134817123413,0.8661020398139954,0.8807555437088013
36438606,sport,bullet_points_3_shot,"Relatives of the 96 people who died at Hillsborough have told the home secretary they want a ""Hillsborough Law"" to compel public officials to tell the truth at inquiries.",The families of the victims of the Hillsborough disaster have spoken to the home secretary about a proposed 'Hillsborough Law'.,2548,20,29,0.6896551724137931,0,0.4897959183673469,0.1702127659574468,0.40816326530612246,0.9533731937408447,0.9203876256942749,0.9365900754928589
37601431,tech,bullet_points_3_shot,Internet trolls who create derogatory hashtags or doctored images to humiliate others could face prosecution in England and Wales.,"Summary: Those who post ""grossly offensive"" material online will be prosecuted in the same way as if they did it offline, the CPS has said.",4046,25,19,1.3157894736842106,0,0.0909090909090909,0.0,0.0909090909090909,0.8798766732215881,0.8802958726882935,0.8800861835479736
39586912,politics,bullet_points_3_shot,"The day 12-year-old Faizan Fayaz Dar died, he woke up in the morning in his hilltop home in Budgam in Indian-administered Kashmir, had a cup of salted tea, recited the Koran and pottered around in the kitchen where his mother prepared breakfast for the family.","Summary: - Faizan Faizan - a young boy from Kashmir, who was killed by paramilitary soldiers at a polling station in Srinagar on Sunday - has been buried in a grave near his village.",7434,34,45,0.7555555555555555,0,0.1518987341772152,0.0,0.12658227848101267,0.8786147832870483,0.8527257442474365,0.8654767274856567
33572386,tech,bullet_points_3_shot,An elderly woman has died after being hit by a tipper truck.,A woman has died after being hit by a truck in Gwynedd.,275,12,12,1.0,0,0.75,0.6363636363636364,0.75,0.9443546533584595,0.9639978408813477,0.9540751576423645
37634693,business,bullet_points_3_shot,Four foreign-owned firms are competing to run train services in Wales and create the £600m South Wales Metro.,Four companies have submitted bids for a new rail franchise in Wales.,3189,12,18,0.6666666666666666,0,0.1935483870967742,0.06896551724137931,0.1935483870967742,0.9464024305343628,0.9028357267379761,0.9241058826446533
37320915,entertainment,bullet_points_3_shot,Veteran broadcaster Robbie Shepherd is leaving BBC Radio Scotland's Take the Floor after 35 years this weekend.,Summary: 'Broadcasting legend' Robert Robbie has announced he will step down as host of BBC Scotland's Take the Floor.,3369,19,17,1.1176470588235294,0,0.36842105263157887,0.2222222222222222,0.36842105263157887,0.9143552780151367,0.9056453108787537,0.9099794030189514
35162652,sport,bullet_points_3_shot,Accrington Stanley manager John Coleman has criticised the Football League for allowing Carlisle United to move their home games because of flooding.,"Carlisle United manager Paul Coleman says he is ""shocked"" by the League Two club's handling of the Carlisle floods.",1097,19,22,0.8636363636363636,0,0.3333333333333333,0.05,0.23809523809523808,0.9072514772415161,0.8990292549133301,0.9031216502189636
38062339,sport,bullet_points_3_shot,Two Manchester United fans spent Friday night undetected in an Old Trafford toilet in an attempt to see Saturday's Premier League game against Arsenal.,A pair of Manchester United fans have been arrested after a suspected explosive was found in a toilet in the Old Trafford stadium.,742,23,24,0.9583333333333334,0,0.3333333333333333,0.17391304347826086,0.24999999999999994,0.9072010517120361,0.888839066028595,0.8979262113571167
40785774,sport,bullet_points_3_shot,Accrington Stanley secured a dramatic late victory over Championship side Preston North End to seal their place in the second round of the EFL Cup.,Summary: Accrington Stanley beat Preston North End 3-1 in the EFL Cup final to reach the quarter-finals of the Championship.,5190,20,25,0.8,0,0.5531914893617023,0.3111111111111111,0.3829787234042554,0.9226558804512024,0.9268025159835815,0.9247245192527771
39403454,entertainment,bullet_points_3_shot,An electrician whose £200 worth of tools were mistakenly sold for £1 in a charity shop has had them returned.,"A man who was offered £100 by a magazine for a Facebook post about a mistake he made at a shop has said he was ""just waiting for the call to go into the jungle"".",993,35,20,1.75,0,0.14545454545454545,0.03773584905660377,0.14545454545454545,0.8580601811408997,0.8892185688018799,0.8733615875244141
40917946,sport,bullet_points_3_shot,"Laura Muir says she'll be ""gutted"" to miss April's Commonwealth Games.","Scotland's Heather Muir says she is ""gutted"" she will miss the Commonwealth Games in April.",1773,15,11,1.3636363636363635,0,0.6206896551724138,0.22222222222222224,0.4827586206896552,0.9575673937797546,0.9609545469284058,0.959257960319519
40714975,sport,bullet_points_3_shot,Southend United will give striker Nile Ranger a chance to relaunch his career when he is released from prison.,Nile Ranger will miss the start of the 2017-18 season after being jailed for fraud.,942,15,19,0.7894736842105263,0,0.17142857142857143,0.0606060606060606,0.11428571428571428,0.8883587718009949,0.8767005801200867,0.8824911713600159
35457886,entertainment,bullet_points_3_shot,"Books of condolence have opened for Sir Terry Wogan, as his breakfast show successor Chris Evans paid tribute on air to ""radio's Eric Morecambe"".",A book of condolences has been opened in Limerick to mark the passing of Sir Terry Evans.,7408,17,24,0.7083333333333334,0,0.28571428571428564,0.05,0.2380952380952381,0.9032841324806213,0.8538116812705994,0.8778514862060547
36119787,business,bullet_points_3_shot,"First Minister Nicola Sturgeon has called for ""cast iron assurances"" jobs will not be lost at Clyde shipyards because of contract delays.","The Clyde shipyards are facing a ""famine and famine"" over the future of orders for new frigates.",2992,17,22,0.7727272727272727,0,0.20512820512820512,0.05405405405405405,0.15384615384615383,0.8991671800613403,0.8825417160987854,0.8907768130302429
35665575,politics,bullet_points_3_shot,Republican presidential hopefuls Ted Cruz and Marco Rubio have unleashed a barrage of attacks on front-runner Donald Trump in the last debate before next Tuesday's pivotal US primaries.,"Summary: Earlier this week, Donald Trump and Marco Rubio were in a heated debate in New York.",4486,17,28,0.6071428571428571,0,0.3404255319148936,0.13333333333333333,0.21276595744680848,0.904535710811615,0.8822836875915527,0.8932710886001587
36295366,politics,bullet_points_3_shot,So Ukraine confounded the bookmakers and Eurovision commentators who had been convinced that Russia - or possibly Australia - would win.,"Summary: 'I want peace and love for everyone' to Ukraine,' they said.",3473,12,21,0.5714285714285714,0,0.12903225806451615,0.0,0.06451612903225808,0.831528902053833,0.8368445634841919,0.8341782689094543
39112583,business,bullet_points_3_shot,Lifeguards will patrol a popular beach on the South Coast this summer after seven men drowned last year.,Lifeguards will be on the beach at the site of the deaths of five men who drowned in a boating accident.,1648,21,18,1.1666666666666667,0,0.41025641025641024,0.1081081081081081,0.30769230769230765,0.9253743290901184,0.9214709997177124,0.9234185218811035
40369861,sport,bullet_points_3_shot,Partick Thistle captain Abdul Osman says the players are praying manager Alan Archibald stays at the club for another season.,"Partick Thistle midfielder Shaun Osman says he would be ""personally disappointed"" to see former Swindon Town manager Paul Archibald leave the club.",1304,22,20,1.1,0,0.380952380952381,0.15,0.380952380952381,0.9114921689033508,0.9347782731056213,0.9229884147644043
32806866,tech,bullet_points_3_shot,Ten youths have been arrested by Canadian police on suspicion of planning to travel to Iraq and Syria to join Islamic State.,Canadian police have arrested 10 people suspected of being involved in a plot to terrorise Iraq and Syria.,1196,18,22,0.8181818181818182,0,0.45,0.15789473684210528,0.35000000000000003,0.9392983913421631,0.9338427186012268,0.9365626573562622
35324257,sport,bullet_points_3_shot,League Two side York City have signed Hull City midfielder Matt Dixon on an 18-month deal.,League Two side Minstermen have signed midfielder Josh Dixon on a one-year deal.,359,13,16,0.8125,0,0.5806451612903226,0.27586206896551724,0.5806451612903226,0.9437646865844727,0.9420007467269897,0.9428819417953491
24616801,politics,bullet_points_3_shot,"Up to £500m could be recovered from overseas visitors and migrants using the NHS every year, ministers believe.",The government has said it wants to save £500m a year by tackling the problem of foreign visitors to the NHS.,6386,21,18,1.1666666666666667,0,0.30769230769230765,0.05405405405405405,0.25641025641025644,0.9343836903572083,0.9326255917549133,0.9335038065910339
38440000,sport,bullet_points_3_shot,Belfast Giants remain within four points of Elite League leaders Cardiff Devils after earning a 5-1 Boxing Day away win over Braehead Clan.,Belfast Giants beat Coventry Blaze 5-3 in a thrilling game at the SSE Arena.,1115,14,23,0.6086956521739131,0,0.2051282051282051,0.05405405405405405,0.15384615384615385,0.9006199836730957,0.8728001117706299,0.8864918351173401
35654307,tech,bullet_points_3_shot,BBC Rewind looks at the history of the Flying Scotsman as it prepares to return to the railways.,The first train to be built on a railway line in the UK has arrived in the UK.,451,18,18,1.0,0,0.2222222222222222,0.0,0.16666666666666666,0.8913174271583557,0.8748633861541748,0.8830137848854065
38650041,business,bullet_points_3_shot,A man who claimed he was abused at an East Yorkshire Catholic school has lost a legal action for compensation.,"A former head teacher at a school in Leeds has been awarded £16,000 in compensation after being found guilty of sexually abusing boys.",1345,23,20,1.15,0,0.2727272727272727,0.0,0.22727272727272727,0.8959388136863708,0.9099984169006348,0.9029138684272766
38049486,entertainment,bullet_points_3_shot,Harry Potter spin-off Fantastic Beasts and Where To Find Them has had the biggest UK box office opening weekend of the year so far.,"Harry Potter: The Twilight Saga has topped the US and Canada box office charts, taking an estimated $17m (£18m) over the weekend.",1578,22,24,0.9166666666666666,0,0.3829787234042554,0.08888888888888889,0.29787234042553196,0.8808946013450623,0.8867956399917603,0.8838352560997009
35764147,sport,bullet_points_3_shot,Britain's Victoria Williamson says she is lucky not to be paralysed after her serious crash at Rotterdam's Zesdaagse.,Athlete Sarah Williamson says she has no idea what will happen to her spinal cord after a crash in Rotterdam.,1636,20,18,1.1111111111111112,0,0.4000000000000001,0.10526315789473684,0.35,0.9183473587036133,0.886510968208313,0.9021483659744263
17811732,business,bullet_points_3_shot,"The gap between male and female life expectancy is closing and men could catch up by 2030, according to an adviser for the Office for National Statistics.","The gap between life expectancy at 30 and life expectancy at 30 could be narrowing in the next 20 years, according to a new study.",3041,25,27,0.9259259259259259,0,0.3846153846153846,0.16,0.34615384615384615,0.9217700958251953,0.9006114602088928,0.9110679626464844
40101558,politics,bullet_points_3_shot,The head of the national body for police commissioners resigned in order to appear on the BBC's Question Time following the Manchester attack.,A former chief prosecutor has resigned as chief executive of the country's police and crime commissioners after appearing on Question Time.,1697,21,23,0.9130434782608695,0,0.3913043478260869,0.0909090909090909,0.30434782608695654,0.9151776432991028,0.9103274941444397,0.9127460718154907
40029092,business,bullet_points_3_shot,"In his new book Grave New World, Stephen King says: ""For better or worse, China is simply too big to be ignored.""","In a jittery world, China's debt mountain can loom larger than the fundamentals suggest.",3614,14,22,0.6363636363636364,0,0.16216216216216214,0.0,0.16216216216216214,0.873154878616333,0.8414442539215088,0.8570063710212708
15479709,business,bullet_points_3_shot,An expert has claimed controversial plans to build a £3.6bn 'super sewer' in London are motivated by profit.,"Thames Water's super-sea tunnel will be the most expensive way to deal with London's sewage problem, according to a leading water economist.",2692,22,18,1.2222222222222223,0,0.1818181818181818,0.0,0.0909090909090909,0.894609808921814,0.8951537609100342,0.8948816657066345
38316455,business,bullet_points_3_shot,"The developers of the proposed Swansea Bay tidal lagoon have accused Natural Resources Wales (NRW) of publishing a ""grossly misleading"" analysis of the project's likely impact on fish.",The Swansea tidal lagoon project has been criticised by a developer who claims it could kill up to 2% of fish.,2130,21,28,0.75,0,0.32,0.041666666666666664,0.28,0.923890233039856,0.891308069229126,0.9073067307472229
39106827,sport,bullet_points_3_shot,Premiership side Sale Sharks will sign Scotland and Glasgow back row forward Josh Strauss on a three-year deal from next season.,Sale Sharks have signed Glasgow Warriors centre Josh Strauss on a one-year contract.,1082,13,21,0.6190476190476191,0,0.4444444444444444,0.23529411764705882,0.4444444444444444,0.9580284953117371,0.921928346157074,0.9396318197250366
40243766,tech,bullet_points_3_shot,A China Eastern Airlines plane has had to turn back to Sydney airport after a technical failure which left a hole in an engine casing.,"Passengers on a Chinese airliner have said they were ""frightened"" by a hole in the left engine of the plane.",2013,20,25,0.8,0,0.3111111111111111,0.0930232558139535,0.22222222222222224,0.903297483921051,0.8979253172874451,0.9006034135818481
35997066,politics,bullet_points_3_shot,The government is to reconsider a visa for an American mother facing deportation from the UK.,"The family of a woman who was refused leave to stay in the UK has said they are ""very hopeful"" the government will reconsider their application.",1238,26,16,1.625,0,0.33333333333333337,0.1,0.1904761904761905,0.8981403708457947,0.9229550361633301,0.910378634929657
38880926,entertainment,bullet_points_3_shot,Each day we feature a photograph sent in from across England.,Here's a look at some of the pictures we've taken over the past week.,1376,14,11,1.2727272727272727,0,0.14814814814814814,0.0,0.07407407407407407,0.8574345111846924,0.8312329649925232,0.8441304564476013
22051542,sport,bullet_points_3_shot,"Scottish football should consider a bigger league to help young talent, according to Czech Republic director of football Dusan Fitzel.",The head coach of the Czech Republic says a 16-team Czech First League has helped the country's youth development.,3020,19,20,0.95,0,0.24390243902439024,0.05128205128205128,0.0975609756097561,0.9068950414657593,0.8662208318710327,0.886091411113739
39536132,politics,bullet_points_3_shot,Democratic Republic of Congo President Joseph Kabila has appointed Bruno Tshibala as the new prime minister of the power-sharing government.,Congolese President Luis Tshibala has been appointed as the new leader of the country's main opposition party.,1225,17,20,0.85,0,0.4615384615384615,0.16216216216216214,0.41025641025641024,0.9265184998512268,0.9135501384735107,0.9199886918067932
37459574,sport,bullet_points_3_shot,Adebayo Akinfenwa's winner five minutes from time handed Wycombe a hard-fought 1-0 home victory over Exeter in League Two.,Goals from Adebayo Akinfenwa and Adebayo Akinfenwa helped Wycombe beat Exeter City 1-0 at Adams Park.,3558,16,19,0.8421052631578947,0,0.358974358974359,0.1081081081081081,0.25641025641025644,0.9175883531570435,0.8941267132759094,0.9057055711746216
39789511,business,bullet_points_3_shot,"Journalists at Fairfax Media, one of Australia's largest publishers, have gone on strike for a week to protest against massive job cuts.",Australia's leading news publisher Fairfax has announced a series of fresh staff cuts.,1651,13,22,0.5909090909090909,0,0.3243243243243243,0.05714285714285715,0.2162162162162162,0.9428238868713379,0.9106887578964233,0.9264777302742004
35104859,sport,bullet_points_3_shot,Teenager Tom Marquand has been tipped to follow in the footsteps of three-times champion jockey Ryan Moore by his trainer Richard Hannon.,"Jockey Ryan Moore is ""the name on everybody's lips"" at the moment, says jockey Craig Marquand.",1601,16,22,0.7272727272727273,0,0.25,0.10526315789473685,0.15,0.9066111445426941,0.8887909650802612,0.8976126313209534
30322194,politics,bullet_points_3_shot,"The Colombian government and Farc rebels have agreed to resume peace talks, which were suspended last month over the abduction of an army general, mediators say.",The Colombian government and the Farc rebels have agreed to hold talks to end a five-year conflict in the country.,2095,20,26,0.7692307692307693,0,0.4680851063829788,0.3111111111111111,0.4680851063829788,0.9350515007972717,0.9090085625648499,0.9218460917472839
38995337,sport,bullet_points_3_shot,The Football Association has charged Blackburn midfielder Hope Akpan with violent conduct after he was sent off for pushing a referee.,Blackburn Rovers have been banned for three matches for violent conduct by referee Mark Akpan.,1021,15,21,0.7142857142857143,0,0.3333333333333333,0.058823529411764705,0.2222222222222222,0.9059997200965881,0.9043844938278198,0.9051913619041443
35426361,tech,bullet_points_3_shot,"Octopuses may have more complex social interactions than previously believed, a new study has found.","An octopus that turns dark and stands in a ""nosferatu pose"" is likely to show aggression, a study suggests.",3136,19,15,1.2666666666666666,0,0.11764705882352941,0.0,0.11764705882352941,0.8723171353340149,0.9063003659248352,0.8889840841293335
36245913,sport,bullet_points_3_shot,Former British number one Laura Robson will play at next month's grass-court Wimbledon warm-up event in Nottingham.,Former world number one Andy Robson has returned to Nottingham to play at the Aegon Open in June.,712,18,17,1.0588235294117647,0,0.4210526315789474,0.1111111111111111,0.36842105263157887,0.9214563369750977,0.9015834927558899,0.9114116430282593
32197742,politics,bullet_points_3_shot,"The Democratic Republic of the Congo has been urged to investigate at least 421 bodies found in an unmarked burial ground in the capital, Kinshasa.","The DR Congo government says all the bodies buried in a cemetery in the capital, Kinshasa, have been found.",1117,19,25,0.76,0,0.5,0.14285714285714288,0.3636363636363636,0.9466567039489746,0.9249500632286072,0.9356774687767029
36455355,sport,bullet_points_3_shot,Everton have agreed a deal with Premier League rivals Southampton that paves the way for Ronald Koeman to become their new manager.,Everton have agreed a new contract with former Southampton manager Martin Koeman.,2530,12,22,0.5454545454545454,0,0.5294117647058824,0.18749999999999997,0.4117647058823529,0.9468360543251038,0.899816632270813,0.9227277040481567
38901296,business,bullet_points_3_shot,"Over the last three decades, governments of various stripes have promised radical change to solve England's housing crisis and today's White Paper is no exception.",The government's White Paper on housing is a slam-dunk in the middle of the country.,2093,15,25,0.6,0,0.3181818181818182,0.09523809523809525,0.22727272727272727,0.904827356338501,0.8830677270889282,0.8938151597976685
33750803,politics,bullet_points_3_shot,"Two Turkish soldiers have been killed and 31 wounded in a suicide attack by Kurdish PKK militants, the Turkish military says.","A suicide bomber has detonated a bomb at a police station in northern Iraq, a Turkish state news agency says.",2747,20,21,0.9523809523809523,0,0.24390243902439024,0.05128205128205128,0.1951219512195122,0.9035605192184448,0.8909718990325928,0.8972220420837402
36558816,entertainment,bullet_points_3_shot,"A body found near Strathclyde Park in Motherwell is believed to be that of a missing teenager, police have said.",A body found in a wood in Motherwell has been identified as a teenager.,371,14,20,0.7,0,0.4117647058823529,0.18749999999999997,0.4117647058823529,0.9509856104850769,0.9089628458023071,0.9294995069503784
38635387,sport,bullet_points_3_shot,Neymar is the most valuable player in Europe - worth about £216m - according to a new study which values 10 players at more than 100m euros.,"Cristiano Ronaldo is the most valuable player in the Premier League, according to a new study.",1236,16,27,0.5925925925925926,0,0.5365853658536586,0.4615384615384615,0.5365853658536586,0.9409655928611755,0.8892378807067871,0.9143706560134888
32946874,tech,bullet_points_3_shot,"Swiss pilot Andre Borschberg has begun his bid to cross the Pacific, from China to Hawaii, in the zero-fuel Solar Impulse aeroplane.",Summary: 'It's going to be an inner-voyage.',3559,7,22,0.3181818181818182,0,0.0625,0.0,0.0625,0.8577481508255005,0.827470064163208,0.8423370718955994
38743285,business,bullet_points_3_shot,"A row between a Police and Crime Commissioner and his deputy, who was found guilty of serious misconduct, has been resolved following a payout.",A former police and crime commissioner has been cleared of misconduct after a dispute over a visit to the family of a murdered teenager.,1763,24,24,1.0,0,0.4583333333333333,0.17391304347826086,0.3333333333333333,0.9113553762435913,0.9125059247016907,0.91193026304245
30655155,entertainment,bullet_points_3_shot,"Actor Edward Herrmann, best known for his roles in TV show Gilmore Girls and vampire movie The Lost Boys, has died aged 71.","Actor Ed Herrmann, best known for his role in Gilmore Girls, has died aged 84.",2822,15,23,0.6521739130434783,0,0.6315789473684211,0.3888888888888889,0.6315789473684211,0.9834814071655273,0.9411124587059021,0.9618305563926697
36555197,sport,bullet_points_3_shot,"Northern Ireland goalscorer Gareth McAuley says Thursday's 2-0 Euro 2016 win over Ukraine - their first at a European Championship - was ""massive"".","Northern Ireland manager Mark McAuley says he was ""delighted"" by his side's 3-0 win over Poland at the Euro 2016 finals.",2193,21,23,0.9130434782608695,0,0.5217391304347826,0.18181818181818182,0.391304347826087,0.9347503185272217,0.923032820224762,0.9288546442985535
37796836,politics,bullet_points_3_shot,A landmark legal challenge against Brexit has been rejected at the High Court in Belfast.,The High Court has ruled that prerogative power can still be used to enact the Brexit vote.,3924,17,15,1.1333333333333333,0,0.3125,0.13333333333333333,0.18750000000000003,0.8907765746116638,0.9208880662918091,0.9055821299552917
39632704,tech,bullet_points_3_shot,A student whose mother and teenage brother were stabbed to death is focusing on caring for her father who was also injured in the attack.,A teenager has said she will never see her father again after he was stabbed to death in Birmingham.,1790,19,25,0.76,0,0.3636363636363636,0.14285714285714288,0.22727272727272727,0.9095909595489502,0.9000892639160156,0.9048151969909668
22379241,politics,bullet_points_3_shot,"North Korea has detained several US citizens - sometimes holding them for years, the BBC explains.","The son of a US tourist detained in North Korea has said he ""prepared to violate the law of the DPRK"".",7273,21,16,1.3125,0,0.3333333333333333,0.11764705882352941,0.2222222222222222,0.882148265838623,0.8935538530349731,0.887814462184906
30173084,tech,bullet_points_3_shot,South Korea's education minister has apologised after two faulty questions in the national college entrance exam left thousands of students confused.,South Korea's high school exam board has apologised for a mistake in one of the questions in the biology exam.,1810,20,21,0.9523809523809523,0,0.46511627906976744,0.24390243902439024,0.4186046511627907,0.9385547637939453,0.9334499835968018,0.9359953999519348
39009863,sport,bullet_points_3_shot,National League North side Gloucester City are in talks with rugby league team Gloucestershire All Golds about a potential groundshare.,The owners of Gloucester rugby league club All Golds have said they want to build a new home for the club.,798,21,20,1.05,0,0.2926829268292683,0.10256410256410256,0.2926829268292683,0.9200916290283203,0.8955104947090149,0.9076346755027771
37152397,politics,bullet_points_3_shot,"A Labour MP who accused Jeremy Corbyn of threatening to use his father - former Sinn Féin mayor Pat McGinn - to ""bully me into submission"" has spoken publicly about the row.",A Sinn Féin MP has claimed Jeremy Corbyn tried to ostracise him from his family.,1336,15,32,0.46875,0,0.425531914893617,0.13333333333333333,0.25531914893617014,0.9217889308929443,0.8800135254859924,0.9004169702529907
37262571,sport,bullet_points_3_shot,"Sir Bradley Wiggins and Mark Cavendish have been confirmed among 126 riders for the 2016 Tour of Britain, which begins in Glasgow on Sunday.",British cyclists Bradley Wiggins and Mark Cavendish will race in the Tour of Britain in September.,1444,16,24,0.6666666666666666,0,0.5,0.31578947368421056,0.5,0.953058123588562,0.9169576168060303,0.9346593618392944
40897814,business,bullet_points_3_shot,"A former financial controller has admitted stealing more than £440,000 from a hospital charity.",A charity worker has been jailed for seven years after admitting fraud and money laundering.,657,15,14,1.0714285714285714,0,0.20000000000000004,0.0,0.13333333333333333,0.9031326770782471,0.8977352976799011,0.9004258513450623
16523849,politics,bullet_points_3_shot,"Police in India's Maharashtra state have arrested five members of an upper caste for beating, stripping and parading naked a low-caste Dalit woman.",A woman has been beaten to death in a village in the Indian state of Karnataka.,883,16,23,0.6956521739130435,0,0.24390243902439027,0.0,0.14634146341463414,0.9310551881790161,0.8734076619148254,0.9013105630874634
37231760,politics,bullet_points_3_shot,Turkey has hit out at the United States over criticism of its ongoing role in the conflict in Syria.,Turkey's foreign ministry has called on the US to stop pursuing Kurdish fighters in Syria.,2918,15,19,0.7894736842105263,0,0.2857142857142857,0.0606060606060606,0.2857142857142857,0.9122774600982666,0.9218518733978271,0.917039692401886
40594857,politics,bullet_points_3_shot,"Yn ei gyfweliad cyntaf â'r BBC ers etholiad Esgob newydd Llandaf mae'r Gwir Barchedig Jeffrey John yn honni bod ""dau esgob wedi cynllunio gyda'i gilydd ymlaen llaw sut i drefnu'r etholiad yn Llandaf"" a hynny er mwyn ei gadw allan.","Summary: - Mae e-bost dyddiedig 8 Chwefror, a lofnodir gyda'r enw John ac a gredir gan The Church Times o gael ei anfon gan Y Gwir Barchedig John Davies, Esgob Abertawe ac Aberhonddu.",5237,33,40,0.825,0,0.2337662337662338,0.02666666666666667,0.15584415584415584,0.8378549814224243,0.8195077180862427,0.828579843044281
35713797,business,bullet_points_3_shot,Toshiba shares rallied more than 10% on Thursday on reports the firm was about to secure substantial new loans for its restructuring efforts.,"Toshiba, the world's biggest conglomerate, is in talks to borrow up to $2.2bn ($2.2bn; £1.6bn).",1386,15,23,0.6521739130434783,0,0.14285714285714288,0.0,0.14285714285714288,0.8436355590820312,0.8827186226844788,0.8627346754074097
34724271,sport,bullet_points_3_shot,"England's batsmen must ""pull their fingers out"" if they are to win the third Test against Pakistan and draw the series 1-1, says James Anderson.","England will have to bat the whole day to win or draw against Pakistan in Sharjah, says captain Joe Anderson.",1847,20,25,0.8,0,0.3829787234042553,0.08888888888888889,0.29787234042553196,0.9163846969604492,0.8979421854019165,0.9070696830749512
40116662,sport,bullet_points_3_shot,British and Irish Lions head coach Warren Gatland says he will not repeat Graham Henry's 2001 mistake by splitting the squad early in the tour.,"England coach Warren Gatland says he is ""in contention"" to face the All Blacks in their tour opener against New Zealand.",1577,21,25,0.84,0,0.3404255319148936,0.17777777777777778,0.3404255319148936,0.8909773826599121,0.884822428226471,0.8878892660140991
36666760,sport,bullet_points_3_shot,Rangers have made right-back Lee Hodson their eighth summer signing on a three-year deal from MK Dons.,Ibrox Rangers have signed midfielder Ryan Hodson on a one-year deal.,494,11,17,0.6470588235294118,0,0.4516129032258065,0.20689655172413793,0.4516129032258065,0.9431027173995972,0.9226293563842773,0.9327536821365356
33880041,tech,bullet_points_3_shot,A wine decanter taken from a church during the Highland Clearances and used by evicted families to feed milk to babies has been gifted to a museum.,A relic of the Highland Clearances has been donated to Inverness Museum and Art Gallery.,2807,15,27,0.5555555555555556,0,0.42857142857142855,0.15,0.38095238095238093,0.9112915396690369,0.8843119144439697,0.8975989818572998
40925574,tech,bullet_points_3_shot,"A woman who killed a pensioner while ""high on crystal meth and heroin"" has been given a six-year sentence.",A woman has been jailed for six years for the murder of a man who was stabbed in the chest and suffocated.,2617,22,19,1.1578947368421053,0,0.380952380952381,0.1,0.23809523809523808,0.9234368205070496,0.9093847870826721,0.9163569211959839
40668749,business,bullet_points_3_shot,"Criminals and terrorists are using the so-called dark net to buy weapons, a new study has suggested.","Guns and ammunition are sold illegally on the dark net, according to a new study.",2380,15,17,0.8823529411764706,0,0.5454545454545454,0.1935483870967742,0.5454545454545454,0.9474210739135742,0.9217533469200134,0.9344109892845154
30624894,entertainment,bullet_points_3_shot,Chris Rock has announced that he's separating from his wife.,"Chris Rock has filed for divorce from his wife, Malaak Compton-Rock.",1018,11,10,1.1,0,0.5217391304347826,0.380952380952381,0.5217391304347826,0.8708476424217224,0.9556481838226318,0.9112793207168579
29422484,business,bullet_points_3_shot,A man once dubbed the world's fattest has been granted an American visa so he can have surgery to remove excess skin.,A British man who has lost more than a pound of weight has been granted a visa to the US.,1175,20,22,0.9090909090909091,0,0.37209302325581395,0.0975609756097561,0.3255813953488372,0.9214802384376526,0.906577467918396,0.9139680862426758
36170137,tech,bullet_points_3_shot,"A new type of drug could benefit men with aggressive prostate cancer that is no longer responding to treatment, researchers from the Institute of Cancer Research have said.",A new class of drugs targeting the androgen receptor Hsp90 have been shown to be effective in treating prostate cancer.,1942,20,28,0.7142857142857143,0,0.3333333333333333,0.08695652173913043,0.20833333333333331,0.8901965022087097,0.898445725440979,0.8943021297454834
39458057,sport,bullet_points_3_shot,European leagues are free to schedule domestic games on the same nights as Champions League and Europa League ties after an agreement with Uefa ended.,The European Football League (EPL) has signed a deal with Uefa to allow domestic matches to be played on the same night as European matches.,1028,25,25,1.0,0,0.4000000000000001,0.125,0.28,0.920876145362854,0.9173980951309204,0.9191338419914246
27050394,politics,bullet_points_3_shot,"Teachers should scrutinise the holiday plans of families from communities that practise female genital mutilation (FGM), a conference has heard.","The practice of female genital mutilation (FGM) should be abolished in schools, campaigners say.",3291,14,20,0.7,0,0.4117647058823529,0.18749999999999997,0.3529411764705882,0.9401085376739502,0.9143168926239014,0.9270333051681519
38840026,tech,bullet_points_3_shot,Police are investigating the rape of a woman in Queens Park in Glasgow's Southside.,A man has been stabbed to death in a park in Aberdeen.,270,12,14,0.8571428571428571,0,0.2962962962962963,0.08,0.2962962962962963,0.9440513849258423,0.9113474488258362,0.9274111986160278
38466308,business,bullet_points_3_shot,Swansea's caretaker manager Alan Curtis says there would be no guarantee the club would return to the Premier League if they were relegated this season.,Swansea City manager Paul Curtis says he is not sure he will be able to get the club out of trouble if they go down.,2102,25,25,1.0,0,0.39215686274509803,0.12244897959183673,0.35294117647058826,0.9290740489959717,0.9224299192428589,0.9257400631904602
40304111,tech,bullet_points_3_shot,"The overall student loan debt for Welsh students has reached £3.7bn, new figures show.","The number of Welsh domiciled students owing tuition fees has risen in the past year, according to new figures.",1182,19,14,1.3571428571428572,0,0.35294117647058826,0.0625,0.35294117647058826,0.9050974249839783,0.9176229238510132,0.9113171696662903
19690725,business,bullet_points_3_shot,"Police in Italy have arrested a jobless man who posed as an airline pilot, tricking his way into riding in the cockpit of at least one jet.","Police in Italy have arrested a man who allegedly flew as a ""third pilot"" in the cockpit of a plane.",2291,20,27,0.7407407407407407,0,0.5957446808510639,0.39999999999999997,0.5957446808510639,0.9400895833969116,0.9142580032348633,0.9269939064979553
12344040,politics,bullet_points_3_shot,David Cameron has said too many children from immigrant families are not able to speak English when they start at school.,"Prime Minister David Cameron has said he has ""completely agreed"" that the number of people who come to the UK as husbands and wives is ""not happening"".",2164,27,21,1.2857142857142858,0,0.25,0.13043478260869565,0.20833333333333334,0.8804833889007568,0.8889564871788025,0.8846996426582336
34196763,business,bullet_points_3_shot,"Low pay and scarce hours are pushing working families and young people into poverty in Wales, a new report claims.","The number of children in Wales in poverty has risen by more than a third, according to a charity.",1057,19,20,0.95,0,0.20512820512820512,0.05405405405405406,0.15384615384615385,0.9089177846908569,0.9038447737693787,0.9063741564750671
34217549,business,bullet_points_3_shot,"Time spent travelling to and from first and last jobs by workers who do not have a fixed office should be regarded as work, European judges have ruled.",The European Court of Justice has ruled that those without a fixed or habitual office should count the time they spend travelling between their homes and the premises of their first and last jobs as work.,6100,36,28,1.2857142857142858,0,0.46875000000000006,0.1935483870967742,0.28125000000000006,0.9197601675987244,0.936308741569519,0.9279606938362122
30879937,tech,bullet_points_3_shot,Schools have been reopening in Guinea after a five-month closure because of the deadly Ebola outbreak.,Guinea's government has reopened schools in the country hit by the Ebola outbreak.,1312,13,16,0.8125,0,0.3870967741935484,0.06896551724137931,0.3225806451612903,0.9438954591751099,0.925224244594574,0.9344666600227356
34015798,business,bullet_points_3_shot,London's FTSE 100 index has recorded its biggest weekly loss this year after poor manufacturing figures in China exacerbated global economic fears.,"(Close): The FTSE 100 has plunged more than 4% on Friday, triggering a sell-off in global stock markets.",3747,18,22,0.8181818181818182,0,0.23809523809523808,0.049999999999999996,0.23809523809523808,0.886687695980072,0.8809356093406677,0.8838022947311401
40490738,tech,bullet_points_3_shot,"The sister of a teenager who was murdered, cut up and buried by her boyfriend says she is afraid after discovering he has been out of prison.","The family of a woman whose body was found under a fence in Foyle have said they are ""angry and fearful"" about a prisoner's release.",2396,25,27,0.9259259259259259,0,0.18867924528301885,0.0392156862745098,0.18867924528301885,0.9011891484260559,0.8982114791870117,0.8996978998184204
35476818,politics,bullet_points_3_shot,"Russian politician Mikhail Kasyanov has accused President Vladimir Putin of ""silently encouraging"" intimidation as a row over a menacing video continues.","Russian opposition leader Vladimir Kasyanov has said he is ""silently encouraging"" Russian President Vladimir Putin to stop his actions.",2804,19,21,0.9047619047619048,0,0.4,0.2105263157894737,0.3,0.9391521215438843,0.9328047633171082,0.935967743396759
30165675,entertainment,bullet_points_3_shot,"Perhaps predictably, Louis van Gaal delivered the best line of the day as he reflected on how his side survived an early storm to beat Arsenal 2-1.",Arsene Wenger was a little surprised by his side's win over Arsenal at the Emirates Stadium on Saturday evening.,4755,19,27,0.7037037037037037,0,0.20833333333333331,0.043478260869565216,0.125,0.9002203941345215,0.8810113668441772,0.8905122876167297
37024028,business,bullet_points_3_shot,"Craft brewer BrewDog has raised $1m (£770,000) from US investors within the first three days of a new funding round, according to the company.",BrewDog has raised more than £25m in a crowdfunding round in the US.,1348,13,24,0.5416666666666666,0,0.3684210526315789,0.1111111111111111,0.3157894736842105,0.9274829626083374,0.8885830640792847,0.9076164364814758
33541704,business,bullet_points_3_shot,An industrial dispute at Tata Steel has ended after workers voted to accept changes to their pension scheme.,Tata Steel has agreed a settlement with unions in a dispute over the company's pension scheme.,1374,16,18,0.8888888888888888,0,0.34285714285714286,0.1818181818181818,0.28571428571428575,0.9416981935501099,0.9325494170188904,0.9371014833450317
35034099,business,bullet_points_3_shot,"Keurig Green Mountain, which makes K-cups single-serve coffee pods, said it has accepted a $13.9bn (£9.2bn) bid.","A private equity firm has bought Keurig Green Mountain, the maker of the K-cup coffee machine.",2009,16,17,0.9411764705882353,0,0.36842105263157887,0.11111111111111112,0.2631578947368421,0.9274725914001465,0.8797921538352966,0.9030033946037292
30377462,tech,bullet_points_3_shot,A university has withdrawn a poster which appeared to ridicule Hollywood star Jennifer Lawrence after her nude pictures were leaked on the internet.,The University of Strathclyde has been accused of blaming Jennifer Lawrence for the leak of private pictures of the actress.,1135,20,23,0.8695652173913043,0,0.27906976744186046,0.04878048780487805,0.27906976744186046,0.8861683011054993,0.9145691394805908,0.9001447558403015
35923205,tech,bullet_points_3_shot,A man has been stabbed to death in a street in north London.,A man who died after being stabbed in a street has been named by police.,1209,15,13,1.1538461538461537,0,0.5714285714285715,0.30769230769230765,0.42857142857142855,0.9369498491287231,0.9422333240509033,0.9395841360092163
38984254,sport,bullet_points_3_shot,"Exeter head coach Rob Baxter says his side need to perform consistently at a ""high intensity"" if they are to earn more international recognition.","Exeter Chiefs head coach Mark Baxter says he is ""not surprised"" by the lack of international selections for the Six Nations.",1009,21,24,0.875,0,0.26666666666666666,0.09302325581395349,0.26666666666666666,0.9231891632080078,0.911892831325531,0.9175061583518982
39966693,sport,bullet_points_3_shot,"Brendan Rodgers says it would be a ""remarkable achievement"" for Celtic to complete an unbeaten league season.","Brendan Rodgers says Celtic's unbeaten run at Firhill was ""an outstanding team performance"".",2963,13,17,0.7647058823529411,0,0.3870967741935484,0.13793103448275862,0.3225806451612903,0.9100707769393921,0.9194868803024292,0.9147545695304871
34231916,entertainment,bullet_points_3_shot,Hundreds of rooms at a £45m student halls development at Aberystwyth University will not be ready for the new term.,Plans for a new campus at the University of Oxford have been unveiled.,327,13,20,0.65,0,0.4242424242424242,0.0,0.18181818181818185,0.9110674858093262,0.8668889403343201,0.8884292840957642
38025198,entertainment,bullet_points_3_shot,Characters based on a Nickelodeon cartoon were dropped from a Northern Ireland council's Christmas celebrations - after it emerged they were unauthorised.,A council has apologised after a Paw Patrol character did not appear at a Christmas lights switch-on.,1246,17,22,0.7727272727272727,0,0.3,0.0,0.15,0.9015828967094421,0.8880882859230042,0.8947847485542297
38021312,business,bullet_points_3_shot,Aston Villa have appointed former Brighton coach Colin Calderwood as their assistant manager to Steve Bruce.,Brighton manager Colin Calderwood has joined Aston Villa on a one-year contract.,1589,12,16,0.75,0,0.41379310344827586,0.14814814814814814,0.20689655172413793,0.9217584133148193,0.9091364741325378,0.9154039025306702
39884746,sport,bullet_points_3_shot,Jamie Roberts intends to use his disappointment at being overlooked by the British and Irish Lions as motivation when he captains Wales.,"Wales captain Mark Roberts says he was ""gutted"" to be dropped from Wales' squad for the Six Nations tour of New Zealand.",2517,22,22,1.0,0,0.22727272727272727,0.0,0.13636363636363635,0.8893860578536987,0.8988300561904907,0.8940831422805786
35516834,business,bullet_points_3_shot,In terms of what England wanted out of the game with Scotland I think they got everything.,Summary: - It was a good game for England. - It was a good game. - It was a good game.,4170,21,17,1.2352941176470589,0,0.11428571428571428,0.0,0.11428571428571428,0.889435887336731,0.8839519023895264,0.8866853713989258
18916143,sport,bullet_points_3_shot,Great Britain will miss the men's Olympic 4x100m relay final after being disqualified in their semi-final.,Great Britain's hopes of qualifying for the World Championship final have been dashed after a disappointing first leg.,1262,18,16,1.125,0,0.3243243243243243,0.05714285714285714,0.27027027027027023,0.9048234224319458,0.8786249160766602,0.8915317058563232
28783748,business,bullet_points_3_shot,Police are appealing for witnesses following a head-on crash between a car and a bus in West Lothian.,A passenger has been seriously injured in a crash between a car and a bus in Falkirk.,1239,17,18,0.9444444444444444,0,0.5,0.411764705882353,0.5,0.937771201133728,0.9209232926368713,0.92927086353302
36754530,tech,bullet_points_3_shot,Police have named a 52-year-old man who died after the forklift truck he was driving toppled over.,A man has died after being trapped underneath a forklift in East Kilbride.,491,13,17,0.7647058823529411,0,0.3125,0.06666666666666667,0.3125,0.9066861867904663,0.8998023867607117,0.9032312035560608
39537604,sport,bullet_points_3_shot,Great Britain's double gold medallist Nicola Adams believes new trainer Virgil Hunter will play a key part in success as a professional.,"Britain's Sarah Adams says she is ""in awe"" by the world's best boxer, Andre Ward, as she prepares for her first professional fight in Las Vegas.",1017,26,22,1.1818181818181819,0,0.23529411764705882,0.04081632653061224,0.23529411764705882,0.8676781058311462,0.8647993803024292,0.8662363290786743
33365674,politics,bullet_points_3_shot,"We're fast approaching the 70th anniversary next month of the dropping of the first nuclear bomb, on Hiroshima.",Summary: - The world changed on 6 August 1945.,6386,9,18,0.5,0,0.14814814814814814,0.0,0.14814814814814814,0.873847246170044,0.8517628908157349,0.862663745880127
35800561,business,bullet_points_3_shot,"David Drumm, former boss of the Anglo Irish Bank, has been granted bail by an Irish court after he was extradited from the US to face fraud charges.",Irish police have arrested former Anglo Irish Bank chief executive Michael Drumm on suspicion of fraud and tax evasion.,2773,19,28,0.6785714285714286,0,0.3404255319148936,0.08888888888888888,0.2127659574468085,0.9350351095199585,0.9124937653541565,0.9236268997192383
29748134,entertainment,bullet_points_3_shot,"Lala Njava's music is grounded in Madagascan tradition but is enriched with jazz, trance and afrobeat.","Lala Njava, a Malagasy blues singer, has performed at a concert in Belgium.",666,13,16,0.8125,0,0.20000000000000004,0.07142857142857144,0.20000000000000004,0.912119448184967,0.8823661804199219,0.8969961404800415
37172014,politics,bullet_points_3_shot,There haven't been many good moments for Myanmar's Rohingya Muslims in the last four years.,Summary: - Aung San Suu Kyi's report on the Rohingya in Myanmar could be a game-changer.,3593,16,15,1.0666666666666667,0,0.29411764705882354,0.0,0.17647058823529413,0.858639121055603,0.8831302523612976,0.8707125186920166
36523133,sport,bullet_points_3_shot,Ivan Lendl is definitely more of a handshake than a hug kind of guy.,"Ivan Delgado, have a lot in common.",3326,7,14,0.5,0,0.19047619047619047,0.0,0.19047619047619047,0.9061809778213501,0.8591103553771973,0.8820180892944336
29279384,politics,bullet_points_3_shot,How did it go for the 16 and 17-year-olds who were allowed to vote for the first time ever in the UK?,"The Scottish referendum has taught young people a lot about politics, a 16-year-old has said.",3122,15,22,0.6818181818181818,0,0.14634146341463414,0.0,0.14634146341463414,0.8981581926345825,0.8811096549034119,0.8895522952079773
38185491,sport,bullet_points_3_shot,Mercedes Formula 1 boss Toto Wolff admits that Nico Rosberg's decision to retire took him completely by surprise - but it is only the start of his problems.,"Summary: 'It's not going to be easy,' says Lewis Hamilton.",5857,10,28,0.35714285714285715,0,0.15384615384615383,0.0,0.10256410256410255,0.8826444149017334,0.8674512505531311,0.8749818801879883
33464480,tech,bullet_points_3_shot,"Smoking could play a direct role in the development of schizophrenia and needs to be investigated, researchers say.","Smoking may increase the risk of developing schizophrenia, a study suggests.",2309,11,18,0.6111111111111112,0,0.3448275862068966,0.0,0.27586206896551724,0.952125072479248,0.9241007566452026,0.937903642654419
34692640,tech,bullet_points_3_shot,"A family of five, including three young children, had to be rescued from a Somerset beach after their car got stuck in the mud on Saturday evening.",Three people have been rescued from a beach in Avon after a tidal surge.,324,14,27,0.5185185185185185,0,0.3902439024390244,0.10256410256410257,0.29268292682926833,0.925378680229187,0.9055246710777283,0.9153440594673157
28274531,politics,bullet_points_3_shot,Former Archbishop of Canterbury Lord Carey says he will support legislation that would make it legal for terminally ill people in England and Wales to receive help to end their lives.,Assisting Dying for the Terminally Ill Bill is not a Christian message of hope.,7250,14,31,0.45161290322580644,0,0.17777777777777778,0.046511627906976744,0.13333333333333333,0.8697342872619629,0.8495171070098877,0.8595068454742432
39072867,sport,bullet_points_3_shot,"Leicester's decision to sack Claudio Ranieri nine months after winning the Premier League made former Foxes striker Gary Lineker ""shed a tear"".","Summary: - Claudio Ranieri has been sacked by Leicester City manager Claudio Ranieri, says former England captain Mark Lineker.",8970,19,22,0.8636363636363636,0,0.24390243902439024,0.05128205128205128,0.24390243902439024,0.9088395237922668,0.8926605582237244,0.9006773829460144
22325779,tech,bullet_points_3_shot,Rescuers are frantically trying to save about nine people located in the wreckage of a collapsed factory complex in the Bangladeshi capital Dhaka.,"At least nine people have been rescued from the rubble of the collapsed Rana Plaza building in the Indian city of Mumbai, officials say.",4181,24,23,1.0434782608695652,0,0.2978723404255319,0.08888888888888888,0.2978723404255319,0.9203307032585144,0.9127996563911438,0.9165497422218323
40617914,sport,bullet_points_3_shot,Dundee United have signed their second goalkeeper in a week by bringing in Harry Lewis on loan from Southampton.,Tannadice United have signed Southampton goalkeeper Harry Lewis on a one-year deal.,1697,12,19,0.631578947368421,0,0.5625,0.26666666666666666,0.4375,0.9210096597671509,0.9156597256660461,0.9183268547058105
38125603,sport,bullet_points_3_shot,Celtic cruised to a 3-0 win over Aberdeen at Hampden Park as Brendan Rodgers secured his first trophy as the Scottish Premiership leaders' manager.,Summary: - Brendan McLean's performance in the Scottish League Cup final was a poor one for the victors.,4564,18,24,0.75,0,0.18604651162790697,0.048780487804878044,0.13953488372093023,0.8721168637275696,0.8573819994926453,0.8646866679191589
30992607,politics,bullet_points_3_shot,For three weeks Alexander Litvinenko desperately tried to fight off the radiation that was destroying his body from within.,"Alexander Litvinenko, a former FSB officer who became a fierce critic of Vladimir Putin, has died at the age of 84.",5154,21,19,1.105263157894737,0,0.15,0.052631578947368425,0.15,0.868598997592926,0.8618888854980469,0.8652309775352478
38252691,business,bullet_points_3_shot,Auditors have questioned the way a health board handled funding awarded to a celebrity-led charity event.,A health board has been criticised for failing to properly manage its funding for an event to raise awareness of organ donation laws.,2388,23,16,1.4375,0,0.3,0.10526315789473685,0.25,0.9126867651939392,0.9208052754402161,0.9167280197143555
36066329,entertainment,bullet_points_3_shot,An 85-year-old woman has died after being struck by a bin lorry in Edinburgh.,A woman has been rescued from a bin lorry after a wheeled walking aid was thrown from a bin lorry.,536,20,14,1.4285714285714286,0,0.33333333333333326,0.17647058823529413,0.33333333333333326,0.9046780467033386,0.9121091961860657,0.9083784222602844
38872959,tech,bullet_points_3_shot,"A tractor being driven by a 15-year-old boy ""as a taxi for his drunk mates"" has been stopped by police in North Yorkshire.",A 15-year-old boy has been arrested on suspicion of driving a tractor as a taxi for his drunk mates.,523,19,23,0.8260869565217391,0,0.6956521739130435,0.5454545454545454,0.5217391304347826,0.9592479467391968,0.9437987804412842,0.9514606595039368
40754122,tech,bullet_points_3_shot,"A man accused of claiming almost Â£10,000 after allegedly pretending his family died in the Grenfell Tower fire has denied two counts of fraud.",A man has appeared in court charged with fraud after claiming he lived in a block of flats in a tower block fire in June.,850,25,24,1.0416666666666667,0,0.4000000000000001,0.041666666666666664,0.24,0.9140759706497192,0.8825608491897583,0.8980419635772705
38458406,politics,bullet_points_3_shot,"In our series of letters from African journalists, media and communications trainer Joseph Warungu gives a personal guide to some of the key people, places and events to watch out for in Africa in 2017.",Summary: - Joseph Warungu,7770,4,35,0.11428571428571428,0,0.10526315789473684,0.05555555555555555,0.10526315789473684,0.90566486120224,0.8252886533737183,0.8636106252670288
36462386,business,bullet_points_3_shot,"A farmer told to demolish a mock Tudor castle that was built without planning permission has vowed to rebuild ""the work of art"" elsewhere.","A man who built a ""work of art"" for his family has told a judge he will ""fully comply"" with council enforcement notices.",1611,23,24,0.9583333333333334,0,0.3404255319148936,0.08888888888888888,0.2127659574468085,0.9038925766944885,0.884787917137146,0.8942382335662842
34043497,business,bullet_points_3_shot,"Full services on Nottingham's new tram lines have started, eight months behind schedule.",The first public trams to open in Nottingham have started running.,2237,11,13,0.8461538461538461,0,0.23999999999999996,0.08695652173913043,0.23999999999999996,0.9365091323852539,0.9087287187576294,0.9224097728729248
40729647,tech,bullet_points_3_shot,Thieves broke into vans and stole tools being used by a team working on a life-changing project for TV show DIY SOS.,Two vans and tools have been stolen from a DIY SOS project in Birmingham.,1169,14,22,0.6363636363636364,0,0.3783783783783784,0.1142857142857143,0.3243243243243243,0.9296910762786865,0.9098014235496521,0.9196386933326721
35538968,business,bullet_points_3_shot,Oil and gas exploration firm Tullow Oil has reported a pre-tax loss of £1.3bn for the year to 31 December as low oil prices bit into revenues.,Tullow Oil has reported a loss of £2bn in the first half of the year.,1410,15,27,0.5555555555555556,0,0.4090909090909091,0.2857142857142857,0.4090909090909091,0.9564464688301086,0.9001603126525879,0.9274502396583557
26546100,tech,bullet_points_3_shot,EE has come out on top and Vodafone last in one of the UK's most comprehensive tests of mobile networks.,"EE and Three have been rated as the best mobile operators in the UK, according to a new study.",3559,19,20,0.95,0,0.3,0.052631578947368425,0.25,0.9109563231468201,0.8864001631736755,0.8985104560852051
37949101,tech,bullet_points_3_shot,A man who tried to get home on a 2.5 tonne road roller after a night out drinking in Dumfries has received a 15-month driving ban.,A man has been given a driving ban after he took a roller from Brooms Road in Dumfries.,684,18,26,0.6923076923076923,0,0.5217391304347826,0.13636363636363638,0.30434782608695654,0.9255040287971497,0.8895652294158936,0.9071788191795349
31090761,politics,bullet_points_3_shot,"Nearly all of the chaotically built homes in the small community of Vila Uniao in the west of Rio have ""SMH"" painted onto their walls.",Rio's Vila Uniao neighbourhood has been renamed Vila Uniao.,4504,9,25,0.36,0,0.17142857142857143,0.06060606060606061,0.11428571428571428,0.9121204614639282,0.8734654188156128,0.8923745155334473
27691207,business,bullet_points_3_shot,"A key safety limit at one of Britain's nuclear power stations is being raised to allow the life of the reactor to be extended, the BBC has learned.","Summary: 'It doesn't feel good when we come up against limits and the first thing they [the ONR] do is move the goalposts,' says one expert.",3728,26,28,0.9285714285714286,0,0.17857142857142858,0.0,0.10714285714285715,0.8482253551483154,0.8575820922851562,0.8528780937194824
33719206,sport,bullet_points_3_shot,"A US dentist has killed a lion in Zimbabwe, Africa.",A hunter who shot Cecil Palmer in the head has been sentenced to life in prison.,2675,16,10,1.6,0,0.23076923076923075,0.0,0.23076923076923075,0.8756616711616516,0.8867194056510925,0.8811558485031128
38484254,business,bullet_points_3_shot,"A whisky distillery plans to invest £580,000 in community projects to mark its 200 years on the island of Islay.",Islay's Lagavulin whisky is to be auctioned off to raise funds for its 200th anniversary.,2354,15,20,0.75,0,0.27027027027027023,0.0,0.2162162162162162,0.885382354259491,0.8922958970069885,0.8888256549835205
23885509,entertainment,bullet_points_3_shot,"David Hockney's assistant died after drinking acid at the painter's home, an inquest has heard.","Summary: 'Nothing out of the ordinary' at the time of the artist's death, a coroner has heard.",3901,17,15,1.1333333333333333,0,0.28571428571428575,0.12121212121212122,0.28571428571428575,0.9048558473587036,0.893007218837738,0.8988925218582153
37144514,sport,bullet_points_3_shot,"Nigeria's Olympic rower Chierika Ukogu has an inspirational story - but without the mistaken promotion of US rapper Snoop Dogg, she is likely to have sunk without trace.","Chierika Ukogu, a Nigerian rower, has won a gold medal at the Rio Olympics.",2923,14,28,0.5,0,0.2380952380952381,0.05,0.19047619047619047,0.923967719078064,0.8703190684318542,0.8963413834571838
36785899,business,bullet_points_3_shot,A plane bound for Chicago has been forced to make an emergency landing for the second time in two days.,A United Airlines flight from Edinburgh to Chicago has returned to Edinburgh Airport after a mechanical issue.,691,17,20,0.85,0,0.2162162162162162,0.05714285714285714,0.2162162162162162,0.8956530094146729,0.8973493576049805,0.8965004086494446
40012848,sport,bullet_points_3_shot,Sporting events and venues in England are conducting major security reviews after 22 people were killed in an attack at Manchester Arena.,Manchester United and Ajax will hold a minute's silence at Headingley cricket ground ahead of the Euro 2016 final.,8676,19,22,0.8636363636363636,0,0.14285714285714282,0.0,0.09523809523809525,0.8364294767379761,0.8518757820129395,0.8440819382667542
20434319,business,bullet_points_3_shot,"A tenfold increase in the number of English schools converting to academies has meant £1bn in extra costs, says the government's spending watchdog.","The government spent £8.3bn on academies in England in the last two years, according to a report.",4014,17,23,0.7391304347826086,0,0.380952380952381,0.09999999999999999,0.1904761904761905,0.921146035194397,0.903803825378418,0.9123925566673279
36719081,sport,bullet_points_3_shot,"Russell Knox has every right to beam from ear to ear, as he did for the majority of his 15-minute media gathering, after flying in from his base in the United States to a sodden Castle Stuart.","Summary: - Russell Knox: ""I can't wait to play this week. I've been looking forward to it for a long time.""",3589,21,37,0.5675675675675675,0,0.19999999999999998,0.034482758620689655,0.19999999999999998,0.8609908223152161,0.8342167139053345,0.8473923206329346
40674872,business,bullet_points_3_shot,The mother of missing teenager Charlene Downes said she is going to sue police over mishandling her murder case.,The mother of a teenager who disappeared 13 years ago has said she wants to get the police to do their job.,1623,22,19,1.1578947368421053,0,0.3902439024390244,0.15384615384615383,0.3902439024390244,0.9254676103591919,0.9092594981193542,0.9172919988632202
37314622,sport,bullet_points_3_shot,Brazilian police say they want to speak to International Olympic Committee (IOC) president Thomas Bach about an alleged scheme to resell tickets during last month's Rio Olympics.,The International Olympic Committee (IOC) president has been questioned by police in Rio about his influence over Olympic ticketing policy.,2193,20,27,0.7407407407407407,0,0.3333333333333333,0.17391304347826086,0.25,0.9350295066833496,0.9105547666549683,0.9226298332214355
17662916,politics,bullet_points_3_shot,"Joyce Banda, who has made history becoming Malawi's first female president and only the second woman to lead a country in Africa, has a track record of fighting for women's rights.",Summary: - Joyce Banda is Malawi's first female vice-president.,4423,9,31,0.2903225806451613,0,0.3255813953488372,0.1951219512195122,0.3255813953488372,0.9294914603233337,0.903205156326294,0.9161597490310669
40302299,tech,bullet_points_3_shot,Relegated Sunderland will travel to Bury in the EFL Cup first round.,The first round of the EFL Cup has been drawn between Charlton Athletic and Forest Green Rovers at Wembley Stadium.,3134,20,12,1.6666666666666667,0,0.3125,0.19999999999999998,0.18749999999999997,0.8829094171524048,0.8967209458351135,0.8897615671157837
38135155,business,bullet_points_3_shot,"Three rare pygmy marmosets have been rescued and are set to be reunited, after being stolen from a Sydney zoo at the weekend.",A pygmy marmoset has been reunited with its mother after being stolen from a Sydney zoo.,1707,16,23,0.6956521739130435,0,0.5128205128205128,0.3243243243243243,0.5128205128205128,0.9603695273399353,0.9430770874023438,0.9516447186470032
31753961,business,bullet_points_3_shot,"Forget James Bond, when it comes to recruiting spies needed to protect Britain there aren't enough Jane Bonds.","If you're looking for a job in the intelligence services, you might want to look elsewhere.",1394,16,18,0.8888888888888888,0,0.05555555555555555,0.0,0.05555555555555555,0.8681771755218506,0.8476581573486328,0.8577949404716492
39392583,politics,bullet_points_3_shot,"The world leader of millions of Muslims has condemned the Westminster terror attack calling it an ""affront to the teachings of Islam"".","The caliph of the Ahmadiyya Muslim community has said he is ""deeply saddened"" by the death of five people in the Westminster attack.",1140,23,22,1.0454545454545454,0,0.3555555555555555,0.046511627906976744,0.2666666666666666,0.8928166627883911,0.903461217880249,0.8981074094772339
40411756,tech,bullet_points_3_shot,"Singer Charlotte Church has lost her unborn baby, she has announced.","Charlotte Gainsbourg has said she is ""very sad"" she has lost her baby.",540,13,11,1.1818181818181819,0,0.5833333333333334,0.2727272727272727,0.41666666666666663,0.9000084400177002,0.9347444772720337,0.9170476198196411
39291943,tech,bullet_points_3_shot,A man who admitted causing a fatal crash while being pursued by an unmarked police car has been jailed for nine years.,A man has been jailed for 15 years for causing the death of two men in a car crash.,1276,19,22,0.8636363636363636,0,0.5365853658536586,0.20512820512820512,0.3414634146341463,0.9523583054542542,0.9313953518867493,0.9417601823806763
38134212,tech,bullet_points_3_shot,"A pensioner who underwent gender re-assignment surgery at the age of 69 says she lived ""in the wrong body"" for most of her life because she feared the reaction of her friends and family.",A transgender woman in Northern Ireland has said she is happy she has had a transgender operation.,2290,17,34,0.5,0,0.15384615384615385,0.0,0.11538461538461539,0.9046963453292847,0.8650354146957397,0.8844214677810669
33945501,tech,bullet_points_3_shot,Astronomers have discovered a baby planet which looks like a young version of Jupiter.,Astronomers have discovered a new world - a baby planet - a few million light-years away.,1466,16,14,1.1428571428571428,0,0.4827586206896552,0.3703703703703704,0.4827586206896552,0.9171789884567261,0.937566876411438,0.9272608757019043
28972309,politics,bullet_points_3_shot,Campaigners have opened a camp with thousands of protesters due in Newport ahead of next week's Nato summit.,Campaigners have set up a camping camp in Newport ahead of the Nato World Summit.,2196,15,18,0.8333333333333334,0,0.5882352941176471,0.25,0.5882352941176471,0.9493246674537659,0.9294237494468689,0.9392687678337097
37496318,tech,bullet_points_3_shot,The High Court has banned publication of photographs allegedly stolen from Pippa Middleton's iCloud account.,"A man has been arrested in connection with a ""genuine"" phishing attack on Miss Middleton's iCloud account.",1473,17,15,1.1333333333333333,0,0.29411764705882354,0.18750000000000003,0.29411764705882354,0.8965665698051453,0.8942589163780212,0.8954112529754639
36642047,politics,bullet_points_3_shot,The Metropolitan Police are on heightened alert for a rise in hate crime following the European referendum result.,"Police are investigating reports of racist incidents in London and Cambridgeshire, the Met has said.",3223,15,18,0.8333333333333334,0,0.2424242424242424,0.06451612903225808,0.2424242424242424,0.8923277854919434,0.9071358442306519,0.8996708989143372
37025796,sport,bullet_points_3_shot,Ospreys have signed former Scarlets and Wales back-rower Rob McCusker on a short-term contract as injury cover.,Rob McCusker has joined Ospreys from Scarlets on a one-year contract.,799,11,17,0.6470588235294118,0,0.4516129032258065,0.13793103448275862,0.3225806451612903,0.9561352729797363,0.9229463934898376,0.939247727394104
28832868,business,bullet_points_3_shot,"Heavily armed men have attacked a convoy of cars belonging to a Saudi prince, stealing 250,000 euros (£200,000; $330,000), police say.","Gunmen have ambushed a convoy of Saudi Arabians in Paris, armed with Kalashnikov rifles, police say.",1657,16,21,0.7619047619047619,0,0.4,0.15789473684210528,0.35000000000000003,0.8990616798400879,0.8481662273406982,0.8728726506233215
36766971,sport,bullet_points_3_shot,"""Dedicated"" and ""hungry for success"" are phrases used a lot in connection with athletes heading to compete in an Olympic Games.","If you're a fan of rugby union, you'll know that it's a game of respect - and it's a game of respect.",2305,22,21,1.0476190476190477,0,0.08695652173913043,0.0,0.08695652173913043,0.8635327816009521,0.8519484996795654,0.8577015399932861
33665939,tech,bullet_points_3_shot,Mobile and landline telephone services have been restored in Shetland after coverage was lost for several hours causing disruption.,Hundreds of people have been stranded on the Isle of Shetland after a radio transmitter on Orkney failed.,864,18,19,0.9473684210526315,0,0.21621621621621623,0.11428571428571428,0.21621621621621623,0.9136448502540588,0.8925915956497192,0.9029954671859741
34873930,business,bullet_points_3_shot,"A girls' school has scrapped its end of year prom claiming it is too much of a ""distraction"" to pupils.","A Catholic school in Jersey has warned parents about the ""unacceptable competition"" caused by the school's prom.",1729,17,20,0.85,0,0.2105263157894737,0.0,0.2105263157894737,0.9014667272567749,0.8997111320495605,0.9005880951881409
34337476,tech,bullet_points_3_shot,"""If they knew I was talking to you, I'd be killed,"" says Mohamed.","Summary: - if you're a fan of Islamic State, you'll like it.",2961,12,13,0.9230769230769231,0,0.14814814814814817,0.0,0.14814814814814817,0.8646396994590759,0.8716078400611877,0.8681098222732544
40424712,sport,bullet_points_3_shot,Leyton Orient have appointed former chief executive Matt Porter to their board of directors following Nigel Travis' takeover on 22 June.,Darts boss Gary Porter has stepped down from his role at the O's following the club's takeover.,418,17,21,0.8095238095238095,0,0.15,0.0,0.15,0.8959161043167114,0.871175229549408,0.8833725452423096
31469644,entertainment,bullet_points_3_shot,US Supreme Court Justice Ruth Bader Ginsburg has admitted there is a reason she was seen nodding off at the president's State of the Union address.,"Justice Ginsburg has said she was ""not 100% sober"" at the State of the Union speech.",1389,16,26,0.6153846153846154,0,0.5116279069767441,0.29268292682926833,0.5116279069767441,0.9171788096427917,0.9063275456428528,0.9117209315299988
30579130,tech,bullet_points_3_shot,A man is being held in Manchester on suspicion of terrorism offences.,A man has been arrested on suspicion of terrorism offences.,357,10,12,0.8333333333333334,0,0.6363636363636365,0.5,0.6363636363636365,0.9769366383552551,0.9603692889213562,0.9685821533203125
38204424,politics,bullet_points_3_shot,"John Key has announced that he will resign as prime minister of New Zealand, after eight years in the job, citing family reasons.",New Zealand's former Prime Minister John Key has resigned as prime minister.,2826,12,23,0.5217391304347826,0,0.4444444444444444,0.29411764705882354,0.33333333333333337,0.9607257843017578,0.9157050848007202,0.9376753568649292
40577325,politics,bullet_points_3_shot,"Labour has accused the Conservatives of putting ""vitriolic personal attacks"" at the heart of their election campaign.","Conservative MPs have accused the Conservative Party of promoting ""personal attacks"" on candidates on social media.",2998,16,17,0.9411764705882353,0,0.30303030303030304,0.12903225806451615,0.30303030303030304,0.9288389682769775,0.913746178150177,0.9212307929992676
34453610,tech,bullet_points_3_shot,Detectives investigating the alleged attempted kidnap of a baby are appealing for a taxi driver to contact them.,A taxi driver has been charged with attempting to kidnap a teenage girl.,682,13,18,0.7222222222222222,0,0.3870967741935484,0.13793103448275862,0.2580645161290323,0.9396237134933472,0.9083796739578247,0.9237375259399414
38678509,business,bullet_points_3_shot,"Offenders with a violent history are to be offered a new chance to change their lives, following the success of an American-style training project.",A food truck has been set up in Glasgow to help offenders who have committed to a crime-free life.,3108,19,24,0.7916666666666666,0,0.22222222222222224,0.0,0.1333333333333333,0.9068711400032043,0.9045199155807495,0.9056939482688904
35755536,tech,bullet_points_3_shot,One of Scotland's most wanted fugitives is still believed to be hiding in the Netherlands almost 10 years after he raped a woman in Glasgow.,A man convicted of raping a woman in the Netherlands has been named in a list of UK suspects.,596,19,25,0.76,0,0.3111111111111111,0.18604651162790697,0.2222222222222222,0.9134072065353394,0.8944945931434631,0.9038519859313965
36757060,politics,bullet_points_3_shot,"Dallas police have given the all clear, hours after security levels were raised at their headquarters in the city.","Dallas police have said they have taken ""precautionary measures"" to ""highen security"" after a gun attack in the US city of Dallas.",2766,22,19,1.1578947368421053,0,0.3902439024390244,0.15384615384615383,0.3414634146341463,0.877019464969635,0.9036891460418701,0.8901546001434326
39593375,entertainment,bullet_points_3_shot,A paedophile who raped a 12-year-old boy after grooming him online has been jailed for 13 years.,A paedophile who sexually assaulted a 13-year-old boy has been jailed for life.,1523,13,17,0.7647058823529411,0,0.7058823529411765,0.43750000000000006,0.6470588235294117,0.9759084582328796,0.9515716433525085,0.9635863900184631
30194628,tech,bullet_points_3_shot,"Italy's first female astronaut, Samantha Cristoforetti, is spending almost six months on the International Space Station.","The International Space Station is home to the world's first space station, the International Space Station (ISS).",1823,17,16,1.0625,0,0.39999999999999997,0.24242424242424243,0.34285714285714286,0.8984740376472473,0.8445144295692444,0.8706589937210083
40417519,politics,bullet_points_3_shot,A council is to seek a civil injunction and damages against one of its own councillors and other members of the public.,A councillor who protested against the removal of street trees in Sheffield has been given an injunction.,1834,17,22,0.7727272727272727,0,0.25641025641025644,0.0,0.15384615384615383,0.8986964821815491,0.8923633694648743,0.8955187201499939
39185863,sport,bullet_points_3_shot,"Team Sky riders are ""100%"" behind team principal Sir Dave Brailsford, according to Geraint Thomas.","Team Sky's chief executive Dave Brailsford has said he is ""fully behind"" Sir Dave Brailsford, saying he is ""the leader of our super Team Sky"".",3930,25,15,1.6666666666666667,0,0.3414634146341463,0.15384615384615383,0.29268292682926833,0.8942167162895203,0.9058964848518372,0.9000186920166016
37460682,tech,bullet_points_3_shot,Messaging app firm Snapchat has announced its first gadget - sunglasses with a built-in camera.,Summary: - Snapchat has unveiled a new product - broken Glass Spectacles.,3308,12,15,0.8,0,0.24,0.08695652173913043,0.24,0.8998241424560547,0.8880564570426941,0.893901526927948
38574544,sport,bullet_points_3_shot,"Guinea-Bissau's players have ended their strike after being paid outstanding wages, four days before the start of the Africa Cup of Nations.",Guinea-Bissau's national football team has been relegated to the second qualifying round of the Africa Cup of Nations.,1431,18,22,0.8181818181818182,0,0.45454545454545453,0.3333333333333333,0.45454545454545453,0.9155251979827881,0.9031368494033813,0.9092888236045837
31508030,politics,bullet_points_3_shot,"David Cameron has voiced his ""strong support"" for the expansion of grammar schools during a visit to the South East.",David Cameron has said he strongly supports the right of grammar schools to expand.,1650,14,20,0.7,0,0.47058823529411764,0.25,0.47058823529411764,0.9530859589576721,0.91968834400177,0.9360893368721008
40932205,sport,bullet_points_3_shot,Championship side Bristol City came from behind to beat Premier League Watford in the EFL Cup second round.,"Summary: Despite a goalless draw at Watford, Bristol City were relegated from the Championship after a goalless draw with Watford.",3716,20,18,1.1111111111111112,0,0.3157894736842105,0.05555555555555555,0.2105263157894737,0.86638343334198,0.8760606646537781,0.8711952567100525
36517711,tech,bullet_points_3_shot,"A disturbance at a prison saw 130 inmates transferred to nearby jails after two wings were put ""out of commission"", a union has said.","Prison staff at a Hampshire prison have been ""savagely damaged"" by a ""failed benchmark process"", the BBC has learned.",1551,19,24,0.7916666666666666,0,0.23255813953488372,0.04878048780487805,0.23255813953488372,0.8868495225906372,0.8801277875900269,0.8834758400917053
32788950,sport,bullet_points_3_shot,Batsman Joe Root has credited sacked coach Peter Moores with the form that resulted in him being named England's player of the year.,"England captain Joe Root says he has ""got the best out of"" coach Peter Moores.",1632,15,23,0.6521739130434783,0,0.4615384615384615,0.16216216216216214,0.3076923076923077,0.9260233044624329,0.8963680267333984,0.9109544157981873
39050812,sport,bullet_points_3_shot,Manager Grant McCann has apologised to the fans for Peterborough United's 4-1 home defeat by fellow League One play-off hopefuls Southend United.,Peter McCann says he believes he is five points off the play-offs after his side's 1-0 win over Posh at the ABAX Stadium.,1264,23,22,1.0454545454545454,0,0.23529411764705882,0.0,0.1568627450980392,0.8779247403144836,0.8676539659500122,0.8727591037750244
32974091,politics,bullet_points_3_shot,An public inquiry is under way into plans for up to 500 new homes in an area of open land in Kent.,A public inquiry into plans to build a new road on a Grade II listed site in Maidstone has been launched.,1035,21,22,0.9545454545454546,0,0.3255813953488372,0.0975609756097561,0.3255813953488372,0.9202972054481506,0.9233059287071228,0.9217991232872009
36171772,tech,bullet_points_3_shot,"A railway line which was closed due to a landslip is to reopen next week, Network Rail has announced.",Trains are due to reopen on the Farnham to Alton line after the track collapsed.,427,15,19,0.7894736842105263,0,0.29411764705882354,0.125,0.17647058823529413,0.8919844031333923,0.9020193815231323,0.8969739079475403
39885289,business,bullet_points_3_shot,"An Asian police officer who raised concerns about a ""racist"" toy monkey at work was accused of gross misconduct, BBC News has learned.",A Metropolitan Police detective who claimed he saw a monkey toy on a colleague's desk has been cleared of misconduct.,4746,20,23,0.8695652173913043,0,0.3636363636363636,0.0,0.2727272727272727,0.9240343570709229,0.8996678590774536,0.9116883873939514
36423329,politics,bullet_points_3_shot,Philippine President-elect Rodrigo Duterte has been condemned by media groups for saying some of the many journalists killed in the country had deserved to die.,"Philippines President Rodrigo Duterte has said he will ""kill"" journalists if they do something wrong.",3678,15,25,0.6,0,0.2439024390243902,0.10256410256410256,0.2439024390243902,0.9058087468147278,0.8983070850372314,0.9020423293113708
40912459,tech,bullet_points_3_shot,A jet skier has been airlifted to hospital after a crash involving a speedboat during an event off Anglesey.,A lifeboat crew has been rescued after a lifeboat sank in a bay in Gwynedd.,781,15,19,0.7894736842105263,0,0.35294117647058826,0.125,0.35294117647058826,0.9100856184959412,0.8927837610244751,0.9013516902923584
30546498,business,bullet_points_3_shot,"In Africa, Botswana is often seen as a diamond in the rough.",Botswana is one of Africa's richest countries.,6755,7,12,0.5833333333333334,0,0.3,0.1111111111111111,0.2,0.918900728225708,0.9061501622200012,0.9124809503555298
35987432,tech,bullet_points_3_shot,"A mother-of-four battered a toddler to death months after she was made the child's legal guardian, a court has heard.","A toddler who died from septicaemia and a ""terrible"" head injury has been found dead, a court has heard.",1656,19,20,0.95,0,0.3333333333333333,0.19999999999999998,0.28571428571428575,0.8834245800971985,0.8955945372581482,0.8894678950309753
40291028,tech,bullet_points_3_shot,"A man has been found guilty of murdering his ""on-off partner"" by bludgeoning her to death.",A man has been jailed for life for the murder of a woman in a flat.,1613,16,16,1.0,0,0.30303030303030304,0.19354838709677422,0.30303030303030304,0.9267298579216003,0.8949249982833862,0.9105497598648071
32918499,tech,bullet_points_3_shot,Three nightclub doormen have told how they helped rescue a man trapped in an upturned car in a water-filled ditch.,Three fire-fighters have helped a man who was trapped in a car in a dyke save his life.,1541,18,20,0.9,0,0.5,0.2105263157894737,0.5,0.9219992160797119,0.9047612547874451,0.9132989048957825
36961338,tech,bullet_points_3_shot,"More armed police are to be seen on patrol in London, Metropolitan Police commissioner Sir Bernard Hogan-Howe and Mayor of London Sadiq Khan have said.","More armed police officers are to be deployed across England and Wales, the Metropolitan Police commissioner has said.",5141,18,25,0.72,0,0.5,0.28571428571428564,0.4545454545454546,0.953544020652771,0.8926637768745422,0.9221000671386719
32584708,politics,bullet_points_3_shot,The Italian parliament has approved a long-debated and extensive electoral reform that aims to give the country more political stability.,Italy's lower house of parliament has approved a law that grants seats to parties that win more than 40% of the national vote.,1586,23,20,1.15,0,0.35555555555555557,0.13953488372093023,0.3111111111111111,0.896342396736145,0.9055162668228149,0.900905966758728
38221487,business,bullet_points_3_shot,(Close) The Dow Jones Industrial Average closed at a fresh high for a second consecutive day after a rally in financial shares boosted the index.,(Close): Stocks on Wall Street soared after the US presidential election.,1576,11,25,0.44,0,0.16666666666666666,0.0,0.16666666666666666,0.8936628103256226,0.8663317561149597,0.8797851204872131
39575575,tech,bullet_points_3_shot,"A driver whose car hit another in a head-on crash, killing his five-year-old stepson, has been jailed for six years.",A man has been jailed for life for causing the death of a three-year-old boy in a car crash.,3413,19,20,0.95,0,0.5,0.23809523809523808,0.22727272727272724,0.9474111795425415,0.9241293668746948,0.935625433921814
29905025,politics,bullet_points_3_shot,The president of Afghanistan has told an emotional husband that a group of men accused of gang raping his wife would be brought to justice.,"The father of a gang rape victim in Afghanistan has told the BBC that he is ""like your child, even your daughter is older than me"".",2437,26,25,1.04,0,0.3137254901960784,0.08163265306122448,0.23529411764705882,0.8747240900993347,0.8986470699310303,0.8865242004394531
35346992,entertainment,bullet_points_3_shot,A man who sparked a drug-fuelled roof-top siege after breaking up with his partner has been given a suspended prison sentence.,A man has been charged with burglary after breaking into his girlfriend's flat.,349,13,21,0.6190476190476191,0,0.4324324324324324,0.1714285714285714,0.27027027027027023,0.9109169244766235,0.873867392539978,0.8920076489448547
30139832,politics,bullet_points_3_shot,"Emily Thornberry has resigned from Labour's front bench after sending a tweet during the Rochester and Strood by-election which was branded ""snobby"".",Labour MP Jo Thornberry has apologised after posting a picture of herself and a white van outside her home in Rochester.,4526,21,22,0.9545454545454546,0,0.3111111111111111,0.046511627906976744,0.22222222222222224,0.9058663845062256,0.8755719065666199,0.8904615044593811
38584606,business,bullet_points_3_shot,"Richard Carpenter has said he is owed at least $2m (Â£1.6m) in royalties for the hits he recorded in The Carpenters, including Yesterday Once More.","The Carpenters singer Richard Carpenter has filed a lawsuit against Universal Music, alleging that the record labels misclassified the revenue from digital downloads.",2411,23,25,0.92,0,0.24489795918367346,0.1276595744680851,0.20408163265306123,0.8948268294334412,0.8549931645393372,0.8744565844535828
36426365,business,bullet_points_3_shot,A delegation of Scottish companies is heading to Myanmar this week in an effort to tap into opportunities in the country's oil and gas sector.,A delegation of Scottish oil and gas companies from Myanmar has arrived in the US for a trade mission.,3751,19,25,0.76,0,0.4888888888888889,0.27906976744186046,0.35555555555555557,0.9468239545822144,0.9291319847106934,0.9378945827484131
36896016,politics,bullet_points_3_shot,"Immigration has long been a divisive issue on Hispaniola, the Caribbean island shared by Haiti and the Dominican Republic.","The Dominican Republic's Catholic Church has played a key role in the migration crisis, with some priests defending the rights of the returnees.",5670,23,19,1.2105263157894737,0,0.27906976744186046,0.0975609756097561,0.186046511627907,0.892754316329956,0.8898581266403198,0.8913038969039917
30157987,business,bullet_points_3_shot,An artist's impression of how an expanded primary school in Addlestone will look has been unveiled.,Surrey County Council has announced plans to increase the number of places at a Grade I-listed school in the town.,320,20,16,1.25,0,0.21052631578947367,0.05555555555555556,0.15789473684210528,0.8875691294670105,0.8844796419143677,0.8860216736793518
37034774,business,bullet_points_3_shot,New Portsmouth recruit Amine Linganzi is determined to secure a long-term contract with the club.,Portsmouth have signed Congolese striker Luis Linganzi on a one-year contract.,530,11,15,0.7333333333333333,0,0.28571428571428575,0.0,0.28571428571428575,0.9005980491638184,0.9161065220832825,0.9082860946655273
32162170,business,bullet_points_3_shot,More than 400 people have attended a meeting to oppose plans for a supermarket.,A council meeting has been held in Brecon Beacons to discuss plans to turn a pub into a convenience store.,483,20,14,1.4285714285714286,0,0.2941176470588235,0.0,0.2941176470588235,0.898464560508728,0.9184944033622742,0.9083690643310547
34171019,politics,bullet_points_3_shot,Australia's Prime Minister Tony Abbott is under pressure to increase the country's total refugee intake.,Australia's Prime Minister Tony Abbott has called on the government to do more to help refugees from the Middle East.,2724,20,15,1.3333333333333333,0,0.42105263157894735,0.2777777777777778,0.42105263157894735,0.9321581721305847,0.9457597732543945,0.9389097094535828
33959450,politics,bullet_points_3_shot,"A ban on growing genetically-modified crops in Scotland could threaten the country's contribution to scientific research, according to scientists, universities and farming leaders.",The Scottish government is to ban the cultivation of genetically modified crops (GM) in Scotland.,3262,15,23,0.6521739130434783,0,0.4,0.15789473684210525,0.3,0.930805504322052,0.8985252976417542,0.9143806099891663
38734043,politics,bullet_points_3_shot,A school has been accused of breaching anti-discrimination laws after claims a four-year-old Muslim pupil was told she could not wear a headscarf.,A school has been accused of violating the Equality Act after a four-year-old girl in a headscarf wore a headscarf.,1970,20,23,0.8695652173913043,0,0.5416666666666667,0.391304347826087,0.5416666666666667,0.9556058049201965,0.9337643980979919,0.94455885887146
37949489,business,bullet_points_3_shot,"A man who fraudulently claimed nearly £40,000 in benefits over the course of almost 11 years has been jailed for 18 months.","A Dundee man has been jailed for a year for claiming £39,808.",727,12,22,0.5454545454545454,0,0.33333333333333337,0.1764705882352941,0.33333333333333337,0.9229050874710083,0.8961513042449951,0.9093314409255981
36305405,tech,bullet_points_3_shot,A man who stabbed a retired solicitor 39 times after a crash between their cars has been cleared of murder but convicted of his manslaughter.,A man who fatally stabbed a great-grandfather to death has been jailed for life.,2767,14,25,0.56,0,0.35000000000000003,0.2105263157894737,0.35000000000000003,0.9107766151428223,0.8815518021583557,0.8959259390830994
40726833,business,bullet_points_3_shot,"The UK economy grew by 0.3% in the three months to June, driven in part by a booming film industry, said the Office for National Statistics (ONS).","UK GDP growth in the second quarter of this year has slowed, according to the Office for National Statistics (ONS).",2382,20,27,0.7407407407407407,0,0.41666666666666663,0.2608695652173913,0.41666666666666663,0.9340457916259766,0.9056015014648438,0.9196037650108337
36285503,politics,bullet_points_3_shot,Neil Hamilton has rejected suggestions by UKIP leader Nigel Farage that he is too old for frontline politics.,"Nigel Farage says Nigel Hamilton's ""ageist"" remark about David Attenborough will ""surprise"" him.",2454,13,18,0.7222222222222222,0,0.1875,0.06666666666666667,0.125,0.866280734539032,0.8796747922897339,0.8729264140129089
32370432,business,bullet_points_3_shot,"Chelsea boss Jose Mourinho said Manchester United's important players were ""in our pockets"" in a match that went ""exactly"" as they wanted.","Chelsea manager Jose Mourinho says his side are ""almost there"" after beating Manchester United in the Premier League.",1896,18,22,0.8181818181818182,0,0.2926829268292683,0.10256410256410256,0.2926829268292683,0.925390362739563,0.8995369076728821,0.9122804999351501
24522070,tech,bullet_points_3_shot,A review team looking at the quality of life of older people is to swoop unannounced on 100 care homes.,Elderly people living in residential care in Wales are to be given a voice in a review into the quality of care they receive.,2400,24,20,1.2,0,0.3636363636363636,0.14285714285714288,0.2727272727272727,0.9089025855064392,0.9000857472419739,0.9044726490974426
39928086,business,bullet_points_3_shot,Owen Evans has been appointed as the new chief executive of Welsh language television broadcaster S4C.,"S4C has appointed a new chief executive, Nicola Evans, as its new chief executive.",471,14,16,0.875,0,0.5333333333333333,0.14285714285714288,0.39999999999999997,0.9522800445556641,0.9306228160858154,0.9413268566131592
39628590,politics,bullet_points_3_shot,Mae'r Prif Weinidog Theresa May wedi cyhoeddi y bydd yn gofyn i Dŷ'r Cyffredin bleidleisio o blaid cynnal etholiad cyffredinol ar fyr rybudd ar 8 Mehefin.,Summary: - Bydd i Theresa May dderbyn cefnogaeth y senedd i gwleidyddion y gwrthbleidiau yn San Steffan ddydd Mercher ar argymhelliad y Prif Weinidog.,4305,24,26,0.9230769230769231,0,0.35294117647058826,0.08163265306122448,0.19607843137254902,0.852920651435852,0.8329895734786987,0.8428373336791992
18160673,tech,bullet_points_3_shot,A UK-Swiss team will use DNA testing to investigate the origins of remains claimed to be from yeti and bigfoot.,"Summary: 'I don't know,' he said.",3196,6,20,0.3,0,0.0,0.0,0.0,0.8507444858551025,0.8376493453979492,0.8441461324691772
26554969,politics,bullet_points_3_shot,"A new report on genetically modified (GM) crops, commissioned by the prime minister, calls for more UK field trials and fewer EU restrictions.","The UK should regulate commercial GM crops based on their individual benefits and risks, according to a new report.",6145,19,23,0.8260869565217391,0,0.42857142857142855,0.15,0.14285714285714288,0.9088425040245056,0.8995931148529053,0.9041941165924072
35935320,tech,bullet_points_3_shot,Each day we feature a photograph sent in from across England - the gallery will grow during the week.,"If you have a picture you'd like to share, email us at england@bbc.co.uk.",1232,13,19,0.6842105263157895,0,0.11428571428571428,0.0,0.11428571428571428,0.8261892199516296,0.8278325796127319,0.8270101547241211
36241210,politics,bullet_points_3_shot,Israeli PM Benjamin Netanyahu has issued a stern public rebuke to the military deputy chief of staff.,Israeli Prime Minister Benjamin Netanyahu has criticised a deputy chief of staff for comparing Nazi Germany to the Holocaust.,2397,19,17,1.1176470588235294,0,0.6111111111111113,0.35294117647058826,0.5,0.9217462539672852,0.9334151148796082,0.9275439381599426
35291436,business,bullet_points_3_shot,"The main tunnel serving Scotland's third busiest rail station is to close for 20 weeks, causing major disruption.",Work to upgrade a railway tunnel at Glasgow's Queen Street station has been announced.,2052,14,18,0.7777777777777778,0,0.23529411764705882,0.0,0.17647058823529413,0.9180757999420166,0.8979156017303467,0.9078838229179382
34007864,business,bullet_points_3_shot,"The results have been published for more than five million GCSE entries - which will be five million different stories of exam dreams, dramas and disasters.",This year's GCSE results are a little different from last year's.,4838,11,26,0.4230769230769231,0,0.15789473684210525,0.0,0.10526315789473685,0.896891176700592,0.8682793378829956,0.8823533654212952
36066252,business,bullet_points_3_shot,"Key countries in the International Monetary Fund (IMF) have pledged to pursue ""growth-friendly"" policies to kickstart the slowing world economy.",The International Monetary Fund (IMF) has warned that the outlook for the global economy is gloomy.,1448,16,20,0.8,0,0.37837837837837834,0.2285714285714286,0.37837837837837834,0.9450147747993469,0.9196314811706543,0.9321504235267639
33782863,politics,bullet_points_3_shot,"Rick Perry, the former governor of Texas, is not among the 10 Republicans running for president who will take part in the first primetime TV debate.",Republican presidential hopefuls Donald Trump and Mitt Romney have been omitted from a debate in the US.,1625,17,26,0.6538461538461539,0,0.13953488372093026,0.048780487804878044,0.0930232558139535,0.8974072337150574,0.8788726925849915,0.8880432844161987
25567298,business,bullet_points_3_shot,"Staff at Swansea's DVLA offices will be redeployed rather than face redundancy after changes to the way motorists pay their car tax, a UK transport minister has confirmed.","The DVLA's chief executive has said he is ""committed to redeployment rather than redundancy"".",1590,14,28,0.5,0,0.36363636363636365,0.047619047619047616,0.18181818181818182,0.891836941242218,0.8857779502868652,0.8887971639633179
31312884,tech,bullet_points_3_shot,Some people say they are addicted to Facebook and can't go for long without checking their status.,"If you're looking for a place to live, Facebook Town is the place for you.",1649,15,17,0.8823529411764706,0,0.17647058823529413,0.0,0.17647058823529413,0.8624061346054077,0.8507175445556641,0.8565219640731812
34746286,tech,bullet_points_3_shot,"A teenage boy has appeared in court for a second time charged with murdering 16-year-old Bailey Gwynne, who was stabbed at his Aberdeen school.",A 16-year-old boy has appeared in court charged with the murder of a pupil at a school in Aberdeen.,497,19,24,0.7916666666666666,0,0.6382978723404256,0.3111111111111111,0.42553191489361697,0.9595639109611511,0.9260207414627075,0.9424940347671509
38016521,tech,bullet_points_3_shot,Two men from High Wycombe jailed for a fatal stabbing have had their sentences increased by the Court of Appeal.,Three men have been jailed for life for the murder of a teenager who was stabbed in the street.,1704,19,20,0.95,0,0.358974358974359,0.05405405405405406,0.25641025641025644,0.9269726276397705,0.9011304974555969,0.9138689637184143
36300224,politics,bullet_points_3_shot,"Reaching its centenary amidst a general chorus of vilification around the region, the legacy of the secret Sykes-Picot agreement of 1916 has never looked more under assault.",Sykes-Picot document.,6148,2,27,0.07407407407407407,0,0.12903225806451613,0.06896551724137931,0.12903225806451613,0.9140048623085022,0.8424364924430847,0.8767625689506531
40810771,tech,bullet_points_3_shot,"When Roger Dingledine talks about the dark web, he waves his hands in the air - as if not quite convinced of its existence.",Summary: - Dingledine.,5435,3,24,0.125,0,0.08,0.0,0.08,0.902192234992981,0.8381695747375488,0.8690032958984375
32220975,tech,bullet_points_3_shot,"A man shot his ill wife before killing himself in a suicide pact, an inquest has heard.","A man has been found guilty of unlawfully killing his wife, a coroner has heard.",1372,15,17,0.8823529411764706,0,0.5,0.13333333333333333,0.43749999999999994,0.9415796995162964,0.9192038774490356,0.930257260799408
33798779,politics,bullet_points_3_shot,Australia has confirmed it sent 46 asylum seekers back to Vietnam after intercepting their boat off the coast of Western Australia last month.,The Australian government has scuttled a Vietnamese boat that arrived in Australia from Vietnam.,1360,14,23,0.6086956521739131,0,0.27027027027027023,0.0,0.16216216216216214,0.9094028472900391,0.8931609392166138,0.9012086987495422
32904368,politics,bullet_points_3_shot,Nick Clegg has accused the new Tory government of abandoning the values he said had been at the coalition's core.,"Nick Clegg has said his party's ""mission is clearer than ever"" after the election.",1863,14,20,0.7,0,0.3333333333333333,0.11764705882352941,0.2777777777777778,0.8999171853065491,0.8994246125221252,0.8996708393096924
22508472,business,bullet_points_3_shot,"Industrial production in China recorded a smaller-than-expected rise in April, underlining worries that the economy may be losing steam.","China's economy expanded at an annual rate of 7.7% in the first three months of the year, according to a survey.",1395,21,19,1.105263157894737,0,0.22727272727272724,0.0,0.13636363636363635,0.8763188123703003,0.875712513923645,0.8760156035423279
12570045,business,bullet_points_3_shot,"If you spent $9bn a year on research and development and employed 900 of the world's top computer scientists to come up with new ideas, what would you expect in return?","It's a new way of playing video games, a new way of playing video games, a new way of playing video games.",5040,22,31,0.7096774193548387,0,0.14545454545454545,0.0,0.10909090909090909,0.8608517050743103,0.8309438824653625,0.8456334471702576
40213181,politics,bullet_points_3_shot,It has been a dramatic night that has confounded expectations of political parties and commentators.,The final results of the general election in Wales have been announced.,2886,12,15,0.8,0,0.14814814814814814,0.0,0.07407407407407407,0.8966016173362732,0.8819411396980286,0.8892109394073486
32610327,politics,bullet_points_3_shot,People are voting across Merseyside in the general and local council elections.,Voters in Merseyside have been able to cast their ballots for the upcoming general election.,321,15,12,1.25,0,0.2962962962962963,0.0,0.22222222222222224,0.9297001361846924,0.9291090965270996,0.9294044971466064
31111562,tech,bullet_points_3_shot,"A large billboard has been puzzling residents of a County Down town, and commuters on the main route between Bangor and Belfast.",A massive billboard has been erected at a church in County Down in support of a teenager diagnosed with cancer.,2267,20,22,0.9090909090909091,0,0.380952380952381,0.2,0.3333333333333333,0.8988016843795776,0.8876672983169556,0.8931997418403625
36628793,politics,bullet_points_3_shot,Tens of thousands of people have joined the Pride parade through central London.,London's Pride parade has gathered in Trafalgar Square to mark the centenary of the shootings in Orlando.,3290,17,13,1.3076923076923077,0,0.3225806451612903,0.06896551724137931,0.12903225806451615,0.8888214826583862,0.9123703837394714,0.9004420638084412
37585804,business,bullet_points_3_shot,"Hundreds of aerospace jobs could be lost if a factory is forced to ""significantly downsize"" or close, it has been claimed.","A helicopter manufacturer has said it is ""no longer a sustainable business"" after Leonardo's decision to close its Yeovil branch.",1267,20,21,0.9523809523809523,0,0.2857142857142857,0.0,0.19047619047619047,0.8791280388832092,0.8834139704704285,0.8812657594680786
32231034,tech,bullet_points_3_shot,"A man accused of kidnapping his partner allegedly drove at a police officer who tried to save her, a court has heard.",A man has denied kidnapping and assaulting a woman in his car in east Belfast.,1701,15,22,0.6818181818181818,0,0.3243243243243243,0.057142857142857134,0.21621621621621623,0.9155824780464172,0.8961422443389893,0.9057580828666687
39920686,politics,bullet_points_3_shot,Declassified documents reveal concerns of the UK government 60 years ago that Rockall could become a base for spying on a missile test site.,"Nato documents reveal that the UK government decided to set up a guided missile range in South Uist, in the Outer Hebrides.",1783,22,24,0.9166666666666666,0,0.34782608695652173,0.13636363636363635,0.30434782608695654,0.8771302700042725,0.8972036838531494,0.8870534300804138
39680509,entertainment,bullet_points_3_shot,The artist who created the album cover for The Beatles' Sgt Pepper album has been given a top honour in the band's home city.,Liverpool's most famous artist has been awarded a lifetime achievement award for his work with The Beatles.,1538,17,24,0.7083333333333334,0,0.37209302325581395,0.09756097560975609,0.23255813953488372,0.9074651002883911,0.8898559808731079,0.8985742926597595
19962775,politics,bullet_points_3_shot,Generation of electricity and heat from plant material is listed in the suite of renewable energy technologies that the UK governments think can help deliver 15% of the nations' energy consumption by 2020.,The UK government has announced plans to introduce a range of new bioenergy crops in the next few years.,5364,19,33,0.5757575757575758,0,0.19230769230769232,0.08,0.15384615384615385,0.895523726940155,0.8674549460411072,0.8812658786773682
32327177,politics,bullet_points_3_shot,The International Monetary Fund has today highlighted the challenge to be faced by the next government in returning the public finances to balance.,The International Monetary Fund (IMF) has warned that the next government will be forced to increase taxes or cut spending a bit more than currently planned.,1917,26,23,1.1304347826086956,0,0.40816326530612246,0.21276595744680854,0.36734693877551017,0.9004406929016113,0.924383819103241,0.9122551679611206
34356851,tech,bullet_points_3_shot,BBC newsreader Sophie Raworth is to be part of Watchdog's new presenting team.,Two former BBC presenters have joined a new line-up of BBC Watchdog.,1077,12,13,0.9230769230769231,0,0.29629629629629634,0.0,0.22222222222222224,0.9276575446128845,0.9048601388931274,0.9161170721054077
36794901,tech,bullet_points_3_shot,A man who described himself in court as looking like John Travolta has been found guilty of the rape and murder of a teenager 34 years ago.,A former tiler has been jailed for life for murdering a schoolgirl.,2980,12,27,0.4444444444444444,0,0.20512820512820512,0.05405405405405406,0.20512820512820512,0.9081133604049683,0.8698499202728271,0.8885699510574341
21041587,business,bullet_points_3_shot,"The BBC generated more than £8bn for the UK economy in 2011-12, almost twice its licence fee spend.","The BBC's spending in the north of England was ""multiplied"" as it poured money into the economy, according to a new report.",2456,22,18,1.2222222222222223,0,0.23809523809523808,0.049999999999999996,0.1904761904761905,0.8851048946380615,0.863453209400177,0.8741450309753418
33322212,politics,bullet_points_3_shot,The US has said that it will resume aid to the military in Bahrain.,"The US has lifted restrictions on Bahrain's government on human rights reforms and reconciliation, the US has said.",1713,18,14,1.2857142857142858,0,0.36363636363636365,0.1935483870967742,0.24242424242424243,0.9027411937713623,0.927206814289093,0.9148104786872864
18532395,business,bullet_points_3_shot,"A signed Beatles ticket from a concert in Norfolk in 1963 is expected to fetch up to £2,000 at auction in London.",The Beatles have sold a ticket to a sold-out gig at the Grosvenor in Norwich.,626,15,22,0.6818181818181818,0,0.358974358974359,0.0,0.2564102564102564,0.8756145238876343,0.8793613314628601,0.8774839639663696
34667481,politics,bullet_points_3_shot,"Too many of the most vulnerable young people in England are ""cut adrift when they need help the most"", says the head of a powerful committee of MPs.","The quality and cost of care leavers' support is ""unacceptable"", MPs say.",3089,12,28,0.42857142857142855,0,0.15,0.0,0.15,0.8998528718948364,0.8867519497871399,0.8932543396949768
32120583,politics,bullet_points_3_shot,"Teachers should ignore rules on promoting ""fundamental British values"", a teachers' union conference has heard.","Teachers should disengage from a requirement for schools to promote ""fundamental British values"", a head teacher has warned.",3146,18,15,1.2,0,0.42424242424242425,0.2580645161290323,0.42424242424242425,0.9433337450027466,0.9436107873916626,0.9434722065925598
30996686,politics,bullet_points_3_shot,"David Oyelowo has defended fellow British actor and friend, Benedict Cumberbatch, for using the term ""coloured"" during an interview.","Actor David Oyelowo has said he is ""disingenuous"" to attack Benedict Cumberbatch for using the word ""coloured"".",2670,17,19,0.8947368421052632,0,0.5555555555555555,0.35294117647058826,0.5,0.917322039604187,0.932252049446106,0.9247267842292786
39248779,business,bullet_points_3_shot,"People with dementia and learning difficulties are being detained in care without checks due to a 'failing' law, the Law Commission has said.","The current system of deprivation of liberty in care homes and care homes in England has been ""inadvertently breached"", the Law Commission has said.",4102,24,23,1.0434782608695652,0,0.3404255319148936,0.22222222222222224,0.2978723404255319,0.889947235584259,0.8905985355377197,0.8902727961540222
14761190,entertainment,bullet_points_3_shot,An actress who appeared in the Oscar-winning film Slumdog Millionaire is to attend a special screening of the movie in Kingussie later.,The film Slumdog Millionaire has been shown at the Kingussie Film Festival.,653,12,22,0.5454545454545454,0,0.3428571428571428,0.12121212121212123,0.3428571428571428,0.9161166548728943,0.8981896638870239,0.9070646166801453
28349706,politics,bullet_points_3_shot,"A leaked report into the so-called ""Trojan Horse"" plot has found evidence there was an agenda to introduce ""an intolerant and aggressive Islamist ethos"" into some Birmingham schools.","The government has released a report into the ""Trojan Horse"" plot in Birmingham schools.",4868,14,28,0.5,0,0.46511627906976755,0.24390243902439027,0.4186046511627907,0.9590741395950317,0.9120370745658875,0.9349644184112549
37720369,politics,bullet_points_3_shot,A power cut left Venezuela's parliament in the dark as it discussed a law dedicated to the energy sector.,"Opposition MPs in Venezuela's National Assembly have suspended a parliament session because of power cuts, reports say.",1333,17,19,0.8947368421052632,0,0.3157894736842105,0.05555555555555555,0.15789473684210525,0.9149221181869507,0.9069311618804932,0.910909116268158
32354222,politics,bullet_points_3_shot,Argentina has begun legal proceedings against three British and two US companies for drilling oil near the Falkland Islands.,The Argentine government has said it intends to prosecute five oil companies operating in the Falkland Islands.,3021,17,19,0.8947368421052632,0,0.33333333333333337,0.11764705882352941,0.27777777777777773,0.935885488986969,0.9181598424911499,0.9269378781318665
27579235,politics,bullet_points_3_shot,"French President Francois Hollande has said the EU must reform and scale back its power, amid a surge in support for Eurosceptic and far-right parties.","French President Francois Hollande has said the EU must be ""simple, clear"" and ""effective"" where it is needed.",5370,18,25,0.72,0,0.4545454545454546,0.38095238095238104,0.4545454545454546,0.8969002366065979,0.884848952293396,0.8908337950706482
32129312,politics,bullet_points_3_shot,"David Cameron was ""wilfully dishonest"" when he pledged to cap immigration to the tens of thousands, UKIP leader Nigel Farage has said.","Summary: UKIP leader Nigel Farage has called for a ""return to normality"" after a press conference in Dover.",4981,18,22,0.8181818181818182,0,0.3,0.21052631578947367,0.25,0.8961108326911926,0.8844602108001709,0.8902474641799927
36710731,politics,bullet_points_3_shot,"There should be a vote in the House of Commons on replacing Trident before the summer recess, Theresa May has said.","There is ""no room for compromise"" and ""no room for cheese paring"", Home Secretary Theresa May has said.",3946,18,21,0.8571428571428571,0,0.25641025641025644,0.16216216216216214,0.25641025641025644,0.8784063458442688,0.8841553330421448,0.8812714219093323
27591562,entertainment,bullet_points_3_shot,Actor Sir Christopher Lee is marking his 92nd birthday by releasing an album of heavy metal cover versions.,"Actor Sir Christopher Lee has released a new album, titled Metal Knight.",1541,12,18,0.6666666666666666,0,0.4,0.21428571428571427,0.4,0.9464930295944214,0.9042669534683228,0.9248982667922974
35998405,politics,bullet_points_3_shot,Labour's Barry Coppinger has been re-elected as Cleveland Police and Crime Commissioner.,The Conservative candidate for the Cleveland Constabulary seat has been re-elected.,562,11,12,0.9166666666666666,0,0.3846153846153846,0.24999999999999994,0.30769230769230765,0.9269534349441528,0.8909595608711243,0.9086001515388489
36783979,entertainment,bullet_points_3_shot,The Queen has been spotted having an evening meal at an Edinburgh pub.,The Queen and her companions have sat down at a restaurant in Duddingston.,946,13,13,1.0,0,0.23076923076923078,0.08333333333333333,0.23076923076923078,0.9136762619018555,0.9248970746994019,0.9192523956298828
35858101,politics,bullet_points_3_shot,Prime Minister David Cameron will later attempt to halt the civil war in his party caused by Iain Duncan Smith's resignation from the cabinet.,Summary: Chancellor David Cameron is expected to resign over the resignation of Tory Labour leader Ed Miliband.,5020,17,24,0.7083333333333334,0,0.2380952380952381,0.05,0.2380952380952381,0.911680281162262,0.8881368041038513,0.899754524230957
38469828,entertainment,bullet_points_3_shot,Disney has become the first film studio to take $7bn (Â£5.7bn) in global ticket sales for 2016.,Disney has become a household name in the US - and it's not just Disney that's making a comeback.,454,19,17,1.1176470588235294,0,0.2631578947368421,0.1111111111111111,0.2105263157894737,0.8799164891242981,0.8346307277679443,0.8566755652427673
33896209,politics,bullet_points_3_shot,Canadian Prime Minister Stephen Harper has announced plans to track foreign homeownership and raised the possibility of eventually enacting limits on buying.,Canada's Prime Minister Justin Trudeau has called for a crackdown on foreign non-resident buyers.,1509,14,22,0.6363636363636364,0,0.2631578947368421,0.05555555555555555,0.2105263157894737,0.9425197839736938,0.9231349229812622,0.9327266216278076
39220755,entertainment,bullet_points_3_shot,"People who have been flocking to Fife to see a whale which has been breaching in the Firth of Forth are being warned from ""making any attempts to approach or actively pursue"" it.",A humpback whale has been spotted on the Forth estuary.,1494,10,33,0.30303030303030304,0,0.27906976744186046,0.04878048780487805,0.27906976744186046,0.9109001755714417,0.8689169883728027,0.8894134759902954
34243809,entertainment,bullet_points_3_shot,"Organisers of the Miss America pageant have apologised to actress Vanessa Williams, 32 years after she was forced to hand back her title.",Miss America Helen Williams has apologised for resigning from the pageant in 1984.,2389,13,23,0.5652173913043478,0,0.33333333333333337,0.05882352941176471,0.16666666666666669,0.9329493045806885,0.8997882604598999,0.9160687923431396
30358562,entertainment,bullet_points_3_shot,British artists have scooped several nominations for the 2015 Grammys.,Singer Sam Smith has been nominated for a Grammy for his song Stay With Me.,310,15,10,1.5,0,0.08,0.0,0.08,0.893902599811554,0.9105669260025024,0.9021578431129456
40396901,entertainment,bullet_points_3_shot,Millions of Muslims all around the world will be celebrating Eid al-Fitr this week to mark the end of Ramadan.,This page has been viewed a total of 3 times.,2049,10,20,0.5,0,0.12903225806451613,0.0,0.12903225806451613,0.8355851769447327,0.8348509073257446,0.8352178335189819
30814192,entertainment,bullet_points_3_shot,A tweet from One Direction's Louis Tomlinson to Harry Styles has become the second most retweeted post of all time.,Harry Styles has been retweeted more than a million times.,676,10,20,0.5,0,0.3225806451612903,0.13793103448275865,0.25806451612903225,0.9198641777038574,0.869748592376709,0.8941046595573425
39144005,entertainment,bullet_points_3_shot,A country pub saved from closure after villagers stepped in to buy it has been named national pub of the year.,A pub in a rural village has been voted the best pub in the UK.,1223,15,21,0.7142857142857143,0,0.3888888888888889,0.058823529411764705,0.3888888888888889,0.9373484253883362,0.9004511833190918,0.9185294508934021
32282102,entertainment,bullet_points_3_shot,"Vin Diesel sang, Channing Tatum danced and Zac Efron showed off his abs, yes - again, at the 2015 MTV Movie Awards.",Star Efron has won the Oscar for Best Actress at this year's Golden Globe Awards.,1956,15,22,0.6818181818181818,0,0.2162162162162162,0.0,0.16216216216216214,0.8687797784805298,0.8412017226219177,0.8547683954238892
38358729,entertainment,bullet_points_3_shot,Two men have been assaulted by an armed gang in south Belfast.,Two men have been taken to hospital after being assaulted by a gang of armed men.,432,16,12,1.3333333333333333,0,0.5714285714285715,0.30769230769230765,0.5,0.9485530257225037,0.9584313035011292,0.953466534614563
35182226,entertainment,bullet_points_3_shot,A man has been stabbed to death in Mottingham in the early hours of Boxing Day.,A man has been arrested on suspicion of murder after a man was found dead in a street.,378,18,16,1.125,0,0.35294117647058826,0.18750000000000003,0.29411764705882354,0.9263280034065247,0.8831231594085693,0.9042097926139832
19032928,entertainment,bullet_points_3_shot,"Coronation Street and Keeping up Appearances actor Geoffrey Hughes has died aged 68, his agent has said.","Geoffrey Hughes, who played Eddie Yeats in Coronation Street, has died at the age of 84.",1915,16,17,0.9411764705882353,0,0.3636363636363636,0.19354838709677422,0.24242424242424243,0.9151625633239746,0.8966522812843323,0.9058129191398621
36836957,entertainment,bullet_points_3_shot,A 1969 Led Zeppelin session for the BBC that was thought to have been lost when archives were wiped has been recovered from a recording made by a fan.,"Led Zeppelin have released a remastered version of their 1971 album, The Complete BBC Sessions.",1128,15,29,0.5172413793103449,0,0.2727272727272727,0.047619047619047616,0.18181818181818182,0.9025980234146118,0.8715733885765076,0.8868144750595093
39091271,entertainment,bullet_points_3_shot,A man has been arrested after a car was stolen with two young children inside.,A man has been arrested on suspicion of stealing a car from a woman and two children.,335,17,15,1.1333333333333333,0,0.5625,0.3333333333333333,0.5625,0.9541651606559753,0.9585822224617004,0.9563685655593872
30278082,entertainment,bullet_points_3_shot,"The number of empty shops on Scotland's high streets has fallen in the past year, according to a new report.","The number of empty shops in Scotland has fallen by more than a third in the last three years, according to a new study.",1964,24,20,1.2,0,0.6222222222222222,0.4186046511627907,0.6222222222222222,0.9605345726013184,0.9748231768608093,0.9676260948181152
40875640,entertainment,bullet_points_3_shot,"Three different 999 services had to be stood down after a ""body in the water"" turned out to be a bronze sculpture.","A ""body"" has been found in a river after a ""body"" was spotted in the water.",1659,16,22,0.7272727272727273,0,0.3684210526315789,0.2222222222222222,0.3157894736842105,0.9298230409622192,0.892026960849762,0.9105329513549805
29713830,entertainment,bullet_points_3_shot,A Royal Navy chef has spent hours melting chocolate buttons to create a small fleet of ships in commemoration of the Battle of Trafalgar.,Hundreds of miniature battleships have been created to mark the centenary of the Battle of Trafalgar.,378,16,24,0.6666666666666666,0,0.35000000000000003,0.2105263157894737,0.3,0.9340628385543823,0.9124692678451538,0.9231398105621338
35943076,entertainment,bullet_points_3_shot,"The owner of a cat which visits a supermarket every day, has had to ask people to stop feeding his pet because he was putting on weight.",A dog who eats a lot of treats at Sainsbury's has been given a new home.,933,16,27,0.5925925925925926,0,0.1818181818181818,0.0,0.13636363636363638,0.8946149945259094,0.8864477276802063,0.8905126452445984
30392522,entertainment,bullet_points_3_shot,YouTube star Connor Franta has revealed to his fans that he is gay.,Connor Franta has revealed that he's gay.,2534,7,13,0.5384615384615384,0,0.6666666666666667,0.4210526315789474,0.6666666666666667,0.9787817597389221,0.9483160376548767,0.9633080959320068
36939395,entertainment,bullet_points_3_shot,Snakes on planes are old hat - it's zombies on trains you need to worry about this year.,Summary: 'Train to Busan' is a horror film about a young man and his family who are trapped on a bullet train in South Korea.,3806,25,18,1.3888888888888888,0,0.18604651162790697,0.0,0.09302325581395349,0.8568388223648071,0.8465290665626526,0.8516527414321899
36892967,entertainment,bullet_points_3_shot,"Musician Koffi Olomide has been taken into custody in the Democratic Republic of Congo, days after he was deported from Kenya for allegedly kicking one of his dancers at an airport in Nairobi.","Congolese rumba singer Olomide will spend the night in a police station in Kinshasa, his lawyer says.",1074,17,33,0.5151515151515151,0,0.19999999999999998,0.0,0.12000000000000001,0.8800646066665649,0.8749819993972778,0.877515971660614
36338244,entertainment,bullet_points_3_shot,Celtic have appointed Brendan Rodgers as their new manager.,Brendan Rodgers has appointed Brendan Sutton as Celtic's new manager.,3712,10,9,1.1111111111111112,0,0.7000000000000001,0.33333333333333326,0.5,0.9416938424110413,0.9541254043579102,0.9478688836097717
36939619,entertainment,bullet_points_3_shot,Rapper Kanye West has declared he wants to work with Ikea on a new range of furniture.,"Kanye West has said he wants to create a ""minimalist apartment"" in his college dorm.",2320,15,17,0.8823529411764706,0,0.43749999999999994,0.26666666666666666,0.43749999999999994,0.9050323367118835,0.9118091464042664,0.9084081053733826
37822094,entertainment,bullet_points_3_shot,A female polar bear at a Scottish zoo has been temporarily put off limits to visitors as a precaution in case she is pregnant.,A polar bear cub has been taken off show at a wildlife park in Scotland.,739,15,24,0.625,0,0.4615384615384615,0.16216216216216214,0.4102564102564102,0.9364590644836426,0.9003720283508301,0.9180610179901123
34696691,entertainment,bullet_points_3_shot,The death of a man who twice apparently jumped from a building has been referred to the Independent Police Complaints Commission.,A man has died after falling from a building in a flat.,369,12,21,0.5714285714285714,0,0.36363636363636365,0.19354838709677416,0.30303030303030304,0.937376081943512,0.8838969469070435,0.9098513126373291
39913154,entertainment,bullet_points_3_shot,A person has been taken to hospital by air ambulance following a serious crash on a major road in Monmouthshire.,A patient has been taken to Bristol Royal Infirmary after a road was closed in Monmouthshire.,305,16,20,0.8,0,0.5,0.23529411764705882,0.5,0.9278097152709961,0.9359854459762573,0.9318796396255493
35709407,entertainment,bullet_points_3_shot,"Once upon a time, there was a bedtime story - and it was the start of a long career for TV and film producer Mike Young.","Summary: 'SuperTed' is the story of a Cardiff City football club legend, Mike Young.",3507,14,26,0.5384615384615384,0,0.30769230769230765,0.10810810810810811,0.25641025641025644,0.8770084381103516,0.8645235300064087,0.8707212209701538
35851500,entertainment,bullet_points_3_shot,"Nineteen people have been killed after a bus carrying Egyptian pilgrims crashed in Saudi Arabia, Egypt's state-run Mena news agency says.","A bus carrying a group of Egyptian pilgrims has crashed into a road in the Egyptian city of Mecca, a police official said.",398,23,21,1.0952380952380953,0,0.30434782608695654,0.13636363636363635,0.30434782608695654,0.9254268407821655,0.8924177885055542,0.9086226224899292
31613782,entertainment,bullet_points_3_shot,"Disabled pensioner Alan Barnes has said he is ""ready to move on with his life"" after a man appeared in court to admit assaulting him.",A man who was stabbed to death by a drug lord has said he is not ready to return to his home.,480,22,25,0.88,0,0.4255319148936171,0.22222222222222224,0.29787234042553196,0.9109373688697815,0.8857789039611816,0.8981820344924927
16441633,entertainment,bullet_points_3_shot,A couple from Bradford who tied the knot in 1925 could be the UK's longest married husband and wife.,"As a married couple in the UK, the Chands are the longest married couple in the UK.",3401,17,19,0.8947368421052632,0,0.4324324324324324,0.11428571428571428,0.37837837837837834,0.9017166495323181,0.8967616558074951,0.8992323279380798
38586981,entertainment,bullet_points_3_shot,Four hillwalkers who got into difficulties during severe weather on Ben Lomond have been rescued.,Two people have been rescued from a mountain in the Scottish Highlands.,299,12,15,0.8,0,0.22222222222222224,0.16,0.22222222222222224,0.9341381788253784,0.8899006247520447,0.9114829897880554
30144985,entertainment,bullet_points_3_shot,A lorry driver has smashed through the front wall of a pub in Wiltshire.,A man has been taken to hospital after a car crashed into a pub in Bath.,477,16,14,1.1428571428571428,0,0.3333333333333333,0.14285714285714288,0.3333333333333333,0.9258114099502563,0.9129060506820679,0.9193134307861328
38223694,entertainment,bullet_points_3_shot,"Beyonce has scooped nine nominations for the 2017 Grammy Awards, extending her lead as the most-nominated woman in Grammys history.",Beyonce has been nominated for the best album at this year's Grammy Awards.,2390,13,20,0.65,0,0.4,0.18181818181818185,0.34285714285714286,0.9268733859062195,0.8968667984008789,0.9116231799125671
32531686,entertainment,bullet_points_3_shot,A castle has welcomed 20 chicks to its grounds after hens nested next to a lifelike replica boar.,A hens have hatched a pair of chicks at a castle in Hampshire.,630,13,18,0.7222222222222222,0,0.3225806451612903,0.06896551724137931,0.1935483870967742,0.9171192646026611,0.8753937482833862,0.8957708477973938
18177049,entertainment,bullet_points_3_shot,Planned cuts to library services in a West Yorkshire town have been scrapped following campaigns by residents.,Protesters have gathered outside a council meeting to oppose plans to replace libraries with volunteers.,765,15,17,0.8823529411764706,0,0.18750000000000003,0.0,0.0625,0.8923494219779968,0.8905406594276428,0.8914441466331482
36527119,entertainment,bullet_points_3_shot,"Six centuries ago Henry V walked from Shrewsbury to Holywell in Flintshire, to give thanks for his famous victory over the French at Agincourt.","Six years ago, a group of pilgrims took a walk to Holywell to mark the centenary of King Edward VIII's visit.",6062,21,24,0.875,0,0.2608695652173913,0.04545454545454545,0.2608695652173913,0.8979713916778564,0.8704161047935486,0.8839790225028992
36466630,entertainment,bullet_points_3_shot,"Five people have been injured following a crash between a bin lorry, a bus and two cars.",A woman has been taken to hospital after being hit by a bus on a dual carriageway in Edinburgh.,451,19,17,1.1176470588235294,0,0.27777777777777773,0.058823529411764705,0.16666666666666669,0.894086480140686,0.9019259214401245,0.8979890942573547
40697552,entertainment,bullet_points_3_shot,Two men were rescued after becoming stranded on a crag on Snowdon's narrow Crib Goch ridge.,A pair of mountain rescuers have been rescued from a ridge in Gwynedd.,375,13,16,0.8125,0,0.20000000000000004,0.0,0.20000000000000004,0.9197856187820435,0.8692588210105896,0.8938087224960327
36536773,entertainment,bullet_points_3_shot,Two men arrested in connection with the suspected murder of a missing man have been released on bail.,Two men have been arrested on suspicion of murdering a man who was last seen at his home in Essex.,412,20,18,1.1111111111111112,0,0.5263157894736842,0.1111111111111111,0.3157894736842105,0.9220786094665527,0.9336768388748169,0.9278414845466614
35718290,entertainment,bullet_points_3_shot,"A second dog seized by police was kept locked in kennels for two years without exercise, the BBC has been told.",A dog seized from a private kennel in Devon has been put to sleep without human contact for two years.,3255,20,21,0.9523809523809523,0,0.4878048780487805,0.20512820512820512,0.3414634146341463,0.9119002819061279,0.9062811136245728,0.9090819954872131
39039170,entertainment,bullet_points_3_shot,A member of Texas' House of Representatives has filed a resolution to urge Texans to stop using an emoji representing the Chilean flag when they really mean to use the Texan flag.,A bill to ban the use of emojis of the Chilean flag and the Texas flag has been passed by the US House of Representatives.,2151,25,32,0.78125,0,0.4912280701754386,0.14545454545454548,0.2807017543859649,0.9331618547439575,0.9129111766815186,0.9229254722595215
30664993,entertainment,bullet_points_3_shot,A multi-million pound refurbishment of a Denbighshire leisure centre which was closed because of council cutbacks is due to start.,Work to revamp a Denbighshire town centre has begun.,374,9,20,0.45,0,0.26666666666666666,0.07142857142857144,0.2,0.9545851349830627,0.9121396541595459,0.9328798651695251
34021188,entertainment,bullet_points_3_shot,A unique perspective on a landmark social event is to be unveiled as part of Nottingham's Caribbean Carnival.,A display of African-Caribbean belongings has been unveiled at Nottingham Carnival.,1349,11,18,0.6111111111111112,0,0.3870967741935484,0.0,0.2580645161290323,0.9092403054237366,0.8985720276832581,0.9038746953010559
36434692,entertainment,bullet_points_3_shot,A police sergeant called out to deal with a brawl in a Glasgow pub ended up giving an arresting performance of Gloria Gaynor's I Will Survive.,A police sergeant who performed karaoke in a Glasgow city centre pub has been arrested.,1986,15,26,0.5769230769230769,0,0.33333333333333337,0.2,0.33333333333333337,0.9219661951065063,0.8858842849731445,0.9035651683807373
35272307,entertainment,bullet_points_3_shot,French mosques have invited non-Muslims in to try to create greater understanding of Islam in France.,"French Muslims are taking part in a ""brotherly cup of tea"" to mark the anniversary of the Charlie Hebdo attacks.",1350,20,16,1.25,0,0.27027027027027023,0.0,0.27027027027027023,0.8741068840026855,0.8977824449539185,0.8857864737510681
33551138,entertainment,bullet_points_3_shot,A London council has withdrawn an order forcing a mother to send her home educated child to school.,The mother of a home schooled child has lost her case against a council over her refusal to attend school.,3318,20,18,1.1111111111111112,0,0.5263157894736842,0.0,0.3157894736842105,0.9271533489227295,0.9285236597061157,0.9278380274772644
32433447,entertainment,bullet_points_3_shot,Four silver coins dating from the 14th Century that were found on County Down farmland have been declared to be treasure at an inquest in Belfast.,The first person to touch a coin in 700 years has discovered a hoard of coins buried in a field in Northern Ireland.,1760,23,26,0.8846153846153846,0,0.16326530612244897,0.0,0.12244897959183673,0.8979144096374512,0.8826538324356079,0.8902187347412109
40324675,entertainment,bullet_points_3_shot,"Fetch, sit and roll over - all the kinds of normal things that you would say to your dog.","If your dog isn't able to understand what you're saying, it's a good idea to ask him or her for help.",251,21,19,1.105263157894737,0,0.1904761904761905,0.049999999999999996,0.09523809523809525,0.8645932674407959,0.8626928925514221,0.8636420369148254
35182485,entertainment,bullet_points_3_shot,A man is to appear in court over the suspicious death of a 34-year-old in Dundee.,A man has been charged with the murder of a man in Dundee.,379,13,16,0.8125,0,0.45161290322580644,0.20689655172413793,0.45161290322580644,0.9612185955047607,0.9351800680160522,0.9480205774307251
26865843,entertainment,bullet_points_3_shot,It is a day when women from Merseyside are encouraged to dress in their finest clothes and enjoy a day at the races at Ladies' Day.,"Aintree is one of the most glamorous races in the world, but it is also one of the most glamorous races in the world.",3872,24,26,0.9230769230769231,0,0.2,0.041666666666666664,0.16,0.8605920076370239,0.8578068017959595,0.859197199344635
38748861,entertainment,bullet_points_3_shot,A CCTV image of two women who may have witnessed a serious assault at a music venue has been released by police.,Police have released images of two women they want to speak to in connection with an attack in Glasgow.,570,19,22,0.8636363636363636,0,0.2926829268292683,0.10256410256410256,0.14634146341463414,0.9181365966796875,0.9195452928543091,0.9188404083251953
27453471,entertainment,bullet_points_3_shot,A huge gorilla statue made entirely of spoons for entertainer Uri Geller has been unveiled by Prince Michael of Kent.,A giant gorilla made entirely of spoons has been unveiled at the unveiling of a gorilla statue.,3197,17,20,0.85,0,0.5945945945945946,0.34285714285714286,0.5405405405405405,0.9580373167991638,0.896568775177002,0.9262843728065491
37031227,entertainment,bullet_points_3_shot,"Indian cricketer Ravindra Jadeja has been fined 20,000 rupees (Â£229; $300) after posting photos online of him and his wife posing in front of endangered Asiatic lions.",India's cricketer Jadeja has been fined for taking selfies with lions in a national park in Gujarat.,1365,17,27,0.6296296296296297,0,0.30434782608695654,0.13636363636363638,0.2608695652173913,0.9394904375076294,0.8562266230583191,0.895928144454956
37863033,entertainment,bullet_points_3_shot,"Shows like Transparent mean there are more LGBT (lesbian, gay, bisexual and transgender) characters on US TV than ever before, a report has found.","The number of transgender characters on TV has risen by more than a third in the past year, according to a new study.",1071,23,24,0.9583333333333334,0,0.3404255319148936,0.08888888888888888,0.2553191489361702,0.9031859040260315,0.865838885307312,0.8841181397438049
31811294,entertainment,bullet_points_3_shot,"You wait more than 15 years for a new Ghostbusters film, and then two come along at the same time.","Ivan Reitman has said he wants to ""expand"" the Ghostbusters franchise.",1756,11,20,0.55,0,0.12903225806451613,0.0,0.06451612903225806,0.8719041347503662,0.8661032319068909,0.8689939975738525
30537078,entertainment,bullet_points_3_shot,"Photographs showing a festive Prince Harry have been released, to mark his support of a charity helping children affected by HIV and Aids.",Prince Harry has visited a children's home in Lesotho for the first time.,1748,13,23,0.5652173913043478,0,0.2162162162162162,0.05714285714285715,0.2162162162162162,0.8922576308250427,0.8770747780799866,0.8846010565757751
38342183,entertainment,bullet_points_3_shot,A police dog stabbed on duty returned to the beat earlier this month after life-saving surgery.,A dog who was rescued from a robbery by a police officer has been named by the BBC.,450,18,16,1.125,0,0.22857142857142856,0.06060606060606061,0.17142857142857143,0.8929734230041504,0.877692461013794,0.8852669596672058
20191016,entertainment,bullet_points_3_shot,"A Victorian university building in Aberystwyth could be transformed into a postgraduate centre under plans for a new ""cultural quarter"".",Plans to transform a historic building in Aberystwyth have been unveiled.,2130,11,20,0.55,0,0.3225806451612903,0.13793103448275862,0.25806451612903225,0.9492533206939697,0.9076532125473022,0.927987277507782
34196691,entertainment,bullet_points_3_shot,"Wetwang, Cockermouth and Bell End were just some of the place names deemed too rude to be shown at a Women's Institute (WI) event.","A British author has said he was censored at a ""carry on"" event after he was asked to cover up some of his promotional material.",1836,25,24,1.0416666666666667,0,0.24,0.08333333333333333,0.12,0.8643611669540405,0.833730161190033,0.8487694263458252
23629830,entertainment,bullet_points_3_shot,"Hugh Grant has been cast in Guy Ritchie's big-screen adaptation of the 1960s TV show, The Man From U.N.C.L.E.",Grant has been confirmed as the lead actor in a new adaptation of the TV series The Man From U.N.C.L.E.,1422,20,19,1.0526315789473684,0,0.6530612244897959,0.4680851063829787,0.6530612244897959,0.9499604105949402,0.9336881637573242,0.9417539238929749
32512624,entertainment,bullet_points_3_shot,"Singer Lil' Chris's death was caused by hanging, an inquest has heard.",An inquest into the death of singer Lil' Chris Hardman has been adjourned.,2132,13,12,1.0833333333333333,0,0.5384615384615384,0.25,0.3076923076923077,0.9257962107658386,0.9312765002250671,0.9285282492637634
